date,asset_id,symbol,quote_currency,close_eur,close,ret_5d,ret_20d,ret_60d,ret_120d,vol_20d_ann,vol_60d_ann,drawdown_60d,drawdown_252d,sma20_ratio,sma50_ratio,sma200_ratio,observations
2026-09-24,AT0000A09ZL0,N550.MU,EUR,361.3829956054688,361.3829956054688,,,,,,,0.0,0.0,,,,5
2026-09-24,BE0003470755,SOLB.BR,EUR,25.100000381469727,25.100000381469727,-0.04562733423580656,-0.011810993762444544,-0.053544496673575415,-0.022073304657573956,0.21979022927703162,0.17120119971277029,-0.06968121544344441,-0.14035087843632954,-0.02615036483925992,-0.035935391719994936,-0.02061531598278743,1285
2026-09-24,BE0974293251,ABI.BR,EUR,68.54000091552734,68.54000091552734,-0.002038430242084388,0.01903060866255002,-0.0362767397555912,0.0932103873346557,0.18472003114628144,0.2238896258498489,-0.1156914534747937,-0.14298171470367416,0.004043146604672199,-0.01593116544386075,0.04974993707772346,1285
2026-09-24,DE0005140008,DBK.DE,EUR,31.34499931335449,31.34499931335449,-0.08468388696108708,-0.08986641802460049,0.0006384213863674937,0.18141733931827364,0.24861813370619168,0.2588074585224516,-0.12321680242365063,-0.2676722440208219,-0.08256748185779483,-0.05168894232454235,0.051026224121840213,1279
2026-09-24,DE0005190003,BMW.DE,EUR,56.52000045776367,56.52000045776367,-0.105979130553154,-0.057057027816169614,-0.061129572400957066,-0.27469851267066736,0.30936912764121394,0.25987455449164043,-0.11271585901382108,-0.38637501616232617,-0.08203537068376143,-0.056118520899415825,-0.2178064554937983,1279
2026-09-24,DE0005552004,DHL.DE,EUR,57.77999877929688,57.77999877929688,0.022654845651272293,0.024104938931035713,0.03585514599800077,0.24673688719430875,0.19403535520289372,0.18373951647674275,-0.05845729999922167,-0.14333072083959342,0.032449414610047356,0.028787511794849507,0.1606846794070289,1279
2026-09-24,DE0005557508,DTE.DE,EUR,27.15999984741211,27.15999984741211,-0.04028266503115452,-0.036537803019943804,0.0820716906228891,-0.13722997959476235,0.22919419965924145,0.291091167969621,-0.0805346249791814,-0.27769587398998596,-0.033589529921054906,-0.03107274712871011,-0.041437555324047914,1279
2026-09-24,DE0005810055,DB1.DE,EUR,282.6000061035156,282.6000061035156,0.010007213840976581,-0.02146808154956603,0.14459300562801491,0.1333267244697458,0.20956381273788324,0.20459217063684765,-0.06009615132693824,-0.11953220395825659,0.006679161597955785,0.02931323363235916,0.15510834932618756,1279
2026-09-24,DE0006048432,HEN3.DE,EUR,74.87999725341797,74.87999725341797,0.01161849026417272,-0.010832228902002083,-0.007159916847487957,0.1556336941095795,0.18642649293223945,0.18726657568172267,-0.09398495881178781,-0.2432210362584949,0.0038609592361817935,-0.008527122285549193,0.05673918992853211,1279
2026-09-24,DE0007030009,RHM.DE,EUR,992.4000244140624,992.4000244140624,-0.023420574204952915,-0.1541083653960409,-0.1099551350546526,-0.3648163952283613,0.35934803621819345,0.36608534957847877,-0.1840197894679262,-0.5192044852564789,-0.04196933165999073,-0.08955462613728693,-0.26648357012540524,1279
2026-09-24,DE0007100000,MBG.DE,EUR,41.47999954223633,41.47999954223633,-0.10206732728079593,-0.09025115842300524,-0.07462356193574715,-0.183814342251848,0.28873387859267396,0.24358987143843425,-0.13959758701600777,-0.28318523807878904,-0.09622247124044292,-0.0961584601032004,-0.16789142195792373,1279
2026-09-24,DE0007164600,SAP.DE,EUR,182.83999633789065,182.83999633789065,-0.027446827989943356,-0.03707609207860885,0.2901495537891692,0.24210553158036174,0.3111154552463733,0.4237175438078164,-0.10826954296796709,-0.460752560270804,-0.008223238842111735,0.05171848530157375,0.10779424922704539,1279
2026-09-24,DE0007236101,SIE.DE,EUR,277.6499938964844,277.6499938964844,0.04144781522877472,-0.03240988992827443,0.002708559106290087,0.1993520254707748,0.2833163898031099,0.2696034613182617,-0.10953941463317052,-0.20503662867365802,0.02623333557386265,0.009375737634428782,0.08869772043669011,1279
2026-09-24,DE0007664039,VOW3.DE,EUR,70.81999969482422,70.81999969482422,-0.1261105763233643,-0.05573333740234376,-0.03383360509797584,-0.16672263729658354,0.4578988969199766,0.34447872250902495,-0.14777375457017727,-0.3130182380526333,-0.09440814098147166,-0.06522565781046064,-0.15739399415097022,1279
2026-09-24,DE0008430026,MUV2.DE,EUR,507.3999938964844,507.3999938964844,-0.006267160534233374,-0.01360814577244951,0.017445320787041307,-0.036554525628434975,0.17797664969133298,0.1667271432305009,-0.06060606060606055,-0.1969919530344898,-0.007530565399219702,-0.013193724675104379,0.006363437450774612,1279
2026-09-24,DE000A0F5UK5,EXV6.DE,EUR,83.91999816894531,83.91999816894531,-0.019969626758389314,-0.05217983621877076,0.06456155109310147,0.0509792028731475,0.22769811216699487,0.260264525752651,-0.07666746769953992,-0.18396071944220127,-0.02715551024101326,-0.0006287966919684695,0.06064329709661931,1278
2026-09-24,DE000A0Q4R28,EXV5.DE,EUR,39.04499816894531,39.04499816894531,-0.0542570349217818,-0.03711470028191133,-0.028255871623669382,-0.0630581776716207,0.21453788665895043,0.18283263605129807,-0.06434223347099333,-0.20091842125448933,-0.044431698652534046,-0.03826026283218531,-0.06766886071014533,1278
2026-09-24,DE000A0Q4R85,4BRZ.DE,USD,46.4006379533197,46.4006379533197,-0.00354065352576316,0.07449569605957529,0.08285485353045918,-0.016564607592307712,0.24641573060440647,0.20478406577783592,-0.08221780748007512,-0.1777901213915941,0.004865460548668654,0.04142206485961797,0.05781846490204634,1279
2026-09-24,DE000A1EWWW0,ADS.DE,EUR,144.0,144.0,0.011235998399541591,-0.059438313133461484,-0.21611321506677938,0.06653876437389217,0.2185312868386122,0.35278027361259934,-0.24481107767008126,-0.328630068972118,-0.0143231038196302,-0.08388787485376925,-0.07020304213415918,1279
2026-09-22,DE000A2JJ1W5,0P0001FAJ5.F,EUR,125.0,125.0,0.010999681470925449,-0.005014704029222772,-0.0055687904951217115,0.03631236240824953,0.049636419836190666,0.043079668031686696,-0.02422855115623168,-0.04542575052266418,0.0005122648443900424,-0.002217470577951519,0.00220445035260064,1241
2026-09-24,DE000BASF111,BAS.DE,EUR,52.11000061035156,52.11000061035156,-0.0049646424830248614,0.011648268459902855,0.09382874219084059,0.04086795661131282,0.185734186134147,0.20024949319475,-0.043040760898150454,-0.13370372630931704,-0.00849560839478436,0.015221516615907316,0.07356856823472113,1279
2026-09-24,DE000BAY0017,BAYN.DE,EUR,49.2400016784668,49.2400016784668,0.004078318907129619,0.015676611868949086,-0.07721137340252404,0.21988863340600906,0.17668518552189436,0.22428934184857388,-0.1368065808388388,-0.3065455353648504,0.005421225042774536,0.0156724113158071,0.15707689222107923,1279
2026-09-24,DE000DTR0CK8,DTG.DE,EUR,42.310001373291016,42.310001373291016,-0.043841776874779304,-0.09902039612090119,-0.01764565421217157,-0.011723016883635862,0.19019400749264184,0.23178808874920864,-0.14697575252212247,-0.14697575252212247,-0.048004746228904493,-0.07141600348013177,0.017210192112451672,1220
2026-09-24,ES0113211835,BBVA.MC,EUR,24.93000030517578,24.93000030517578,-0.008353185742682623,0.010948923740241145,0.11096255400435684,0.2758443775386574,0.1788711985402506,0.22688981666617417,-0.03640350664384784,-0.18701772533483707,-0.0054851747860281685,0.01864035235384298,0.19723294876031883,1283
2026-09-24,ES0113900J37,SAN.MC,EUR,12.616000175476074,12.616000175476074,-0.025941900674729013,0.005900204087219141,0.023859814668923063,0.2206866381082655,0.21024418654278548,0.24317964890975283,-0.07163414468080698,-0.171891814315276,-0.009546521331859292,0.0048618418586332535,0.1461686412823684,1283
2026-09-24,ES0148396007,ITX.MC,EUR,53.5,53.5,0.020992336681094015,-0.07279030688743249,-0.0561044510948141,0.025983423123103755,0.23445967061462972,0.23050838427164183,-0.12453463596749692,-0.14986185286846476,-0.02388294260201651,-0.04684872007913765,-0.012245093655854133,1283
2026-09-24,FI0009000681,NOKIA.HE,EUR,9.053999900817873,9.053999900817873,-0.021189199911581302,0.005553108878810109,-0.15639654398121017,0.2434185327218974,0.576462103403549,0.6161100347186543,-0.32205891614177773,-0.4829458829898745,0.002679995054936102,0.03235728836161633,0.06962358396742774,1261
2026-09-22,FR0000003196,0P00000QEY.F,EUR,482.25,482.25,0.004666549006902443,-0.011964999040561697,-0.030711713498254856,-0.010180397656182838,0.04305728278973241,0.03460331362757183,-0.03583700805179968,-0.04546806514967183,-0.003924406733224695,-0.011639395710659639,-0.020187191922097947,1242
2026-09-22,FR0000003998,0P00000I2M.F,EUR,3403.719970703125,3403.719970703125,0.010953856390490513,-0.020661613621067665,0.004633960567342665,0.13646743596097655,0.12366906911734943,0.11694422805979429,-0.05889677538119498,-0.1083091867769127,-0.009339587271542493,-0.014459462111306443,0.041743424188523726,1241
2026-09-22,FR0000027609,0P00000H0V.F,EUR,5088.97021484375,5088.97021484375,0.00021823548453325792,-0.009164613955646272,-0.010076273494184274,0.0043616862372855,0.024690764054611885,0.018191190881867842,-0.015492782590815102,-0.015492782590815102,-0.00536493688065065,-0.0078682772751546,-0.004832512635010056,1239
2026-09-24,FR0000045072,ACA.PA,EUR,17.934999465942383,17.934999465942383,-0.03601182976505524,-0.017529428076444864,0.01184762087182789,0.10912785637337996,0.13631810375131573,0.1910748807371867,-0.11212877284403988,-0.16688568702410778,-0.028518832119519666,-0.04766205650920863,0.051378463943181574,1285
2026-09-24,FR0000051807,TEP.PA,EUR,72.16000366210938,72.16000366210938,0.031151760511594517,0.009230820449082078,0.42439802367657453,0.5300623249882574,0.3277276695546666,0.4810843686642442,-0.05855073790619336,-0.35422847770430843,0.026195335913882234,0.07259014920763218,0.2625257541019421,1285
2026-09-24,FR0000052292,RMS.PA,EUR,1354.0,1354.0,-0.015272727272727327,-0.1337172104926424,-0.17789921068609593,-0.2282473420134189,0.256706620989652,0.359810565577427,-0.21951934349355218,-0.4022590820314641,-0.053411633109619716,-0.11583593989773999,-0.22736540026729368,1285
2026-09-24,FR0000054470,UBI.PA,EUR,5.343999862670898,5.343999862670898,-0.019449532165860983,-0.0063220381677217,-0.04229391832651008,0.3359999656677246,0.4230140997978086,0.5855020270365451,-0.21459440385286976,-0.6284035361234737,0.0284636344031739,0.007594647625239537,0.05428042520479548,1285
2026-09-24,FR0000073272,SAF.PA,EUR,335.29998779296875,335.29998779296875,0.01115796628875243,-0.023018718336457744,-0.05094820442096326,0.08293651356875209,0.2595710062690285,0.25900832645741934,-0.11551154921609863,-0.23617513957875091,0.014984066124492212,-0.012120927387240021,0.0676292142456989,1285
2026-09-22,FR0000097156,0P00000QGO.F,EUR,677.3900146484375,677.3900146484375,0.029702880273113852,0.020134927749054565,0.043615574063613716,0.19132965834265603,0.10011081726290566,0.09719306781010842,-0.033817453515913254,-0.07356647804504624,0.01744891056055864,0.021811660774590624,0.09881606487165939,1237
2026-09-24,FR0000120073,AI.PA,EUR,168.5800018310547,168.5800018310547,0.020213000646679413,0.010792679367624736,-0.06354850666535794,0.0325696987834192,0.18690976486207275,0.1567664283192021,-0.09506377759033169,-0.11975581494880227,0.00018393038011033092,-0.009948661631588362,0.05413154249210117,1285
2026-09-24,FR0000120172,CA.PA,EUR,16.3700008392334,16.3700008392334,-0.02617481503199548,0.04969545103779893,0.02417295891122051,0.08570579931255629,0.20122489098730814,0.21859482439992403,-0.06434318236822179,-0.07772792185500088,0.0007183346622170461,0.017245609808554718,0.08333652008932146,1285
2026-09-24,FR0000120271,TTE.PA,EUR,80.27999877929688,80.27999877929688,0.008162772175042354,0.08237833033828768,0.2003588827180176,0.05821624440769946,0.18243967646168252,0.2106872458397111,-0.0529877622835736,-0.17510288938050222,0.025123697511944876,0.05012556335970153,0.14568484300910134,1285
2026-09-24,FR0000120321,OR.PA,EUR,384.6000061035156,384.6000061035156,0.011838989549435741,-0.0006496037314152048,-0.008635148854507446,0.06912646193342242,0.21471505929101173,0.20822882454350228,-0.060913705583756306,-0.14438105060176987,0.005260246530820245,0.004138233465107888,0.03280504387673999,1285
2026-09-24,FR0000120404,AC.PA,EUR,46.060001373291016,46.060001373291016,0.006775986301442938,-0.012647376919389552,-0.09187696638914844,0.053805156128181375,0.19345449949361213,0.2182187951539537,-0.11787818900063174,-0.2065086535708529,-0.0019068857103713421,-0.004624606076906845,0.01722535860861285,1285
2026-09-24,FR0000120503,EN.PA,EUR,43.2599983215332,43.2599983215332,-0.035451509625029964,-0.016594756287334533,-0.09270138329178612,-0.14007379971949374,0.17892106050754983,0.2329105965744171,-0.12537918437376594,-0.1839622641509434,-0.018090238747560772,-0.061645952917904534,-0.0833017455020385,1285
2026-09-24,FR0000120578,SAN.PA,EUR,73.01000213623047,73.01000213623047,-0.029896358439203907,-0.05525358062260122,-0.029767413472020388,-0.04671715674960275,0.17465237367786882,0.25673022982059096,-0.08946448560677267,-0.16176475958940295,-0.026838229663593505,-0.038975365369728565,-0.0361847147708092,1285
2026-09-24,FR0000120644,BN.PA,EUR,60.5,60.5,-0.014336934714919147,-0.06491494816610333,-0.18199025488222975,-0.09259716338204904,0.1874577659748393,0.19989888409750403,-0.1856756983576594,-0.2165525329181609,-0.030510866110495805,-0.08112245972647092,-0.10339473355483009,1285
2026-09-24,FR0000120693,RI.PA,EUR,60.43999862670898,60.43999862670898,0.00532268297587235,-0.0629457577254422,-0.01986131554746362,-0.02836575286097054,0.23519821284995804,0.2824380125731796,-0.15500571065390922,-0.31613160066066215,-0.009813413311630659,-0.06514681844846881,-0.08859447928577124,1285
2026-09-24,FR0000120966,BB.PA,EUR,67.19999694824219,67.19999694824219,-0.005917182469050486,0.004484236405394304,0.17073162302870215,0.23163435271797383,0.1303619271810215,0.23396590306523812,-0.04202900762143347,-0.14495416219181756,-0.0002975656845675134,0.0203151728387565,0.18472475180973436,1285
2026-09-24,FR0000121014,MC.PA,EUR,399.3999938964844,399.3999938964844,-0.03128788328502696,-0.1072865459428366,-0.19791146881139765,-0.18630321258036453,0.24898779472542837,0.2545688376922855,-0.21109125604975643,-0.38142627323096334,-0.04905895154271722,-0.10918208387281858,-0.19671796738606295,1285
2026-09-24,FR0000121147,FRVIA.PA,EUR,8.793999671936035,8.793999671936035,-0.09526754831827089,0.022796011737803656,-0.012797521388887234,-0.15442307745211215,0.541227147061166,0.4768701978307215,-0.11457918545345169,-0.42797438225722206,-0.06332219142217566,-0.03875586686716781,-0.18802407583127334,1285
2026-09-24,FR0000121220,SW.PA,EUR,57.29999923706055,57.29999923706055,-0.012919896810630438,-0.026338135552240405,0.07102802312262702,0.24079685704632725,0.17172823886703975,0.2011056826269685,-0.04418009416371382,-0.2701083367043837,-0.0007847419959667867,0.008146085069240083,0.1831560615284087,1285
2026-09-24,FR0000121329,HO.PA,EUR,231.1999969482422,231.1999969482422,-0.02979440206710171,-0.06282934816270758,-0.038269539025877486,-0.13299660486794673,0.2525020518910619,0.2605257962432841,-0.17212206268303964,-0.19597073557214617,-0.017132179576740292,-0.0569654937713312,-0.04236988386453344,1285
2026-09-24,FR0000121485,KER.PA,EUR,227.6499938964844,227.6499938964844,-0.049874840995907,-0.0913989577982276,-0.09859437281483774,-0.16968348254903165,0.2955396653744311,0.482911999415733,-0.22383473343206084,-0.33857798991233146,-0.04833570727889791,-0.105504518014374,-0.12540953511584196,1285
2026-09-24,FR0000121667,EL.PA,EUR,147.3000030517578,147.3000030517578,0.041357414137352055,-0.06476188538566463,-0.1599657945560541,-0.2487232084683202,0.3021326232297268,0.26949827640332047,-0.209778255695675,-0.5563296695825171,-0.012320829447869164,-0.07220778393385485,-0.25060332926395923,1285
2026-09-24,FR0000121964,LI.PA,EUR,36.560001373291016,36.560001373291016,-0.009750726259707743,-0.03433701046230586,0.027832490496502604,0.09884192611331288,0.12337879233208653,0.12885192507399848,-0.09004498537619854,-0.10371167754765254,-0.013012214404895084,-0.04190859320625395,0.06613919777436239,1285
2026-09-24,FR0000121972,SU.PA,EUR,296.54998779296875,296.54998779296875,0.03291529602422183,-0.0033607798387670362,0.07484593821423613,0.17675524063790027,0.36574037182670344,0.3642298041629462,-0.12524119680717438,-0.17762918089750313,0.024449601145857702,0.026202644901126115,0.12525201210432835,1285
2026-09-24,FR0000124141,VIE.PA,EUR,31.36000061035156,31.36000061035156,-0.023357209148050284,-0.03744632142838755,-0.14058648484915015,-0.05348094765706257,0.12189696970720804,0.18870598778709785,-0.16577828211129664,-0.16577828211129664,-0.014270425896909633,-0.07028589110665795,-0.04594651551808315,1285
2026-09-24,FR0000125007,SGO.PA,EUR,70.36000061035156,70.36000061035156,0.0002843939934946693,-0.1145230125719865,-0.1189581759002466,-0.04905770651167096,0.23204489758462082,0.29258355033205735,-0.19195695573069294,-0.2782018825349041,-0.0327458632085601,-0.08818055232606814,-0.0926848653015272,1285
2026-09-24,FR0000125338,CAP.PA,EUR,104.0,104.0,-0.028944897463001884,-0.05022831050228316,0.13586722120045125,0.04016784324557987,0.4079553895176919,0.4172860801546116,-0.09201077073251984,-0.41502642376831267,-0.018126885388558334,-0.004798021786557638,-0.027868512229677345,1285
2026-09-24,FR0000125486,DG.PA,EUR,111.1500015258789,111.1500015258789,-0.015500442660302927,-0.03221590768306282,-0.12411347368493197,-0.16058086260854976,0.18525579628515845,0.21563582520967628,-0.1356528402434034,-0.20030232855906616,-0.0100200264896112,-0.05351089599924008,-0.09520317394039701,1285
2026-09-24,FR0000130452,FGR.PA,EUR,106.4499969482422,106.4499969482422,-0.014351880108868453,-0.021599320198526728,-0.1677091815616325,-0.21950299654698968,0.1836469782627459,0.24543060398061753,-0.18441364220448975,-0.24989103793071143,-0.012248328602788794,-0.079892495814338,-0.14085285751019305,1285
2026-09-24,FR0000130577,PUB.PA,EUR,97.62000274658205,97.62000274658205,0.00102549330350854,-0.036327741306143024,0.15226630476873182,0.3606133753295131,0.28285613438198276,0.27695472909989083,-0.07742553003588604,-0.23345260324938366,-0.012258212154686032,0.002684947610813504,0.17608903812905385,1285
2026-09-24,FR0000130809,GLE.PA,EUR,70.83000183105469,70.83000183105469,-0.044902935094595864,-0.0028156687551638138,-0.08630024641016398,0.017318175701648952,0.2302039717145245,0.2981039209981863,-0.15908822262650257,-0.20391642461152326,-0.03410560747283853,-0.07795045871771755,-0.009075372045275976,1285
2026-09-24,FR0000131104,BNP.PA,EUR,97.1500015258789,97.1500015258789,-0.03270386178719742,-0.03486987888469262,-0.050527738314749326,0.11169628944650056,0.19017048842078935,0.23022391962796354,-0.1403368918686212,-0.16594331091635783,-0.04207587268500923,-0.07943387887888831,0.0454394978197199,1285
2026-09-24,FR0000131906,RNO.PA,EUR,26.18000030517578,26.18000030517578,-0.09568222399875403,-0.07816899095681695,0.009252111263569951,-0.10457129951475697,0.4179929488955964,0.34547528624747015,-0.11911167866642691,-0.2784341010453456,-0.08302831404762079,-0.06717214427510965,-0.08303513430509213,1285
2026-09-24,FR0000133308,ORA.PA,EUR,14.100000381469728,14.100000381469728,-0.11654133159345526,-0.06622516388987454,-0.11153116048223577,-0.19503879949788872,0.2966765290855123,0.27476482843384287,-0.19195398115736817,-0.23051747108316756,-0.07656032928464673,-0.11211301830267617,-0.13229727765133137,1285
2026-09-24,FR0000172041,XED2.F,EUR,481.4240112304688,481.4240112304688,,,,,,,-0.011084170766540224,-0.011084170766540224,,,,5
2026-09-22,FR0000172124,0P00000GPO.F,EUR,56.560001373291016,56.560001373291016,0.0012391519338705859,-0.02026672749389713,-0.03464752985168251,-0.024659428587441745,0.051732754632261534,0.04840806922361926,-0.048714433448081795,-0.05463102888390703,-0.011491217544192467,-0.021012888871242197,-0.028035046135667097,1231
2026-09-24,FR0000284689,CL54.F,EUR,33.20600128173828,33.20600128173828,,,,,,,-0.007858032040765517,-0.007858032040765517,,,,5
2026-09-22,FR0000292302,0P00000PYA.F,EUR,575.2899780273438,575.2899780273438,0.014280885683936706,-0.003913098109933899,0.02466866544191948,0.10160274121176927,0.08006899610094101,0.07675547495991242,-0.030280271035459383,-0.06867224362644508,0.002770575584164048,0.002476483744487501,0.03615152805285882,1242
2026-09-22,FR0000295230,0P00000PM8.F,EUR,229.05999755859372,229.05999755859372,0.028743347665602714,-0.02780019114125032,-0.008870248134411729,0.06987384880243819,0.12808816061429812,0.12042450662382911,-0.06315477183689922,-0.16301981420780265,-0.0015604811822796938,-0.008144087166633618,-0.009662137550970118,1262
2026-09-22,FR0000299356,0P00000JPU.F,EUR,296.3399963378906,296.3399963378906,0.015106374037446413,-0.024202331470999705,0.014515543121462304,0.096175188104624,0.12060963120185787,0.11061025078294565,-0.050695879600846094,-0.10168187143662966,-0.01102312731404076,-0.008755773290009983,0.0201230988432457,1230
2026-09-22,FR0000422859,0P00000PLK.F,EUR,914.3499755859376,914.3499755859376,0.019671859554413862,-0.019379686895835024,0.006062616706630886,0.09444007687602296,0.12715381434064135,0.11825468165962713,-0.05913649458409431,-0.11875263294966842,-0.007952897134097414,-0.010003179404516449,0.008538715871880154,1240
2026-09-22,FR0000438905,0P00000QF5.F,EUR,496.239990234375,496.239990234375,0.025670668269477392,0.028220950758329755,0.056436630890118744,0.19769267568526083,0.11696469413881316,0.10154624532868352,-0.0324187350522257,-0.08915819628885746,0.017802922141368027,0.02210087557797147,0.10412563174146117,1188
2026-09-22,FR0000447807,0P00000RUS.F,EUR,216.1999969482422,216.1999969482422,0.02820180032952968,0.021642576017065096,0.0625122935314748,0.20506099177959447,0.11975078675561121,0.11160272964448238,-0.04078916959911505,-0.08659418215219217,0.016223370136728255,0.01867346620368182,0.09236356988449512,1241
2026-09-24,FR0000974149,ODAB.HM,EUR,741.614013671875,741.614013671875,,,,,,,-0.00669711810633189,-0.00669711810633189,,,,5
2026-09-22,FR0000975880,0P00000MML.F,EUR,431.5199890136719,431.5199890136719,0.012601185484216959,-0.0368502328205883,-0.030401076621511813,0.05534489362546924,0.14227180599767686,0.12557261564049046,-0.0816524738184714,-0.12650891219419702,-0.008681419078628183,-0.029329343823380705,-0.018076032406149856,1241
2026-09-22,FR0000980427,0P00001O87.F,EUR,2580.340087890625,2580.340087890625,0.005118470305654155,-0.016608675295713193,-0.014121407652152307,0.026988755478766002,0.04745116396633717,0.045507710543224195,-0.030913117713922467,-0.04381792125829931,-0.006321898316904773,-0.01313206722441529,-0.0009088249648521174,1244
2026-09-21,FR0000987950,0P00000NYV.F,EUR,672.1799926757812,672.1799926757812,0.00625747406554078,0.0281439667080301,0.035493079316365694,0.164512710565061,0.14689810169417772,0.23042787567935366,-0.10217496300435924,-0.10217496300435924,0.020653579075482043,0.030705883098577802,0.13268829271603044,1121
2026-09-18,FR0000987968,0P00000NZ3.F,EUR,475.9800109863281,475.9800109863281,0.00335166485126992,0.009159155516000661,-0.06617484654844696,0.21949223428455356,0.18276799740686533,0.3069028352306043,-0.16322176981876269,-0.16322176981876269,0.006856880790143238,0.006318955661873682,0.11880665134400625,1158
2026-09-22,FR0000988057,0P00000NZ7.F,EUR,870.1500244140625,870.1500244140625,0.027622956184375713,0.03752328899354951,0.048083115383009245,0.20198090038765293,0.11704689985284808,0.11113593720761146,-0.03313392419228933,-0.07747073986381181,0.026630596346027158,0.0270730119428666,0.09909461900956429,1199
2026-09-21,FR0000989915,0P00000QLD.F,EUR,1575.5699462890625,1575.5699462890625,-0.002210246713349018,-0.07951304524939062,-0.09586143238124112,-0.018947729583398187,0.125962031678455,0.12506744384578922,-0.1209010176016907,-0.16747917648785893,-0.034894800693457295,-0.07463619222796869,-0.08249257417234113,1240
2026-09-24,FR0006174348,BVI.PA,EUR,26.88999938964844,26.88999938964844,-0.0253715389296143,-0.0178962668421222,-0.002226395977454776,0.0204089697759815,0.16778483186868937,0.22562891244054273,-0.08131195869127328,-0.13772048651286128,-0.020543476601414312,-0.02640899232793692,0.011062702129964741,1285
2026-09-22,FR0007023692,0P00000C3O.F,EUR,384.4500122070313,384.4500122070313,0.010274881942269776,-0.012128378492294978,0.02157687647674722,0.08721480764975387,0.08236018980526984,0.076137998455139,-0.03241593433027423,-0.057652550446265716,-0.0008887596676281362,0.003395578676926636,0.053801614819234844,1224
2026-09-22,FR0007028543,0P00000PY3.F,EUR,108.2300033569336,108.2300033569336,0.018251975018308997,-0.01259006701700216,-0.022577439936864785,0.05817368643575982,0.09409681106421279,0.08034367454951104,-0.045613735348593254,-0.07215834198969395,-0.0007385952632921189,-0.0085595378947102,0.009987452831283994,1203
2026-09-24,FR0007052782,CAC.PA,EUR,82.19999694824219,82.19999694824219,-0.006286318481470099,-0.020612455029705323,-0.03893372943506623,0.004644307685593985,0.117639951274391,0.11358040507431531,-0.07316513357898446,-0.10850611902089558,-0.008043095129807387,-0.02929363844777777,-8.093046935331305e-05,1285
2026-09-24,FR0007054358,MSE.PA,EUR,71.69999694824219,71.69999694824219,-0.0036131481314397584,-0.019688302617214104,-0.009121111892513634,0.0827543888027864,0.1247904236231408,0.1214038190347795,-0.04902228077396764,-0.10843727157026495,-0.005954597097528769,-0.01309273215568052,0.048278518840267015,1285
2026-09-22,FR0007061882,0P00000O6Y.F,EUR,701.8200073242188,701.8200073242188,0.014220103374671389,-0.014242393302284273,0.021037043588244986,0.1433458576228217,0.12812767590106763,0.11755394938388837,-0.046830352302243416,-0.12151241584563843,-0.006014997127859467,-0.0038634969062841806,0.03681819209703008,1241
2026-09-22,FR0007062567,0P00000K4N.F,EUR,578.9299926757812,578.9299926757812,0.03674722966657851,0.016165875247956762,0.05072781806564475,0.13794593154944712,0.1889982556285326,0.1493779745177353,-0.07313298381321787,-0.17320314463395015,0.020569867111431828,0.019935354914247805,0.06253497731245838,1196
2026-09-22,FR0007064324,0P00000H22.F,EUR,524.1500244140625,524.1500244140625,-0.001695020666092839,-0.041142231874186974,-0.015162802475076509,0.06124727858149792,0.09138429506647987,0.10436465516785673,-0.06653484901685391,-0.10149436880129137,-0.02339542342857115,-0.031559852279078315,-0.016712554569232818,1236
2026-09-22,FR0007072160,0P00000IK7.F,EUR,173.3800048828125,173.3800048828125,0.001675478369967509,-0.010501063377878928,-0.009822964938598022,0.010078712775087206,0.0222846728289865,0.019656340714790617,-0.014192917570185704,-0.025147919362124238,-0.003580369278427642,-0.006694952973276047,-0.0031022706517326304,1243
2026-09-22,FR0007076930,0P00000NME.F,EUR,557.5,557.5,-0.004713133465557684,-0.03847811809478008,-0.0009139796001853551,0.11473247509203732,0.11174272295376725,0.103159999837079,-0.06165181714826895,-0.08584313776124475,-0.014788771171164172,-0.02756517086377752,0.03618478056576335,1234
2026-09-22,FR0007374145,0P00000QRC.F,EUR,557.0399780273438,557.0399780273438,0.05672110359303173,-0.024191991152173964,0.19318832760993931,0.04675286781866861,0.38199183803373005,0.46575701893338317,-0.13498986549713454,-0.3714610457589358,0.011147190190971212,0.11680227201873894,0.1195220635689569,1170
2026-09-21,FR0007382965,0P00000MUL.F,EUR,3581.239990234375,3581.239990234375,0.005864542400914496,-0.006014561119657036,0.011958470181193892,0.06271089840283572,0.05185265995880081,0.04699342025907177,-0.024007435772887664,-0.05346302661329583,-0.0007204617969442939,-0.002027079651250707,0.022379849995489032,1239
2026-09-22,FR0007390174,0P00000FNC.F,EUR,111.33000183105467,111.33000183105467,0.059579348571548785,-0.046342265990342635,0.27906710317134387,0.17226492997859544,0.36487193849579064,0.4209530314924442,-0.11099121252261879,-0.33703705023274577,0.018316541361248495,0.1011063658107032,0.1121922744827184,1246
2026-09-22,FR0010004085,0P00001NLH.F,EUR,1006.25,1006.25,0.024120922600861183,0.015398752677628913,0.05148490097683811,0.1793973172688521,0.10528577650711549,0.11438052613631655,-0.0345192340392364,-0.0930771863389761,0.013162807859189662,0.018153845360693754,0.07837269883712783,1206
2026-09-22,FR0010058529,0P00000QIF.F,EUR,1185.4200439453125,1185.4200439453125,0.030414704589390773,-0.0201439872459791,-0.008008390335709437,0.12362089473489335,0.1532543237858024,0.14891755405870435,-0.07672122846149532,-0.16355001019165538,0.0004355172600776225,-0.009802038657238943,0.02135257191517259,1243
2026-09-22,FR0010086512,0P00000G8V.F,EUR,342.5400085449219,342.5400085449219,-0.004649288183328881,-0.05516632517407205,-0.042381893052145014,0.053709925845511375,0.1357903361666295,0.12822941796274417,-0.08015188985418653,-0.11388989985918296,-0.01854515227247422,-0.034890861401138173,-0.010182060165271567,1236
2026-09-22,FR0010097683,0P00000CGO.F,EUR,593.9199829101562,593.9199829101562,0.01106533687839173,-0.003907785475628978,0.006763497845358568,0.07719094364720047,0.07284556444155814,0.07618172517464565,-0.023946099714670543,-0.08550661982129948,0.005353270590746861,0.008063532391462624,0.027439680560541246,1233
2026-09-21,FR0010128587,0P000015L9.F,EUR,701.52001953125,701.52001953125,0.0011274514927583912,-0.005204246936925561,-0.04573277803856923,0.07143187404543716,0.13748103402500708,0.1362168655625018,-0.07241498930465418,-0.09552951169543256,-0.002168407959758367,-0.011066972143733977,0.005455418013412983,1227
2026-09-24,FR0010135103,Y9U6.F,EUR,847.156005859375,847.156005859375,,,,,,,-0.001520181625873418,-0.001520181625873418,,,,5
2026-09-22,FR0010147603,0P000018HU.F,EUR,437.9299926757813,437.9299926757813,0.005510513404842765,-0.001664184061080709,0.03195324295924662,0.06653517522431307,0.07447865470240143,0.11549201593139757,-0.039956885578391055,-0.06154886324087783,-0.006147902811736605,0.004628900490648791,0.03459817756010741,1243
2026-09-24,FR0010149120,Y9U4.F,EUR,1911.89599609375,1911.89599609375,,,,,,,-0.000564542410203539,-0.000564542410203539,,,,5
2026-09-24,FR0010149302,Y9U3.F,EUR,1929.2110595703125,1929.2110595703125,,,,,,,-0.0035940796140399023,-0.0035940796140399023,,,,5
2026-09-22,FR0010156604,0P00001BB3.F,EUR,251.5200042724609,251.5200042724609,0.005959306884928184,-0.006281839255882993,0.0015131197090707538,0.03715314819889182,0.03816482375231063,0.02823706008395032,-0.014232773296950607,-0.02863110837153171,-0.001972074527629486,-0.0027879889568133143,0.014985295746723803,1243
2026-09-22,FR0010158048,0P00001BW0.F,EUR,327.8399963378906,327.8399963378906,0.019942145438104797,-0.026111779750536024,-0.009187646579002395,0.13165337426221102,0.10282406699174335,0.10731649344783616,-0.06124416353536166,-0.12274891322971371,-0.004497131289611933,-0.010710671742812705,0.024239287513007746,1243
2026-09-22,FR0010174144,0P0000M6PZ.F,EUR,257.0599975585937,257.0599975585937,-0.011193613295554683,-0.041142895781143385,-0.007375385770962972,-0.005916697478496991,0.05542570833596857,0.08753944829397284,-0.05479857263962207,-0.07384152486145013,-0.02000890588774218,-0.025760921189560526,-0.010546776040478711,1051
2026-09-22,FR0010177899,0P00000PNB.F,EUR,89.7699966430664,89.7699966430664,0.0060517008384808335,-0.011996521681301608,-0.012757106105974025,0.04069086969523372,0.04894998127301279,0.046679907539627585,-0.026935590768915052,-0.046937452596716,-0.0038008418025644586,-0.009104305211813712,0.005743471216527407,1241
2026-09-24,FR0010208488,ENGI.PA,EUR,23.59000015258789,23.59000015258789,-0.02721648855307668,-0.021161834888350106,-0.13176297069022225,-0.142542389297048,0.17523555431118748,0.2145580822209475,-0.1525729233098997,-0.162258606199024,-0.017226647464585465,-0.06920034826425969,-0.07488136315409699,1285
2026-09-24,FR0010220475,ALO.PA,EUR,14.6899995803833,14.6899995803833,-0.06403314010718597,-0.1185119247910672,-0.048883142075679564,-0.41543971066590457,0.30215090516433574,0.28234794716202427,-0.13205316144317947,-0.507707791378503,-0.0663234740303954,-0.08341031303387758,-0.27906884541526134,1285
2026-09-24,FR0010221234,ETL.PA,EUR,1.7109999656677246,1.7109999656677246,-0.05312676987362985,-0.07463494491744194,-0.32398260213118524,-0.27036249689013714,0.43900995425372563,0.4051128569570831,-0.3290196087597792,-0.620620869437975,-0.057352229007330946,-0.1261446810922351,-0.26056617086388456,1285
2026-09-22,FR0010229187,0P00000FV4.F,EUR,323.70001220703125,323.70001220703125,0.001981101508308658,-0.02193612350582952,0.0018570290689607916,0.11987554359933239,0.10197327910220186,0.11152280190770882,-0.040434204459219525,-0.07929475665366614,-0.0030705271593256533,-0.00035633939415646854,0.050274845250566136,1238
2026-09-24,FR0010230490,0PP1.MU,EUR,697.0230102539062,697.0230102539062,0.003773018060227784,-0.03144300597365968,-0.04379597430613402,-0.018545580551363017,0.06492422671800656,0.044503418508792615,-0.047390188329915484,-0.05556809031668952,-0.012557111654250663,-0.024056473280968826,-0.03372710984122684,213
2026-09-24,FR0010261198,MEU.PA,EUR,244.5,244.5,-0.007106598984771617,-0.01984364405211536,-0.013914083447084447,0.05995578939973556,0.10342202992257138,0.09081172922899873,-0.03686089155476535,-0.09773398341024497,-0.007821776824284199,-0.014327528853594118,0.037614257979257326,1285
2026-09-17,FR0010286013,0P00000EUQ.F,EUR,491.8500061035156,491.8500061035156,-0.013992704241205023,-0.019730929539580222,-0.004976616834027392,0.020033604208297806,0.05751437512832249,0.05324746076360918,-0.02807463528598564,-0.06016847910817125,-0.012411853743377166,-0.011446187366206062,-0.00014442094153144236,1225
2026-09-24,FR0010307819,LR.PA,EUR,137.4499969482422,137.4499969482422,0.008437225757417455,0.007697969932129789,-0.025868242362765526,-0.05170794039268134,0.3831775157663569,0.28310527710510397,-0.1021974784200177,-0.18306531519533542,-0.00488689992222846,0.003914851137413189,-0.008776524259818008,1285
2026-09-24,FR0010313833,AKE.PA,EUR,57.04999923706055,57.04999923706055,0.0,-0.021440823608199877,0.0070608596718026995,0.016872866643281137,0.17918553355206024,0.2515506273893112,-0.10184440464351752,-0.22841862264948765,-0.01836796685308162,-0.028142150366939678,0.023055368941192977,1285
2026-09-24,FR0010315770,WLD.PA,EUR,432.3299865722656,432.3299865722656,0.007316070069194991,0.009550710889125957,0.02394482810462084,0.14029110584159588,0.10672339450853979,0.09719462216022332,-0.030554849535535222,-0.06579517880427155,0.008593301194841807,0.011395689496847217,0.07836602048599484,1285
2026-09-24,FR0010321828,EHQ1.HM,EUR,365.97698974609375,365.97698974609375,,,,,,,-0.01188245815572242,-0.01188245815572242,,,,5
2026-09-24,FR0010340141,ADP.PA,EUR,110.8000030517578,110.8000030517578,0.01931928392339799,-0.006277999535804546,-0.02977227659669157,-0.027607126383478287,0.2743040512315924,0.33344928497234627,-0.13739838638925939,-0.23520484593542768,0.01969448930011808,0.0014642620184344146,0.017577075162013456,1285
2026-09-22,FR0010363366,0P00006A6D.F,EUR,350.6400146484375,350.6400146484375,0.009878814774266553,-0.005163640840842976,-0.009547411078824286,0.06457789065965858,0.04758675827002081,0.0554756422852136,-0.030897642519637114,-0.06620432661115794,0.0004280070928879276,-0.0039032215610637078,0.017629046895654144,1240
2026-09-22,FR0010375600,0P00006TTL.F,EUR,287.6300048828125,287.6300048828125,0.026919949457337555,-0.02557757293957752,-0.012327437411038034,0.08876528449226906,0.14688522161667147,0.13626542589985577,-0.0701480804633906,-0.11891872079739285,-0.002733856786975686,-0.010930197992715995,0.008783692344043414,1243
2026-09-22,FR0010380675,0P00007ZHT.F,EUR,3231.110107421875,3231.110107421875,0.023627235423961057,0.046818507481858784,0.07334080435272039,0.2693370267749904,0.08268903869832549,0.13215275384474337,-0.0328478637587033,-0.08934768111999025,0.02257437700759035,0.04235947917725591,0.15393766108943674,1206
2026-09-22,FR0010400762,0P0000KOPQ.F,EUR,259.57000732421875,259.57000732421875,0.006709630045375059,-0.00429627184279624,0.0012343580490596917,0.0546481898011868,0.07397034822903105,0.07171294418427697,-0.030162190593845284,-0.05504625658299789,-0.00105638153471177,-0.0011920606399633549,0.016446156022630776,1216
2026-09-24,FR0010411983,SCR.PA,EUR,32.720001220703125,32.720001220703125,0.0006116347797258115,-0.026769712664330148,0.04804618642983138,0.10002450810967045,0.2016800467073018,0.18289719406054292,-0.07554783474133209,-0.18987342828689058,-0.009325374512798912,-0.023411812437518442,0.08431634492519335,1285
2026-09-18,FR0010415448,0P00008IB9.F,EUR,543.0999755859375,543.0999755859375,0.0164320409892329,-0.013818608855998948,-0.06704692932763712,0.21976412259615374,0.18116192669604847,0.29707196034862826,-0.1471557987796812,-0.15046376283067087,-0.0007911617481679567,-0.008648585326273439,0.10120620146639503,1165
2026-09-24,FR0010451203,RXL.PA,EUR,36.83000183105469,36.83000183105469,0.017965768944062654,0.02476358481784402,-0.023076894277944127,0.04119625211951439,0.29273285223691164,0.2721872598504718,-0.1111959037333462,-0.16975636676009265,0.013455927093882991,0.005465540185313866,0.03932756265709014,1285
2026-09-24,FR0010533075,GET.PA,EUR,18.59000015258789,18.59000015258789,-0.002682362591080234,0.0021563836750693177,0.004321983939320706,-0.0051038563309359075,0.10318235577795729,0.12394054012796898,-0.0530927216262963,-0.07211297161310692,0.0022644057832603703,-0.0040608915591174854,0.05611161809371401,1285
2026-09-22,FR0010546903,0P00000PUS.F,EUR,77.41000366210938,77.41000366210938,0.01708058128146961,0.0009051891328375472,0.030347484254535706,0.10066830153171513,0.12856139278222006,0.11606975200327042,-0.042979533527988334,-0.11959289705296672,-0.0011934596855837087,-0.002026576868018215,0.026812442985693297,1238
2026-09-22,FR0010546929,0P00000MHU.F,EUR,41.0,41.0,-0.0002438020468767954,-0.019607835982975996,0.034308794936730225,0.16909040082058957,0.12437777636143293,0.11367383422698067,-0.030389335511780358,-0.09560373294814584,-0.009625954091274758,-0.009690539202850346,0.08296859819006897,1233
2026-09-22,FR0010557967,0P0000ADK9.F,EUR,198.72000122070312,198.72000122070312,0.014343308182670933,-0.009174293778862919,0.014705907560595977,0.11228029300017361,0.0752254246322508,0.091855947496368,-0.03502118244865016,-0.07679091971778229,-0.0005657990358797216,-0.0007351628152802991,0.04069782752594242,1243
2026-09-21,FR0010564351,0P0000J3CO.F,EUR,205.1199951171875,205.1199951171875,0.010841696077734664,-0.005912577504873839,-0.0023831792797505136,0.07308397419185075,0.0697254500328427,0.06971432442984221,-0.03237068132455978,-0.06353414906261601,-0.0002827045822491048,-0.002380262275312739,0.02344919677097468,1234
2026-09-22,FR0010592022,0P0000D2MT.F,EUR,132.39999389648438,132.39999389648438,0.026993451574352623,-0.011719096140279217,0.0018917897203676315,0.11485341457477705,0.11117899799865094,0.09890341097299178,-0.05379817857654812,-0.08556696470410918,0.006205133781451266,-0.0009417620177671893,0.04032103473773674,1244
2026-09-22,FR0010601971,0P0000KWR3.F,EUR,345.2799987792969,345.2799987792969,0.006089910320879577,-0.018589075120150733,-0.0021097973056404262,0.06413535143558269,0.06768780886175112,0.06990998069180453,-0.04531005837686386,-0.0711168777125627,-0.003710701874309663,-0.018201717271227102,0.009841770201439504,1239
2026-09-22,FR0010611293,0P0000GBJZ.F,EUR,1882.02001953125,1882.02001953125,0.008504136810849605,-0.014365357742836093,-0.013812754946141426,0.020197754487511377,0.05054503165615558,0.044015027794971566,-0.02966911449211851,-0.046674149360825035,-0.0033186063107628616,-0.009126669063802217,-0.0047993735899699574,1239
2026-09-21,FR0010616177,0P0000HR6L.F,EUR,183.38999938964844,183.38999938964844,-0.0020678286661465206,-0.0229101337089076,-0.003206850481529133,0.07207998367257806,0.09937750800464315,0.0985892064117133,-0.044801141039179426,-0.09792365079112963,-0.0114492736398073,-0.019127522852359746,0.010600027423641967,1234
2026-09-22,FR0010651224,0P0000HR5T.F,EUR,4687.759765625,4687.759765625,-0.00040949704121984176,-0.05619060904675721,-0.011037854136990877,0.061446027299542294,0.10060892795115418,0.13297516750758656,-0.08423437469923578,-0.1305381968790127,-0.021765529783449256,-0.03353995077334704,-0.0005832814085308113,1244
2026-09-22,FR0010657122,0P0000HX49.F,EUR,1355.2099609375,1355.2099609375,0.015085362908826117,-0.023975541276557433,-0.02737288930758308,0.01760059249156276,0.1269338133138744,0.1117764509693264,-0.06587642280455464,-0.10558753610008986,-0.0030371684728244253,-0.02071784384316855,-0.020979110459191874,1241
2026-09-21,FR0010668145,0P0000IT7S.F,EUR,680.0700073242188,680.0700073242188,0.01137685465704652,-0.03092182852371761,-0.01891281556029334,0.053734938391745146,0.10489383204750498,0.13390903343090085,-0.07103875073039301,-0.10189111228019454,-0.008845133570462571,-0.028231529713454218,-0.006815886222827028,1234
2026-09-22,FR0010679902,0P0000IKS1.F,EUR,420.8599853515625,420.8599853515625,-0.013223949937719803,-0.06283958774493725,-0.014840886409891452,0.046264724304692306,0.09856274988186343,0.10704720622271839,-0.08210361140092237,-0.13823713827402528,-0.028668463540628797,-0.04492786808987281,-0.034217989409458194,1244
2026-09-22,FR0010687749,0P0000HRVB.F,EUR,357.2699890136719,357.2699890136719,0.025312028978780043,-0.009619119905305284,-0.005234595335547598,0.12888642761424163,0.12941495832103547,0.11843070526547246,-0.05663693095460853,-0.10297291465046632,-0.00124962135836848,-0.007695275387710976,0.03617337289089795,1242
2026-09-22,FR0010689141,0P0000IKSO.F,EUR,1972.9100341796875,1972.9100341796875,0.0033922837387299065,-0.02323932072857693,0.013713795911219684,0.0791956966463967,0.09357975609952297,0.11539833767451571,-0.05233025945893832,-0.11447905426548899,-0.01565296592872556,-0.01593076219619749,0.0041066063383909945,1244
2026-09-22,FR0010697482,0P0000J0GI.F,EUR,142.5399932861328,142.5399932861328,0.0008425440157999731,-0.0021701981388657643,-0.0017508229690790245,0.00970457699905869,0.009243078766645325,0.007985804789889403,-0.003777868586109956,-0.009263859031025667,-0.0009707581557404366,-0.0012682560718110247,0.002271480718646801,1242
2026-09-22,FR0010697532,0P0000JC17.F,EUR,217.80999755859372,217.80999755859372,2.220446049250313e-16,-0.00801571119422606,-0.011482249348035656,0.0013331798475397783,0.011061788141766104,0.010104400691100328,-0.011482249348035767,-0.011885837700140733,-0.002822463661557695,-0.005778820980059884,-0.004708236731096438,1243
2026-09-22,FR0010700823,0P0000IVLV.F,EUR,1454.1500244140625,1454.1500244140625,0.029814789936714048,0.025356323548702653,0.05564430084505445,0.14558636497615285,0.11693850191778127,0.11187309204640028,-0.038700809851986206,-0.10079621358980673,0.02054316102606335,0.019843678173704138,0.07239744709351559,1205
2026-09-22,FR0010702084,0P0000KU3M.F,EUR,251.32000732421875,251.32000732421875,0.018603378900668543,-0.0339048467270151,-0.03264041904231185,0.08928574026752889,0.11571130214361192,0.10413422391662584,-0.06869738214395071,-0.11380472679777409,-0.009347933434360578,-0.02249442302195903,0.0017576491000235173,1243
2026-09-22,FR0010751008,0P0000KM3H.F,EUR,1509.3299560546875,1509.3299560546875,0.005074212274939205,-0.01877507337503581,-0.031089547431779385,-0.003532163537205313,0.04522257975105639,0.03412835570579453,-0.035981183543515205,-0.035981183543515205,-0.0073365061678049015,-0.015623732801048673,-0.019003253115473684,1243
2026-09-22,FR0010752543,0P0000KTWR.F,EUR,420.239990234375,420.239990234375,0.0032467182384199322,-0.011943988061608679,-0.017166370195977554,0.010119442029254966,0.030062945923586062,0.02387427960688349,-0.021285510314327016,-0.027542721463298614,-0.005078322707049221,-0.009707825095427891,-0.006572636621572592,1244
2026-09-22,FR0010784348,0P00001NRR.F,EUR,1171.2900390625,1171.2900390625,-0.002087303144017283,-0.04389174159589593,-0.02225461262659212,0.07286537961392003,0.13369553549395757,0.12470883252631898,-0.0759440036162109,-0.11998356423860601,-0.01626536888003316,-0.03671594008971657,-0.002988896562850618,1243
2026-09-24,FR0010836163,69X3.MU,EUR,3034.10009765625,3034.10009765625,,,,,,,0.0,0.0,,,,5
2026-09-24,FR0010858498,0PP0.MU,EUR,548.27001953125,548.27001953125,,,,,,,0.0,0.0,,,,5
2026-09-24,FR0010859769,EHQ8.MU,EUR,505.8200073242188,505.8200073242188,,,,,,,-0.0064036680561671,-0.0064036680561671,,,,5
2026-09-22,FR0010896944,0P0000P2U7.F,EUR,146.92999267578125,146.92999267578125,0.0014994611945120528,-0.015082451471156832,0.02070160326999204,0.14076078567123917,0.12030371197906746,0.10642656207913231,-0.02873068567554027,-0.09251694310225123,-0.007142565491732977,-0.009336947041402754,0.057587469095309984,1244
2026-09-24,FR0010908533,EDEN.PA,EUR,27.3799991607666,27.3799991607666,-0.059752803170338264,-0.10317725041050474,0.187852497484865,0.6136348103454246,0.24613527462276813,0.2973800158023511,-0.10317725041050474,-0.41323413035555057,-0.0538556169344494,-0.04145751623068272,0.28226992314597976,1285
2026-09-24,FR0010909531,ROY2.MU,EUR,294.92999267578125,294.92999267578125,,,,,,,0.0,0.0,,,,5
2026-09-22,FR0011034131,0P0000VH9P.F,EUR,496.8999938964844,496.8999938964844,0.011542419606594523,-0.022081400709522248,0.025805120060904185,0.11750815409246118,0.0999590553320676,0.1007826188822353,-0.041049233571808674,-0.08317117171309074,-0.0033405961340147172,-0.004024800913277837,0.04241280525940061,1244
2026-09-22,FR0011069137,0P0000TV0S.F,EUR,300.7200012207031,300.7200012207031,0.022717971982240348,0.009500105519164581,0.056900862864602386,0.14734831826724437,0.11036875688546319,0.11924619657927861,-0.03883555398547767,-0.10720976035915342,0.010373546613558826,0.016475484553815756,0.06163274036412547,1207
2026-09-22,FR0011153014,0P0000UUVR.F,EUR,270.5,270.5,0.004829077763818912,-0.007703617228527082,0.014704830164254279,0.1132603702212589,0.08051580855445827,0.08041236351476898,-0.026366300262656073,-0.07922510462060839,-0.003391422914586384,-0.004845169779978953,0.04914355090095035,1241
2026-09-22,FR0011169341,0P0000V0BE.F,EUR,613.3699951171875,613.3699951171875,0.021840511009023178,-0.012652295604973385,-0.0048995270193864515,0.12590396514504887,0.12993001656584463,0.12677198321629443,-0.05687711868348344,-0.1248088989990811,0.0009995747911244468,-0.007914756952652868,0.03041207672310664,1243
2026-09-21,FR0011170182,0P0000VOSS.F,EUR,1337.81005859375,1337.81005859375,0.015500378565387773,-0.03341617996475632,0.05478077861946096,-0.08361642455597662,0.2849948826209052,0.28934467356676885,-0.07401739456959056,-0.3734400146634508,-0.016838797819992313,0.022806830103122344,-0.06986874716470048,1185
2026-09-22,FR0011198332,0P0000VG0E.F,EUR,118.48999786376952,118.48999786376952,0.0006755696240701159,-0.0008432285792149274,0.0025382470273829227,0.009456471599288863,0.005805128125127134,0.003653715779457368,-0.001938765344887683,-0.001938765344887683,-0.0003712196625744735,-1.6893972106135635e-05,0.006882627342815528,1242
2026-09-22,FR0011261197,0P00017SX2.F,EUR,3449.090087890625,3449.090087890625,0.02191927910916669,-0.015071955135579018,0.04332924542946692,0.02793133616558574,0.11268906458480905,0.10396936534065017,-0.046441660676277974,-0.09957122066905022,0.004352628409003856,0.006012486148814,-0.0011704784289359171,1241
2026-09-22,FR0011271550,0P0000WJFT.F,EUR,313.4599914550781,313.4599914550781,0.0032967346395764707,-0.036959658177612376,-0.013345988634051675,0.11934002960436008,0.09692319954630726,0.10839172864064647,-0.06663447454555815,-0.1080676260275274,-0.013541562489575165,-0.029263341284369027,0.0033691315948922718,1245
2026-09-22,FR0011288513,0P0000XP79.F,EUR,135.11000061035156,135.11000061035156,0.004385937549449048,-0.011703650244597075,-0.016881264564300058,0.0072312600649824255,0.026528497291752866,0.020500726881248117,-0.021601579038781793,-0.029187461979047202,-0.004355154661530691,-0.009149465699217374,-0.008807091469748451,1243
2026-09-22,FR0011350685,0P0000XRPO.F,EUR,1324.010009765625,1324.010009765625,0.0015885919099181134,-0.007533430570373922,-0.009478740937397423,0.008147315328820515,0.0164377245863602,0.01247317041200423,-0.011717059603942648,-0.01867545607765031,-0.00321956251809119,-0.005808617295832708,-0.0033329718161099198,1241
2026-09-22,FR0011363746,0P0000YA5J.F,EUR,201.69000244140625,201.69000244140625,0.006186108815378288,-0.007821705762685038,-0.012581964822013791,0.0189451346556897,0.03411168062931517,0.028760053984232956,-0.02066638596298709,-0.031872118869212596,-0.0019151015950436001,-0.006104595374088917,-0.0013040022641113147,1232
2026-09-22,FR0011400712,0P0000Y520.F,EUR,933.0499877929688,933.0499877929688,0.022397303086194364,0.00035382226199676126,0.03812941696413019,0.06855321886897037,0.13664815535489516,0.14400201647435124,-0.07302708876997388,-0.12448297538646003,0.01001790139865788,0.00392962787177753,0.037697703332131516,1188
2026-09-24,FR0011550193,ETZ.PA,EUR,21.084999084472656,21.084999084472656,-0.004955235815883863,-0.018846007024616918,-0.0107905908431698,0.05668029390794538,0.10365538756800319,0.09202159048190622,-0.03908047730895259,-0.09410045263958577,-0.005588746913871789,-0.012883815806523757,0.03716932900818448,1285
2026-09-22,FR0011586544,0P000115CR.F,EUR,3322.27001953125,3322.27001953125,0.019129395935215898,0.01009709775615919,0.05584863954920727,0.20667650888233502,0.1201806389276983,0.10882729651845592,-0.03778567595914151,-0.11714410061051672,0.00829332014116746,0.011341945608113413,0.08045725247735769,1246
2026-09-22,FR0011631050,0P00011S1H.F,EUR,225.55999755859372,225.55999755859372,0.017319124647073192,-0.012391093474397485,0.006829437073756051,0.07650455243968013,0.11411774843671538,0.11336256380876285,-0.055730884726721386,-0.1151385532086443,-0.0038092571602487135,-0.011136345494408673,-0.004490088579158558,1243
2026-09-22,FR0011694256,0P00014KUO.F,EUR,160.69000244140625,160.69000244140625,0.006829550728109979,-0.06012750018072788,-0.07739562421343904,0.021940961763653455,0.12154363243518723,0.11836015837795803,-0.1057655144009797,-0.15234934691037816,-0.020580055332821368,-0.055115961376311584,-0.049111942254104535,1243
2026-09-24,FR0011726835,GTT.PA,EUR,224.3999938964844,224.3999938964844,-0.011453771381126021,0.07884612450232886,0.21824102939338208,0.12798715165157737,0.2400198883056588,0.23651151393064487,-0.04761906250095216,-0.15003473389952182,0.030776266008564646,0.08792612040331194,0.1776561456475647,1285
2026-09-24,FR0011950732,ELIOR.PA,EUR,1.8359999656677248,1.8359999656677248,-0.04275287690304441,-0.11900198262656247,-0.10263931464097487,-0.298165133852076,0.22325493019005815,0.21084869484271435,-0.14684014499217923,-0.38554216290660015,-0.06908355830705515,-0.10364694627721949,-0.22593798109852714,1285
2026-09-24,FR0012333284,ABVX.PA,EUR,81.80000305175781,81.80000305175781,-0.12700100623330524,-0.18159073987649166,-0.35993739359591737,-0.19009897968556622,0.399900548949528,0.36987994831726856,-0.39407405146846064,-0.4844771430760161,-0.13887935585478173,-0.2052851167735943,-0.20135902709222664,1285
2026-09-22,FR0012355139,0P0001572S.F,EUR,129.3300018310547,129.3300018310547,0.011734334495140386,-0.012521946815017615,-0.03513870255889817,0.008106700439232783,0.0737797940574444,0.06191698347744577,-0.04661396117726213,-0.05565120950851987,-0.002906548297010314,-0.011930473828719923,-0.012615798498689212,1241
2026-09-24,FR0012435121,ELIS.PA,EUR,22.31999969482422,22.31999969482422,-0.01238941070439481,-0.06610878447383106,-0.18836364746093748,-0.11918070561389538,0.34159994850106307,0.28538373522853105,-0.2560284051549274,-0.2560284051549274,-0.02626299324567516,-0.0738435615817925,-0.10552082874437974,1285
2026-09-24,FR0012757854,SPIE.PA,EUR,44.2400016784668,44.2400016784668,0.002719917259456306,0.029270334394235986,-0.10865195306831676,-0.052088710871817545,0.2919958865117229,0.26562496113666234,-0.1829383895923451,-0.20037918105240293,0.012013894736436104,-0.025826374012886233,-0.05830163817625034,1285
2026-09-24,FR0013176526,FR.PA,EUR,14.649999618530272,14.649999618530272,-0.05453373819101015,0.07365328890075484,0.1317110825725054,0.35264277422810486,0.3987768828459377,0.37177927103810704,-0.0942581587900383,-0.2740685965690174,0.004835536657125994,0.019371513229471837,0.1754163937433848,1285
2026-09-21,FR0013202132,0P0001AC1I.F,EUR,116.36000061035156,116.36000061035156,0.005704439753828172,-0.007167204434839647,-0.010123372271477304,0.010859178119816626,0.03422124531255921,0.023843112990301514,-0.021397611572529285,-0.027311290746644623,-0.0012402951711157906,-0.0049615066845438704,-0.003555973949572966,1234
2026-09-24,FR0013227113,SOI.PA,EUR,145.39999389648438,145.39999389648438,0.02611148220132753,0.3158370488369626,0.3011185136150727,1.6816671085017512,1.011184881471454,1.0395230439438103,-0.2702702667871647,-0.5504682471501512,0.08487217361531507,0.2059144020209731,0.6343349025132374,1285
2026-09-22,FR0013254331,0P0001BGYT.F,EUR,422.7999877929688,422.7999877929688,0.02063968085206702,0.004585721714953639,0.060047590129000294,0.124886937345833,0.11003068601193061,0.11529750946796576,-0.036921992311737206,-0.11598420067942472,0.007885699792888001,0.011347255013705038,0.05131955769515728,1205
2026-09-24,FR0013269123,RUI.PA,EUR,34.939998626708984,34.939998626708984,-0.03480668811257104,0.050511136198347684,0.11203050737962417,0.04139456860509494,0.2511749673333763,0.1928731157239083,-0.037569076842227433,-0.11528145624745234,0.004109506685548103,0.029560787847344505,0.06890542829764468,1285
2026-09-24,FR0013280286,BIM.PA,EUR,77.19999694824219,77.19999694824219,0.07073507048618932,0.022516515870757425,0.09348439967092026,-0.15531519709366048,0.226888273949288,0.2814214838893597,-0.07805201750923207,-0.42097341181666226,0.05152036813217076,0.0581575034682702,-0.07172367509615818,1285
2026-09-24,FR0013326246,URW.PA,EUR,92.9000015258789,92.9000015258789,-0.015681243596194827,-0.0636968314560502,-0.09144252786426499,-0.05022184858323275,0.16138731359804112,0.14532937509572025,-0.12691220252836255,-0.13122940803438632,-0.02011452815109349,-0.07292089417625702,-0.03653956856387108,881
2026-09-22,FR0013333838,0P0001DXTL.F,EUR,118.3000030517578,118.3000030517578,0.0016935188841729065,-0.006717006151239602,0.001948025387719765,0.037537331474317925,0.020988691163446767,0.028067817965920405,-0.012706940624981566,-0.033081040146226814,-0.0025084575647638108,-0.0033412653156272842,0.012900161031361046,1242
2026-09-22,FR0013334380,0P0001DXU9.F,EUR,105.31999969482422,105.31999969482422,0.031840893599657694,-0.012655840417124198,-0.0232774004786076,0.15305456445627486,0.1751475738816614,0.16494944062890868,-0.07766028315599927,-0.1084672057823034,0.0008362449194856403,-0.008639112378778568,0.038853944855117506,1242
2026-09-22,FR0013342755,0P0001E0HL.F,EUR,189.72000122070312,189.72000122070312,0.045346826152633524,-0.0025761288884300626,-0.0400243053518099,0.11070782701476589,0.1680776352319144,0.1617800509836164,-0.10438913410146156,-0.11584945799770097,0.012739315396143258,-0.0023662990153574537,0.02263769446716757,1243
2026-09-22,FR0013351285,0P0001EPLY.F,EUR,162.92999267578125,162.92999267578125,0.005120213084604197,-0.025013511575030067,-0.011826856800600027,0.04737718714871719,0.05858280319217202,0.06349639519373525,-0.04115276604912188,-0.09545535463958221,-0.005775730534903989,-0.01882264977495207,-0.0023015549730942553,1239
2026-09-22,FR0013433067,0P0001ILL4.F,EUR,99.0,99.0,0.048395633591602705,-0.006423117157454805,0.007838711358570505,-0.0025188916876573986,0.1609647246661428,0.23072112245520152,-0.11316681697844033,-0.20466606893546202,0.01243557212377766,-0.014960659681019228,-0.04982925792041182,1172
2026-09-24,FR0013451333,FDJU.PA,EUR,21.3700008392334,21.3700008392334,-0.03608476474097866,-0.04470272518927043,-0.032155755748457526,-0.09794060741642852,0.10746666703916798,0.14424967287274945,-0.08518834414055321,-0.22470343752768673,-0.03442975399727288,-0.04130848832088241,-0.04454493810292304,1285
2026-09-24,FR0014000MR3,ERF.PA,EUR,77.12000274658203,77.12000274658203,0.0031218197416544857,0.056438393788794894,0.1154180420506099,0.1949917861310928,0.252090431056472,0.2458203332565219,-0.07004213550513194,-0.20375860905809895,0.04587931239803611,0.07864367512052262,0.16505945246851894,1285
2026-09-24,FR0014003TT8,DSY.PA,EUR,20.88500022888184,20.88500022888184,0.014820228683502634,-0.09471172496081937,0.11863953634367519,0.1998925442049757,0.3496506390278469,0.3650365844905238,-0.1264616741878486,-0.47274530078621,-0.014614445169241264,-0.008587319855945741,0.04599838399281997,1285
2026-09-24,FR0014004L86,AM.PA,EUR,289.3999938964844,289.3999938964844,-0.00822479094203099,0.003467406453409705,-0.05794276563553946,-0.12965491302752463,0.18913668380882745,0.24595248827624708,-0.14044944087776323,-0.20795749519430162,0.018440302586257395,-0.021239198131478787,-0.04418828455635326,1285
2026-09-22,FR00140081Y1,0P0001P1UF.F,EUR,127.88999938964844,127.88999938964844,0.0010958856332559108,-0.0035062876818029443,-0.0034286794602053083,0.008914462246565336,0.0103574407653726,0.012120828762125052,-0.0064551393625367215,-0.012880632916910884,-0.0015068416041248422,-0.0023729609526439432,0.0013282923523227907,1087
2026-09-21,FR0014008NN3,0P0001P5RF.F,EUR,1169.18994140625,1169.18994140625,0.027940589823864714,0.00231459437670134,0.05100453299009455,0.036029091875125374,0.21809708549238244,0.20670466484293362,-0.05672778998109418,-0.21793387774801054,0.0002703015793334984,0.023501829839487343,0.0012675175902390201,1013
2026-09-24,FR001400AJ45,ML.PA,EUR,33.689998626708984,33.689998626708984,0.004472203550602849,-0.018928407774917333,-0.02966597228631329,0.15331925490269316,0.18797832222071512,0.17579035412446717,-0.06027861934200207,-0.17488391923233015,-0.008855325179234041,-0.019704872973850818,0.07245185029846457,1285
2026-09-21,FR001400C7W0,0P0001Q63A.F,EUR,120.5189971923828,120.5189971923828,0.0011796131512793462,-0.0019874749528119295,-0.0005473474527591948,0.013778488856030169,0.0075062410772529006,0.005699968945774694,-0.0040889234442388345,-0.010383330479376118,-0.0009673941546940457,-0.0009799823928439144,0.005517057495912914,941
2026-09-24,FR001400J770,AF.PA,EUR,11.625,11.625,0.014397902382529804,-0.020640260145001865,-0.1353662875518582,0.17661941956949323,0.3093671981933518,0.37252041673149344,-0.18231442184638846,-0.3487062871159111,0.0034527331785032533,-0.021019657789087876,0.031026583881879066,1285
2026-09-22,FR001400KAV4,0P0001RSZC.F,EUR,119.33000183105467,119.33000183105467,0.0023519426469493787,-0.01003815393464802,-0.012577547887945628,0.011185489966353712,0.022903924583348195,0.017714308279420873,-0.016197000660045924,-0.023963510996798165,-0.004405199079278721,-0.007898223481277333,-0.004338741818329495,721
2026-09-22,FR001400L7X7,0P0001S005.F,EUR,1086.3800048828125,1086.3800048828125,0.0012718939012097419,-0.004964319200324363,-0.004499293500292212,0.008999864402844171,0.012125968690006617,0.009358945851647352,-0.006974057907818354,-0.011346908589593308,-0.0022505803026211524,-0.003482920201410278,0.0002081206118045298,682
2026-09-22,FR001400MCQ6,0P0001SCG2.F,EUR,111.9000015258789,111.9000015258789,0.003587457631200941,-0.008593968256393247,-0.007890764982926068,0.015242245387130593,0.019865874325638206,0.014585926011775366,-0.013361668062002341,-0.023477096143128984,-0.0034198962436600144,-0.0059253515730131046,-0.0008750049958099471,617
2026-09-22,FR001400TS43,0P0001UK5Q.F,EUR,254.2100067138672,254.2100067138672,0.07488374931867736,0.004782635232676524,-0.09491931807168275,-0.1414434467290513,0.2796519663237248,0.44059773309618766,-0.2631443756239523,-0.4031498049663377,0.0403988244401865,-0.0023531028692979072,-0.106545345472978,410
2026-09-22,FR001400U4T1,0P0001UJXE.F,EUR,101.37999725341795,101.37999725341795,0.003067157015234523,-0.012660723099864435,-0.015919233576861425,0.012796618340366273,0.027707322263855173,0.021141702383214587,-0.02035473986034453,-0.02727006453639813,-0.005527596205652463,-0.010113702336476016,-0.0055028918219955925,418
2026-09-22,FR001400Y4C3,0P0001VF8D.F,EUR,102.66999816894533,102.66999816894533,0.0013556869762747503,-0.010905413796266306,-0.012987815016618498,0.004765954396703576,0.023238946152178645,0.017553923264837994,-0.015223396263358002,-0.015223396263358002,-0.005041669025354301,-0.00823091659163655,-0.005366360464782449,324
2026-09-22,FR0014010443,0P0001X7LU.F,EUR,122.75,122.75,0.02986825644494684,-0.01008064516129037,0.02642364544590392,0.10745221991709819,0.13692654388323725,0.12473751833817916,-0.06508550861145868,-0.07909845364679069,0.00474337257607349,0.0002395662926275577,0.051479673410369964,256
2026-09-24,FR00140182K6,WLN.PA,EUR,11.784000396728516,11.784000396728516,-0.12568625387903398,-0.1448475598636536,0.09333833087703347,0.10751879854249169,0.48154699908567555,0.7314902835949489,-0.19221276690606381,-0.7105567100228656,-0.12263979595039176,-0.05007114960493375,-0.08518112456745308,1285
2026-09-24,IE0000MMQ5M5,XZME.DE,EUR,11.368000030517578,11.368000030517578,0.002115670675002068,-0.016438794495554854,0.030270040038070878,0.14492901038111317,0.1226440199396617,0.1376259826620849,-0.03709035918356285,-0.12315044752045123,-0.0030343890187563005,0.005882400295832202,0.05989211325987087,1137
2026-09-24,IE0002EI5AG0,XDEE.DE,EUR,11.958000183105469,11.958000183105469,-0.009114986587473228,-0.04898999188079922,-0.018387783136248115,0.06558546186322567,0.06703297263696373,0.09323675681241685,-0.052606525997561326,-0.07195734552495425,-0.020438246293603246,-0.02840203934844998,0.02415212348828799,1247
2026-09-23,IE0003UN5CT1,JSEE.L,EUR,31.950000762939453,31.950000762939453,0.015817546552588047,-0.02046446036609395,-0.012288402082006877,0.09793815615495816,0.12009594709249116,0.10645772120329247,-0.046823814462068625,-0.10927735477485356,0.002494496986027883,-0.0059703746664139246,0.043684934587838065,450
2026-09-24,IE00069JGT58,JSEU.L,USD,37.42809102400433,37.42809102400433,0.01816930406152739,0.01764799365380787,0.04345933909159272,0.2006664953296018,0.12866655774665214,0.12521842295935637,-0.033805521724557974,-0.09540032619128536,0.012862261897207183,0.01657645849089273,0.09202896303331554,790
2026-09-22,IE0006YM7D84,XZHY.L,USD,33.764796969098924,33.764796969098924,0.008648681303343508,0.011023398534827145,-0.009829927940342209,0.022378505624949918,0.044509190499909264,0.0551640411148112,-0.026573403890598257,-0.03299643726822499,0.0055784810896122305,0.0011707818938704317,0.018190742928678727,1066
2026-09-23,IE000ANHU3J3,JSEM.SW,USD,37.27830446073093,37.27830446073093,0.051724796406999785,0.044055545267054574,0.012659478350288689,0.26622692023054384,0.21311669259198038,0.23709182194568693,-0.09760449755570821,-0.13277301158653176,0.0336801194706533,0.054043385189238125,0.1402669259279008,388
2026-09-24,IE000I8KRLL9,SEMI.AS,USD,18.344949455902167,18.344949455902167,0.06581927329989345,0.08719676490328232,-0.03276824388567867,0.5466044293543775,0.34521093430828315,0.4803570099108235,-0.21483136010182136,-0.28230899511903307,0.06278358771154147,0.0708916699288007,0.25820367635349517,1285
2026-09-24,IE000R85HL30,WEBD.DE,EUR,124.58000183105467,124.58000183105467,0.02014411258716975,-0.1511889473016106,-0.09783470827081875,0.012837313415523743,0.5220350899605631,0.3246400357104538,-0.18689110265098707,-0.18689110265098707,-0.03505271424062639,-0.08258230890647322,-0.04599558703456219,1277
2026-09-24,IE000RDRMSD1,BLKC.AS,USD,16.226163335577315,16.226163335577315,0.07566675088344343,0.040116255198839657,0.06618785883440381,0.2693545717276471,0.5219680869327443,0.5059691733634583,-0.1346143551804948,-0.4311174525246234,0.04695611881993966,0.08625218443205984,0.10467960023490863,1021
2026-09-24,IE000U58J0M1,INRA.AS,USD,22.31044617132676,22.31044617132676,-0.02100049244883062,-0.013582775481949527,-0.1354334109180756,-0.043849872771566156,0.23921423428509428,0.26240708494314957,-0.16265426904469438,-0.2635708296778273,-0.009917010586288244,-0.022761638695063535,-0.06829265080857572,1172
2026-09-24,IE000UX5WPU4,XYPL.DE,EUR,9.798399925231934,9.798399925231934,-0.0077569695967661945,-0.021089927981126966,-0.03139583281286307,-0.020208970117536418,0.04083726656491125,0.03621662275226077,-0.031635107807566176,-0.035258203345733485,-0.010109657559071117,-0.017747402742139484,-0.02092941014690186,1091
2026-09-24,IE000VA628D5,SP20.AS,USD,6.035598247807402,6.035598247807402,0.018051173984834135,0.05179649936673836,0.07067295344030966,0.2117453345995044,0.15516712390366705,0.16581717967981735,-0.044330093330838816,-0.1284309111272145,0.026977090318990538,0.042168218233184396,0.10864891447104275,472
2026-09-24,IE0030351732,WYZ1.F,EUR,53.87300109863281,53.87300109863281,,,,,,,-0.016233883388492076,-0.016233883388492076,,,,5
2026-09-24,IE00B3ZW0K18,IUSE.L,EUR,157.30999755859375,157.30999755859375,0.004533789447037417,-0.0008891673062049188,0.01805587114282825,0.1595901025508475,0.11289732699265295,0.1112513591560302,-0.026802918883324978,-0.08666481270306314,-0.0016659240185277202,0.00336195180885146,0.059133120504566206,1266
2026-09-24,IE00B4L5Y983,IWDA.L,USD,128.42782765454726,128.42782765454726,0.00741998842609215,0.01582766132574598,0.02316540852719351,0.1675835263667249,0.11163677150855057,0.11217509782331916,-0.0314395943389254,-0.06426178066922439,0.009379224272282993,0.012291548747435321,0.08032440369802818,1266
2026-09-24,IE00B6R51Z18,IOGP.L,USD,30.65254402952755,30.65254402952755,-0.01697058548546193,0.001568801143320142,0.1489228309315489,-0.017204541194017153,0.2648510194130156,0.26511683814249276,-0.06961901809487303,-0.1893189566400566,-0.018594463586010024,0.009738697614426473,0.09235364575320348,1266
2026-09-24,IE00B6R52143,ISAG.L,USD,50.20584344959094,50.20584344959094,-0.021820741365873197,0.007893141943093873,0.050825062163637025,-0.019355356286970493,0.17017285644472627,0.14264288591743637,-0.05614900088941177,-0.0928890168616453,-0.015822827640058268,0.007143951195754283,0.034838297362633996,1266
2026-09-24,IE00BDQYWQ65,TIP5.L,USD,4.262619367439783,4.262619367439783,0.00455428053943141,0.014576495965750613,-0.0042857560094982095,0.011220382989659772,0.041207868993112594,0.0435260387224788,-0.023758590358265108,-0.0393317021918399,0.008684617552662033,0.005310874814594024,0.015406859857438837,1266
2026-09-24,IE00BF4G6Z54,JREM.L,USD,45.8909357116622,45.8909357116622,0.018060494245425218,0.03086211650690096,0.008894349211450825,0.24218187842821304,0.17277515910802177,0.2341323451571152,-0.09512819858851196,-0.13277031521209293,0.014572534343886057,0.03516639185122772,0.11281430834465223,1265
2026-09-24,IE00BFMNHK08,XZEU.DE,EUR,36.69499969482422,36.69499969482422,-0.002446653607753757,-0.022899763103797377,-0.015031575821649712,0.09504630059155694,0.10850530261342652,0.09545214131299581,-0.04838921969104015,-0.10329516595899846,-0.006289409400087043,-0.015467595090787323,0.04740285355761542,1276
2026-09-24,IE00BG0J4B71,EH1Y.DE,EUR,4.7555999755859375,4.7555999755859375,-0.005146234251316217,-0.016096288475543674,-0.017559814466352353,0.0057449148105210845,0.03384706069157938,0.03314677029820284,-0.01987171546159039,-0.03306860401077327,-0.007483119629445367,-0.011371434701753058,-0.00394037964931504,1139
2026-09-24,IE00BG0J4C88,LOCK.L,USD,11.57731066889347,11.57731066889347,0.018641903013839167,0.09995205261870477,0.10499617392413563,0.35597892898390304,0.28801247778565836,0.24263606104081303,-0.06918210405872405,-0.12423833383261185,0.05218914043364142,0.074159572051538,0.22254373791832327,1266
2026-09-24,IE00BG370F43,XZEM.L,USD,60.030824074021695,60.030824074021695,0.013013510650341509,0.030956632660261274,-0.005947884841446371,0.11175474337965463,0.17431058241444033,0.2223777854423804,-0.083595851184177,-0.13248037332383544,0.014283786605365556,0.029466159212544696,0.042286304931667074,1266
2026-09-24,IE00BHZPJ015,EDM4.DE,EUR,10.378000259399414,10.378000259399414,-0.0021153230709413107,-0.015743495609018887,-0.012559463996935194,0.07321615072590704,0.11797843914520414,0.11375680841762932,-0.04846799355787268,-0.10782747063876086,-0.003313300417823295,-0.010978520664685965,0.043323902719061724,1279
2026-09-24,IE00BHZPJ239,EDM2.SW,USD,8.410115482373627,8.410115482373627,0.015612406743454876,0.023268109510068857,0.021348995963122785,0.22706529351431692,0.18130144490314384,0.2290071152607005,-0.09222556237355539,-0.1345260918002107,0.014781340602612714,0.033327551204616945,0.10415837125552008,1261
2026-09-24,IE00BJ5JPH63,3SUD.DE,EUR,5.148399829864502,5.148399829864502,-0.010265685149782766,-0.02462869729702233,-0.03338218208998489,-0.013980916467284388,0.05670112840687517,0.049261384918043806,-0.03338218208998489,-0.04608865584082156,-0.014256585302947045,-0.019082609688007013,-0.020669937884268963,1279
2026-09-24,IE00BJZ2DC62,XRMU.L,USD,58.82687240074565,58.82687240074565,0.013878444044379323,0.026819925220642693,0.0232559597250499,0.20657799595086046,0.12957114670455977,0.1305753365492881,-0.033469853884432466,-0.08608559168927943,0.014866251868158153,0.01952128599445424,0.0934148604518863,1266
2026-09-24,IE00BJZ2DD79,XRSU.L,USD,369.3156890463658,369.3156890463658,-0.011758115592913398,-0.03121708812487145,-0.06503230586432651,0.14503016979869554,0.13223493933911176,0.14045292771456155,-0.06717984934329724,-0.09191930547627514,-0.013533046692207007,-0.02985911495955651,0.04415165489385253,1266
2026-09-24,IE00BKBF6H24,IWLE.DE,EUR,10.802499771118164,10.802499771118164,0.00027772633879763475,-0.01057890161143682,0.015682804562485497,0.10699703539881367,0.10172205321541214,0.0989585969455388,-0.029517160170236978,-0.07851649475827649,-0.0034065707396258027,-0.0009581389077004676,0.053858055816128125,1279
2026-09-24,IE00BL25JL35,XDEQ.SW,USD,79.43472910764687,79.43472910764687,0.013352664207069376,0.0064158894682513345,0.013691505671202142,0.14671077161394241,0.10333754329217036,0.10179935202725898,-0.039215467351097044,-0.0645891391851322,0.010098237510683727,0.00737739626947409,0.0709278021240285,1261
2026-09-24,IE00BL25JM42,XDEV.SW,USD,74.36405620811257,74.36405620811257,-0.0006496637320450027,0.0300735622092152,0.041626608286357,0.3201440780298921,0.11552086648911664,0.1418561543217953,-0.03157630572934933,-0.05770898221228993,0.007595006219267342,0.02561884132846215,0.16772626769728638,1251
2026-09-24,IE00BL25JN58,XDEB.DE,EUR,44.91999816894531,44.91999816894531,-0.002885706333337512,-0.006524427350371065,0.022070475293911818,0.05186737484881454,0.0755904949655061,0.09035094440879758,-0.024500063829753338,-0.053087219156055854,-0.0021270766979413214,-0.00023150837587815332,0.03948031016154063,1278
2026-09-23,IE00BL25JP72,XDEM.SW,USD,87.83524918216627,87.83524918216627,0.04777666994098495,0.0513161982186201,-0.016972972989921176,0.25261626154494077,0.15784086750028836,0.23823971397462063,-0.1078308295424859,-0.12784451494966353,0.04090233816494826,0.043097185758807166,0.1241681437329798,1250
2026-09-24,IE00BM67HK77,XDWH.L,USD,54.35377704696421,54.35377704696421,0.008623739068266634,-0.009109481796491958,0.040866719189947665,0.11621452663238929,0.13787041476832868,0.16940431303719797,-0.05875719335444407,-0.10318579402849182,0.009742404231130042,0.012489534108118594,0.07269005102269555,1266
2026-09-24,IE00BM67HM91,XDW0.L,USD,67.07001374256379,67.07001374256379,-0.00493615679190329,0.036707382420346546,0.19086951536327668,0.06402952258663852,0.2104310662511568,0.21002797102402435,-0.05429453431446529,-0.15272657622424402,0.004544931346076808,0.0346086129202301,0.14310679366709733,1266
2026-09-24,IE00BM97MR69,XT0D.L,USD,56.10259047013229,56.10259047013229,0.00828736991590362,0.027908394602022657,0.011398335075272659,0.035200555187286486,0.03588157640232228,0.0427354648161627,-0.0240998227837117,-0.035956034609163745,0.016377179056096702,0.016448022740472634,0.03485593341826343,1266
2026-09-24,IE00BMDFDY08,UEEF.DE,EUR,5.704800128936768,5.704800128936768,-0.007342976666841139,-0.018174287493479824,-0.0167866868232045,-0.0058898772517772535,0.03984216598034396,0.038019039749534626,-0.019085948177269163,-0.027595803436302302,-0.010138400162837957,-0.01186357753399414,-0.007713816914606375,1279
2026-09-24,IE00BMG6Z448,EXCH.AS,USD,8.407479692580587,8.407479692580587,0.01797360991829211,0.03757025320506924,0.024089561631149836,0.22593430747967957,0.21785632921728829,0.2834252994358348,-0.13373511662104154,-0.17728773058573388,0.019889524537496595,0.051456802835069704,0.14914339840097757,1285
2026-09-21,IE00BQ3D6V05,0P000166SB,USD,78.75615764314112,78.75615764314112,0.02239093349960708,0.01600474805422092,-0.025914830354356044,0.22042051193909762,0.12046895800272067,0.20800423927284498,-0.11078639213874242,-0.12341477579416804,0.013673262369156669,0.0106500243890979,0.08791114669330802,1203
2026-09-24,IE00BYVQ9F29,NQSE.DE,EUR,17.49799919128418,17.49799919128418,0.027601557242413755,0.02351418484501333,0.019934661413935073,0.20393551077808114,0.1583931621811237,0.1893396714456475,-0.08057798619696932,-0.11870130610035734,0.021691492778990185,0.031539187555520654,0.09518764989746531,1279
2026-09-24,IE00BYZK4552,RBOT.L,USD,19.03041403899586,19.03041403899586,0.042388854049299596,0.0425864394012867,-0.0036695548702040393,0.4180225895326044,0.24547739957880757,0.28045270279182066,-0.11161436918247636,-0.1270730588029788,0.03494817889155022,0.04502904772260474,0.17630181328502603,1266
2026-09-24,IE00BZ02LR44,XZW0.L,USD,49.86311199613306,49.86311199613306,0.007793896876788331,0.015771993227750025,0.029957799260822426,0.19261677629740803,0.13411389784840755,0.13663702877601677,-0.03517718499463052,-0.10518426628150501,0.009493686589184813,0.0171934149438413,0.08465662325009338,1266
2026-09-24,IE00BZ036J45,XDGE.DE,EUR,9.70460033416748,9.70460033416748,-0.012917516233104887,-0.02613144148851665,-0.0409627042711419,-0.042708188401522684,0.06107866309596839,0.05379529047582519,-0.04143048635857938,-0.05684338352621554,-0.013294858080081906,-0.018722036223940974,-0.034888035220964286,1279
2026-09-24,IE00BZ163G84,VECP.AS,EUR,46.720001220703125,46.720001220703125,-0.005322546167825237,-0.017675297822644542,-0.026743524625819637,-0.01567083388588164,0.03189643412050579,0.02846739963139932,-0.026743524625819637,-0.026743524625819637,-0.007767061978636081,-0.0140669921566271,-0.0162245193635977,1284
2026-09-24,IT0000072618,ISP.MI,EUR,6.739999771118164,6.739999771118164,-0.010860046547255364,-0.00014840592373066563,0.10094732631993808,0.2355453179132343,0.18401760888811852,0.17813325642996702,-0.03816682751964695,-0.18962136424504183,0.002059091616619435,0.006616148481950246,0.1434699153227672,1275
2026-09-24,IT0003128367,ENEL.MI,EUR,8.871000289916992,8.871000289916992,-0.019778994148654916,-0.05305291833705583,-0.10023840700361575,-0.07585139257368223,0.19960731090887282,0.16738879668153403,-0.12972914566103333,-0.12972914566103333,-0.013253364214327101,-0.06124398141276577,-0.047278139114311,1275
2026-09-24,IT0003132476,ENI.MI,EUR,24.190000534057617,24.190000534057617,0.01560045462287607,0.07731471819010483,0.1987171556215579,0.053188719806059215,0.21681874684856312,0.28178471744703665,-0.07494912450458358,-0.18371762343297826,0.02776146153373582,0.04209266281870483,0.15968791113219227,1275
2026-09-24,IT0003242622,TRN.MI,EUR,9.29800033569336,9.29800033569336,-0.012951140086251645,-0.04005776789205173,-0.08976992689150542,-0.049831682776560804,0.19108350518993886,0.1638248226485421,-0.13442623614171878,-0.13442623614171878,-0.007885246886698893,-0.04655843529897308,-0.031141097936823292,1275
2026-09-24,LU0029874905,TEP6.F,EUR,69.75199890136719,69.75199890136719,,,,,,,-0.013548298621260169,-0.013548298621260169,,,,5
2026-09-24,LU0048574536,FPGK.MU,EUR,61.31100082397461,61.31100082397461,,,,,,,-0.004174245812278099,-0.004174245812278099,,,,5
2026-09-24,LU0050427557,FJRC.F,EUR,34.1349983215332,34.1349983215332,,,,,,,-0.009833518347373116,-0.009833518347373116,,,,5
2026-09-24,LU0052474979,JPJX.F,EUR,169.6529998779297,169.6529998779297,,,,,,,-0.01837651649610683,-0.01837651649610683,,,,5
2026-09-24,LU0053696224,JPJW.F,EUR,57.137001037597656,57.137001037597656,,,,,,,-0.02919035796450531,-0.02919035796450531,,,,5
2026-09-24,LU0055114457,FPGL.F,EUR,16.395999908447266,16.395999908447266,,,,,,,-0.03367898533958735,-0.03367898533958735,,,,5
2026-09-24,LU0058908533,JPJV.F,EUR,93.76499938964844,93.76499938964844,,,,,,,-0.01140785402837552,-0.01140785402837552,,,,5
2026-09-24,LU0070212591,IH5Y.MU,EUR,2481.35107421875,2481.35107421875,,,,,,,0.0,0.0,,,,5
2026-09-24,LU0073232471,MSJ6.F,EUR,219.3580017089844,219.3580017089844,,,,,,,0.0,0.0,,,,5
2026-09-24,LU0088087324,SESG.PA,EUR,4.533999919891357,4.533999919891357,-0.07808057830125359,-0.07469391190871588,-0.4453822857362173,-0.27982937041390954,0.4194120490962323,0.477885796249293,-0.45108961328623,-0.5413252589874517,-0.04893756773959801,-0.1633019291201433,-0.2923806275705704,1285
2026-09-22,LU0090841262,0P00000DWT,USD,84.62569274277789,84.62569274277789,0.03134994047732231,-0.036348711683494184,0.26163140463053836,0.18587559330643422,0.3316254720262537,0.42940013741613187,-0.11115691925305471,-0.35059423030144754,-0.010543198520641228,0.09366139928589079,0.08223230982028107,1010
2026-09-24,LU0099161993,C5Q1.F,EUR,336.8609924316406,336.8609924316406,,,,,,,0.0,0.0,,,,5
2026-09-24,LU0099574567,FJ2P.F,EUR,94.98600006103516,94.98600006103516,,,,,,,-0.013132466898336026,-0.013132466898336026,,,,5
2026-09-24,LU0107398884,JPJF.F,EUR,26.87800025939941,26.87800025939941,,,,,,,-0.021408263029394248,-0.021408263029394248,,,,5
2026-09-24,LU0113257694,ZPJS.F,EUR,24.32699966430664,24.32699966430664,,,,,,,-0.0022557749669684934,-0.0022557749669684934,,,,5
2026-09-24,LU0114722498,FJRQ.F,EUR,76.49800109863281,76.49800109863281,,,,,,,-0.01483580688484798,-0.01483580688484798,,,,5
2026-09-24,LU0119750205,IUGL.F,EUR,31.391000747680664,31.391000747680664,,,,,,,-0.0130168072165604,-0.0130168072165604,,,,5
2026-09-21,LU0131510165,0P00001UFS.F,EUR,906.760009765625,906.760009765625,-0.013694421226572162,-0.039021605648006163,-0.005309308852494921,0.05406568993388561,0.09519887270788967,0.10284458720643722,-0.05538694171409697,-0.07983177414353115,-0.02331469012023546,-0.030807105125853718,-0.007765757350278069,1080
2026-09-22,LU0138007074,0P000026CA.F,EUR,9497.6298828125,9497.6298828125,0.033493525132762825,-0.0393208255170594,0.017604621379215146,0.049265875428353034,0.19809226801114088,0.18155417979252725,-0.09038874185237777,-0.18821294351051976,-0.005422856528366604,-0.014074530645469041,-0.022913200648138732,1079
2026-09-22,LU0141799501,0P000013Y8.F,EUR,40.78030014038086,40.78030014038086,0.004193536751287086,-0.009229743485087316,-0.006601493938679814,0.021062112486443185,0.023036712182871098,0.01690400695429672,-0.015948518828761693,-0.02912220284095368,-0.00370407667818351,-0.005998711592370531,0.0020601715587433844,1073
2026-09-22,LU0147396450,0P00000SKL,USD,76.73183417304361,76.73183417304361,0.01747226557529946,0.013738480763766603,0.0029958927304025718,0.10285250417898117,0.07957799831931044,0.0818911942466397,-0.03169304844952525,-0.05847591595879342,0.010285912273317432,0.007885037957304109,0.046823003153982246,998
2026-09-22,LU0147409709,0P00000LM2,USD,64.49416764078882,64.49416764078882,0.02676279874305454,0.07332702203221819,0.04641436644329855,0.017523042502969544,0.27447744732751284,0.2276931730110516,-0.08322682207633625,-0.1619830152579782,0.021181597139492858,0.034408846557057116,0.01969985992045631,1008
2026-09-22,LU0154236920,0P00000S3T,USD,80.38656383153277,80.38656383153277,0.037376025389335155,0.043475566902492435,0.008872023721232747,0.21050423618631453,0.13320798380626273,0.15406733382982368,-0.06427779643773479,-0.07975715410368611,0.029547512518174335,0.023563814171200903,0.09865221191088636,1008
2026-09-24,LU0173614495,FJRH.F,EUR,57.51900100708008,57.51900100708008,,,,,,,-0.013819112650085397,-0.013819112650085397,,,,5
2026-09-24,LU0202403266,FJ2E.HM,EUR,549.97900390625,549.97900390625,,,,,,,-0.006368561444366927,-0.006368561444366927,,,,5
2026-09-24,LU0227384020,XE67.F,EUR,17.700000762939453,17.700000762939453,,,,,,,-0.005785470787716851,-0.005785470787716851,,,,5
2026-09-24,LU0231205187,TESU.F,EUR,62.03099822998047,62.03099822998047,,,,,,,-0.006884300847892377,-0.006884300847892377,,,,5
2026-09-22,LU0246036288,0P000026OM.F,EUR,302.4931945800781,302.4931945800781,0.027829092110814857,-0.020710892518638335,-0.010125146240294924,0.11926528947494419,0.12214299004467052,0.10896049514083021,-0.053226897145107865,-0.11572868599376362,0.003447372884167521,-0.003157995139923764,0.03409511830657186,1108
2026-09-22,LU0248178732,0P00002A0A.F,EUR,490.4749145507813,490.4749145507813,0.006761613987524395,-0.03387422226814829,-0.050096096322570505,0.10142452270625402,0.09898703591735289,0.13074838039954004,-0.07194186720603224,-0.07648822010872047,-0.01218059658110493,-0.030688339378449947,0.04068085620373307,1075
2026-09-24,LU0260869739,FLX6.MU,EUR,36.09999847412109,36.09999847412109,,,,,,,0.0,0.0,,,,5
2026-09-24,LU0261952419,FJR3.F,EUR,39.77000045776367,39.77000045776367,,,,,,,-0.005277470310174448,-0.005277470310174448,,,,5
2026-09-24,LU0261953904,IPGU.MU,EUR,31.825000762939453,31.825000762939453,0.0,0.005211652442279835,-0.002288543249808095,0.02943554327876652,0.01849953099018808,0.014125157635281703,-0.007461309937927263,-0.018100128537090643,0.0033814061377372973,0.0021330802385239878,,188
2026-09-24,LU0266009793,XRUG.MU,EUR,136.77200317382812,136.77200317382812,,,,,,,-0.0030323377808287866,-0.0030323377808287866,,,,5
2026-09-22,LU0266012235,0P00006CAL.F,EUR,168.14999389648438,168.14999389648438,0.001667950124746298,-0.03295382347262932,-0.04286201669642342,0.04877435274821429,0.08969484214723322,0.10720858220068963,-0.08713035668295654,-0.08713035668295654,-0.014083715069597935,-0.037499487519575436,-0.0014816310065138838,1080
2026-09-24,LU0274211480,DBXD.DE,EUR,236.8500061035156,236.8500061035156,-0.013741361136120789,-0.037390761366123404,-0.00899579036185938,0.04963444498105818,0.12707300594911916,0.12019700612897939,-0.04680252498630488,-0.12282175414505347,-0.013802985643062593,-0.016615989556372224,0.021229835025582178,1279
2026-09-24,LU0278272843,TGD0.MU,EUR,60.83399963378906,60.83399963378906,,,,,,,0.0,0.0,,,,5
2026-09-24,LU0278937759,AEF5.F,EUR,33.994998931884766,33.994998931884766,,,,,,,-0.006342887210094128,-0.006342887210094128,,,,5
2026-09-24,LU0280435388,P3IA.F,EUR,220.4149932861328,220.4149932861328,,,,,,,-0.012331635359758786,-0.012331635359758786,,,,5
2026-09-24,LU0284394235,5L42.F,EUR,195.37399291992188,195.37399291992188,,,,,,,-0.009084264293772848,-0.009084264293772848,,,,5
2026-09-24,LU0289089384,JP5D.F,EUR,38.58000183105469,38.58000183105469,,,,,,,-0.013803607248822125,-0.013803607248822125,,,,5
2026-09-24,LU0290356871,DBXP.DE,EUR,173.2550048828125,173.2550048828125,-0.0011530192045829946,-0.006137915297066532,-0.008157704675507027,-0.0012969267366130799,0.013709224387229593,0.012651864785353227,-0.008157704675507027,-0.01239343130496584,-0.0025202299181715793,-0.004186578033994692,-0.003420310375683022,1279
2026-09-23,LU0290357259,0MUJ.IL,EUR,244.8719024658203,244.8719024658203,0.001009310028902588,,,,,,-0.0033611609635348927,-0.0033611609635348927,,,,9
2026-09-24,LU0290357846,DBXG.DE,EUR,232.88999938964844,232.88999938964844,-0.015389165891996903,-0.03389196984854115,-0.08155541798020505,-0.08516324512242635,0.11091330467383839,0.0997311099987337,-0.08155541798020505,-0.11114083161183497,-0.01570127812487354,-0.035404536537757436,-0.06492956201902267,1279
2026-09-24,LU0290357929,XGIN.DE,EUR,213.8999938964844,213.8999938964844,-0.008804490863782322,-0.018357045030025332,-0.023020044252857197,-0.02777146840100364,0.03740440146610169,0.03414941460909603,-0.023332271305052665,-0.04011848226675874,-0.01028355429297878,-0.013621192507368263,-0.02114920297027667,1279
2026-09-24,LU0290358497,XEON.DE,EUR,150.2949981689453,150.2949981689453,0.0004992474213336706,0.0018664718890515353,0.005068950109167636,0.009789171834586607,0.0017140324900275692,0.0014707890035504318,-0.00011318309784169589,-0.00028315894672692465,0.000906027420823019,0.0021593323955702015,0.008195757962159878,1279
2026-09-24,LU0292096186,XGSD.DE,EUR,38.66999816894531,38.66999816894531,-0.017156005358124893,-0.0069337562220269655,0.05831176173048891,0.10130998759206133,0.09806776997482854,0.08013749939763289,-0.02051675234758965,-0.03695373235385879,-0.010364730161348423,-0.005937337601143344,0.08071954788241964,1279
2026-09-24,LU0292097747,XASX.L,GBP,589.0836383893817,589.0836383893817,-0.016725438579906826,-0.03526981440921684,0.01743092975181426,0.0675843777912708,0.13632803508985958,0.13117572096557303,-0.04665860878822725,-0.11277113453442278,-0.014280526851539799,-0.02301974460838596,0.02533154282868577,1266
2026-09-24,LU0292103222,DXSE.DE,EUR,222.8000030517578,222.8000030517578,-0.0013447021225924116,-0.03549782228676268,-0.07398172319288943,-0.006465984161615146,0.17152571840893727,0.16385428805151067,-0.09954285785315797,-0.12667634179434772,-0.00677602265916577,-0.023898697711439598,-0.017967911235322265,1279
2026-09-24,LU0292105359,DXSK.DE,EUR,138.52000427246094,138.52000427246094,0.0044960870443691014,-0.009580983355089834,-0.04849565510231868,0.024707884137044278,0.14342681605626154,0.1737904957175937,-0.07898301020361831,-0.16959672496210454,0.0007369290259999772,-0.018535281486818822,-0.005325197587146446,1279
2026-09-22,LU0304955437,0P00009UZB.F,EUR,650.7000122070312,650.7000122070312,0.04213712093619493,-0.0186260098232498,0.014879342850601551,0.07273565543563332,0.19807757371036191,0.17868518395058014,-0.08999620876453229,-0.1709681485622948,0.006436602343376174,-0.0053694903225876,0.0005112672394724793,1076
2026-09-24,LU0329355670,FHQV.F,EUR,419.2999877929688,419.2999877929688,,,,,,,-0.00028243015588436116,-0.00028243015588436116,,,,5
2026-09-24,LU0352312184,ALW3.F,EUR,259.0419921875,259.0419921875,,,,,,,-0.011441063424129427,-0.011441063424129427,,,,5
2026-09-24,LU0386882277,PBFH.MU,EUR,415.0889892578125,415.0889892578125,,,,,,,0.0,0.0,,,,5
2026-09-24,LU0390135415,FT94.F,EUR,94.70999908447266,94.70999908447266,,,,,,,-0.01127468233356721,-0.01127468233356721,,,,5
2026-09-21,LU0392098371,0P0000JND6.F,EUR,152.1300048828125,152.1300048828125,0.006217358464363665,-0.018009251995279696,-0.02160910985689868,-0.005166056078944159,0.05096823062083224,0.03526044519092227,-0.031650450944724184,-0.031650450944724184,-0.007360112074210945,-0.015316831081036208,-0.015154277315067577,1112
2026-09-22,LU0413543058,0P0000JC7Q.F,EUR,63.93000030517578,63.93000030517578,0.031129037180254615,0.06621082857439875,-0.002652077581779433,0.12177572244801671,0.1892404294272915,0.25489805776904156,-0.11164011004042118,-0.1483880728068636,0.0254312846785274,0.039116831998654567,0.08608677991672264,1143
2026-09-24,LU0478205379,D5BG.DE,EUR,160.1699981689453,160.1699981689453,-0.0048462180434070135,-0.016879450226535697,-0.026884188577661505,-0.015459319712271657,0.03387866874085431,0.03135782683219034,-0.026884188577661505,-0.026884188577661505,-0.007370215634991406,-0.013874237362110242,-0.016131836203104766,1279
2026-09-24,LU0496786574,LYPS.DE,EUR,69.58200073242188,69.58200073242188,0.013723795908359149,0.018263252631501414,0.03200636295815085,0.1703108051734008,0.10843298291713525,0.10677716779101676,-0.031373690344112415,-0.07117796160306766,0.014484948682356391,0.018933054002044702,0.08971796367399709,1279
2026-09-23,LU0514695690,LU0514695690-USD.LU,USD,15.887074311406444,15.887074311406444,0.004378107748146176,0.005843169792085767,0.06598538414031108,0.020143249176176825,0.11823443693569312,0.16876626509394332,-0.05969434439344401,-0.21207412036516404,0.005751171103932862,0.0013849357255359962,-0.031906542872232935,1308
2026-09-24,LU0533033667,TNOW.MI,EUR,1252.2099609375,1252.2099609375,0.03586878953324679,0.05043243114274287,0.08318909261394603,0.35660037646667364,0.1742899417884161,0.22221472238986043,-0.06493379645736164,-0.15633227391759896,0.03832705889726529,0.05779077247998177,0.18316003264823078,1275
2026-09-22,LU0568621618,LU0568621618-USD.LU,USD,114.604927876142,114.604927876142,0.0069819330973066585,0.020333548547612157,0.004159655671022833,0.019381299640905514,0.039366257664993985,0.04306004966101499,-0.02485952922150525,-0.036101772405168986,0.011312839499139526,0.0096724290546788,0.027865653818208935,1073
2026-09-21,LU0571100824,0P0000ZJKU.F,EUR,185.9600067138672,185.9600067138672,-0.0025745318668396466,-0.016604967151241268,-0.03537707287381775,0.04890300499781519,0.06345810926990678,0.06823383110103354,-0.05082910438495747,-0.05433553960763737,-0.007906400863522345,-0.017734201348870604,0.014854203063556781,1063
2026-09-22,LU0616241476,LU0616241476.LU,EUR,128.4600067138672,128.4600067138672,0.004614092082678933,-0.017063246506088814,-0.03551314393600913,-0.007724393234508353,0.04853227788012651,0.04006429394926093,-0.040384362959879794,-0.05240536010899555,-0.006749972750898614,-0.015268427227844827,-0.0256193482078495,1123
2026-09-24,LU0616856935,FP7X.F,EUR,195.8070068359375,195.8070068359375,,,,,,,-0.011584931555280065,-0.011584931555280065,,,,5
2026-09-21,LU0641745681,0P0000V07V.F,EUR,121.3499984741211,121.3499984741211,0.0034730684518764487,-0.0033673099122539796,-0.02271079758725092,-0.00041188674735848085,0.05755453463411033,0.06205072724423013,-0.03847706898113523,-0.09149679928668508,0.0013160981789173132,0.0003396161307043233,-0.014860317424124858,1108
2026-09-24,LU0702159772,FJR9.MU,EUR,42.06600189208984,42.06600189208984,,,,,,,0.0,0.0,,,,5
2026-09-22,LU0740858229,0P0000VOBL.F,EUR,176.3800048828125,176.3800048828125,0.00898122158998671,-0.005693638369192455,0.0015899986916088071,0.06106003378541813,0.04975892014594212,0.049222160675908594,-0.02138502614230353,-0.04437875007878134,-0.000900618525962904,-0.0003615556386885599,0.02419086241387358,1012
2026-09-24,LU0772926084,O7Z0.MU,EUR,146.93600463867188,146.93600463867188,,,,,,,0.0,0.0,,,,5
2026-09-24,LU0823410724,9XQ0.MU,EUR,617.5009765625,617.5009765625,-0.006298530938646851,-0.04255097256851248,-0.04024740546796446,0.09857435913918611,0.0603992754110255,0.05930903186892568,-0.05734106855480414,-0.07647265690006522,-0.01769219666219457,-0.03272482456061254,,196
2026-09-24,LU0823425839,ZSRD.F,EUR,181.8699951171875,181.8699951171875,,,,,,,-0.01416924234490291,-0.01416924234490291,,,,5
2026-09-24,LU0839027447,XDJP.DE,EUR,37.45500183105469,37.45500183105469,0.0008016725345563191,0.021128721903787673,-0.02646353151285874,0.18465561164701327,0.2066945339425956,0.26272763096835566,-0.12439591569183206,-0.1601806331877259,0.005773407024324495,0.014366419064703928,0.1074097575978521,1277
2026-09-24,LU0840617350,AH8J.F,EUR,238.9010009765625,238.9010009765625,,,,,,,-0.005163655767888908,-0.005163655767888908,,,,5
2026-09-21,LU0870553459,0P0000XTFE.F,EUR,273.1300048828125,273.1300048828125,0.01853371551622396,-0.01712911409086415,-0.0025199124349932767,0.09409551975082286,0.12490960127118005,0.11940883209100427,-0.06344841088475339,-0.09784224955302956,0.00017762523194875257,-0.004602866647971715,0.021171960913617616,1112
2026-09-24,LU0914729966,TC60.MU,EUR,350.19000244140625,350.19000244140625,,,,,,,0.0,0.0,,,,5
2026-09-22,LU0914731947,0P000100RL.F,EUR,190.88999938964844,190.88999938964844,0.021676317336431383,-0.013437418107921428,-0.001725770468298471,0.14066323530082192,0.12998213696251545,0.13189387545788706,-0.054549129873747715,-0.11271244330571528,-0.0012948785476425417,-0.0052724927075321615,0.043277513648553256,1100
2026-09-22,LU0914733059,0P00011IV8.F,EUR,215.3000030517578,215.3000030517578,0.03579333406889118,-0.014374653701492712,-0.011569204791688326,0.1518296873572702,0.1838563528322423,0.17637408372735075,-0.0781443828767796,-0.11810523160610065,0.0016655770903688527,-0.005520664873712944,0.052073240400882126,1100
2026-09-24,LU0922334643,FPG6.MU,EUR,41.72999954223633,41.72999954223633,,,,,,,0.0,0.0,,,,5
2026-09-22,LU0935222066,0P00010URS.F,EUR,112.1999969482422,112.1999969482422,0.001875159286351069,-0.006112166224969462,-0.006288253395083654,0.007814561240264473,0.016296792346810206,0.01203461343855555,-0.009551621420090473,-0.01584492251204206,-0.0029325710031593566,-0.004470150504790937,-0.0025727125032660725,1088
2026-09-24,LU0941349275,I4G0.MU,EUR,138.34500122070312,138.34500122070312,,,,,,,0.0,0.0,,,,5
2026-09-22,LU0992632538,0P00013N23.F,EUR,139.4600067138672,139.4600067138672,0.002227903923685659,-0.012812327485337116,-0.009657722905952904,0.01691707258672981,0.029699918339587867,0.02423002995452434,-0.017441048622119038,-0.034728582145374776,-0.004965845509322109,-0.009111633660974672,-0.0007895162982868298,1098
2026-09-22,LU1033933703,0P00012DVG.F,EUR,325.2200012207031,325.2200012207031,0.02716191723877892,0.02219008510601972,0.024379456868257154,0.14088263525595024,0.09830658105173103,0.11007616091805716,-0.04620943451539339,-0.07255281524046797,0.02057981445417245,0.014668105844814816,0.06507357215007814,1111
2026-09-24,LU1100076550,1SCD.MU,EUR,232.74400329589844,232.74400329589844,,,,,,,0.0,0.0,,,,5
2026-09-24,LU1109942653,XHYG.DE,EUR,15.51099967956543,15.51099967956543,-0.0038533439878308817,-0.011817930559822942,-0.008901474296397316,0.006368515568785371,0.03429458933107945,0.029289126620600705,-0.015033699611703089,-0.028147873491851882,-0.0051726677046119995,-0.007697293816388728,0.0006581724611727235,1279
2026-09-22,LU1159238036,LU1159238036.LU,EUR,25.66419982910156,25.66419982910156,0.017137094792924135,-0.014287789567932085,0.0020850594324230975,0.15075776954641062,0.12583824410372538,0.1255169682737507,-0.04483248811305185,-0.10213260250245715,-0.0013331681386332672,-0.004030732532995462,0.05712120880143923,1075
2026-09-22,LU1160356009,0P0001678E.F,EUR,1513.68994140625,1513.68994140625,0.01851732752456825,-0.019757810342158955,0.12592228051020005,0.14736931711984136,0.19203718189022864,0.18529174445289462,-0.07070805382953571,-0.1200729496753532,-0.00439632460268391,0.014617468496462838,0.07804615468158294,1072
2026-09-22,LU1161083644,0P00016MO1,USD,20.183254055283832,20.183254055283832,0.015541404140463344,-0.0038009189012555566,0.054498622605003044,0.06015452389917253,0.10244857488162765,0.09017869330158781,-0.03707651210166918,-0.07086191472608194,-0.005221562633880739,-0.001668767731905052,0.06393458634720095,1016
2026-09-24,LU1161527038,EDNN.MU,EUR,235.13699340820312,235.13699340820312,,,,,,,0.0,0.0,,,,5
2026-09-21,LU1183791794,0P00016RHQ.F,EUR,176.96600341796875,176.96600341796875,0.0009955887692754128,-0.012620759302448548,-0.06269992893660536,0.09106936358542539,0.17298247839880287,0.17177852948977468,-0.1019440654924878,-0.10652983119589832,-0.004713317978346621,-0.020082629696197007,0.015318058904184362,1106
2026-09-24,LU1291097779,EEMK.PA,EUR,17.47100067138672,17.47100067138672,0.016583255774928807,0.0222160769122004,0.02946202228622874,0.1634303417904548,0.18713046103242262,0.22201851933176697,-0.09130165758750086,-0.13262607355357947,0.012525188465842607,0.03357150918242269,0.10316138364923377,1285
2026-09-24,LU1291098827,EEMU.PA,EUR,20.424999237060547,20.424999237060547,-0.00584087801352029,-0.018736549939499025,-0.013285097378897603,0.07658650145695223,0.12744616241434265,0.12020974087668108,-0.04754060668318072,-0.10277607011442924,-0.007266308143772937,-0.013880540142643727,0.04407100784820761,1285
2026-09-24,LU1291102447,0E4H.IL,EUR,20.93160057067871,20.93160057067871,1.1911022280318746,1.1911022280318746,,,4.22799348651857,2.8186623243457127,0.0,0.0,1.0679455032154532,,,46
2026-09-24,LU1301026388,2QJ0.MU,EUR,210.7469940185547,210.7469940185547,,,,,,,0.0,0.0,,,,5
2026-09-21,LU1303940784,0P00018KOU.F,EUR,28.520000457763672,28.520000457763672,0.0052872616881574075,0.0,0.016393478281409468,0.10073333175307786,0.09634035026524183,0.089498654805246,-0.031023771507394104,-0.10474171860749526,-0.003302507045781611,-0.0005536777237169499,0.02673028307732328,1103
2026-09-21,LU1329694266,0P00018EGL.F,EUR,236.0500030517578,236.0500030517578,0.014265489559435851,-0.0018183046496526023,-4.233884156246148e-05,0.09075365767431598,0.09514830980025278,0.1082728617130174,-0.04326888593482081,-0.08607298754556802,0.0024972365226791915,-0.000252407981370828,0.03626262035798833,1111
2026-09-21,LU1379103812,0P00018FWZ.F,EUR,644.8099975585938,644.8099975585938,0.0034391877631820833,0.005128410536194394,0.0032986278129956137,0.17833783867587094,0.12367045532794292,0.1358935440908217,-0.049243678720523265,-0.07933928105110122,-0.002466732247528247,-0.00640189692790416,0.07588302902393718,1073
2026-09-22,LU1435385593,0P00019846.F,EUR,316.9100036621094,316.9100036621094,0.0096533666756764,0.006255163540457742,0.09008668936240083,0.14602395783844213,0.17411994404247177,0.1758337460339041,-0.06464263345394483,-0.18107797123110614,0.005935762890895369,0.026816942084272766,0.03711692511251141,1122
2026-09-22,LU1486845537,0P00018X0B.F,EUR,116.61399841308594,116.61399841308594,0.0015975281464486457,-0.0025147870588476673,0.00030876737029150725,0.013629338055211937,0.007466579070646617,0.005698308511683422,-0.004497502999955327,-0.00857780195084168,-0.0009231481275463471,-0.0009275130016758171,0.005320952660320177,1093
2026-09-22,LU1530899142,0P00019MC0.F,EUR,2583.969970703125,2583.969970703125,0.060155442251757174,0.04757941392039289,0.02121897212348056,0.2781300215927167,0.17970277274506677,0.22363934961358034,-0.09865184137446215,-0.170881689258088,0.042186022970758685,0.04469239510431344,0.14611020192461077,1056
2026-09-22,LU1582988058,0P0001CGZV.F,EUR,12.78969955444336,12.78969955444336,0.012379958443342831,0.0009234547582175345,-0.005335126220944231,0.0353601193982469,0.052556333258190244,0.056501046079464684,-0.020613728201645976,-0.056615818138602614,0.002696107498817213,0.0021422080468724847,0.01802010208582816,1092
2026-09-24,LU1598757687,MT.AS,EUR,63.560001373291016,63.560001373291016,-0.030210551031091604,-0.005320816032378217,0.15085295486269468,0.24018748693241654,0.267006759603261,0.3233713328955615,-0.08532426013240335,-0.2619465623536297,-0.01634268291626395,0.012870106390688196,0.19706680460719195,1285
2026-09-22,LU1623762843,0P0001FE3K.F,EUR,156.80999755859375,156.80999755859375,0.0018527554192242501,-0.01464120799290547,-0.018280837958113527,0.002365092760248988,0.025610539751431693,0.0194496674644365,-0.021321756765369404,-0.02571631111241912,-0.0062926755400252166,-0.011660165373575504,-0.010956069728034978,1108
2026-09-22,LU1670631289,0P0001DFNP.F,EUR,11.653300285339355,11.653300285339355,0.0058608817853416095,-0.009005698510553106,-0.01015052966963248,0.023044895731121118,0.038848099235469995,0.03734973944423701,-0.018111575959527948,-0.05265460607611028,-0.0035191570153609852,-0.004519458493993156,0.0013891551902329713,1090
2026-09-22,LU1670707527,0P0001DFNB.F,EUR,23.03030014038086,23.03030014038086,-0.00030815768400538346,-0.008972060003493154,0.027239585898878094,0.13892979455608145,0.08761807654359562,0.09517382013041294,-0.038157076184087146,-0.092062237404823,-0.007012686965974013,-0.008971718376859172,0.05404692058417582,1092
2026-09-24,LU1670719613,AN0B.MU,EUR,13.484000205993652,13.484000205993652,,,,,,,0.0,0.0,,,,5
2026-09-24,LU1681043912,CC1.PA,EUR,261.6000061035156,261.6000061035156,0.01062391321289069,-0.037173373756860806,-0.06437768099810381,-0.0829097069114264,0.14834130184590183,0.17141262210949265,-0.09559857005804362,-0.21151187688867035,-0.008527543618030986,-0.032304574717436085,-0.08883745161326806,1285
2026-09-24,LU1681044480,AASI.PA,EUR,59.540000915527344,59.540000915527344,0.023375740859708616,0.03099568684895826,0.026197870488990693,0.19766986184870672,0.21087570598546776,0.25626496991449166,-0.10980725706966044,-0.16060702050246078,0.020236822175928815,0.0417432303243197,0.11648955632644009,1285
2026-09-21,LU1694789535,0P0001CH1E.F,EUR,129.24000549316406,129.24000549316406,0.002871191045208832,-0.003162270903365072,-0.001082079025852889,0.017798094790387742,0.023001706089405948,0.018108612450770774,-0.008622643178461287,-0.021087619460482876,-0.0013020351476324965,-0.001626830449470873,0.0035786513219993044,1112
2026-09-24,LU1819480192,EHQ6.MU,EUR,309.4809875488281,309.4809875488281,,,,,,,0.0,0.0,,,,5
2026-09-24,LU1829219390,BNKE.PA,EUR,395.7999877929688,395.7999877929688,-0.021145092571998036,0.0034224250073768836,0.048476788855546404,0.23153704384748242,0.16876500047612356,0.18672685510322365,-0.03777279349247642,-0.17132240226421158,-0.012906071967158095,-0.0021731689622060957,0.13872840224742022,1285
2026-09-24,LU1829221024,UST.PA,EUR,108.1500015258789,108.1500015258789,0.0363166049574688,0.04877810943874894,0.030000014532180153,0.25036127049724377,0.15850722648818102,0.1822558081947747,-0.07681449123833406,-0.1004836368906451,0.037226017328025884,0.04709660467790289,0.127472242630299,1285
2026-09-24,LU1861137484,EUSRI.PA,EUR,90.6500015258789,90.6500015258789,0.0013255578062536522,-0.022746879708484213,-0.0274648383621775,0.06615701145607078,0.11331546777130178,0.10221384693807678,-0.049525021546992454,-0.1023277887365529,-0.0035121574150741575,-0.012314189964037658,0.026574475750928306,1285
2026-09-24,LU1861138961,MSRU.L,USD,72.49660626349979,72.49660626349979,0.013685377437807844,0.04089671112118998,0.008933392547833874,0.1952734392280162,0.18144748542455202,0.21357640146952944,-0.09379195170588517,-0.11701396963064925,0.015209162691328881,0.037137792591829255,0.09373905161846263,1266
2026-09-21,LU1876459212,0P0001FKPX.F,EUR,4582.740234375,4582.740234375,-0.00238798850075006,0.0025991545243353453,0.03764542229139778,0.17201739372368396,0.10668750861948029,0.10340620077557652,-0.03084936615430267,-0.09673177833130864,-0.006466743139460496,-0.0012167796941461306,0.0864852848086275,1026
2026-09-24,LU1900066462,CEC.PA,EUR,48.6349983215332,48.6349983215332,-0.008662923763984809,0.030293325601308707,0.10458777356136584,0.1891197189995233,0.1494095007805224,0.15449501752946337,-0.022164674489976388,-0.09557020854051512,0.002091306278702243,0.025049228661484957,0.15110582521196791,1285
2026-09-22,LU1951200481,0P0001H0TE.F,EUR,290.8099975585937,290.8099975585937,0.0680549392624199,0.05745240984658739,0.06939028810685288,0.314336096802212,0.23142285707693974,0.22599919530031928,-0.08981197493712922,-0.16763490233573852,0.046289901908928455,0.051754821392328676,0.15588715772833428,1091
2026-09-22,LU1951204046,0P0001H0TH.F,EUR,177.19000244140625,177.19000244140625,0.027426623816539264,0.010954516586652474,0.03372031185933966,0.11841198404910869,0.09610159294952089,0.0976386670139426,-0.037086682521467296,-0.13027168506338482,0.012502734561747664,0.013939612953934422,0.04410196369959096,1092
2026-09-22,LU1951225553,0P0001H0TF.F,EUR,192.7100067138672,192.7100067138672,0.03585257830812627,0.00900571323751631,0.05890434033261105,0.2151460442894566,0.22881563202839195,0.17566572632561214,-0.07629518509617139,-0.1521618507592264,0.022345102604060196,0.019815280810592473,0.10687355528417286,1092
2026-09-22,LU1951229035,0P0001H0TG.F,EUR,185.22999572753903,185.22999572753903,0.025920756558722502,-0.010312074678383798,0.001297314596727217,0.06472377092502968,0.12371595170547864,0.11716166088243617,-0.06752966028252883,-0.08892292793840006,0.0029102220536021406,-0.010251770141617489,0.017554902636512937,1092
2026-09-24,LU1953136527,REUSE.PA,EUR,22.554100036621094,22.554100036621094,0.005398273480950788,-0.013213104802990872,-0.02125935495960707,0.08525001415661948,0.10386774011845998,0.10098538901843179,-0.05256775728678653,-0.07680804811696162,0.0009272941326632367,-0.00811570187633559,0.03686506815964541,1285
2026-09-22,LU2095319849,0P0001JAB0.F,EUR,121.13999938964844,121.13999938964844,-0.009079759593877856,-0.04047525235922034,0.050286138684854764,0.05412461990783379,0.1918536700331482,0.1726133491431021,-0.06511233426265506,-0.2169341651746023,-0.02328900992944205,-0.02313384982489952,-0.006102948185131352,1092
2026-09-21,LU2147879543,0P0001L9PD.F,EUR,776.9099731445312,776.9099731445312,0.01001020651307738,-0.004829148391940041,0.016911193962361626,0.076962471573925,0.05640357437123964,0.05530699445579028,-0.025105978759957903,-0.06462585851593328,0.000649759605218847,0.00034478195554776825,0.0255117669096685,1051
2026-09-21,LU2181906426,0P0001L535.F,EUR,278.3999938964844,278.3999938964844,0.03225799516380712,0.043517316914841064,-0.032157136089941196,0.3954187838291243,0.2478018609838524,0.3757992895652909,-0.2120293538634972,-0.22199790594022362,0.03478650130089145,0.04728189771760416,0.19136412521856272,1101
2026-09-22,LU2210151341,0P0001KKA7.F,EUR,12.09000015258789,12.09000015258789,-0.006573535185253276,-0.02184462067873061,-0.02735318939986786,-0.010638307004924963,0.058384101081756304,0.06644356711208825,-0.035115689525953786,-0.06790124319835567,-0.01527182324151588,-0.019162424295534497,-0.031048122250952326,1142
2026-09-24,LU2244387457,ASRE.DE,EUR,9.61180019378662,9.61180019378662,-0.004804214959539976,-0.016293083220992988,-0.025567733014513983,-0.01770052696232771,0.03225577695738802,0.028240603816615893,-0.025567733014513983,-0.03184933944512258,-0.007479149099080762,-0.013257425467940065,-0.01828816290884927,1279
2026-09-21,LU2257980289,0P0001LZLW.F,EUR,184.55999755859372,184.55999755859372,0.01646742365899634,-0.009286573567491074,-0.0457577474584856,0.05825690377110826,0.09608378157977757,0.10899473007406335,-0.07476056811234111,-0.0865476736691041,0.00023843821702596024,-0.015979157599158356,-0.004321578880063015,1029
2026-09-21,LU2358392376,0P0001OOS9.F,EUR,499.9800109863281,499.9800109863281,0.03603475990053817,0.0037340718850344956,-0.021814399056930278,0.09046894435404162,0.16473756373176698,0.1577362045218466,-0.07139935108977102,-0.08943559868933093,0.01599650422207799,0.006289987675833109,0.030782798239116893,1043
2026-08-13,LU2459590019,0P0001OS4A,USD,32.7232286283375,32.7232286283375,0.004499105658849034,0.005475125287047744,0.060352602796345245,0.1042763861843663,0.087369021677686,0.09641785958015901,-0.022372601723535612,-0.07641815975661459,0.005937655254111496,0.011429412807712813,0.06785466354049907,971
2026-09-24,LU2533811910,BJLL.DE,EUR,10.094499588012695,10.094499588012695,0.0004954814961009024,0.0006442595434783538,0.003379498291766092,0.011321418839565833,0.009735741415083881,0.01074079673211219,-0.0014882030882035213,-0.003047524042999572,0.0003368919668809145,0.0012090084609253093,0.00784994309549547,774
2026-09-24,LU2611731824,GLDU.AS,USD,67.75108506330609,67.75108506330609,-0.01678273614527792,-0.08047776730029865,0.19590907063766383,-0.03323485486017086,0.33100674842355604,0.49001237547217197,-0.12324617440953567,-0.3623354744639051,-0.02027179002818935,0.0513407673113393,0.05150513244568811,1248
2026-09-24,LU2616774076,BJLJ.DE,USD,9.992834758398857,9.992834758398857,-0.0025113286175809657,0.002455279686605305,-0.03136519511603153,-0.0022863132303954092,0.058270797426163465,0.06506220467916292,-0.04469824836054315,-0.050071814819599214,0.004345345068907269,-0.0009948087324148647,-0.002553027282155451,751
2026-09-21,LU2638914734,0P0001RNZQ.F,EUR,349.260009765625,349.260009765625,0.06187104641676178,0.10291469023266964,0.24802573574515074,0.3806380522602515,0.4352380377760719,0.3804784965743752,-0.09354630872537983,-0.3124012853622107,0.07211597569483064,0.15251126526934544,0.2323852398618953,697
2026-09-21,LU2707622630,0P0001T0AG.F,EUR,135.10000610351562,135.10000610351562,0.00783292075981823,0.017549158364665196,0.004834579174618048,-0.0207306499794776,0.19741077736644583,0.21660181011604354,-0.06768314377592899,-0.23394246327931445,-0.005539051899869807,0.01659362019213262,-0.011818271330342744,546
2026-09-21,LU2798962978,0P0001UBP6.F,EUR,148.49000549316406,148.49000549316406,0.011856936921049721,0.010961332767084997,0.0325429943259925,0.11136894554927235,0.11856787979537985,0.10721915826361532,-0.030106550021525624,-0.08982159224906872,-0.0007839193650786003,0.008555335086937177,0.05940490631741091,422
2026-09-24,LU3038520774,DEFS.PA,EUR,5.853000164031982,5.853000164031982,-0.006281783241480765,-0.059305681581303005,-0.02967504955130118,-0.05854911422723463,0.1706174612359553,0.18944408696280443,-0.13799880329444303,-0.2196261406823472,-0.0013478873090985166,-0.03667321030735493,-0.019322813537254513,353
2026-09-21,LU3103551860,0P0001XEZ8.F,EUR,114.30999755859376,114.30999755859376,0.014825978142705809,0.013206859313951158,0.008113574159074544,0.10104024171262349,0.07756846977184949,0.07584430832751383,-0.023314487832326813,-0.047610174847362186,0.010300962079698772,0.009943027981656583,0.05243627408446172,251
2026-09-24,NL0000226223,STMPA.PA,EUR,45.255001068115234,45.255001068115234,0.06854207159223691,0.040470859067752274,-0.2659610855630783,0.4108775266475224,0.43532975834269194,0.6086941225626484,-0.3413036490280207,-0.3985444317360619,0.029693165406230015,-0.010116428042935777,0.10451539876567817,1285
2026-09-24,NL0000235190,AIR.PA,EUR,193.4199981689453,193.4199981689453,-0.01063939555526694,-0.04906586050645689,-0.05139772457697844,0.12400997175249451,0.18489318724921702,0.25583123166117383,-0.10222836414867376,-0.2771117091213976,-0.01642263062556626,-0.04802123943939307,0.027709908773103864,1285
2026-09-24,NL0006294274,ENX.PA,EUR,160.3000030517578,160.3000030517578,0.018424455322283206,-0.030248033319360768,0.10551726242591597,0.15261225450370275,0.1746213291680099,0.2063033515043954,-0.05021175377207321,-0.13907785679286322,0.003066165885065475,0.0132615488205865,0.1460021704094927,1285
2026-09-24,NL0010273215,ASML.AS,EUR,1510.800048828125,1510.800048828125,0.06544432216369889,0.016415516693550236,-0.04131104833532939,0.2501765443094146,0.341865217031135,0.42874587892806765,-0.16554060824503292,-0.2077144161694917,0.03376785377486069,0.01413789448211511,0.14515634319837178,1285
2026-09-24,NL0010832176,ARGX.BR,EUR,837.4000244140625,837.4000244140625,-0.03525342809439802,-0.07714348481002209,0.014784309290546194,0.24873256024559698,0.23167146442626,0.4562118076856463,-0.13071735337218138,-0.273723521535453,-0.03662967074449286,0.014902393112000034,0.14163565304003112,1285
2026-09-24,NL0011794037,AD.AS,EUR,32.130001068115234,32.130001068115234,0.004376408190020387,0.05137439887466422,-0.09790576336791512,-0.2077951601756064,0.2254340049676686,0.23045826971385386,-0.14600071359196543,-0.25714308631402005,0.024096414107989128,-0.006831109819549153,-0.09234981979475898,1285
2026-09-24,NL0011821202,INGA.AS,EUR,31.604999542236328,31.604999542236328,-0.02181992575331415,0.04912861550991954,0.13446121362493635,0.3633672900069862,0.1832011559217233,0.20497425411238945,-0.037540448599762466,-0.16877161691741893,-0.0015953148183590615,0.03410719925141015,0.22338700683059365,1285
2026-09-24,NL0012969182,ADYEN.AS,EUR,850.4000244140625,850.4000244140625,-0.06887108750642479,-0.21230081174045967,-0.005380088404605243,-0.031545327345432805,0.37750963437257223,0.501802983885951,-0.2201027096720457,-0.4839642318575442,-0.11126436052242517,-0.10552940844830239,-0.15606200735335596,1285
2026-09-24,NL00150001Q9,STLAM.MI,EUR,4.065999984741211,4.065999984741211,-0.0833051850166815,-0.11145109376602136,-0.20508305636690904,-0.3943997842656385,0.39235761065808433,0.40962376573925874,-0.2312346458030351,-0.6095640332714582,-0.09638421593677038,-0.13195334836885297,-0.3587028969755168,1275
