date,asset_id,symbol,quote_currency,close_eur,close,ret_5d,ret_20d,ret_60d,ret_120d,vol_20d_ann,vol_60d_ann,drawdown_60d,drawdown_252d,sma20_ratio,sma50_ratio,sma200_ratio,observations
2026-09-29,AT0000A09ZL0,N550.MU,EUR,360.75,360.75,-0.00044333396272155934,,,,,,-0.0017515921146435964,-0.0017515921146435964,,,,8
2026-09-28,BE0003470755,SOLB.BR,EUR,24.65999984741211,24.65999984741211,-0.02529641932601079,-0.04566564621547042,-0.05805960427980472,-0.07984129557560327,0.21930864545421735,0.17366190325608252,-0.0859896120899607,-0.14035087843632954,-0.038933706845307614,-0.05091060364501376,-0.037828884873417956,1287
2026-09-28,BE0974293251,ABI.BR,EUR,67.55999755859375,67.55999755859375,-0.004420911421448626,-0.010544833532150522,-0.027353895060785227,0.0635326056376131,0.1761939126658842,0.20342593132831274,-0.1156914534747937,-0.14298171470367416,-0.00918080139491273,-0.027969651800160422,0.03250437827405417,1287
2026-09-28,DE0005140008,DBK.DE,EUR,31.565000534057617,31.565000534057617,-0.04896047483845578,-0.08929599904731622,-0.022604046331535566,0.18069321305578345,0.2732439891979784,0.2646400775590904,-0.13482516628878938,-0.2676722440208219,-0.06704202252665081,-0.04584996242237549,0.05821974576520805,1281
2026-09-28,DE0005190003,BMW.DE,EUR,55.18000030517578,55.18000030517578,-0.08247421241787367,-0.10971279908491582,-0.08216897395999534,-0.3038874509031302,0.2549353616411543,0.26132513709163085,-0.13375196790767685,-0.4009230976434769,-0.0936565817960544,-0.0766337059806842,-0.2325427203509416,1281
2026-09-28,DE0005552004,DHL.DE,EUR,56.97999954223633,56.97999954223633,-0.006971096522010667,0.01496259639687092,0.022613034707993585,0.20920903441635397,0.20344461564706762,0.18702615530880565,-0.05845729999922167,-0.14333072083959342,0.017954439238869746,0.014630038950418589,0.1417502159460451,1281
2026-09-28,DE0005557508,DTE.DE,EUR,26.670000076293945,26.670000076293945,-0.022718974658613278,-0.06025366931076637,0.04834903759493536,-0.13939979757116172,0.2215295056632604,0.2907388145416286,-0.08601782736913222,-0.27769587398998596,-0.04507858928222708,-0.04800999192240074,-0.05895984489839878,1281
2026-09-28,DE0005810055,DB1.DE,EUR,287.1000061035156,287.1000061035156,0.02572351684185481,-0.0031249788072373885,0.12942568666502474,0.15684519201883562,0.20789200580035352,0.20174403706182978,-0.06009615132693824,-0.11953220395825659,0.024004028751396733,0.04115294629725419,0.17024445059184212,1281
2026-09-28,DE0006048432,HEN3.DE,EUR,74.0999984741211,74.0999984741211,0.010913988936649854,-0.0255129197533992,-0.008297681162379944,0.1480537684016372,0.18454957604989458,0.18629442648700772,-0.09398495881178781,-0.2432210362584949,-0.0034027162934562316,-0.01823618005464167,0.04472475582354796,1281
2026-09-28,DE0007030009,RHM.DE,EUR,966.2999877929688,966.2999877929688,-0.043835334319382024,-0.13008647342750956,-0.14486726743985068,-0.33327043031392667,0.3442112221207329,0.3591527169964978,-0.20403625387729096,-0.5192044852564789,-0.052572766741388666,-0.11304032832464894,-0.28239891834035713,1281
2026-09-28,DE0007100000,MBG.DE,EUR,41.43000030517578,41.43000030517578,-0.051185172643768206,-0.12261755116153572,-0.08754539326039057,-0.17708191578835708,0.2622261846695235,0.24424580276125585,-0.14447210713246328,-0.28724627733673247,-0.08567266444998278,-0.0940242227375665,-0.16627295453486912,1281
2026-09-28,DE0007164600,SAP.DE,EUR,184.0200042724609,184.0200042724609,0.006343670886128416,-0.03603975821892469,0.31386553962687747,0.34268351554292553,0.30913546338604075,0.4215451003047105,-0.10826954296796709,-0.460752560270804,0.0011479559711018439,0.04705073554746897,0.11638594433064897,1281
2026-09-28,DE0007236101,SIE.DE,EUR,278.45001220703125,278.45001220703125,0.01809876492516005,-0.025034992099730036,-0.011186057628587043,0.21355422057313067,0.27601393480262015,0.2634993135672747,-0.10953941463317052,-0.20503662867365802,0.033305552588293486,0.010506111630227188,0.089742120193401,1281
2026-09-28,DE0007664039,VOW3.DE,EUR,70.87999725341797,70.87999725341797,-0.05468132728666364,-0.08753865892177048,-0.06119208935870235,-0.15084315787405123,0.44340777660005454,0.343200888960437,-0.14777375457017727,-0.3130182380526333,-0.08633893998965059,-0.06367737212547209,-0.1537760992820656,1281
2026-09-28,DE0008430026,MUV2.DE,EUR,514.0,514.0,0.010220150023170005,-0.009252096965900902,0.03649930696973125,-0.019759102674398177,0.18973978656743462,0.17092512759228856,-0.06060606060606055,-0.1969919530344898,0.006087426294446585,-0.0002567365207181149,0.01953896658914278,1281
2026-09-28,DE000A0F5UK5,EXV6.DE,EUR,81.95999908447266,81.95999908447266,-0.026372074277203672,-0.06800094599631179,0.031544082881032276,0.019989403852781917,0.23748795298290012,0.264338506722107,-0.09195660154351126,-0.18396071944220127,-0.04243948018519872,-0.02648309269657978,0.03335802472902727,1280
2026-09-28,DE000A0Q4R28,EXV5.DE,EUR,38.61000061035156,38.61000061035156,-0.036796769559923725,-0.07410072172790227,-0.04874990166900017,-0.07230616615059271,0.19181562005642494,0.18350119325488784,-0.07476633036448777,-0.20091842125448933,-0.04829394500156059,-0.0479759748068892,-0.07632588860360145,1280
2026-09-28,DE000A0Q4R85,4BRZ.DE,USD,45.1134264294129,45.1134264294129,-0.035060566555357164,0.026945177117197794,0.05423393494619333,-0.08208726038401515,0.2396160293911269,0.20689272487323418,-0.08221780748007512,-0.1777901213915941,-0.02725982366674584,0.011166667659365803,0.026703599802278655,1281
2026-09-28,DE000A1EWWW0,ADS.DE,EUR,147.85000610351562,147.85000610351562,0.032832779653696464,-0.023447740661046268,-0.20253500015719694,0.0930672593827313,0.24626238436245393,0.36028603062124265,-0.24481107767008126,-0.328630068972118,0.016552983786892073,-0.05094163387692763,-0.04464119549583978,1281
2026-09-28,DE000A2JJ1W5,0P0001FAJ5.F,EUR,124.1999969482422,124.1999969482422,0.0003221108646360715,-0.014911206024026291,-0.014363980297623313,0.01578474162234511,0.050117549504200075,0.043512760051898844,-0.02422855115623168,-0.04542575052266418,-0.003957723767665788,-0.00824072816980681,-0.004231238349434174,1244
2026-09-28,DE000BASF111,BAS.DE,EUR,50.27999877929688,50.27999877929688,-0.021028072784660456,-0.05096264224741964,0.062328266091606466,-0.04140282201653467,0.20995763561051922,0.21348842748479407,-0.06316376942993751,-0.13370372630931704,-0.03910104077168941,-0.02206007539134336,0.03394438976625036,1281
2026-09-28,DE000BAY0017,BAYN.DE,EUR,50.79999923706055,50.79999923706055,0.03610035696168645,0.0358890352503225,-0.007424796128358113,0.26982947159805204,0.18707623810007498,0.21290003572328883,-0.10003905629846166,-0.3065455353648504,0.03384413675004616,0.04561170799246206,0.1897866307225815,1281
2026-09-28,DE000DTR0CK8,DTG.DE,EUR,43.0099983215332,43.0099983215332,-0.004167638594562484,-0.08078654669869301,-0.020942453386101678,0.014832552551871325,0.2163949896509029,0.23317154694528638,-0.15604834882823404,-0.15604834882823404,-0.022955256241274702,-0.056094496073662126,0.03222878910367122,1222
2026-09-28,ES0113211835,BBVA.MC,EUR,25.229999542236328,25.229999542236328,0.0031809115276131283,0.007990365565492263,0.10755042940043036,0.280385670638011,0.1761943133286806,0.22681706988111713,-0.03640350664384784,-0.18701772533483707,0.005860532701953636,0.025793210534335254,0.2078762775397034,1285
2026-09-28,ES0113900J37,SAN.MC,EUR,12.501999855041504,12.501999855041504,-0.018681312429550512,-0.012792143723483695,-0.000479734459504666,0.20321467372822988,0.2065507616810296,0.24306573249240063,-0.07163414468080698,-0.171891814315276,-0.016991537579180038,-0.006465687507492546,0.1328231272842455,1285
2026-09-28,ES0148396007,ITX.MC,EUR,53.34000015258789,53.34000015258789,0.030127489572570942,-0.0803448249553812,-0.04715968937542747,0.004729920776377794,0.22763146332689313,0.22532622537882058,-0.12453463596749692,-0.14986185286846476,-0.017552908566130565,-0.04929953588516167,-0.014929058130053519,1285
2026-09-28,FI0009000681,NOKIA.HE,EUR,8.829999923706055,8.829999923706055,-0.0802083778298548,0.011686553639647768,-0.1955423707283861,0.11134909063454956,0.5715518264489495,0.6136787819116792,-0.32205891614177773,-0.4829458829898745,-0.02313285054180325,0.006149879761574661,0.038502282985608316,1263
2026-09-28,FR0000003196,0P00000QEY.F,EUR,476.3800048828125,476.3800048828125,-0.006921007379057431,-0.024990260845689005,-0.040929288562749244,-0.025947210524798647,0.04556094808441973,0.03704059442582852,-0.040929288562749244,-0.05207438771431694,-0.012573422283169489,-0.022059995290708012,-0.031589804402052835,1245
2026-09-28,FR0000003998,0P00000I2M.F,EUR,3386.89990234375,3386.89990234375,-0.0029086743527428904,-0.030777389955766177,-0.0003512850945518453,0.12827835493582374,0.12277231566120494,0.11704206922749794,-0.05889677538119498,-0.1083091867769127,-0.011040382197049836,-0.01916751716975562,0.035505351688293274,1243
2026-09-28,FR0000027609,0P00000H0V.F,EUR,5061.22998046875,5061.22998046875,-0.0030138313641410175,-0.01488029474331276,-0.01692194888361631,-0.0010480640738669278,0.027801244327352308,0.019943452508041713,-0.01824339485090609,-0.01824339485090609,-0.009396698075004983,-0.012673261100070055,-0.010214783703900054,1241
2026-09-28,FR0000045072,ACA.PA,EUR,17.934999465942383,17.934999465942383,-0.015101572342458902,-0.03132594884287876,0.004761853370092606,0.11655449593108713,0.14661443598588086,0.19463493866087359,-0.11212877284403988,-0.16688568702410778,-0.02633009894842242,-0.04807653828653047,0.05016036624375508,1287
2026-09-28,FR0000051807,TEP.PA,EUR,70.94000244140625,70.94000244140625,0.01458816217352199,0.0177906104369685,0.40197637511170825,0.5263453760872643,0.33885121348729436,0.4805925047514267,-0.05855073790619336,-0.35422847770430843,0.0069553220923526116,0.04403371295930225,0.2381725821543832,1287
2026-09-28,FR0000052292,RMS.PA,EUR,1381.5,1381.5,0.02790178571428581,-0.12618595825426948,-0.1506301875192131,-0.207868478671852,0.2610502022057934,0.3642583472420276,-0.21951934349355218,-0.4022590820314641,-0.01876875543796719,-0.09042427115430196,-0.2083007009517499,1287
2026-09-28,FR0000054470,UBI.PA,EUR,5.234000205993652,5.234000205993652,-0.015795343422292163,0.035615415256864624,-0.0785210626450712,0.3085000514984131,0.3883708139877452,0.5829424138324943,-0.21459440385286976,-0.6284035361234737,0.004606567288738317,-0.012504957090179403,0.034608220478194784,1287
2026-09-28,FR0000073272,SAF.PA,EUR,333.0,333.0,0.006954906888630097,-0.011869436201780381,-0.06748811451022363,0.07482152786430851,0.2524268982496747,0.2592420335255863,-0.11551154921609863,-0.23617513957875091,0.009993781385706502,-0.019711741559134688,0.058752157509192715,1287
2026-09-25,FR0000097156,0P00000QGO.F,EUR,676.8200073242188,676.8200073242188,0.015727676631112963,0.014981314545456481,0.0408451960134637,0.1954360488087219,0.10176259033237181,0.09696101867525667,-0.033817453515913254,-0.07356647804504624,0.015256912134215206,0.019609740144411525,0.09592154981427847,1239
2026-09-28,FR0000120073,AI.PA,EUR,168.22000122070312,168.22000122070312,0.018157607903612982,-0.007785726776583846,-0.052815340993543014,0.0024933968631213332,0.17599589529384077,0.15431381377720813,-0.08604078110433389,-0.11835999802319563,-0.0007425182614312353,-0.009864851672375607,0.05013787163517036,1287
2026-09-28,FR0000120172,CA.PA,EUR,16.489999771118164,16.489999771118164,0.003346535257865657,0.05199359301220485,0.04950163443124134,0.08263418629741293,0.20613802831347633,0.21826720782853837,-0.06434318236822179,-0.07772792185500088,0.004507778426438236,0.025502132732625915,0.0890701332495667,1287
2026-09-28,FR0000120271,TTE.PA,EUR,80.0,80.0,0.018329970546806962,0.059181799191665885,0.19136259392591137,0.030378991815050327,0.19634699914842013,0.21529206196995812,-0.0529877622835736,-0.17510288938050222,0.014706914732219634,0.04125721751705935,0.1373471833914146,1287
2026-09-28,FR0000120321,OR.PA,EUR,385.0,385.0,0.003126660357473776,0.0007797966816991408,0.0185185185185186,0.09379618200307638,0.21279204068176444,0.2059462801411752,-0.060913705583756306,-0.14438105060176987,0.0071349610167972255,0.004933307370304618,0.03333535964812695,1287
2026-09-28,FR0000120404,AC.PA,EUR,45.900001525878906,45.900001525878906,-0.012903192991851498,-0.013327577940324242,-0.08199996948242183,0.056719636680692576,0.21055051478002487,0.22065374427710002,-0.10199996948242185,-0.2065086535708529,-0.002889206588345794,-0.007039395267457449,0.013622448389367436,1287
2026-09-28,FR0000120503,EN.PA,EUR,43.0,43.0,-0.011266996080835034,-0.0275893529404051,-0.10267108424335736,-0.14686894428797925,0.17953217294207524,0.23070693510012683,-0.1304347960247847,-0.18867924528301883,-0.021303711604683584,-0.06324613684034885,-0.08909008676540253,1287
2026-09-28,FR0000120578,SAN.PA,EUR,72.0,72.0,-0.03472310584596372,-0.06262202462543354,-0.03368678116048507,-0.0519328158261948,0.1797939441736412,0.25559014094117505,-0.10172669469075468,-0.16183361464736812,-0.03309630823091991,-0.04942463218889759,-0.048560844414348825,1287
2026-09-28,FR0000120644,BN.PA,EUR,59.5,59.5,-0.012611987100929367,-0.07436214794758833,-0.17931034482758623,-0.10991755524250713,0.18736828847916973,0.19890450397703924,-0.19594594594594594,-0.22643336226725286,-0.03884985235433169,-0.08872034984563537,-0.11637868516072447,1287
2026-09-28,FR0000120693,RI.PA,EUR,58.720001220703125,58.720001220703125,-0.015425858121403624,-0.08961238417514539,-0.024580568458200558,-0.06585870492521761,0.20037574018489135,0.27797287319614505,-0.16496016104185063,-0.31613160066066215,-0.029405421113663177,-0.08914071384500633,-0.11257262238099375,1287
2026-09-28,FR0000120966,BB.PA,EUR,67.0,67.0,0.004497797083718114,-0.017595263958045004,0.12416110260627056,0.2215284587269295,0.12089992178005463,0.2256619274773007,-0.04202900762143347,-0.14495416219181756,-0.002085191712770773,0.01330914659851068,0.17690698924310122,1287
2026-09-28,FR0000121014,MC.PA,EUR,398.7999877929688,398.7999877929688,-0.016522841447672465,-0.12022943187214741,-0.18844120320242042,-0.16138448833034558,0.22429436561879804,0.25431646187781454,-0.2111906156052371,-0.38150417984689966,-0.036947626677206524,-0.10297361928006155,-0.1943901213354864,1287
2026-09-28,FR0000121147,FRVIA.PA,EUR,8.826000213623047,8.826000213623047,-0.035831336961962945,-0.03435449867669871,-0.043355693237305704,-0.15702005840275857,0.5136406890237765,0.4756106374058488,-0.1224325953815929,-0.42797438225722206,-0.05646659886283134,-0.03589029243482855,-0.1817098119972702,1287
2026-09-28,FR0000121220,SW.PA,EUR,56.79999923706055,56.79999923706055,-0.004382121005141015,-0.018998311914149135,0.08293609934882507,0.43289606739734876,0.2015947832177229,0.20861340023279973,-0.046728973174218424,-0.2701083367043837,-0.006645695638681892,-0.0023536174215179617,0.16949787493387736,1287
2026-09-28,FR0000121329,HO.PA,EUR,226.0,226.0,-0.045204888408097,-0.07263027152192114,-0.06262963799773802,-0.11620315146972893,0.2516060931547112,0.25929080337222543,-0.17212206268303964,-0.19597073557214617,-0.032658475183778624,-0.07888193834406876,-0.06396793879918472,1287
2026-09-28,FR0000121485,KER.PA,EUR,228.1999969482422,228.1999969482422,-0.0019680601804255016,-0.10175164649869806,-0.08610332504111529,-0.16526887264721568,0.3023264582412108,0.48455716879860716,-0.23732285658697716,-0.3426324135629788,-0.03420694616410935,-0.09937288586303017,-0.12110920581368823,1287
2026-09-28,FR0000121667,EL.PA,EUR,146.10000610351562,146.10000610351562,0.034336326396570804,-0.08886809764634973,-0.15353417765296495,-0.2494208667334611,0.30960737263505145,0.27648492374942235,-0.209778255695675,-0.5563296695825171,-0.008970772746801248,-0.07422071376216655,-0.25163491442293606,1287
2026-09-28,FR0000121964,LI.PA,EUR,36.459999084472656,36.459999084472656,0.002198955855104101,-0.02669514213668267,0.023007848172477363,0.07568306899607147,0.12373066378668544,0.129525862096788,-0.09354672102530814,-0.10371167754765254,-0.01229887997082002,-0.04296425682471727,0.061597514515605134,1287
2026-09-28,FR0000121972,SU.PA,EUR,290.5,290.5,-0.015254237288135575,-0.013917196261275633,0.043650057948861454,0.13391930237386673,0.35249527397082847,0.36334010582581117,-0.12524119680717438,-0.17762918089750313,0.007307747921995622,0.001965993900429286,0.10005164474565809,1287
2026-09-28,FR0000124141,VIE.PA,EUR,31.09000015258789,31.09000015258789,-0.01613924755459495,-0.04631896908620681,-0.16154264786066275,-0.07553191706569762,0.11674544475267833,0.17734992525140195,-0.17137527256733498,-0.17137527256733498,-0.01805031090071807,-0.07152455762262455,-0.05507057232450219,1287
2026-09-28,FR0000125007,SGO.PA,EUR,70.5,70.5,0.0057061559855322574,-0.09984677892358318,-0.10962364576561379,-0.04390588523053929,0.23331308710153514,0.2929909706980067,-0.19195695573069294,-0.2782018825349041,-0.018461284349390095,-0.08380161207312709,-0.08920605720409946,1287
2026-09-28,FR0000125338,CAP.PA,EUR,102.9499969482422,102.9499969482422,-0.024170645040358263,-0.04009326854785822,0.10937493063252801,0.059437035436544994,0.4081051836733869,0.4191637831719776,-0.09201077073251984,-0.41502642376831267,-0.023661650659613787,-0.0194061664161288,-0.0339395131831387,1287
2026-09-28,FR0000125486,DG.PA,EUR,111.1500015258789,111.1500015258789,-0.007146006647353098,-0.01767565155129558,-0.1125748381167353,-0.1562491348871754,0.18413406407231042,0.2118637620944939,-0.12854891687269432,-0.2006640411140349,-0.007500657429810542,-0.0511839813293673,-0.09482015557880874,1287
2026-09-28,FR0000130452,FGR.PA,EUR,106.0,106.0,-0.009345794392523366,-0.02752293577981646,-0.1640378750091004,-0.22197861666889163,0.18119465899350579,0.24047695669956795,-0.16955835554060694,-0.25272962842445457,-0.012851554523063413,-0.07859737913710874,-0.14371409698689563,1287
2026-09-28,FR0000130577,PUB.PA,EUR,96.13999938964844,96.13999938964844,-0.013138973551170885,-0.047647327429439,0.11324685861714312,0.36696015037659224,0.28769253635254016,0.27905990270395087,-0.07742553003588604,-0.23345260324938366,-0.023002240450175293,-0.01617871972656082,0.15638616781155057,1287
2026-09-28,FR0000130809,GLE.PA,EUR,71.45999908447266,71.45999908447266,-0.03262492991068533,-0.016379936908636594,-0.08101855553862536,0.015010473683583214,0.2744782754315398,0.31236916697742084,-0.17048557566238642,-0.20391642461152326,-0.02405715439343692,-0.06807756050901492,-0.0014250461588330987,1287
2026-09-28,FR0000131104,BNP.PA,EUR,98.26000213623048,98.26000213623048,0.00428260164716554,-0.04397739537604339,-0.05154436695502962,0.1200414617105332,0.19063984022185337,0.23314591742933888,-0.1403368918686212,-0.16594331091635783,-0.02801617959126368,-0.06778514869698826,0.05474006586204094,1287
2026-09-28,FR0000131906,RNO.PA,EUR,26.32999992370605,26.32999992370605,-0.02733652676249032,-0.1140645850595684,0.006883376971379418,-0.08548774804263826,0.38968287305776694,0.34379302048780114,-0.12012112305870937,-0.2784341010453456,-0.06707296217728986,-0.06220170801085312,-0.07525563424347581,1287
2026-09-28,FR0000133308,ORA.PA,EUR,13.9399995803833,13.9399995803833,-0.07159512076984476,-0.0950990053866968,-0.11210192676838104,-0.20328618614690297,0.29369060529775703,0.2766742601161183,-0.1988505812645086,-0.2370849352716199,-0.07924506461692682,-0.11675444462101925,-0.1424825500262995,1287
2026-09-29,FR0000172041,XED2.F,EUR,474.6650085449219,474.6650085449219,-0.022723784128951707,,,,,,-0.024968157833336058,-0.024968157833336058,,,,8
2026-09-28,FR0000172124,0P00000GPO.F,EUR,55.59999847412109,55.59999847412109,-0.011379857490131484,-0.036895913476612696,-0.05858453807511532,-0.030683439984358296,0.06677329159056097,0.05294617480028522,-0.059539927627861644,-0.06538919305080049,-0.024835163760997037,-0.035820343079764116,-0.04411185763258463,1233
2026-09-29,FR0000284689,CL54.F,EUR,33.32500076293945,33.32500076293945,-0.0043025187326940495,,,,,,-0.007977593940434291,-0.007977593940434291,,,,8
2026-09-28,FR0000292302,0P00000PYA.F,EUR,572.1400146484375,572.1400146484375,0.006172748070774725,-0.01077161768650825,0.011759756191805026,0.09112066258229135,0.0807499778597071,0.07686451842988985,-0.030280271035459383,-0.06867224362644508,-0.0011905713703166398,-0.0035667513742922985,0.029657710902439405,1245
2026-09-28,FR0000295230,0P00000PM8.F,EUR,227.77999877929688,227.77999877929688,0.020931370876114075,-0.03544355423890666,-0.027080114770706265,0.0630512635341014,0.127948968624515,0.11925842819321388,-0.06315477183689933,-0.16301981420780265,-0.0018339319499737217,-0.012666547301346753,-0.014322787654729052,1265
2026-09-28,FR0000299356,0P00000JPU.F,EUR,291.3500061035156,291.3500061035156,-0.006817794301644753,-0.0511626118022106,-0.002670039935164348,0.08659978666263601,0.11007811776604631,0.1098868625167119,-0.05258189219510334,-0.10168187143662966,-0.021330182700087352,-0.025149683033246828,0.0016400841737129745,1233
2026-09-28,FR0000422859,0P00000PLK.F,EUR,904.0700073242188,904.0700073242188,0.0021393493742025704,-0.044888850515516054,-0.015892514023031157,0.07830207503665543,0.1203772137790048,0.11836262512021738,-0.05913649458409431,-0.11875263294966842,-0.013021855681025318,-0.02065095856961152,-0.0034581890003163585,1243
2026-09-28,FR0000438905,0P00000QF5.F,EUR,495.1099853515625,495.1099853515625,0.012267179529543482,0.01577688997575044,0.05168016193413427,0.20564452573019132,0.1193216784230551,0.10179317235975878,-0.0324187350522257,-0.08915819628885746,0.01283040178531425,0.01801420409497867,0.09891911645146378,1191
2026-09-28,FR0000447807,0P00000RUS.F,EUR,216.25999450683597,216.25999450683597,0.012547956984761077,0.007594416376747626,0.03931176760764754,0.19421281616971608,0.11728541567553243,0.10799238630869316,-0.04078916959911527,-0.08659418215219217,0.014378866770493604,0.017303447097873015,0.09042107209717365,1244
2026-09-29,FR0000974149,ODAB.HM,EUR,737.5679931640625,737.5679931640625,-0.0031423627337375803,,,,,,-0.008305268598347681,-0.008305268598347681,,,,8
2026-09-28,FR0000975880,0P00000MML.F,EUR,426.8699951171875,426.8699951171875,-0.0005385412855095639,-0.0343837219336246,-0.03728010601451648,0.040334342702162074,0.13385214556794928,0.12443477936916184,-0.0816524738184714,-0.12650891219419702,-0.013317353519704644,-0.03812615439053357,-0.028380399283702284,1244
2026-09-25,FR0000980427,0P00001O87.F,EUR,2570.64990234375,2570.64990234375,0.0014881484564572833,-0.021591845488297956,-0.025042868686677933,0.026236251111455777,0.04621518209774503,0.044471639988171684,-0.030913117713922467,-0.04381792125829931,-0.007058764862505784,-0.015828629051441778,-0.004997614830794084,1247
2026-09-23,FR0000987950,0P00000NYV.F,EUR,680.8900146484375,680.8900146484375,0.04802292183932,0.04633190654719632,0.06690799298591599,0.15583354599125054,0.14800815713346016,0.22675281502746086,-0.10217496300435924,-0.10217496300435924,0.029525410622819104,0.042849852061309424,0.14405281869514863,1123
2026-09-28,FR0000987968,0P00000NZ3.F,EUR,485.8200073242188,485.8200073242188,0.03692482437508571,0.04233090420594432,-0.031826064586284786,0.23933675337810922,0.2044399592189486,0.30373475496270075,-0.16322176981876269,-0.16322176981876269,0.023465222626854798,0.02756286048435075,0.1392907501623193,1160
2026-09-25,FR0000988057,0P00000NZ7.F,EUR,870.7999877929688,870.7999877929688,0.01747985659477269,0.03038620885099319,0.042175296013861496,0.20790102707069935,0.11318970794323942,0.10824008457829862,-0.03313392419228933,-0.07747073986381181,0.021318898920268836,0.025834566130599868,0.09624729927828768,1203
2026-09-28,FR0000989915,0P00000QLD.F,EUR,1538.739990234375,1538.739990234375,-0.021680511893753085,-0.0866114813552663,-0.11998584198312767,-0.050734735299194145,0.12569139677705762,0.1247021897496302,-0.13996033354536352,-0.18552865410381103,-0.04030856039485331,-0.08862113779416703,-0.10221443954265153,1244
2026-09-28,FR0006174348,BVI.PA,EUR,26.56999969482422,26.56999969482422,-0.021362796753418678,-0.026026428663869505,-0.026026428663869505,0.010859697904558763,0.1777678517570358,0.22744053412795512,-0.0922446436868195,-0.13772048651286128,-0.02983168269883829,-0.036914073783463675,-0.0015726450784521173,1287
2026-09-28,FR0007023692,0P00000C3O.F,EUR,378.9500122070313,378.9500122070313,0.003601832364021895,-0.020547898203327697,0.0021156110629634295,0.06833757530346607,0.08874602592909615,0.0788540672125965,-0.03241593433027423,-0.057652550446265716,-0.013210113382184363,-0.011057232927237148,0.037842319973401706,1226
2026-09-28,FR0007028543,0P00000PY3.F,EUR,106.33000183105467,106.33000183105467,-0.0053320831308524275,-0.03380282705629334,-0.041208292443150274,0.04624623344146217,0.09809711819162802,0.08321962495303742,-0.045613735348593254,-0.07215834198969395,-0.013915344686333486,-0.024448856974117805,-0.008232228007353237,1206
2026-09-28,FR0007052782,CAC.PA,EUR,81.7699966430664,81.7699966430664,-0.006801957676831338,-0.028051832727899906,-0.044072997803494274,0.0018377100151549808,0.10676008798702807,0.11301595044229998,-0.07316513357898446,-0.10850611902089558,-0.00991062397839293,-0.03325045473437094,-0.005576571061772229,1287
2026-09-28,FR0007054358,MSE.PA,EUR,71.79000091552734,71.79000091552734,-0.0018075258165690666,-0.01751743238870629,-0.014144449102079348,0.08231567818103636,0.11722112296102716,0.12093699712117713,-0.04902228077396764,-0.10843727157026495,-0.0022168131435776894,-0.012253598754545458,0.048411075338314236,1287
2026-09-28,FR0007061882,0P00000O6Y.F,EUR,695.3499755859375,695.3499755859375,0.00776820740506956,-0.03502692283943276,0.004928134133739492,0.1273691213496193,0.12418579152556553,0.11804139287583522,-0.046830352302243416,-0.12151241584563843,-0.010249116436269357,-0.013417896736701684,0.0263927277940208,1244
2026-09-28,FR0007062567,0P00000K4N.F,EUR,580.2100219726562,580.2100219726562,0.02623017609707934,0.02020335465857781,0.04632835882665276,0.16123292116533472,0.18741045160518494,0.14874893190184615,-0.07313298381321787,-0.17320314463395015,0.020176393838940765,0.020357599033999474,0.06431319960821802,1199
2026-09-25,FR0007064324,0P00000H22.F,EUR,517.5399780273438,517.5399780273438,-0.015241194846683959,-0.05503216303590619,-0.024540145489977516,0.04523965487784465,0.09731873501454434,0.10725842431005121,-0.0695910507373596,-0.10149436880129137,-0.03299614723198807,-0.04307268121519481,-0.029246807256001484,1237
2026-09-25,FR0007072160,0P00000IK7.F,EUR,172.97000122070312,172.97000122070312,0.00011566506397175935,-0.01148699597618974,-0.011712964242455937,0.009513277212858329,0.024001980448744773,0.020324992697647017,-0.015104931135409005,-0.025147919362124238,-0.0041023043505996615,-0.008461060927899,-0.00550487637292052,1246
2026-09-28,FR0007076930,0P00000NME.F,EUR,556.5999755859375,556.5999755859375,0.0,-0.019172491113828127,0.005455324258215821,0.10050020301005169,0.09790536463434156,0.10235757078231751,-0.06165181714826895,-0.08584313776124475,-0.011827570324100534,-0.02868337477984173,0.03235039826359842,1237
2026-09-28,FR0007374145,0P00000QRC.F,EUR,508.80999755859375,508.80999755859375,-0.06348240568618946,-0.11344784515327655,0.1874766255428162,0.02254868727924375,0.4051457803539189,0.45248937240994586,-0.13749319857150089,-0.3714610457589358,-0.06259040335487964,0.008268904121986997,0.018470416671858336,1173
2026-09-28,FR0007382965,0P00000MUL.F,EUR,3570.889892578125,3570.889892578125,0.003225248215917631,-0.010282760694089399,0.0030871627112716293,0.06469463585928126,0.05255345738086612,0.046971674811775894,-0.024007435772887664,-0.05346302661329583,-0.001961370591229472,-0.005162976002741071,0.018488906694212437,1243
2026-09-25,FR0007390174,0P00000FNC.F,EUR,106.44000244140624,106.44000244140624,-0.016447964879124033,-0.05023643498482133,0.17743363545116253,0.0064296547980382535,0.36722537428414853,0.42497387009263127,-0.11099121252261879,-0.33703705023274577,-0.016593351507409815,0.03852212762911833,0.060451961405762145,1249
2026-09-25,FR0010004085,0P00001NLH.F,EUR,1002.75,1002.75,0.01273555776456492,0.0021887767317800844,0.030533197652256483,0.21086060653230132,0.10750298885484529,0.11202266274500312,-0.0345192340392364,-0.0930771863389761,0.009061171371875565,0.013330586422582336,0.0723087380899472,1209
2026-09-28,FR0010058529,0P00000QIF.F,EUR,1169.8399658203125,1169.8399658203125,0.007657534796796206,-0.03500049743649025,-0.0338448177983407,0.11200459592674283,0.15381024223113968,0.14619068724540327,-0.07672122846149532,-0.16355001019165538,-0.007574880593211097,-0.021900906692758126,0.007736526680147016,1246
2026-09-28,FR0010086512,0P00000G8V.F,EUR,340.8699951171875,340.8699951171875,0.003030834482097733,-0.04798210658148394,-0.03531911920406772,0.061305196121859806,0.13396527647753823,0.12727076242563867,-0.08015188985418653,-0.11388989985918296,-0.01835597915184073,-0.03768954042178152,-0.01512818385236181,1238
2026-09-28,FR0010097683,0P00000CGO.F,EUR,584.510009765625,584.510009765625,-0.005495594178408725,-0.011767226202923142,-0.0014862057294930953,0.0728300413544174,0.08240897678716497,0.07818453902089678,-0.023946099714670543,-0.08550661982129948,-0.0093084246256262,-0.007744027714151391,0.01050686240965315,1236
2026-09-25,FR0010128587,0P000015L9.F,EUR,695.3499755859375,695.3499755859375,0.00018699819954970387,-0.019446144312328162,-0.04317973074754944,0.06457735930829367,0.1470593318544757,0.1379675571725381,-0.07241498930465418,-0.09552951169543256,-0.008873639291407054,-0.017875317939479274,-0.005356320229508937,1231
2026-09-29,FR0010135103,Y9U6.F,EUR,845.0360107421875,845.0360107421875,-0.0018485714250696672,,,,,,-0.008604226353593925,-0.008604226353593925,,,,8
2026-09-28,FR0010147603,0P000018HU.F,EUR,436.489990234375,436.489990234375,-0.006464380817819415,-0.017976108158886173,0.00831614374117895,0.07032685036531139,0.07075486370372619,0.11149432429992585,-0.039956885578391055,-0.06154886324087783,-0.008140720776902755,0.0005198513032986796,0.03005575928448323,1246
2026-09-29,FR0010149120,Y9U4.F,EUR,1908.8990478515625,1908.8990478515625,-0.0021311842902657085,,,,,,-0.004180880996284775,-0.004180880996284775,,,,8
2026-09-29,FR0010149302,Y9U3.F,EUR,1903.8509521484373,1903.8509521484373,-0.010616478286636033,,,,,,-0.019183602342260353,-0.019183602342260353,,,,8
2026-09-28,FR0010156604,0P00001BB3.F,EUR,249.6499938964844,249.6499938964844,-0.002756261290644657,-0.009521956461871484,-0.004228043512409796,0.02677467517964116,0.04070224620002488,0.029808153349087887,-0.015730978957441466,-0.02863110837153171,-0.0080244371020044,-0.009818153529736917,0.007016012028473684,1246
2026-09-28,FR0010158048,0P00001BW0.F,EUR,325.2699890136719,325.2699890136719,0.009340219564431873,-0.034405975306906145,-0.025437501508688953,0.12581328359597865,0.10464458867937139,0.10698462881843669,-0.06124416353536166,-0.12274891322971371,-0.007088108911066038,-0.017886827742148892,0.01549907295720998,1246
2026-09-28,FR0010174144,0P0000M6PZ.F,EUR,255.83999633789065,255.83999633789065,-0.00625370282696236,-0.036783214308529266,-0.01162839364361945,-0.015697202520259523,0.053098020413315995,0.08551618516214768,-0.05855494091082725,-0.07384152486145013,-0.018256153671366016,-0.029668998323902795,-0.01568408851139025,1054
2026-09-28,FR0010177899,0P00000PNB.F,EUR,89.29000091552734,89.29000091552734,-0.00044778814180479465,-0.016521643186187762,-0.019437697018688027,0.03380801292218161,0.04852593291168599,0.0460439194290124,-0.026935590768915052,-0.046937452596716,-0.006503506081754207,-0.013596860069671424,2.2973729030040246e-05,1244
2026-09-28,FR0010208488,ENGI.PA,EUR,23.200000762939453,23.200000762939453,-0.020683822713035482,-0.05691055271628542,-0.14737223287234513,-0.163376476809327,0.1632984212147357,0.2071302741915341,-0.16516732642578935,-0.1747090613598462,-0.027966869408216466,-0.07923350940277907,-0.09111918735287206,1287
2026-09-28,FR0010220475,ALO.PA,EUR,14.725000381469728,14.725000381469728,-0.015379441217632017,-0.09993888556748043,-0.0887994727408481,-0.36393085856972596,0.31109803374201217,0.27413776634657727,-0.1409157685505299,-0.5127345882204348,-0.0531611919017263,-0.07843183936349951,-0.2739124824166058,1287
2026-09-28,FR0010221234,ETL.PA,EUR,1.652999997138977,1.652999997138977,-0.07910861467445807,-0.10187449078590882,-0.35176469488264894,-0.2656596844231849,0.46298061535542223,0.412370264338111,-0.35176469488264894,-0.6334811722284979,-0.08031268178550333,-0.14780196398997503,-0.28463778015726915,1287
2026-09-28,FR0010229187,0P00000FV4.F,EUR,322.239990234375,322.239990234375,0.0125691306018898,-0.00989369294304665,0.007377720756341466,0.12565061865072158,0.09496837658980248,0.10840784287318105,-0.040434204459219525,-0.07929475665366614,-0.006240333100858808,-0.004626612801194696,0.04437521833295488,1240
2026-09-28,FR0010230490,0PP1.MU,EUR,688.135986328125,688.135986328125,-0.017753997053894466,-0.04379208061361939,-0.055987548944644416,-0.043112645227326496,0.06821391393428544,0.04730032080024195,-0.055987548944644416,-0.06409164487610508,-0.021089325583845908,-0.034680224418332406,-0.04561166465230215,215
2026-09-28,FR0010261198,MEU.PA,EUR,245.0500030517578,245.0500030517578,-0.003659255570854003,-0.01467629248601876,-0.01467629248601876,0.05935498570296627,0.09909175703840475,0.08999433791182698,-0.03686089155476535,-0.09773398341024497,-0.0036896543689106664,-0.012169992189008716,0.03870309273066064,1287
2026-09-28,FR0010286013,0P00000EUQ.F,EUR,488.3399963378906,488.3399963378906,-0.005701059223511162,-0.017503645697456882,-0.005458011355433112,0.014142415998707136,0.06522318947390891,0.057294151239887334,-0.031782221255196585,-0.06016847910817125,-0.01683505216842851,-0.01773405683102125,-0.007234727388799933,1228
2026-09-28,FR0010307819,LR.PA,EUR,134.85000610351562,134.85000610351562,-0.02880806499221844,-0.01244962951482187,-0.056992964311079586,-0.07933361794459415,0.3759080432009344,0.2856772944067481,-0.10000002134096375,-0.18306531519533542,-0.02039478482677315,-0.014549684342853086,-0.02828271445097652,1287
2026-09-28,FR0010313833,AKE.PA,EUR,56.400001525878906,56.400001525878906,0.0008873656275392161,-0.061564010685214776,0.008944543584109343,-0.028168026263593493,0.1556467175069486,0.25149300052768214,-0.10184440464351752,-0.22841862264948765,-0.023545677374064877,-0.04006532779141714,0.010271485750670495,1287
2026-09-28,FR0010315770,WLD.PA,EUR,433.2999877929688,433.2999877929688,-0.0005074765322899966,0.014468984703199572,0.017685602493357377,0.13864502565653014,0.09349594535432659,0.09625856164115071,-0.030554849535535222,-0.06579517880427155,0.009945593015088017,0.01252793096472904,0.07914570597447446,1287
2026-09-29,FR0010321828,EHQ1.HM,EUR,367.35400390625,367.35400390625,-0.0007616237269988391,,,,,,-0.01188245815572242,-0.01188245815572242,,,,8
2026-09-28,FR0010340141,ADP.PA,EUR,110.5,110.5,0.030783611433786717,0.02314814814814814,-0.05474765990026187,-0.015204925846578843,0.2750253186538584,0.3353385240387183,-0.13739838638925939,-0.23520484593542768,0.016278856594646562,-0.0023474178403756207,0.01643739996505067,1287
2026-09-28,FR0010363366,0P00006A6D.F,EUR,348.6499938964844,348.6499938964844,-0.0002294528354971348,-0.01190310935066019,-0.022951469917769973,0.06253615551250902,0.047279854899790606,0.051154192730155104,-0.0305729620702192,-0.06620432661115794,-0.003649351233836029,-0.008970312847345285,0.01099932886191346,1243
2026-09-28,FR0010375600,0P00006TTL.F,EUR,286.4100036621094,286.4100036621094,0.014559036652012969,-0.0356890534156753,-0.03438853104477724,0.08682125370468441,0.144467623285526,0.1308755428545306,-0.0701480804633906,-0.11891872079739285,-0.001733994521732618,-0.01466392008002082,0.00408475021513377,1246
2026-09-28,FR0010380675,0P00007ZHT.F,EUR,3187.699951171875,3187.699951171875,-0.0030088064322056907,0.02347335001337658,0.06742339207772341,0.22532209140802406,0.08432002231008105,0.12758603974422617,-0.0328478637587033,-0.08934768111999025,0.003672317807571046,0.025559267441586542,0.1331556108989591,1209
2026-09-28,FR0010400762,0P0000KOPQ.F,EUR,259.5,259.5,0.005268401930691224,-0.007458451390268461,-0.005975628488403495,0.05784518602025979,0.0712525477035971,0.06822338124537379,-0.030162190593845284,-0.05504625658299789,-0.0007508855379831925,-0.001411492067710185,0.015306081599663734,1219
2026-09-28,FR0010411983,SCR.PA,EUR,33.279998779296875,33.279998779296875,0.015873030659524723,-0.014801658320557465,0.06325877285939119,0.10213119200536758,0.21371987918659358,0.18690754150809114,-0.07554783474133209,-0.18987342828689058,0.008882259056177899,-0.0070058929940921555,0.10000010752048927,1287
2026-09-28,FR0010415448,0P00008IB9.F,EUR,550.4000244140625,550.4000244140625,0.03125244440256392,-0.004215360369472898,-0.0481460402090631,0.24584081524808177,0.18726459265720866,0.26997803935690795,-0.12336278519820809,-0.15046376283067087,0.012315573617977194,0.006354856781273677,0.11159081976406005,1168
2026-09-28,FR0010451203,RXL.PA,EUR,35.099998474121094,35.099998474121094,-0.0404593571036167,-0.02337229228394133,-0.09114449909675038,-0.04761158530255072,0.3276133587869629,0.28211491942019284,-0.1111959037333462,-0.16975636676009265,-0.032298127748917604,-0.038856531865703925,-0.010387327703151206,1287
2026-09-28,FR0010533075,GET.PA,EUR,18.700000762939453,18.700000762939453,0.005917192546996741,-0.00795753928353915,0.007000596136329973,-0.005837702737727435,0.1100225045475447,0.12489506237870596,-0.0530927216262963,-0.07211297161310692,0.008140642946464105,0.0018752123962746392,0.05989244555729423,1287
2026-09-28,FR0010546903,0P00000PUS.F,EUR,76.47000122070312,76.47000122070312,0.006316664961540264,-0.028952365451388906,0.014998738223248154,0.0954018606936553,0.12405029191355531,0.1163969603454363,-0.042979533527988334,-0.11959289705296672,-0.01039171164567454,-0.014952806700624044,0.012652547029798233,1241
2026-09-28,FR0010546929,0P00000MHU.F,EUR,40.880001068115234,40.880001068115234,0.0009794543432393166,-0.013037110688115416,0.028686445432792862,0.1502532362134763,0.11800212136915261,0.1133628457245715,-0.0332383130741688,-0.09560373294814584,-0.009233881421438439,-0.012984729267035866,0.07717565281960748,1236
2026-09-28,FR0010557967,0P0000ADK9.F,EUR,197.92999267578125,197.92999267578125,0.0040072704097526834,-0.013310136323508082,0.004109159794328354,0.10997075227743758,0.07360365938484,0.08898896169946913,-0.03502118244865027,-0.07679091971778229,-0.0023589295153202405,-0.00518395764175239,0.035276677637028575,1246
2026-09-25,FR0010564351,0P0000J3CO.F,EUR,203.72999572753903,203.72999572753903,0.0022629578659405514,-0.01935020107081087,-0.01269692415062118,0.08188624273199996,0.07378581597116014,0.0710263273868261,-0.03237068132455978,-0.06353414906261601,-0.003938210466630232,-0.008719279631558496,0.01565329348677902,1238
2026-09-28,FR0010592022,0P0000D2MT.F,EUR,131.55999755859375,131.55999755859375,0.014262514447382024,-0.023456083977705267,-0.005743725238487762,0.10787366365131579,0.11046270833248112,0.09635993400586101,-0.05379817857654812,-0.08556696470410918,0.0029846879261901105,-0.007271179638197012,0.03263277630227868,1247
2026-09-28,FR0010601971,0P0000KWR3.F,EUR,340.75,340.75,-0.004789902094900267,-0.029395867231369777,-0.018746787947217958,0.0670110959370005,0.06833839233376447,0.07091525537216922,-0.04988292972822472,-0.0711168777125627,-0.012543523753631103,-0.029159686225188608,-0.004167884028616342,1242
2026-09-28,FR0010611293,0P0000GBJZ.F,EUR,1865.449951171875,1865.449951171875,-0.002966354264096749,-0.0224186967685972,-0.025309742516975375,0.011171692793633836,0.05055697539388054,0.04444851480435679,-0.030033127395757142,-0.046674149360825035,-0.008792283927151812,-0.016905593251704043,-0.013560741398314313,1242
2026-09-25,FR0010616177,0P0000HR6L.F,EUR,182.6999969482422,182.6999969482422,-0.011524129533685978,-0.02508002722155045,-0.014881967355275805,0.07552835815532766,0.10138200875249007,0.09628890286390016,-0.044801141039179426,-0.09792365079112963,-0.010828390939013888,-0.021781048853906082,0.005207032297658287,1238
2026-09-28,FR0010651224,0P0000HR5T.F,EUR,4638.43994140625,4638.43994140625,-0.0016251202839141499,-0.05421538364734291,-0.02540676169665268,0.04874223574541747,0.09859619125902168,0.13247255542782294,-0.08572260399222342,-0.1305381968790127,-0.02278706034187361,-0.042438862838283575,-0.011679749052732946,1247
2026-09-28,FR0010657122,0P0000HX49.F,EUR,1337.4000244140625,1337.4000244140625,0.0005536114011437387,-0.028765212359134762,-0.03454248372924562,0.001722754003583571,0.12024569899087699,0.11128893516919973,-0.06587642280455464,-0.10558753610008986,-0.010860255902975458,-0.03161674115808999,-0.033661391703387666,1244
2026-09-25,FR0010668145,0P0000IT7S.F,EUR,683.9199829101562,683.9199829101562,0.010102152844077894,-0.02453219466969614,-0.040381687672140454,0.044041057083015867,0.11874736565457493,0.12670062217081332,-0.07103875073039301,-0.10189111228019454,0.0018324923541546134,-0.020280581778211793,-0.0024051045372477375,1238
2026-09-28,FR0010679902,0P0000IKS1.F,EUR,417.8999938964844,417.8999938964844,-0.00026318955663839905,-0.0618476092840301,-0.030146952378443115,0.03412439445891202,0.09704318272587696,0.10402652351157057,-0.08234519214447777,-0.13823713827402528,-0.026280422503834555,-0.04958230022198218,-0.040546178793157917,1247
2026-09-28,FR0010687749,0P0000HRVB.F,EUR,353.7099914550781,353.7099914550781,0.008554076225639085,-0.03063943310186512,-0.021061706284955517,0.11598036861420069,0.12723231402682622,0.11893129883878828,-0.05663693095460853,-0.10297291465046632,-0.006831547489361323,-0.016879097146794142,0.02391718735221282,1245
2026-09-28,FR0010689141,0P0000IKSO.F,EUR,1958.0699462890625,1958.0699462890625,0.004968169395166866,-0.04426583057277522,-0.0017283119288437065,0.08285355801966676,0.08467329561424206,0.11502522761115962,-0.05233025945893832,-0.11447905426548899,-0.01736292487738722,-0.02322840290643846,-0.003994489640249732,1247
2026-09-28,FR0010697482,0P0000J0GI.F,EUR,142.3699951171875,142.3699951171875,-0.000631837655746259,-0.0037786616127912787,-0.003150904522849274,0.007786443062640869,0.009644007953707248,0.008284301110824467,-0.003987738313159794,-0.009263859031025667,-0.0016129321255513585,-0.0023643117693066262,0.000993434777614599,1245
2026-09-25,FR0010697532,0P0000JC17.F,EUR,217.3000030517578,217.3000030517578,-0.002341465095966,-0.00857737789417845,-0.013617793728741723,-0.0004139856393730046,0.011252201024445402,0.010358756111747696,-0.013617793728741723,-0.014199472521995604,-0.0038804006641103284,-0.007501496465611379,-0.007045483744223868,1246
2026-09-28,FR0010700823,0P0000IVLV.F,EUR,1457.3499755859375,1457.3499755859375,0.01905461189091695,0.022579713752290953,0.056402811314063106,0.16523682436217824,0.11937099268621437,0.11059583093608878,-0.038700809851986206,-0.10079621358980673,0.019413492131690635,0.02065055104708846,0.07277266868285692,1208
2026-09-28,FR0010702084,0P0000KU3M.F,EUR,249.47999572753903,249.47999572753903,0.00812217439253704,-0.03957504485529306,-0.042597250044942636,0.07215605788805068,0.1142615970427541,0.10266323103912138,-0.06869738214395071,-0.11380472679777409,-0.010300455226460392,-0.027794464248489192,-0.005791794272107631,1246
2026-09-28,FR0010751008,0P0000KM3H.F,EUR,1490.510009765625,1490.510009765625,-0.00863983387720324,-0.031381620438129865,-0.042949796840797805,-0.017390848794615166,0.04771642012076115,0.03678117281010516,-0.043127922865044854,-0.0431709631640359,-0.01528981870017776,-0.026026889602555614,-0.030831250818440625,1246
2026-09-28,FR0010752543,0P0000KTWR.F,EUR,416.0400085449219,416.0400085449219,-0.008413372542544817,-0.022278578476945365,-0.02721657391086696,0.0011309796482410484,0.03296467108005123,0.026149839291536466,-0.027921170966893616,-0.027921170966893616,-0.012065393582594397,-0.018392493975589397,-0.016417488804807423,1247
2026-09-28,FR0010784348,0P00001NRR.F,EUR,1153.969970703125,1153.969970703125,-0.011470338898420418,-0.03860676460956747,-0.027891958905282954,0.04636212548280394,0.11738311795471938,0.12407191145698049,-0.08654323905585048,-0.11998356423860601,-0.023693832717841534,-0.048673281052030726,-0.018175480779574316,1246
2026-09-29,FR0010836163,69X3.MU,EUR,3034.10009765625,3034.10009765625,0.0008431849875383257,,,,,,0.0,0.0,,,,8
2026-09-29,FR0010858498,0PP0.MU,EUR,548.27001953125,548.27001953125,0.011484354283056941,,,,,,0.0,0.0,,,,8
2026-09-29,FR0010859769,EHQ8.MU,EUR,511.9700012207031,511.9700012207031,0.005933763515548085,,,,,,-0.0064036680561671,-0.0064036680561671,,,,8
2026-09-28,FR0010896944,0P0000P2U7.F,EUR,146.36000061035156,146.36000061035156,-0.00027317819535632726,-0.00980987059192251,0.016600676317176877,0.12351267222067674,0.11293568439373895,0.10563098109521711,-0.03145116635926681,-0.09251694310225123,-0.008283496261417,-0.013110868010270837,0.05132236323743511,1247
2026-09-28,FR0010908533,EDEN.PA,EUR,28.15999984741211,28.15999984741211,0.01294966259825081,-0.06382978993230615,0.2075471790705945,0.6262950012629054,0.2669661620616958,0.28651042443546415,-0.10153947958559117,-0.41323413035555057,-0.01861016628588319,-0.01565995901595285,0.3123870384353922,1287
2026-09-29,FR0010909531,ROY2.MU,EUR,294.95001220703125,294.95001220703125,0.005457708016470386,,,,,,0.0,0.0,,,,8
2026-09-28,FR0011034131,0P0000VH9P.F,EUR,498.0799865722656,498.0799865722656,0.016655725263068577,-0.016526854443719707,0.02207990455209874,0.09968426606008363,0.09801860569727153,0.1000418213845292,-0.041049233571808674,-0.08317117171309074,0.0027217878289529374,-0.0027526267127435666,0.043628038671568836,1247
2026-09-28,FR0011069137,0P0000TV0S.F,EUR,297.4800109863281,297.4800109863281,0.004491025214434563,-0.0002351766409390832,0.026926327353497648,0.15512760609014875,0.1183254960740973,0.1178320816148681,-0.03883555398547767,-0.10720976035915342,-0.0010694733196934259,0.0043567093228988885,0.04851574166836148,1210
2026-09-28,FR0011153014,0P0000UUVR.F,EUR,267.8599853515625,267.8599853515625,-0.0036082329693617465,-0.013261645239944553,0.0035591835315986753,0.09554186237857865,0.07825307714967962,0.07903680747310245,-0.029879397478130065,-0.07922510462060839,-0.010853129816249085,-0.01458736584394893,0.03682993545527413,1244
2026-09-28,FR0011169341,0P0000V0BE.F,EUR,607.5,607.5,0.0077467657179723926,-0.02203834959932016,-0.023720003750818508,0.11802272017059345,0.1297716101916793,0.12358557831293582,-0.05687711868348344,-0.1248088989990811,-0.005059051927619018,-0.016661239832688746,0.01940160625500087,1246
2026-09-25,FR0011170182,0P0000VOSS.F,EUR,1314.0799560546875,1314.0799560546875,-0.025300578430353493,-0.05768297503796427,0.08005383341879835,-0.0963367994505967,0.28304177261715213,0.2731808033951731,-0.08184878342654156,-0.3734400146634508,-0.021030935909065906,-0.00033612656901860216,-0.08785794668272517,1189
2026-09-28,FR0011198332,0P0000VG0E.F,EUR,118.43000030517578,118.43000030517578,8.446323581412507e-05,-0.001601774043220927,0.0016069218947820652,0.008601619417309525,0.005965665008800289,0.003856136868028887,-0.001938765344887683,-0.001938765344887683,-0.0006286639902608471,-0.0005704713633277736,0.0061325435611196966,1245
2026-09-28,FR0011261197,0P00017SX2.F,EUR,3371.52001953125,3371.52001953125,-0.004667410092641822,-0.035752591488757646,0.012419856257195994,0.020667530320517713,0.11582726777482909,0.10666789375595596,-0.046441660676277974,-0.09957122066905022,-0.013011689772933432,-0.016704520868631723,-0.02309261352494163,1244
2026-09-25,FR0011271550,0P0000WJFT.F,EUR,311.5599975585937,311.5599975585937,0.005097059540188464,-0.0415307946268183,-0.03209175997933977,0.06662098955308404,0.10295425196198185,0.10837885108252873,-0.06711625368249075,-0.1080676260275274,-0.013568351051470806,-0.03367858340077012,-0.0035734988268346646,1248
2026-09-28,FR0011288513,0P0000XP79.F,EUR,133.85000610351562,133.85000610351562,-0.007121070191110079,-0.02120653672017825,-0.026262188520520313,-0.000895686467822121,0.029305525786774735,0.02269517695173855,-0.026474647205024793,-0.029187461979047202,-0.01084847490112828,-0.017245335087169966,-0.017855392775070977,1246
2026-09-28,FR0011350685,0P0000XRPO.F,EUR,1315.4000244140625,1315.4000244140625,-0.005669362658997534,-0.01417214391654742,-0.016302667928388526,0.00311899218152778,0.019061058189147547,0.014338923096230643,-0.016427743095282943,-0.01867545607765031,-0.007871245152565876,-0.011579995892387562,-0.009773409943600542,1244
2026-09-28,FR0011363746,0P0000YA5J.F,EUR,200.3699951171875,200.3699951171875,-0.0019426150643534479,-0.014993624418503382,-0.020147734682878227,0.010795537687393386,0.03507214695808061,0.029612591531113244,-0.021057248938937123,-0.031872118869212596,-0.006295912007481808,-0.011801006754315613,-0.007853711596544133,1235
2026-09-25,FR0011400712,0P0000Y520.F,EUR,936.9400024414062,936.9400024414062,0.02185623022548211,-0.0064052028170750175,0.04251557509267356,0.1086866164161302,0.13040842759093607,0.14267290068130287,-0.07302708876997388,-0.12448297538646003,0.01400488088632712,0.006864961091483268,0.041109864252182104,1191
2026-09-28,FR0011550193,ETZ.PA,EUR,21.065000534057617,21.065000534057617,-0.005194744130635365,-0.017032186930487803,-0.015654163104871666,0.05409334078176675,0.10139980856651347,0.09152375842697154,-0.03908047730895259,-0.09410045263958577,-0.004195454654452924,-0.013723104670516406,0.03501868751656412,1287
2026-09-28,FR0011586544,0P000115CR.F,EUR,3318.35009765625,3318.35009765625,0.010875419668424202,-0.0019489659069747978,0.03670899805212269,0.19668589627947797,0.1172045049052147,0.10800864012306235,-0.03778567595914151,-0.11714410061051672,0.0063782397966671844,0.008969177596470423,0.07741974999924395,1249
2026-09-28,FR0011631050,0P00011S1H.F,EUR,221.9499969482422,221.9499969482422,0.0022578460460167538,-0.03571273965371291,-0.019135592427141468,0.05630117126386236,0.12039841364378709,0.11612333341881698,-0.055730884726721386,-0.1151385532086443,-0.01545682524035874,-0.02660938706324767,-0.020923878186905664,1246
2026-09-28,FR0011694256,0P00014KUO.F,EUR,156.13999938964844,156.13999938964844,-0.02020583087581873,-0.07789524773386758,-0.09199817810278665,-0.01644094872662405,0.12542501145816173,0.12238488190240993,-0.12344919379321173,-0.15234934691037816,-0.036407791229176034,-0.07684193917326687,-0.07512410654513135,1246
2026-09-28,FR0011726835,GTT.PA,EUR,219.0,219.0,-0.022321428571428603,0.043851271756047305,0.15506325395597798,0.12342169814673265,0.2465847695223979,0.2354698569666544,-0.04761906250095216,-0.15003473389952182,0.0024718455925101246,0.05538099487575043,0.1455701270659373,1287
2026-09-28,FR0011950732,ELIOR.PA,EUR,1.8040000200271609,1.8040000200271609,-0.06962351198188588,-0.11914065705968657,-0.1401334712176051,-0.27666397338430293,0.27145613804025553,0.21652983568283027,-0.17146838593941893,-0.4032797716032931,-0.0720880519794318,-0.1150008262577703,-0.23663170463385064,1287
2026-09-28,FR0012333284,ABVX.PA,EUR,83.8499984741211,83.8499984741211,-0.0750138217021048,-0.14044084212245278,-0.349495714162264,-0.22289159139622094,0.4159938460675478,0.34474942615235354,-0.36811481144326375,-0.4844771430760161,-0.10335241748011081,-0.17382652452144165,-0.17899561880986392,1287
2026-09-28,FR0012355139,0P0001572S.F,EUR,127.08999633789062,127.08999633789062,-0.008581060009094088,-0.03213769933108146,-0.05100061174163384,0.0033156878109774635,0.07871018194245046,0.06529518998338439,-0.05100061174163384,-0.05565120950851987,-0.015843802068212454,-0.027170968600895073,-0.029373898168905344,1244
2026-09-28,FR0012435121,ELIS.PA,EUR,22.0,22.0,0.04861775405238866,-0.08103594364159372,-0.2181947236255839,-0.13247517013791843,0.33988508607296647,0.2791137521515305,-0.2544420754339456,-0.2560284051549274,-0.03186059101258665,-0.08207884155033096,-0.1180794614546633,1287
2026-09-28,FR0012757854,SPIE.PA,EUR,42.959999084472656,42.959999084472656,-0.000930253849473095,-0.00601911649368192,-0.17644284223708007,-0.08143815532436371,0.29601149058763215,0.2400670983513439,-0.1798287143602223,-0.20037918105240293,-0.015716060809097043,-0.049796940220034336,-0.08499156278772091,1287
2026-09-28,FR0013176526,FR.PA,EUR,14.625,14.625,-0.005778384631308309,0.01633076101949449,0.0881696768314113,0.35577950568947503,0.39584776771284447,0.37498806671084134,-0.0942581587900383,-0.2740685965690174,0.00037621520781927487,0.01242601689347489,0.16999930418818843,1287
2026-09-28,FR0013202132,0P0001AC1I.F,EUR,115.04000091552734,115.04000091552734,-0.0058762555997461385,-0.019015910218932452,-0.022682849288183538,0.0023525684443526096,0.03925001447915222,0.02689021880921443,-0.023180740471726802,-0.027311290746644623,-0.009970004109913333,-0.015129197915662362,-0.014757647504358484,1238
2026-09-28,FR0013227113,SOI.PA,EUR,142.5500030517578,142.5500030517578,-0.07943172468159532,0.24064404837846154,0.20396960485342897,1.2364292327892312,0.9969681521973583,1.037629378415993,-0.2702702667871647,-0.5504682471501512,0.03977098065603557,0.16097623496358326,0.5816280715339517,1287
2026-09-28,FR0013254331,0P0001BGYT.F,EUR,420.7200012207031,420.7200012207031,0.010059305340997415,-0.0028677540731454343,0.04915087148721753,0.14081182101617506,0.11517941526469021,0.11521611231754394,-0.036921992311737206,-0.11598420067942472,0.0032717459448377006,0.005225882846859431,0.044580644356194465,1208
2026-09-28,FR0013269123,RUI.PA,EUR,35.18000030517578,35.18000030517578,-0.01456583884175966,0.04702386615498244,0.12468029197311736,0.04619812387762212,0.2586454176761112,0.19407123081241404,-0.044751350766358944,-0.11528145624745234,0.007330201121456881,0.033490016083364216,0.07459025508263917,1287
2026-09-28,FR0013280286,BIM.PA,EUR,79.69999694824219,79.69999694824219,0.10235122523005846,0.061958610358450406,0.14593807981476203,-0.10427511920204091,0.24077134686786747,0.28379318949184423,-0.07805201750923207,-0.42097341181666226,0.08038493785841627,0.08879777251696974,-0.038578780607749,1287
2026-09-28,FR0013326246,URW.PA,EUR,91.6999969482422,91.6999969482422,-0.019251369537516605,-0.05890810087587672,-0.1058021041504944,-0.06340537218863052,0.15413856390819872,0.1434659865175349,-0.134088804277936,-0.134088804277936,-0.02582573692305712,-0.08030348105376728,-0.04943150498336679,883
2026-09-28,FR0013333838,0P0001DXTL.F,EUR,118.0500030517578,118.0500030517578,-0.00042333127018834293,-0.009730694082908942,-0.001268983928570555,0.032808398074162026,0.020484557789975405,0.028235099039251147,-0.013124892649854947,-0.033081040146226814,-0.003217038487638546,-0.0053837919902909315,0.010371633731935281,1245
2026-09-28,FR0013334380,0P0001DXU9.F,EUR,103.66999816894533,103.66999816894533,0.007972773038305458,-0.03715055324625893,-0.042309485737225594,0.13873019690692767,0.17563186218124485,0.16310797290742035,-0.07766028315599927,-0.1084672057823034,-0.00972414755337081,-0.022703977870532355,0.020669350291032673,1245
2026-09-28,FR0013342755,0P0001E0HL.F,EUR,185.5800018310547,185.5800018310547,0.006945191308203036,-0.03384006631631087,-0.06372031913123832,0.08329930813045583,0.1698199884629637,0.15758578327531617,-0.10438913410146156,-0.11584945799770097,-0.004890279404667575,-0.022060798498565237,-0.001130031938857523,1246
2026-09-28,FR0013351285,0P0001EPLY.F,EUR,160.33999633789062,160.33999633789062,-0.009696790122339816,-0.03734390797235099,-0.021242893607255064,0.04022315409882227,0.06540009328241189,0.0647750920373079,-0.04921728582659901,-0.09545535463958221,-0.01686789903797603,-0.03227404725375527,-0.01840688329874962,1242
2026-09-28,FR0013433067,0P0001ILL4.F,EUR,94.97000122070312,94.97000122070312,-0.0029396197301508886,-0.05652694451021656,-0.06727556958016079,-0.03446522334904978,0.19602249025157217,0.23346489824405944,-0.11316681697844033,-0.20466606893546202,-0.025078776789850377,-0.053168887796644415,-0.08724862106054343,1174
2026-09-28,FR0013451333,FDJU.PA,EUR,20.81999969482422,20.81999969482422,-0.056637970878320676,-0.06928927520157824,-0.06300628540923736,-0.1080347729678468,0.1419518299732182,0.1531023244974758,-0.10873291306344335,-0.22470343752768673,-0.05271062088230982,-0.06228044955011691,-0.06905869497922301,1287
2026-09-28,FR0014000MR3,ERF.PA,EUR,78.72000122070312,78.72000122070312,0.008455081767251738,0.08519437864871793,0.14585159705334338,0.24145736049831612,0.26026732309541545,0.24903770580435566,-0.07004213550513194,-0.20375860905809895,0.05911795870183467,0.09632998213337052,0.18539071476088997,1287
2026-09-28,FR0014003TT8,DSY.PA,EUR,21.06999969482422,21.06999969482422,0.008133975090756307,-0.07749564124075203,0.14355498329918226,0.26991339055182206,0.3464557907859558,0.36261706192928206,-0.1264616741878486,-0.47274530078621,0.0024025315637756783,-0.0058413369086159905,0.05621486053172542,1287
2026-09-28,FR0014004L86,AM.PA,EUR,290.79998779296875,290.79998779296875,0.0,0.024665258284318536,-0.06555277510879731,-0.0899241228890778,0.17840984619023909,0.243261137047514,-0.14044944087776323,-0.20795749519430162,0.02095983778786903,-0.01772689593283805,-0.04039677887174686,1287
2026-09-28,FR00140081Y1,0P0001P1UF.F,EUR,127.61000061035156,127.61000061035156,-0.0015647989364095949,-0.005997852026597195,-0.005842941698611326,0.008376116420639068,0.010853997395863697,0.012410802591862617,-0.0075439509013045525,-0.012880632916910884,-0.002867698377783001,-0.00432257789310686,-0.0009367351872924257,1090
2026-09-25,FR0014008NN3,0P0001P5RF.F,EUR,1160.0999755859375,1160.0999755859375,-0.0071717145547078864,-0.012941336540598702,0.0782200111185487,0.01963504221326473,0.21713034657290012,0.18906648155412115,-0.05672778998109418,-0.21793387774801054,-0.004029913081884273,0.010921879211547747,-0.009597093226971332,1017
2026-09-28,FR001400AJ45,ML.PA,EUR,33.790000915527344,33.790000915527344,0.013193477107583229,-0.034571402413504426,-0.03759611711413757,0.16016160030166304,0.1827155527114486,0.1760135982255606,-0.06027861934200207,-0.17488391923233015,-0.0024208551679101298,-0.015322361783861704,0.07326181890301497,1287
2026-09-28,FR001400C7W0,0P0001Q63A.F,EUR,120.19200134277344,120.19200134277344,-0.002456656448591832,-0.005156653445708814,-0.0032673543957753015,0.01250979808426722,0.008951387678514043,0.006666181762482274,-0.005156653445708814,-0.010383330479376118,-0.0029990706588904903,-0.00350998794984958,0.002495948156140848,945
2026-09-28,FR001400J770,AF.PA,EUR,11.649999618530272,11.649999618530272,0.01569305556329259,0.003013331734980973,-0.1309213091682716,0.15862747537993327,0.3109787750397427,0.3763604797479683,-0.18231442184638846,-0.3487062871159111,0.007001427671624594,-0.016877670904750897,0.03260502537116783,1287
2026-09-28,FR001400KAV4,0P0001RSZC.F,EUR,118.4800033569336,118.4800033569336,-0.005706615343047394,-0.017497247243004055,-0.02025962905862433,0.004663809466077584,0.024420242667175192,0.019205598148643536,-0.020907352571142623,-0.023963510996798165,-0.009140837427128345,-0.014056820931646619,-0.01139545893750249,724
2026-09-28,FR001400L7X7,0P0001S005.F,EUR,1083.6500244140625,1083.6500244140625,-0.0017318773613570482,-0.007773719596848583,-0.007273739824351755,0.006782226035868089,0.012438716708647254,0.009861679809498267,-0.00820959779540087,-0.011346908589593308,-0.003674427547568637,-0.005655261556076541,-0.0023679130249527613,685
2026-09-28,FR001400MCQ6,0P0001SCG2.F,EUR,111.11000061035156,111.11000061035156,-0.005727063889471529,-0.015854746601726477,-0.015331405385362817,0.010182769054775775,0.022547914292301137,0.01658587120920105,-0.016812684629352703,-0.023477096143128984,-0.008473182955455072,-0.012248440552535933,-0.00794775475021725,620
2026-09-25,FR001400TS43,0P0001UK5Q.F,EUR,251.47999572753903,251.47999572753903,0.028211602930850344,0.012195608035882044,-0.17921608504083963,-0.05699714026436831,0.2786977271954579,0.41128096485619037,-0.25167274448424604,-0.4031498049663377,0.02977155750755478,-0.011112612486663287,-0.1169472671996179,413
2026-09-28,FR001400U4T1,0P0001UJXE.F,EUR,100.33000183105467,100.33000183105467,-0.008792722573751743,-0.02326712773798867,-0.02677267052944421,0.0030856595663109054,0.030924607730716716,0.02374379935607853,-0.02752734698356818,-0.02752734698356818,-0.012772055191794363,-0.019140097414419244,-0.015754310151513073,421
2026-09-25,FR001400Y4C3,0P0001VF8D.F,EUR,102.28900146484376,102.28900146484376,-0.005145006949473285,-0.015192461026490522,-0.016073467048332013,-0.0009571485809796165,0.023728465313488285,0.018406599838184393,-0.017547695807892394,-0.017547695807892394,-0.007233975666605663,-0.011328498007414978,-0.009049316952938535,326
2026-09-28,FR0014010443,0P0001X7LU.F,EUR,120.97000122070312,120.97000122070312,0.0010758431541904034,-0.030844403809758503,-0.001650548413505426,0.08883890983023801,0.13587256841212475,0.12269638089566316,-0.06508550861145868,-0.07909845364679069,-0.005802283214636383,-0.015181356484418762,0.033652017487392216,259
2026-09-28,FR00140182K6,WLN.PA,EUR,11.404000282287598,11.404000282287598,-0.049666643142700195,-0.16783421711511293,0.1145426007756527,0.15378394220447933,0.4803416655085673,0.7250140231021258,-0.21826158145844843,-0.7105567100228656,-0.136851805749013,-0.08544554012644412,-0.11283970417852829,1287
2026-09-28,IE0000MMQ5M5,XZME.DE,EUR,11.39799976348877,11.39799976348877,-0.008697197791702416,-0.00575715162165813,0.02610730707884268,0.14518232541498444,0.11029883444169773,0.13581480863041598,-0.03709035918356285,-0.12315044752045123,0.0008165815951106659,0.006869094666524855,0.06172694852025473,1139
2026-09-28,IE0002EI5AG0,XDEE.DE,EUR,11.86400032043457,11.86400032043457,-0.016415184025457497,-0.04538140563823456,-0.02578421071549908,0.05947493917962898,0.06690246092978525,0.09441299667066139,-0.06005382948375404,-0.07195734552495425,-0.023257711078807697,-0.03527143878125827,0.015249304801573826,1249
2026-09-28,IE0003UN5CT1,JSEE.L,EUR,31.684999465942383,31.684999465942383,-0.0045554652249834016,-0.02455164312963387,-0.03237133915158663,0.059876199390184404,0.12021143406554138,0.10468071198528625,-0.046823814462068625,-0.10927735477485356,-0.0015087005055037794,-0.013260349764003587,0.03336586156698029,453
2026-09-28,IE00069JGT58,JSEU.L,USD,37.65824007590511,37.65824007590511,0.0020000113086213744,0.008925792310538583,0.03984681062714768,0.18880942402029954,0.12555079772239597,0.1249659930638665,-0.033805521724557974,-0.09540032619128536,0.016161753368441723,0.02063414256984908,0.09652248457507406,793
2026-09-28,IE0006YM7D84,XZHY.L,USD,33.47252567643853,33.47252567643853,-0.009359860395006248,-0.003465556341768372,-0.01899549987141247,0.016383086198030528,0.04932297183726194,0.05534980665739765,-0.023524910528965548,-0.03299643726822499,-0.003762386326516487,-0.0066587175532322185,0.008751050764479684,1070
2026-09-28,IE000ANHU3J3,JSEM.SW,USD,36.46075309171268,36.46075309171268,-0.016567352430380322,0.023228729033786255,-0.014234895381669999,0.19072988635356425,0.23088958379306884,0.24134436155514227,-0.0964175082852673,-0.13277301158653176,0.007173993860472683,0.027372151292242686,0.11045864344358214,391
2026-09-28,IE000I8KRLL9,SEMI.AS,USD,18.30727908749581,18.30727908749581,-0.0019701429889066313,0.10202760329217497,-0.05487001307274042,0.4769190307659663,0.3624910374471552,0.4831019588074306,-0.2130888914639656,-0.28230899511903307,0.049752295656113166,0.06531432457115915,0.24785088075998685,1287
2026-09-28,IE000R85HL30,WEBD.DE,EUR,124.37999725341795,124.37999725341795,0.00826845523686548,-0.13750786032341533,-0.10207916967162656,0.01808954012929176,0.5235181766427175,0.324687216151885,-0.18689110265098707,-0.18689110265098707,-0.02128498719158034,-0.08116048651052021,-0.047527284214461174,1279
2026-09-28,IE000RDRMSD1,BLKC.AS,USD,15.647758699521445,15.647758699521445,-0.06584390707462395,0.07391499240271204,-0.005032835352153042,0.19596485893026272,0.49797036120364496,0.5050717688220393,-0.1346143551804948,-0.4311174525246234,0.0014933775038903363,0.042317921036464146,0.06446432681814418,1023
2026-09-28,IE000U58J0M1,INRA.AS,USD,21.7585930732393,21.7585930732393,-0.04628525399365058,-0.010747377699136362,-0.16823621516595266,-0.09023014908955129,0.2661905262833937,0.2702614852303277,-0.16823621516595266,-0.26848004196481356,-0.0329167113519665,-0.043897169587139295,-0.09168995862397478,1174
2026-09-28,IE000UX5WPU4,XYPL.DE,EUR,9.767000198364258,9.767000198364258,-0.010435632055631916,-0.02071470493909111,-0.03473830765193964,-0.01996783191140228,0.04431298361293849,0.03755004857851314,-0.036695137877266304,-0.04029930153085548,-0.010757382549183347,-0.0197188224282957,-0.02384628500127306,1093
2026-09-28,IE000VA628D5,SP20.AS,USD,6.093344598403193,6.093344598403193,0.006161285516587345,0.05569648842011077,0.07337096386937358,0.19588482260307805,0.14348632961594898,0.16499251954381053,-0.044330093330838816,-0.1284309111272145,0.031506647964814505,0.049224923669968,0.11750796467438551,474
2026-09-29,IE0030351732,WYZ1.F,EUR,53.31399917602539,53.31399917602539,-0.023284783910691997,,,,,,-0.026441726637748686,-0.026441726637748686,,,,8
2026-09-28,IE00B3ZW0K18,IUSE.L,EUR,157.52999877929688,157.52999877929688,-0.006495956074395459,-0.011421444960826976,0.021529031326675607,0.12949019431078135,0.10945502805706392,0.11127367864976687,-0.026802918883324978,-0.08666481270306314,0.0006256547869183393,0.004012082028140407,0.05952148358471798,1268
2026-09-28,IE00B4L5Y983,IWDA.L,USD,128.47613695273992,128.47613695273992,-0.001133981218482627,0.006631287504771599,0.020119466170126943,0.14161402241651722,0.11669627418830922,0.11424128500173056,-0.0314395943389254,-0.06426178066922439,0.008725362837043615,0.011621361545127495,0.07917907711871108,1268
2026-09-28,IE00B6R51Z18,IOGP.L,USD,30.304127550094567,30.304127550094567,0.0010798780979190958,-0.005808780394886304,0.1312249531921954,0.03191315549627438,0.2588883438690048,0.2635807727520349,-0.06864735145220024,-0.1893189566400566,-0.030634541632891477,-0.004849861990182336,0.07724366160208906,1268
2026-09-28,IE00B6R52143,ISAG.L,USD,49.19147559423453,49.19147559423453,-0.01834511995287602,-0.010194984691600961,0.019780930403750396,-0.03299966411451005,0.16884110574431016,0.14098295011253326,-0.06137555906371028,-0.0928890168616453,-0.03508140914191904,-0.01315515960600755,0.012516401839244073,1268
2026-09-28,IE00BDQYWQ65,TIP5.L,USD,4.257782767711997,4.257782767711997,0.004295654457336706,0.013794099839187002,-0.004903108516915,0.018136035435650788,0.04289806603532716,0.0438211621005154,-0.023758590358265108,-0.0393317021918399,0.006211780280257484,0.004269094043352073,0.013973672705654305,1268
2026-09-28,IE00BF4G6Z54,JREM.L,USD,45.29359714048271,45.29359714048271,-0.021716108977496762,0.010689527623981565,-0.01316107107304898,0.15334722134614154,0.19421205280545215,0.23125913255931027,-0.09512819858851196,-0.13277031521209293,-0.00024573998615740056,0.01949756504053002,0.09543142301237695,1267
2026-09-28,IE00BFMNHK08,XZEU.DE,EUR,36.81999969482422,36.81999969482422,-0.00040720483293732457,-0.01695373395240296,-0.014453985725517371,0.09567029300348984,0.10608278241541258,0.09503451653641484,-0.04838921969104015,-0.10329516595899846,-0.000542900588513362,-0.011933556224003494,0.049782698273563186,1278
2026-09-28,IE00BG0J4B71,EH1Y.DE,EUR,4.728899955749512,4.728899955749512,-0.011724115663857004,-0.01898188485793806,-0.024964556578711883,-0.00025212397563922906,0.034149239931742625,0.03305568049540675,-0.024964556578711883,-0.03306860401077327,-0.010992462504182288,-0.016155861105420333,-0.009544470301226848,1141
2026-09-28,IE00BG0J4C88,LOCK.L,USD,11.299010073604324,11.299010073604324,-0.008430320693353255,0.0231933386198504,0.09118327448324215,0.282011149737069,0.25270051820643125,0.24819519508413987,-0.06918210405872405,-0.12423833383261185,0.022915358211677672,0.043975616566633846,0.18977440930112333,1268
2026-09-28,IE00BG370F43,XZEM.L,USD,59.67663382278553,59.67663382278553,-0.016221252398728625,0.015567422475575077,-0.012361509136741833,0.05254703351503465,0.18938707844302777,0.21908628305249808,-0.083595851184177,-0.13248037332383544,0.006372422114451881,0.021810023045505833,0.034996566792171446,1268
2026-09-28,IE00BHZPJ015,EDM4.DE,EUR,10.392000198364258,10.392000198364258,-0.0036433466634382405,-0.014041723341975176,-0.017397883088332233,0.07255651349509651,0.11384623765740352,0.11328019998962716,-0.04846799355787268,-0.10782747063876086,4.813570506079223e-05,-0.009934936924313686,0.043504997926016475,1281
2026-09-28,IE00BHZPJ239,EDM2.SW,USD,8.345939902025743,8.345939902025743,-0.01773036162033459,0.01864962818729743,-0.0032521923878585657,0.15440596921557637,0.19632154534451884,0.22952850322094037,-0.0897976004467671,-0.1345260918002107,0.00472117380128223,0.02263062305405006,0.09306145405407973,1263
2026-09-28,IE00BJ5JPH63,3SUD.DE,EUR,5.070000171661377,5.070000171661377,-0.026647149371844314,-0.03443284004705527,-0.04763687213587331,-0.032442673069146166,0.06117280244016544,0.05220469872613792,-0.04763687213587331,-0.0510948468654806,-0.025771849528248958,-0.032459699336262915,-0.03533725533604781,1281
2026-09-28,IE00BJZ2DC62,XRMU.L,USD,59.00867552868926,59.00867552868926,0.0016449899442068094,0.014868239473211586,0.031427979139683426,0.1846959767690457,0.12561825335460378,0.1303399309066065,-0.033469853884432466,-0.08608559168927943,0.016019024088536282,0.021302942018915916,0.095203383271526,1268
2026-09-28,IE00BJZ2DD79,XRSU.L,USD,366.4180422163522,366.4180422163522,-0.016347080023241034,-0.03922968130832172,-0.05859606628116576,0.10677960672487785,0.13738389691262812,0.140564245183623,-0.06800964001930565,-0.09191930547627514,-0.016970692087437178,-0.035588707649868434,0.0346709278922388,1268
2026-09-28,IE00BKBF6H24,IWLE.DE,EUR,10.819499969482422,10.819499969482422,-0.0071120804898648915,-0.004141937144308772,0.010465941801607759,0.1023211177712049,0.09426510512705984,0.09891506831120196,-0.029517160170236978,-0.07851649475827649,-0.0009649238465530008,-0.0002337861508955319,0.05436312037715796,1281
2026-09-28,IE00BL25JL35,XDEQ.SW,USD,80.03172324137299,80.03172324137299,0.011388798279645673,0.013755194387333747,0.02151605351246677,0.1320499825014403,0.10254924483703699,0.0994541626154561,-0.039215467351097044,-0.0645891391851322,0.01661745583561447,0.014115202683076644,0.07743339936217875,1263
2026-09-28,IE00BL25JM42,XDEV.SW,USD,73.94101512193139,73.94101512193139,-0.005975150067374924,0.015404226165907309,0.03616355259510429,0.2724487339134385,0.12612918674668883,0.14434263369569533,-0.03157630572934933,-0.05770898221228993,-4.8866469822050895e-05,0.017211517571109614,0.15700787406412542,1253
2026-09-28,IE00BL25JN58,XDEB.DE,EUR,44.77000045776367,44.77000045776367,-0.0033392189959023932,-0.010935578008600788,0.017153267717477272,0.06102620645960832,0.07099755007666533,0.08978706571133703,-0.024500063829753338,-0.053087219156055854,-0.004120762298958303,-0.004113000383982324,0.035301908918056846,1280
2026-09-28,IE00BL25JP72,XDEM.SW,USD,87.09799982146876,87.09799982146876,-0.000456486286616653,0.05154228510495695,-0.010722270314288518,0.19638051246242516,0.1656281493316383,0.23582303155604756,-0.09455798733657872,-0.12784451494966353,0.024541677204245937,0.031431518416307425,0.11089747755765234,1253
2026-09-28,IE00BM67HK77,XDWH.L,USD,54.83394792503532,54.83394792503532,0.012807224231897285,0.013903529867278053,0.023784767459232192,0.12071194572675026,0.1393291071497153,0.15779865801075155,-0.05875719335444407,-0.10318579402849182,0.01777643888192415,0.01986528144133981,0.08094934853063651,1268
2026-09-28,IE00BM67HM91,XDW0.L,USD,66.8044324361929,66.8044324361929,0.01013755747697287,0.03909416551169542,0.17019895947360686,0.0992925136916849,0.20878043249987574,0.21068348563591477,-0.05429453431446529,-0.15272657622424402,-0.004264790954905284,0.02650772450604033,0.13471630010165025,1268
2026-09-28,IE00BM97MR69,XT0D.L,USD,56.11273451608185,56.11273451608185,0.00792826293867721,0.026234875832632953,0.011454513623252005,0.04355152066334811,0.03854063660763286,0.04172431914341206,-0.0240998227837117,-0.035956034609163745,0.013735101699971608,0.016012122858518163,0.034504804599412076,1268
2026-09-28,IE00BMDFDY08,UEEF.DE,EUR,5.658599853515625,5.658599853515625,-0.016648117382291217,-0.02414381722662784,-0.02431206769778571,-0.013528120400180144,0.04337700474748314,0.039739781239286794,-0.027029872299835223,-0.027595803436302302,-0.015710804433487713,-0.01902184557479958,-0.01566697001567141,1281
2026-09-28,IE00BMG6Z448,EXCH.AS,USD,8.309905089271906,8.309905089271906,-0.01925298695761113,0.027672307893926273,-0.007452214650945366,0.2026297060475737,0.24045014364979522,0.2846151256915156,-0.12987824477777454,-0.17728773058573388,0.005004669715980459,0.03581509185065013,0.13177463552942692,1287
2026-09-28,IE00BQ3D6V05,0P000166SB,USD,79.70653822475407,79.70653822475407,0.017356161475554632,0.029373024835265493,-0.018378250720613276,0.2134382332434015,0.12825326645811036,0.2012014710906636,-0.10995559549498857,-0.12341477579416804,0.019030003639738835,0.023075498162845598,0.09585882904737653,1207
2026-09-28,IE00BYVQ9F29,NQSE.DE,EUR,17.506000518798828,17.506000518798828,-0.0017106968805669087,0.03000707343976683,0.01190758906491629,0.19088440448585042,0.15232388069859776,0.18973172866943322,-0.08057798619696932,-0.11870130610035734,0.01949186058659147,0.029851971529956778,0.09400948181020885,1281
2026-09-28,IE00BYZK4552,RBOT.L,USD,18.984024806622585,18.984024806622585,0.0022763307346873596,0.014137595892684374,0.014259845139586114,0.3312866900940694,0.24864765957288434,0.2811900051037507,-0.09875888449034531,-0.1270730588029788,0.029742692897889444,0.03793921031018321,0.1697811614731768,1268
2026-09-28,IE00BZ02LR44,XZW0.L,USD,49.97368717722411,49.97368717722411,-0.0005608832601946556,0.004244091749678658,0.03318414896083555,0.1661802900719278,0.136492527784265,0.13892575841765498,-0.03517718499463052,-0.10518426628150501,0.011143451823173223,0.017739988145527574,0.08564281568615861,1268
2026-09-28,IE00BZ036J45,XDGE.DE,EUR,9.562999725341797,9.562999725341797,-0.025972715278284486,-0.03423557738611194,-0.05370895832539058,-0.054263815933116355,0.0592619601474764,0.054120394723744344,-0.05370895832539058,-0.07060505804262585,-0.02392374491254423,-0.03125572634481655,-0.048412014063703324,1281
2026-09-28,IE00BZ163G84,VECP.AS,EUR,46.560001373291016,46.560001373291016,-0.009361672908701824,-0.016709634274641005,-0.029475253434905868,-0.015370892553558946,0.03287448690016779,0.029166436608941027,-0.029475253434905868,-0.03007659148121422,-0.009258624537638038,-0.01656193522063043,-0.01944161335977923,1286
2026-09-28,IT0000072618,ISP.MI,EUR,6.76200008392334,6.76200008392334,-0.0026548857415917837,-0.003977014327941619,0.08417509962012804,0.23629148003290856,0.18588041704347816,0.1775717782119416,-0.03816682751964695,-0.18962136424504183,0.005591586486199285,0.007161249033407868,0.14467434476798924,1277
2026-09-28,IT0003128367,ENEL.MI,EUR,8.713000297546387,8.713000297546387,-0.026262813799671658,-0.07515117980886854,-0.11870274101623524,-0.09369133292972454,0.21003779325323965,0.1697820222739297,-0.1325168675690619,-0.1325168675690619,-0.023742535611719684,-0.07358770290310612,-0.06476603195892305,1277
2026-09-28,IT0003132476,ENI.MI,EUR,24.57999992370605,24.57999992370605,0.04729444579574271,0.06673514455102492,0.21923796249587002,0.05006103424216124,0.22440982882491348,0.2861498908358704,-0.07494912450458358,-0.18371762343297826,0.037105725561217495,0.053395449779898074,0.1733768176417645,1277
2026-09-28,IT0003242622,TRN.MI,EUR,9.18000030517578,9.18000030517578,-0.02278047125967364,-0.0578817841264716,-0.09467455676953107,-0.08597918037565722,0.18113772632924893,0.15874117643320287,-0.13442623614171878,-0.13442623614171878,-0.013518424049358768,-0.05407045832378299,-0.043913458310290365,1277
2026-09-29,LU0029874905,TEP6.F,EUR,69.05599975585938,69.05599975585938,-0.02339130745338236,,,,,,-0.02363170189880326,-0.02363170189880326,,,,8
2026-09-29,LU0048574536,FPGK.MU,EUR,60.92499923706055,60.92499923706055,-0.008753266244860947,,,,,,-0.010443762150951885,-0.010443762150951885,,,,8
2026-09-29,LU0050427557,FJRC.F,EUR,33.25299835205078,33.25299835205078,-0.0337363591379809,,,,,,-0.03541801664949307,-0.03541801664949307,,,,8
2026-09-29,LU0052474979,JPJX.F,EUR,168.35400390625,168.35400390625,-0.025892593144885345,,,,,,-0.025892593144885345,-0.025892593144885345,,,,8
2026-09-29,LU0053696224,JPJW.F,EUR,58.02999877929688,58.02999877929688,-0.01401751370922022,,,,,,-0.026301934376576797,-0.026301934376576797,,,,8
2026-09-29,LU0055114457,FPGL.F,EUR,15.97700023651123,15.97700023651123,-0.014434655456557088,,,,,,-0.04762749624664098,-0.04762749624664098,,,,8
2026-09-29,LU0058908533,JPJV.F,EUR,91.12000274658205,91.12000274658205,-0.03270659303109946,,,,,,-0.03929483663891897,-0.03929483663891897,,,,8
2026-09-29,LU0070212591,IH5Y.MU,EUR,2481.35009765625,2481.35009765625,0.000927794430456208,,,,,,-3.935607943983399e-07,-3.935607943983399e-07,,,,8
2026-09-29,LU0073232471,MSJ6.F,EUR,210.36700439453125,210.36700439453125,-0.032817637884365314,,,,,,-0.034247322862720475,-0.034247322862720475,,,,8
2026-09-28,LU0088087324,SESG.PA,EUR,4.283999919891357,4.283999919891357,-0.12177119498740308,-0.12464244521000811,-0.4813559562732256,-0.30791601287722226,0.44813183189427946,0.48331316299853483,-0.4813559562732256,-0.5666161031160692,-0.09052311199718355,-0.19183536551322655,-0.33052958443296687,1287
2026-09-29,LU0090841262,0P00000DWT,USD,79.57664837405234,79.57664837405234,-0.04891303902084765,-0.1060664995265248,0.1711579392474254,0.061145717456291715,0.3320751372942373,0.42608194049688786,-0.11435959369590554,-0.35059423030144754,-0.051913529309013606,0.01248461760589703,0.013502408165891877,1014
2026-09-29,LU0099161993,C5Q1.F,EUR,335.3689880371094,335.3689880371094,0.0004444448895164488,,,,,,-0.008712845489619148,-0.008712845489619148,,,,8
2026-09-29,LU0099574567,FJ2P.F,EUR,95.91300201416016,95.91300201416016,0.009610547517475254,,,,,,-0.014109108664772774,-0.014109108664772774,,,,8
2026-09-29,LU0107398884,JPJF.F,EUR,27.020999908447266,27.020999908447266,-0.007164891889577252,,,,,,-0.021408263029394248,-0.021408263029394248,,,,8
2026-09-29,LU0113257694,ZPJS.F,EUR,24.14299964904785,24.14299964904785,-0.009070787575115924,,,,,,-0.009802326336384115,-0.009802326336384115,,,,8
2026-09-29,LU0114722498,FJRQ.F,EUR,76.40599822998047,76.40599822998047,-0.016020647410854738,,,,,,-0.016767571507272594,-0.016767571507272594,,,,8
2026-09-29,LU0119750205,IUGL.F,EUR,31.32099914550781,31.32099914550781,-0.015217769376634993,,,,,,-0.015217769376634993,-0.015217769376634993,,,,8
2026-09-28,LU0131510165,0P00001UFS.F,EUR,900.719970703125,900.719970703125,-0.01755001243258192,-0.04830737460414114,-0.009392295900818692,0.05301796397443703,0.09596503908909398,0.10430915517742657,-0.06066393752847632,-0.07983177414353115,-0.023338224750726777,-0.03652855672509292,-0.01540601151116816,1083
2026-09-28,LU0138007074,0P000026CA.F,EUR,9338.6201171875,9338.6201171875,0.01042712728908013,-0.04986120134781591,-0.04162569356947199,0.06669180926782614,0.19469949882951823,0.1756434754599087,-0.09038874185237777,-0.18821294351051976,-0.014745689841382137,-0.02819608332111745,-0.038137151461836605,1082
2026-09-29,LU0141799501,0P000013Y8.F,EUR,40.37620162963867,40.37620162963867,-0.00906109279121503,-0.019261954332267184,-0.017036677873818018,0.01800204439499531,0.03168138526328425,0.021882003789992277,-0.02032321512039581,-0.02912220284095368,-0.011371242781314073,-0.015070645706519947,-0.00794821351180286,1076
2026-09-29,LU0147396450,0P00000SKL,USD,76.38479185433944,76.38479185433944,-0.004522794514745021,0.005018662285012132,-0.008659951907796337,0.09417500094152897,0.08186028056972734,0.08075169272845127,-0.02794189737695174,-0.05847591595879342,0.0039495099651642995,0.00272395746933074,0.03979191087030243,1003
2026-09-29,LU0147409709,0P00000LM2,USD,63.12494651522448,63.12494651522448,-0.013265512074437713,0.024813267117381965,0.013739460775244794,-0.008972208329401044,0.2544308103877088,0.22791293921202846,-0.08322682207633625,-0.1619830152579782,-0.0070237818438595445,0.011992109576630217,-0.0033289644612896074,1012
2026-09-29,LU0154236920,0P00000S3T,USD,79.25130496563033,79.25130496563033,-0.014122495250345812,0.011809984336619062,-0.025061729111829134,0.21647497415003114,0.13631755322946276,0.15364522107948897,-0.06427779643773479,-0.07975715410368611,0.0076548096999426996,0.008547593157872457,0.07826765663091684,1013
2026-09-29,LU0173614495,FJRH.F,EUR,57.345001220703125,57.345001220703125,-0.01680239227461844,,,,,,-0.025717959372117516,-0.025717959372117516,,,,8
2026-09-29,LU0202403266,FJ2E.HM,EUR,547.77099609375,547.77099609375,-0.0036523687441430974,,,,,,-0.014811090122962667,-0.014811090122962667,,,,8
2026-09-29,LU0227384020,XE67.F,EUR,17.61400032043457,17.61400032043457,-0.0069906721860560905,,,,,,-0.010616142300232778,-0.010616142300232778,,,,8
2026-09-29,LU0231205187,TESU.F,EUR,60.82600021362305,60.82600021362305,-0.026176307774089524,,,,,,-0.026176307774089524,-0.026176307774089524,,,,8
2026-09-29,LU0246036288,0P000026OM.F,EUR,302.3316955566406,302.3316955566406,-0.0005338930803441277,-0.011593526772953444,-0.014943091385588803,0.07710410181753358,0.11824221278536105,0.10852280150678825,-0.053226897145107865,-0.11572868599376362,0.00953382174284867,-0.0040486125287665375,0.03208422337243766,1113
2026-09-29,LU0248178732,0P00002A0A.F,EUR,495.0508117675781,495.0508117675781,0.009329523449711719,-0.02437049205528785,-0.040952004042919876,0.13454354482030384,0.0934283727795909,0.11853439925268208,-0.07194186720603224,-0.07648822010872047,0.003565886480013658,-0.018389207964247367,0.04622767915322301,1080
2026-09-29,LU0260869739,FLX6.MU,EUR,36.09999847412109,36.09999847412109,0.011884734891040472,,,,,,0.0,0.0,,,,8
2026-09-29,LU0261952419,FJR3.F,EUR,40.17900085449219,40.17900085449219,0.010589100067057933,,,,,,-0.005277470310174448,-0.005277470310174448,,,,8
2026-09-28,LU0261953904,IPGU.MU,EUR,31.825000762939453,31.825000762939453,0.0,0.005211652442279835,-0.002288543249808095,0.02943554327876652,0.01849953099018808,0.014125157635281703,-0.007461309937927263,-0.018100128537090643,0.0028597021451028937,0.002225232264391419,,190
2026-09-29,LU0266009793,XRUG.MU,EUR,135.61900329589844,135.61900329589844,-0.01143686185128212,,,,,,-0.01143686185128212,-0.01143686185128212,,,,8
2026-09-28,LU0266012235,0P00006CAL.F,EUR,166.30999755859375,166.30999755859375,-0.002279710104066246,-0.048624221261435174,-0.06224983459249522,0.03317386033046654,0.0881925618692209,0.10617100649568463,-0.08992340021295442,-0.08992340021295442,-0.018142327577689632,-0.044891434222072646,-0.013196456167159698,1083
2026-09-28,LU0274211480,DBXD.DE,EUR,237.0,237.0,-0.007537701125437946,-0.03285045073048842,-0.016801505913643155,0.06397306397306401,0.12223245738745098,0.1204751863026431,-0.048618126911504134,-0.12282175414505347,-0.009135187611288509,-0.016781100209731004,0.02142294512825549,1281
2026-09-29,LU0278272843,TGD0.MU,EUR,61.05199813842773,61.05199813842773,0.0035834978129167805,,,,,,0.0,0.0,,,,8
2026-09-29,LU0278937759,AEF5.F,EUR,33.922000885009766,33.922000885009766,-0.00847658424719222,,,,,,-0.011048817574366931,-0.011048817574366931,,,,8
2026-09-29,LU0280435388,P3IA.F,EUR,223.0489959716797,223.0489959716797,0.021380121734920987,,,,,,-0.012331635359758786,-0.012331635359758786,,,,8
2026-09-29,LU0284394235,5L42.F,EUR,194.7400054931641,194.7400054931641,-0.006448808818901974,,,,,,-0.009084264293772848,-0.009084264293772848,,,,8
2026-09-29,LU0289089384,JP5D.F,EUR,38.777000427246094,38.777000427246094,-0.008767855674942537,,,,,,-0.010659504812886134,-0.010659504812886134,,,,8
2026-09-28,LU0290356871,DBXP.DE,EUR,173.2899932861328,173.2899932861328,-0.0011816008347458329,-0.004481036394932247,-0.00716168241138182,0.00020194743201784604,0.014649591805501731,0.013004303155257194,-0.007820501242585154,-0.01239343130496584,-0.0017843140336445407,-0.0038096942698933045,-0.0032144666754752027,1281
2026-09-28,LU0290357259,0MUJ.IL,EUR,242.3999938964844,242.3999938964844,-0.012426168627742706,,,,0.05416585535586481,,-0.014834420280440352,-0.014834420280440352,,,,12
2026-09-28,LU0290357846,DBXG.DE,EUR,229.1100006103516,229.1100006103516,-0.03406552446514133,-0.0405778991523128,-0.09018348841769341,-0.07799108396472565,0.10870616196727365,0.10019209481217448,-0.09018348841769341,-0.1255677566849578,-0.027181262588169552,-0.0483346759852995,-0.0793439460455233,1281
2026-09-28,LU0290357929,XGIN.DE,EUR,212.52999877929688,212.52999877929688,-0.016019290827680055,-0.020599083966373888,-0.028700693978185976,-0.030826734980174852,0.03915923682378662,0.035255522385146364,-0.028700693978185976,-0.04626636926954897,-0.014387920076079475,-0.018922668550886645,-0.027171729372141296,1281
2026-09-28,LU0290358497,XEON.DE,EUR,150.3300018310547,150.3300018310547,0.0005990171365823915,0.0018861074614480167,0.005094730836940009,0.009807259768618293,0.0013801847657464615,0.0013550795328104294,-0.00011318309784169589,-0.00028315894672692465,0.0009438228219686984,0.0022176476652724375,0.008264149156564704,1281
2026-09-28,LU0292096186,XGSD.DE,EUR,38.755001068115234,38.755001068115234,-0.010215750827532788,-0.0035994186399473937,0.05194899729583202,0.10280686599214106,0.09024429399643986,0.08003177945397522,-0.02190977390575055,-0.03695373235385879,-0.007217531228447149,-0.004568389832614095,0.08090488894629888,1281
2026-09-28,LU0292097747,XASX.L,GBP,587.4898321790665,587.4898321790665,-0.016229910787129542,-0.03391066108749363,-0.008089310470293598,0.03664084281698732,0.12760970790392065,0.12431565332589611,-0.0476897196685625,-0.11277113453442278,-0.013539761760364644,-0.024859544153811752,0.021540767038342956,1268
2026-09-28,LU0292103222,DXSE.DE,EUR,223.6999969482422,223.6999969482422,-0.0017849582524716023,-0.01670331011761672,-0.049500781190331966,-0.0031194160752300304,0.1696624845202049,0.16133466180910058,-0.08951461788163362,-0.12667634179434772,-0.0005696528208715135,-0.01895002394967582,-0.014095538182651746,1281
2026-09-28,LU0292105359,DXSK.DE,EUR,137.36000061035156,137.36000061035156,0.0014581287758994588,-0.018857138497488823,-0.03957490905486727,0.02263246813853237,0.15029683204004812,0.1737484228412828,-0.07898301020361831,-0.16959672496210454,-0.004753064824408848,-0.02389384345663237,-0.013802876627902472,1281
2026-09-28,LU0304955437,0P00009UZB.F,EUR,644.6099853515625,644.6099853515625,0.021455587922414754,-0.024412030634154536,-0.03262548365107765,0.0919670303458413,0.19432744522566664,0.17289272534102273,-0.08999620876453229,-0.1709681485622948,0.0005649754178613797,-0.012642176580753728,-0.008124322530581818,1079
2026-09-29,LU0329355670,FHQV.F,EUR,412.8039855957031,412.8039855957031,-0.01180413402940017,,,,,,-0.018726784393483076,-0.018726784393483076,,,,8
2026-09-29,LU0352312184,ALW3.F,EUR,258.1809997558594,258.1809997558594,-0.01472679233408336,,,,,,-0.01472679233408336,-0.01472679233408336,,,,8
2026-09-29,LU0386882277,PBFH.MU,EUR,417.6969909667969,417.6969909667969,0.013045750832886949,,,,,,0.0,0.0,,,,8
2026-09-29,LU0390135415,FT94.F,EUR,94.66300201416016,94.66300201416016,-0.011558887623563385,,,,,,-0.011765308389140028,-0.011765308389140028,,,,8
2026-09-28,LU0392098371,0P0000JND6.F,EUR,150.1300048828125,150.1300048828125,-0.008257365303744435,-0.03135686455966935,-0.03577387395377574,-0.021699476641256932,0.053588610391645454,0.03809371193916709,-0.03812145616632312,-0.03812145616632312,-0.015172852457915553,-0.02605066502472464,-0.027710507951447583,1116
2026-09-28,LU0413543058,0P0000JC7Q.F,EUR,62.95000076293945,62.95000076293945,0.00913753903597736,0.0280908253072365,-0.0034826248596285803,0.06966868980670093,0.19027191685208736,0.25220425659574774,-0.11164011004042118,-0.1483880728068636,0.004275568371912897,0.021666816827613955,0.06623081498265337,1146
2026-09-28,LU0478205379,D5BG.DE,EUR,159.6699981689453,159.6699981689453,-0.008507173213509245,-0.016265168069486302,-0.02924366295924219,-0.015567736621054484,0.036557530006186265,0.03239812226864822,-0.02924366295924219,-0.02992194790383662,-0.008621106595760653,-0.016083324076008654,-0.01905854696630871,1281
2026-09-28,LU0496786574,LYPS.DE,EUR,69.74800109863281,69.74800109863281,0.002270509686119304,0.02362852738287291,0.025856792029700593,0.16495188366600866,0.08713377854814182,0.10503730940195487,-0.031373690344112415,-0.07117796160306766,0.015176432435060283,0.019983196157830285,0.09070451142240588,1281
2026-09-28,LU0514695690,LU0514695690-USD.LU,USD,15.47725382071524,15.47725382071524,-0.019665381058574627,-0.027303132285519838,-0.007710126454537725,-0.05492019812582882,0.17841751234108363,0.15855406931747676,-0.05969434439344401,-0.21207412036516404,-0.018690968309512668,-0.024201765233355044,-0.05550018936482992,1311
2026-09-28,LU0533033667,TNOW.MI,EUR,1259.52001953125,1259.52001953125,0.01413081575409536,0.06269780126971836,0.07136661911377162,0.3509814823798383,0.15940668743139477,0.22212661449463092,-0.06493379645736164,-0.15633227391759896,0.038895929234410875,0.05968646702273639,0.1870046588019818,1277
2026-09-29,LU0568621618,LU0568621618-USD.LU,USD,115.6015697113384,115.6015697113384,0.008696326184799874,0.024109696727034224,0.013942139994881142,0.044688105312965964,0.03661265428077614,0.04354020926809075,-0.02485952922150525,-0.036101772405168986,0.01364328245220725,0.017226186298445745,0.03546860631056847,1078
2026-09-28,LU0571100824,0P0000ZJKU.F,EUR,186.4900054931641,186.4900054931641,0.007400661258171182,-0.015260319543431877,-0.03752058845880801,0.05100317249345343,0.07099453254465643,0.0688140144236684,-0.05082910438495747,-0.05433553960763737,-0.0026232308470521826,-0.012984810104386901,0.01598342217002524,1067
2026-09-28,LU0616241476,LU0616241476.LU,EUR,126.87000274658205,126.87000274658205,-0.007587559598678406,-0.030045873191766326,-0.04673524504063531,-0.029749096999621916,0.05071512112806973,0.04249687648012064,-0.04673524504063531,-0.05959529091455673,-0.014762624464306873,-0.025565541453027363,-0.03706687063309544,1126
2026-09-29,LU0616856935,FP7X.F,EUR,190.47300720214844,190.47300720214844,-0.028897574095261724,,,,,,-0.03851045224174454,-0.03851045224174454,,,,8
2026-09-28,LU0641745681,0P0000V07V.F,EUR,120.66000366210938,120.66000366210938,-0.00024856059897271354,-0.00919687246193257,-0.0274844526565845,0.005751458151082911,0.05745897015392034,0.06313448273667602,-0.03847706898113523,-0.09149679928668508,-0.0034275972569947077,-0.00434697726952793,-0.01954686844917053,1112
2026-09-29,LU0702159772,FJR9.MU,EUR,41.65399932861328,41.65399932861328,-0.00979419352791,,,,,,-0.00979419352791,-0.00979419352791,,,,8
2026-09-28,LU0740858229,0P0000VOBL.F,EUR,174.4499969482422,174.4499969482422,-0.003825937572102811,-0.01933780680875319,-0.014573811494351108,0.053632839470947546,0.051595494807684196,0.04962592889706869,-0.02340036847288085,-0.04437875007878134,-0.00968741875795831,-0.010872758050680775,0.012122244189376241,1015
2026-09-29,LU0772926084,O7Z0.MU,EUR,146.10699462890625,146.10699462890625,-0.0030841578524941626,,,,,,-0.005641980070196118,-0.005641980070196118,,,,8
2026-09-28,LU0823410724,9XQ0.MU,EUR,616.6329956054688,616.6329956054688,-0.0014056349543981606,-0.04389679638852473,-0.04159646726241295,0.09517144894472196,0.059935363269688374,0.05931040171713526,-0.05866610289891905,-0.07647265690006522,-0.01470355442270932,-0.03253097578329489,,198
2026-09-29,LU0823425839,ZSRD.F,EUR,178.00100708007812,178.00100708007812,-0.03514118664788912,,,,,,-0.03514118664788912,-0.03514118664788912,,,,8
2026-09-28,LU0839027447,XDJP.DE,EUR,37.72999954223633,37.72999954223633,-0.005666099731639118,0.0296083796130171,-0.03478323326132304,0.19410457908831136,0.21976340575492798,0.2658103835799363,-0.12439591569183206,-0.1601806331877259,0.010654314141373522,0.02006120553079649,0.11250515074040979,1279
2026-09-29,LU0840617350,AH8J.F,EUR,241.1840057373047,241.1840057373047,0.004343278488381008,,,,,,-0.005709154872882927,-0.005709154872882927,,,,8
2026-09-28,LU0870553459,0P0000XTFE.F,EUR,272.9599914550781,272.9599914550781,0.012988941256548259,-0.01915274327566585,-0.019997872217104806,0.08701362268176349,0.12899900716395654,0.11670221125266325,-0.06344841088475339,-0.09784224955302956,0.0023998482204175,-0.005613125721345313,0.01952200875022614,1116
2026-09-29,LU0914729966,TC60.MU,EUR,350.19000244140625,350.19000244140625,0.008031112820782615,,,,,,0.0,0.0,,,,8
2026-09-28,LU0914731947,0P000100RL.F,EUR,189.5,189.5,0.010020279990084369,-0.024854637912543054,-0.015993362767525054,0.1306682165808406,0.12987976582762198,0.1270772571837629,-0.054549129873747715,-0.11271244330571528,-0.005249335864204507,-0.011823699987932645,0.03411092707543362,1103
2026-09-28,LU0914733059,0P00011IV8.F,EUR,211.07000732421875,211.07000732421875,0.003327528750672437,-0.03919330680363642,-0.036033974916519496,0.12654785779583944,0.1836264589076883,0.17217345586291236,-0.0781443828767796,-0.11810523160610065,-0.013408032644708245,-0.02392574315223739,0.029153950688279195,1103
2026-09-29,LU0922334643,FPG6.MU,EUR,41.72999954223633,41.72999954223633,0.0,,,,,,0.0,0.0,,,,8
2026-09-28,LU0935222066,0P00010URS.F,EUR,111.93000030517578,111.93000030517578,-0.001160068322775154,-0.008942820208937441,-0.009118261222068824,0.006745817574575819,0.016148172304363457,0.01226147997849247,-0.01008224456288398,-0.01584492251204206,-0.0041061703624472035,-0.006417934484987953,-0.004942391073171182,1091
2026-09-29,LU0941349275,I4G0.MU,EUR,138.34500122070312,138.34500122070312,0.0,,,,,,0.0,0.0,,,,8
2026-09-28,LU0992632538,0P00013N23.F,EUR,138.4199981689453,138.4199981689453,-0.0063886254055391944,-0.02003541119330754,-0.01634453547332282,0.01221205242373169,0.030750001007032526,0.025409494420198887,-0.0225956578066131,-0.034728582145374776,-0.009701250877155676,-0.015645013732432766,-0.008388448825253358,1101
2026-09-28,LU1033933703,0P00012DVG.F,EUR,324.1600036621094,324.1600036621094,0.01569797857257682,0.014744064094840637,0.004898062978528239,0.15236408719891137,0.0990078311011541,0.10342001837270974,-0.04620943451539339,-0.07255281524046797,0.01443767550993269,0.010916890748965402,0.06011067000192982,1114
2026-09-29,LU1100076550,1SCD.MU,EUR,232.74400329589844,232.74400329589844,0.008921211585635858,,,,,,0.0,0.0,,,,8
2026-09-28,LU1109942653,XHYG.DE,EUR,15.40999984741211,15.40999984741211,-0.011545882194613166,-0.016341153632996264,-0.018110730912350825,0.0008282345992465245,0.038457598393509054,0.03084065034546651,-0.019867591446003474,-0.028147873491851882,-0.010123603605868614,-0.013662790773975808,-0.005926352664794021,1281
2026-09-28,LU1159238036,LU1159238036.LU,EUR,25.55430030822754,25.55430030822754,0.0096443557620991,-0.02100184227840418,-0.010041224474475419,0.1576126579859194,0.1262516868832951,0.1214386857579162,-0.04483248811305185,-0.10213260250245715,-0.002623569140231874,-0.008294836061846,0.050235763503954534,1078
2026-09-28,LU1160356009,0P0001678E.F,EUR,1515.300048828125,1515.300048828125,0.017758596333233623,-0.03500054805936459,0.062302385515495384,0.16276223494557573,0.18157161249278536,0.17159008262247716,-0.07070805382953571,-0.1200729496753532,0.0020921019302462263,0.012602601981253958,0.07732403571796498,1075
2026-09-28,LU1161083644,0P00016MO1,USD,20.052841894660705,20.052841894660705,0.0008842206652663887,-0.0247239884647249,0.04731681577029678,0.10034995712088612,0.09904357331764678,0.0918110167841167,-0.03707651210166918,-0.07086191472608194,-0.009070159819993373,-0.009629006518537708,0.05509195017274826,1019
2026-09-29,LU1161527038,EDNN.MU,EUR,234.25900268554688,234.25900268554688,-0.003733954023695585,,,,,,-0.003733954023695585,-0.003733954023695585,,,,8
2026-09-28,LU1183791794,0P00016RHQ.F,EUR,174.76800537109375,174.76800537109375,-0.0002574074470095278,-0.03833601241290563,-0.06446117630146064,0.08495628620023132,0.17764856263007092,0.1671467932945278,-0.1019440654924878,-0.10652983119589832,-0.01286751976112177,-0.0289351170549621,4.841115766685e-05,1110
2026-09-28,LU1291097779,EEMK.PA,EUR,17.278900146484375,17.278900146484375,-0.019180563770445636,0.014168731305045146,-0.0064915523838183775,0.14532197356881205,0.19647670097623857,0.22092053751384663,-0.09130165758750086,-0.13262607355357947,4.572949066150578e-05,0.019716258293743794,0.08829586960719071,1287
2026-09-28,LU1291098827,EEMU.PA,EUR,20.51499938964844,20.51499938964844,-0.0031584321816607863,-0.013939000782191568,-0.016067193558375936,0.07803461110986953,0.12348569067862766,0.11882227045185563,-0.04754060668318072,-0.10277607011442924,-0.0011320577268781884,-0.009970298302622416,0.04737753354493801,1287
2026-09-28,LU1291102447,0E4H.IL,EUR,9.553000450134276,9.553000450134276,0.0,0.0,,,0.0,0.0,0.0,0.0,0.0,,,49
2026-09-29,LU1301026388,2QJ0.MU,EUR,210.7469940185547,210.7469940185547,0.0,,,,,,0.0,0.0,,,,8
2026-09-28,LU1303940784,0P00018KOU.F,EUR,28.36000061035156,28.36000061035156,0.0021201899260985257,-0.014593469988652075,-0.0007046705780981988,0.10651586184067985,0.09131705869979727,0.0881820423129643,-0.031023771507394104,-0.10474171860749526,-0.0071070756227006315,-0.0067175950577692545,0.019421510231436345,1107
2026-09-28,LU1329694266,0P00018EGL.F,EUR,235.3699951171875,235.3699951171875,-0.0016966074904556372,-0.01017703956126248,-0.011839318591520098,0.07849151939542076,0.09704720619979477,0.10833554258032185,-0.04326888593482081,-0.08607298754556802,0.00018058122254860365,-0.0029508791438509485,0.030873180166806957,1115
2026-09-28,LU1379103812,0P00018FWZ.F,EUR,641.9500122070312,641.9500122070312,0.00675929593435276,-0.013886508491611549,-0.012354177825488866,0.17459238796615906,0.12327618559779088,0.136742127440061,-0.049243678720523265,-0.07933928105110122,-0.004994003073516384,-0.010061136769268564,0.06762334401244385,1077
2026-09-28,LU1435385593,0P00019846.F,EUR,309.739990234375,309.739990234375,-0.003859304681318343,-0.01672968911423167,0.02965222622490815,0.10664894788558743,0.18216518476010968,0.1740560886049113,-0.06464263345394483,-0.18107797123110614,-0.015667241768211326,0.0017632567514205277,0.013729201646698996,1125
2026-09-28,LU1486845537,0P00018X0B.F,EUR,116.31700134277344,116.31700134277344,-0.0018278335085787356,-0.005259448807363842,-0.002581032797801197,0.011654539585070234,0.00857248846126809,0.0064941446722029455,-0.005446594598155996,-0.00857780195084168,-0.002830749900459839,-0.0033679919800351232,0.0025665253172599822,1096
2026-09-28,LU1530899142,0P00019MC0.F,EUR,2549.969970703125,2549.969970703125,0.018785840887164174,0.032209387752923924,0.044611543009472454,0.2961049940798621,0.17676803339491112,0.214369501926159,-0.09865184137446215,-0.170881689258088,0.0228558703719397,0.029251164329455515,0.12754024395058972,1059
2026-09-29,LU1582988058,0P0001CGZV.F,EUR,12.57390022277832,12.57390022277832,-0.016872900786013112,-0.013525456355275023,-0.02521863414726455,0.014359623214048378,0.05644481419603718,0.05795670476565983,-0.025412486011909596,-0.056615818138602614,-0.010687846383230282,-0.014089345215010818,-0.00020655679804448823,1097
2026-09-28,LU1598757687,MT.AS,EUR,61.29999923706055,61.29999923706055,-0.024817075376135422,-0.04368173640738826,0.07836453174863345,0.183678720314441,0.27368246571689697,0.2997331511343703,-0.09238971859463252,-0.2619465623536297,-0.04601834688491224,-0.024864388328182163,0.14963405260221196,1287
2026-09-28,LU1623762843,0P0001FE3K.F,EUR,155.1699981689453,155.1699981689453,-0.01007975649795656,-0.023903900248966714,-0.02903447506747625,-0.007610657692255551,0.02941129198348007,0.022157960993381496,-0.029762988337563745,-0.03145876245997081,-0.013500254891966934,-0.020683238613757315,-0.021147812293437096,1111
2026-09-29,LU1670631289,0P0001DFNP.F,EUR,11.400500297546388,11.400500297546388,-0.021693424317830945,-0.02581471127404167,-0.03311027362054342,0.00445819353339294,0.05027713057595167,0.04373609459346372,-0.033782206037978546,-0.05265460607611028,-0.01959980109694537,-0.024272777815879554,-0.020463778944793898,1095
2026-09-29,LU1670707527,0P0001DFNB.F,EUR,22.898399353027344,22.898399353027344,-0.005727271748501628,-0.022087859114449215,-0.0004888759084417105,0.1168262348982918,0.08369042780362826,0.08865766602868604,-0.04148256123051064,-0.092062237404823,-0.006394043374434832,-0.0148415945247109,0.04441657216144179,1097
2026-09-29,LU1670719613,AN0B.MU,EUR,13.484000205993652,13.484000205993652,0.0031991831933082526,,,,,,0.0,0.0,,,,8
2026-09-28,LU1681043912,CC1.PA,EUR,256.3500061035156,256.3500061035156,-0.030812831366670568,-0.05545316186966831,-0.0826623907477303,-0.10461048888032354,0.145500099154033,0.17384904941173474,-0.09735913343832525,-0.21304679630540102,-0.022823629471517948,-0.050541463892722405,-0.106202689414434,1287
2026-09-28,LU1681044480,AASI.PA,EUR,58.9900016784668,58.9900016784668,-0.015027512445378255,0.0241320007147261,-0.011064540327392458,0.18168364841203855,0.21631210078285265,0.2524350860207767,-0.10980725706966044,-0.16060702050246078,0.008608846773157541,0.029382540261430945,0.1030854705247628,1287
2026-09-28,LU1694789535,0P0001CH1E.F,EUR,128.41000366210938,128.41000366210938,-0.003801320850088552,-0.010022380575660184,-0.006268360555192198,0.005481204155155517,0.02650713562982784,0.019918018093727046,-0.011394223839352846,-0.021087619460482876,-0.006233737116659865,-0.007650664876736157,-0.0029659928825411797,1116
2026-09-29,LU1819480192,EHQ6.MU,EUR,313.3009948730469,313.3009948730469,0.0326777405763885,,,,,,0.0,0.0,,,,8
2026-09-28,LU1829219390,BNKE.PA,EUR,399.3500061035156,399.3500061035156,-0.007209431687966172,0.0007518313988834624,0.04391587726213375,0.2316873595034208,0.17221895473756932,0.18862014192545243,-0.03777279349247642,-0.17132240226421158,-0.003928400315481362,0.004196842469068152,0.146020945262348,1287
2026-09-28,LU1829221024,UST.PA,EUR,108.23999786376952,108.23999786376952,0.006790026165323981,0.05250876816580852,0.01892115639008618,0.2402744697098511,0.14493650727067076,0.18142650999348225,-0.07681449123833406,-0.1004836368906451,0.03310534887644767,0.0454071947934338,0.12594511523414753,1287
2026-09-28,LU1861137484,EUSRI.PA,EUR,90.44000244140624,90.44000244140624,-0.006044570120627313,-0.021212110953523378,-0.03210616354468976,0.0576788022168675,0.11059859988378058,0.10245526848282444,-0.04830604529024518,-0.1023277887365529,-0.002943524632715633,-0.014105979786404599,0.02343277458784576,1287
2026-09-28,LU1861138961,MSRU.L,USD,72.31506992264066,72.31506992264066,-0.01513000622590377,0.022137491564772294,-0.0041195114856059645,0.1320695649597623,0.19204118241828674,0.21406410306008453,-0.09379195170588517,-0.11701396963064925,0.010054495928973006,0.03206764900136316,0.08888055877903622,1268
2026-09-28,LU1876459212,0P0001FKPX.F,EUR,4485.68017578125,4485.68017578125,-0.013483657415898853,-0.03420144055974783,0.01814686684543343,0.13797471443398956,0.10896226596987231,0.10377240168752123,-0.042815998659665455,-0.09673177833130864,-0.022937530722739408,-0.0228022755180719,0.05946344120317715,1030
2026-09-28,LU1900066462,CEC.PA,EUR,48.32500076293945,48.32500076293945,-0.02521432134670698,0.014378702394355125,0.08607713053140764,0.16193797993848968,0.15163205281106576,0.15516215813079362,-0.02521432134670698,-0.09557020854051512,-0.006588466137287474,0.014823895683153454,0.14025355886810997,1287
2026-09-28,LU1951200481,0P0001H0TE.F,EUR,290.3900146484375,290.3900146484375,0.03514781275459189,0.05665529040558548,0.04325492466648018,0.34670504137981406,0.2242955920585138,0.22503180314071478,-0.08981197493712922,-0.16763490233573852,0.03553355783587686,0.047211289377692145,0.14991828211559777,1094
2026-09-28,LU1951204046,0P0001H0TH.F,EUR,176.7100067138672,176.7100067138672,0.0108689959487962,0.005405167482491535,0.022923338430490325,0.13793556799417517,0.09922133780920414,0.09808074803777024,-0.037086682521467296,-0.13027168506338482,0.008656178400326286,0.010240221640788416,0.04064655734833145,1095
2026-09-28,LU1951225553,0P0001H0TF.F,EUR,191.1699981689453,191.1699981689453,0.009931876747286239,0.0035170507556183672,0.02142548850381254,0.2498855964909672,0.22769925265990895,0.17530331723760365,-0.07629518509617139,-0.1521618507592264,0.012027647732269164,0.010213626901125039,0.09551594951973574,1095
2026-09-28,LU1951229035,0P0001H0TG.F,EUR,184.1300048828125,184.1300048828125,0.009872226368020875,-0.020845509733208534,-0.01159476343961574,0.050490678714911974,0.12229833590827346,0.11449027766227451,-0.06752966028252883,-0.08892292793840006,0.00017928333322414503,-0.015017836567698839,0.010450533833688214,1095
2026-09-28,LU1953136527,REUSE.PA,EUR,22.40999984741211,22.40999984741211,-0.001648356363786574,-0.017144045484120407,-0.02846118270748832,0.07314218563516062,0.10142312730348477,0.10149436828435777,-0.05256775728678653,-0.07680804811696162,-0.003054688222298485,-0.014105038999296826,0.029308717561889353,1287
2026-09-28,LU2095319849,0P0001JAB0.F,EUR,120.18000030517578,120.18000030517578,-0.005461734961240583,-0.05108567818991372,0.02779440683757639,0.06372806456285462,0.19055617971904867,0.1690891389531863,-0.06511233426265506,-0.2169341651746023,-0.02391481762698744,-0.030246498003917655,-0.01291027525784827,1095
2026-09-28,LU2147879543,0P0001L9PD.F,EUR,772.6199951171875,772.6199951171875,0.0017114058668610266,-0.012664094422794148,0.003116024649258975,0.08431809995584305,0.05736448454290845,0.054934304038812797,-0.025105978759957903,-0.06462585851593328,-0.0030349508911501344,-0.005443794533663393,0.019029407198374093,1055
2026-09-28,LU2181906426,0P0001L535.F,EUR,280.6400146484375,280.6400146484375,0.0353045599499775,0.05452226167438101,-0.034041180506018454,0.4855751903451315,0.24954653773861618,0.364528728696623,-0.2041097418542499,-0.22199790594022362,0.029248401065926632,0.05179842449951644,0.19119985365152203,1105
2026-09-28,LU2210151341,0P0001KKA7.F,EUR,12.119999885559082,12.119999885559082,-0.00410847908146339,-0.017031633369536503,-0.02179180389685631,-0.010612254240074948,0.05222897175061236,0.06448084437637193,-0.035115689525953786,-0.06790124319835567,-0.009601639813282437,-0.01564252355059559,-0.028059576065706193,1145
2026-09-28,LU2244387457,ASRE.DE,EUR,9.598999977111816,9.598999977111816,-0.005923699737093391,-0.01471918518719395,-0.025304103408425593,-0.015749619952080574,0.03517022772347447,0.02933136926885059,-0.025446260748712146,-0.033279658736767526,-0.007115380738845545,-0.013801233714420769,-0.019407237604751715,1281
2026-09-25,LU2257980289,0P0001LZLW.F,EUR,184.6699981689453,184.6699981689453,0.006869824337156993,-0.012195767940708202,-0.04622454898227457,0.03398651656210783,0.1014718270166547,0.10527627604734852,-0.06923196880111027,-0.0865476736691041,0.003338644277763647,-0.013343148095817048,-0.0047496396075872305,1033
2026-09-28,LU2358392376,0P0001OOS9.F,EUR,502.739990234375,502.739990234375,0.020895477251034578,0.007979750563041899,-0.015952600717144216,0.1219620932025327,0.16388300803771136,0.1541111919748178,-0.06521953134501446,-0.08943559868933093,0.019120911379476135,0.011939799222835612,0.034535425346755355,1047
2026-08-13,LU2459590019,0P0001OS4A,USD,32.7232286283375,32.7232286283375,0.004499105658849034,0.005475125287047744,0.060352602796345245,0.1042763861843663,0.087369021677686,0.09641785958015901,-0.022372601723535612,-0.07641815975661459,0.005937655254111496,0.011429412807712813,0.06785466354049907,971
2026-09-28,LU2533811910,BJLL.DE,EUR,10.092499732971191,10.092499732971191,0.00019819187014480377,0.000743648467610436,0.003280480463398794,0.009680296062765548,0.008552380549087128,0.010794995103094094,-0.0014882030882035213,-0.003047524042999572,9.411952998861217e-05,0.0008597683483757557,0.007484710343922396,776
2026-09-28,LU2611731824,GLDU.AS,USD,64.23191962573817,64.23191962573817,-0.051601602481050834,-0.08419908222436434,0.13105700228632555,-0.09516236444942638,0.3556348046158911,0.49590178308333666,-0.1403372102981315,-0.3623354744639051,-0.06164777352764916,-0.011337287687414044,-0.004013034224027767,1250
2026-09-29,LU2616774076,BJLJ.DE,USD,9.886849380373242,9.886849380373242,-0.013285739603146274,-0.005395862942442764,-0.0321843584022774,-0.010327473707180457,0.06284409963846607,0.06646549512191413,-0.03527412085204262,-0.050071814819599214,-0.005639070286205583,-0.010131890812830946,-0.01302022215614096,754
2026-09-25,LU2638914734,0P0001RNZQ.F,EUR,345.2200012207031,345.2200012207031,0.01897928661886339,0.038599193738824145,0.261768982161829,0.3952229375565659,0.42205132350080476,0.37879206742546,-0.09354630872537983,-0.3124012853622107,0.04521060600529392,0.12178747976347748,0.21145999206748667,701
2026-09-28,LU2707622630,0P0001T0AG.F,EUR,130.8800048828125,130.8800048828125,-0.031379443365859516,-0.05076878265234663,0.02691257761240462,-0.0015257624767197608,0.20069040106080216,0.1825366608436386,-0.056856663160125165,-0.23394246327931445,-0.031931146662721566,-0.018198697932162666,-0.044445860306811524,550
2026-09-28,LU2798962978,0P0001UBP6.F,EUR,148.16000366210938,148.16000366210938,-0.008896928103434343,-0.011343900582666655,0.044189190918541676,0.13358842480142852,0.11084933072436141,0.10365429129897834,-0.030106550021525624,-0.08982159224906872,-0.002997850880142261,0.0041859387790978975,0.05447156648216911,425
2026-09-28,LU3038520774,DEFS.PA,EUR,5.795000076293945,5.795000076293945,-0.01746349462955865,-0.04199036519310917,-0.05925321106485171,-0.03448846780189185,0.18230398571238768,0.19264015918391594,-0.13799880329444303,-0.2196261406823472,-0.0071189139787453115,-0.04733251527078752,-0.029552986010168758,355
2026-09-28,LU3103551860,0P0001XEZ8.F,EUR,113.62999725341795,113.62999725341795,0.0050415682569671105,0.002028180991572315,-0.0014061311259516707,0.10707324560718856,0.07869633713156451,0.07522016289867035,-0.023314487832326813,-0.047610174847362186,0.002120983049969327,0.0032278238801064507,0.04406372876677067,255
2026-09-28,NL0000226223,STMPA.PA,EUR,45.84000015258789,45.84000015258789,0.026651704054685643,0.06788648483884407,-0.27501362892309666,0.3570166523248435,0.44153927095211665,0.6093996924722441,-0.3413036490280207,-0.3985444317360619,0.03783945471329453,0.010599797188421078,0.11245600401252798,1287
2026-09-28,NL0000235190,AIR.PA,EUR,193.1000061035156,193.1000061035156,-0.008625077966474715,-0.020989653591304447,-0.07784139574056814,0.1602837014685401,0.1593934003440702,0.25275650669053673,-0.10677809030511487,-0.2771117091213976,-0.014584727732061653,-0.04962986179265294,0.025841069450502685,1287
2026-09-28,NL0006294274,ENX.PA,EUR,160.60000610351562,160.60000610351562,0.005635624123180971,-0.015328019046261132,0.07857631085710537,0.13245511450941838,0.17464923482054664,0.20346130964177142,-0.05021175377207321,-0.13907785679286322,0.007401876675052765,0.012304009732354348,0.1448723897322275,1287
2026-09-28,NL0010273215,ASML.AS,EUR,1537.0,1537.0,0.0375320471645928,0.05868573378313857,-0.05499208634648589,0.21437290228000472,0.3281406540223732,0.423736274567148,-0.16246601572163155,-0.2077144161694917,0.04790214424216832,0.031754238933956014,0.15976443139766427,1287
2026-09-28,NL0010832176,ARGX.BR,EUR,844.5999755859375,844.5999755859375,-0.026958553472422264,-0.0354042951854302,0.038868358654289725,0.23841638648964447,0.22410735677248445,0.45438327176996274,-0.11168510183636993,-0.273723521535453,-0.023651564088501775,0.01914237565974153,0.15006226579941906,1287
2026-09-28,NL0011794037,AD.AS,EUR,32.349998474121094,32.349998474121094,0.01251948987887408,0.05546488994287069,-0.07327647629130407,-0.19855833535496648,0.21569491168128016,0.22629406508469885,-0.14600071359196543,-0.25714308631402005,0.027244962794300775,0.004698982547802766,-0.08566804440361009,1287
2026-09-28,NL0011821202,INGA.AS,EUR,31.8799991607666,31.8799991607666,-0.009168611757235157,0.04576016147237194,0.1248085676109556,0.3536942374515435,0.18372644015484343,0.20418465586171367,-0.037540448599762466,-0.16877161691741893,0.00290992247791122,0.038009396204347956,0.2294712665140708,1287
2026-09-28,NL0012969182,ADYEN.AS,EUR,866.4000244140625,866.4000244140625,-0.027609400208684076,-0.17280885600633356,-0.0025327552771239326,0.008849600290080417,0.39738782048831517,0.5088703003689659,-0.22643068496512253,-0.4839642318575442,-0.07507536357057365,-0.09024467492576693,-0.13619828944417667,1287
2026-09-28,NL00150001Q9,STLAM.MI,EUR,4.047500133514404,4.047500133514404,-0.04235180394270377,-0.14888018717726637,-0.1938856388535395,-0.41263963800509207,0.4006070064378768,0.41149143885418454,-0.2506144834259645,-0.6194065497116723,-0.08567747679766935,-0.12785746864407854,-0.3553727410401851,1277
