date,asset_id,symbol,quote_currency,close_eur,close,ret_5d,ret_20d,ret_60d,ret_120d,vol_20d_ann,vol_60d_ann,drawdown_60d,drawdown_252d,sma20_ratio,sma50_ratio,sma200_ratio,observations
2026-10-08,AT0000A09ZL0,N550.MU,EUR,361.5700073242188,361.5700073242188,0.004204922482575091,,,,0.044431871960289984,,-0.00810772147945793,-0.00810772147945793,,,,15
2026-10-07,BE0003470755,SOLB.BR,EUR,24.979999542236328,24.979999542236328,0.027138151961102697,-0.03328175717001425,-0.05735850784013852,-0.03315165558215616,0.2116347831190674,0.17293200885907725,-0.10081539508910731,-0.14035087843632954,-0.008021615951412264,-0.029465716019593358,-0.025502237719913334,1294
2026-10-07,BE0974293251,ABI.BR,EUR,67.33999633789062,67.33999633789062,0.03092462725817291,0.0,-0.03358214634094003,0.09157667212987541,0.2193215425884084,0.21919113159479636,-0.1414893593276555,-0.14298171470367416,0.000921502450945022,-0.01872786824714312,0.022748793917827026,1294
2026-10-07,DE0005140008,DBK.DE,EUR,29.854999542236328,29.854999542236328,-0.06307862053410906,-0.14797377961806435,-0.061311138004363386,0.10280106893925467,0.30897311611022144,0.26513833640065326,-0.16489511769968312,-0.2676722440208219,-0.0785067395678073,-0.0986788984324436,0.0007799941510069353,1288
2026-10-07,DE0005190003,BMW.DE,EUR,53.65999984741211,53.65999984741211,-0.030007228065249247,-0.14363230165841923,-0.08927356559738597,-0.32014356847989145,0.23103967852728244,0.2498022123593883,-0.1576138272414056,-0.41742540211577583,-0.07759481011010705,-0.0945110444017726,-0.2408168530353979,1288
2026-10-07,DE0005552004,DHL.DE,EUR,55.560001373291016,55.560001373291016,-0.02526313380191203,0.020573158979334538,-0.03742203398702215,0.17572468286913323,0.2195029428695991,0.1778328684265572,-0.05845729999922167,-0.14333072083959342,-0.014788780569046533,-0.008841195650235778,0.10447479707176965,1288
2026-10-07,DE0005557508,DTE.DE,EUR,26.989999771118164,26.989999771118164,0.03370352892361561,-0.02808788886524638,0.014280313868868522,-0.06252174668873955,0.24888925514802387,0.28816059535771676,-0.10657986901391259,-0.27769587398998596,-0.010829934712621059,-0.03436778609914548,-0.048077192746962316,1288
2026-10-07,DE0005810055,DB1.DE,EUR,292.20001220703125,292.20001220703125,0.02132123723656454,0.0675922512784044,0.13168086131900703,0.12058913612040012,0.16455939353532142,0.18440115338246657,-0.06009615132693824,-0.1180042995028453,0.030397113565273415,0.043996531084506296,0.1783295745827671,1288
2026-10-07,DE0006048432,HEN3.DE,EUR,74.12000274658203,74.12000274658203,0.015064450206600632,-0.001347325147890155,0.002977012397301193,0.17658763007333067,0.19742382259825578,0.18867470377314807,-0.10200500098187815,-0.2432210362584949,0.010070757042810907,-0.013779375446943742,0.04249495984409979,1288
2026-10-07,DE0007030009,RHM.DE,EUR,926.2000122070312,926.2000122070312,-0.03157675808878524,-0.0851442217782643,-0.05112177505070847,-0.3462907096612441,0.30667439462764845,0.34570400113735267,-0.23706753524956237,-0.5161841163464312,-0.060549035958937125,-0.13926571635845764,-0.30143070697791396,1288
2026-10-07,DE0007100000,MBG.DE,EUR,39.83000183105469,39.83000183105469,-0.018844669704266348,-0.14701783721245987,-0.1394619863376393,-0.22130986035449018,0.2552255054735923,0.22845687146798777,-0.17600084570597707,-0.3135133645661471,-0.07078197244071693,-0.11513267788526071,-0.1891427124364986,1288
2026-10-07,DE0007164600,SAP.DE,EUR,187.6199951171875,187.6199951171875,0.010556885793481019,0.026030813140916376,0.3696890127692387,0.26226725663462447,0.27462176514527387,0.40362540399477415,-0.0734895059540539,-0.460752560270804,0.01560044290448559,0.033047357244496034,0.1427963665343075,1288
2026-10-07,DE0007236101,SIE.DE,EUR,271.20001220703125,271.20001220703125,-0.015607941172300355,0.02571867801634342,0.004072588221616158,0.12251657845916308,0.27463584969021054,0.2550131655266872,-0.10953941463317052,-0.20503662867365802,0.0011074647730944243,-0.018141884836360367,0.055006048893060155,1288
2026-10-07,DE0007664039,VOW3.DE,EUR,69.73999786376953,69.73999786376953,-0.010218581181642317,-0.14638922314831226,-0.06263445653947286,-0.17322887204547455,0.31954300929847296,0.331801012824507,-0.18796625034899206,-0.33718144146195184,-0.05881402647996492,-0.07241398504660834,-0.15668844098068258,1288
2026-10-07,DE0008430026,MUV2.DE,EUR,516.5999755859375,516.5999755859375,0.028264295107413906,0.04153220884261599,0.01652885316241237,-0.04706246871475306,0.15703592304520883,0.16809099952382334,-0.06060606060606055,-0.1969919530344898,0.016989153988827832,0.006225078599865652,0.026250151198521143,1288
2026-10-07,DE000A0F5UK5,EXV6.DE,EUR,82.33000183105469,82.33000183105469,-0.0025442098636220267,-0.07753499348958337,0.047855442927768665,0.026489431860543977,0.2586858965199173,0.23857031618356153,-0.10370042531379975,-0.18396071944220127,-0.014719942489923588,-0.029386017545274146,0.02918988267062339,1287
2026-10-07,DE000A0Q4R28,EXV5.DE,EUR,38.13999938964844,38.13999938964844,-0.004307555520500772,-0.06930210308228102,-0.048521884476670385,-0.1026753957610892,0.17375793789617278,0.16754085375021158,-0.09956862748324413,-0.21131735768449988,-0.032661017699633366,-0.053884443854094966,-0.08113194716819605,1287
2026-10-07,DE000A0Q4R85,4BRZ.DE,USD,53.449891982602814,53.449891982602814,0.15651972628012611,0.150678587427165,0.20300744884345634,0.08993684256830936,0.6182647373995223,0.39722269810199773,-0.08221780748007512,-0.1777901213915941,0.12655313344019947,0.18065581313702705,0.20517902961957968,1288
2026-10-07,DE000A1EWWW0,ADS.DE,EUR,146.75,146.75,0.009979331849880868,0.002048501591050522,-0.19764896174323632,0.030706727023915414,0.25820315706560515,0.3500161565657232,-0.22437826584589193,-0.328630068972118,0.01784259955814238,-0.02808132596057955,-0.04773985816811166,1288
2026-10-07,DE000A2JJ1W5,0P0001FAJ5.F,EUR,125.1500015258789,125.1500015258789,0.006676333921268762,0.0035282049926743664,-0.00015975587887628873,0.007892432724370346,0.04661685159119763,0.04169336101552171,-0.02422855115623168,-0.04542575052266418,0.00574598837148077,-0.0007042427140474539,0.003126418102851636,1252
2026-10-07,DE000BASF111,BAS.DE,EUR,51.18000030517578,51.18000030517578,0.019928258149030986,-0.02884251301249674,0.06758451754860273,-0.0021714705348399033,0.21825744783379614,0.20223739523926407,-0.07956021592594587,-0.13370372630931704,-0.0021300736029412626,-0.008126073374080223,0.046596845402294695,1288
2026-10-07,DE000BAY0017,BAYN.DE,EUR,43.970001220703125,43.970001220703125,-0.08300311739124033,-0.10738930737067531,-0.07839023130450495,0.10322714704374314,0.30796679382960707,0.24167812034039013,-0.1346456743172123,-0.3065455353648504,-0.08266831167336841,-0.09150637667993655,0.02143804317513598,1288
2026-10-07,DE000DTR0CK8,DTG.DE,EUR,40.68000030517578,40.68000030517578,-0.02749226573127095,-0.07398133342642133,-0.053072598414485306,-0.015019541170201767,0.1935184972638133,0.22676763749363546,-0.17983867829349498,-0.17983867829349498,-0.044958331541439245,-0.09403102242213868,-0.027859651186111667,1229
2026-10-07,ES0113211835,BBVA.MC,EUR,23.43000030517578,23.43000030517578,-0.05562270013995685,-0.06467061801295537,0.05493026884256147,0.21840878122303997,0.2590473455845774,0.24074636060262636,-0.07792206037490323,-0.18701772533483707,-0.052146104804251636,-0.05454808358188301,0.11194827209064995,1292
2026-10-07,ES0113900J37,SAN.MC,EUR,12.260000228881836,12.260000228881836,-0.005515885740101312,-0.03434151440565747,0.024398379582445617,0.16683122332307865,0.30688824547303845,0.25686155780811126,-0.08832613365165665,-0.171891814315276,-0.020618124731985876,-0.028101018321663673,0.1024332590196011,1292
2026-10-07,ES0148396007,ITX.MC,EUR,53.34000015258789,53.34000015258789,-0.010756640134521822,-0.020925099104757483,-0.013683462526102641,0.006593976328691742,0.18073756938078842,0.2060250722754664,-0.12453463596749692,-0.14986185286846476,0.0035181437035702867,-0.0451743148175181,-0.014212481794820153,1292
2026-10-07,FI0009000681,NOKIA.HE,EUR,9.543999671936035,9.543999671936035,0.05809303631701579,0.01705028243862161,-0.01956057002122724,0.11424161750380746,0.5714452357803569,0.5723845924483403,-0.223784491228751,-0.4829458829898745,0.037526593813343334,0.07168519327374678,0.10399087012417896,1270
2026-10-07,FR0000003196,0P00000QEY.F,EUR,477.9400024414063,477.9400024414063,0.002643303232745531,-0.011479012813229716,-0.028122876306469924,-0.025069882033934787,0.04895897294621788,0.03726500885882675,-0.034263686373574465,-0.05328822889222562,-0.002394137423751719,-0.014655438279550737,-0.02720671955475551,1253
2026-10-07,FR0000003998,0P00000I2M.F,EUR,3323.1298828125,3323.1298828125,-0.013026503657298294,-0.03548510141885275,-0.012610103098392278,0.05013791048050997,0.1326189911193353,0.11050648918001939,-0.06643693051208333,-0.1083091867769127,-0.016301039572665932,-0.0354654830962392,0.012536720239405774,1251
2026-10-07,FR0000027609,0P00000H0V.F,EUR,5099.330078125,5099.330078125,0.004048235796203281,-0.004938894813784067,-0.010428685798352766,0.005916003917546542,0.03437483039444087,0.02272001706519266,-0.01782235577681579,-0.01824339485090609,0.0020282156146433916,-0.0036695361080090194,-0.0027384526798065467,1249
2026-10-07,FR0000045072,ACA.PA,EUR,16.524999618530273,16.524999618530273,-0.059476385568850154,-0.10627367100659835,-0.07006194750487249,0.011691627543355843,0.21770677413068024,0.21232299392828086,-0.18193074285183353,-0.18193074285183353,-0.07508467679408148,-0.11468631111888938,-0.03401460975163584,1294
2026-10-07,FR0000051807,TEP.PA,EUR,70.76000213623047,70.76000213623047,0.007690129680147706,0.036928551455873926,0.2818840789534516,0.34910558245745493,0.3257048401525699,0.4505658454560241,-0.06838525773172399,-0.35422847770430843,0.004357541562470146,0.013741994289616644,0.22517574260007645,1294
2026-10-07,FR0000052292,RMS.PA,EUR,1280.0,1280.0,-0.042274597830153415,-0.09155429382540814,-0.23967923967923965,-0.2362768496420048,0.2238613355733691,0.34477548709079975,-0.24970691676436108,-0.42537861434492974,-0.05033942946173531,-0.1303284369012515,-0.2545579804695941,1294
2026-10-07,FR0000054470,UBI.PA,EUR,5.0320000648498535,5.0320000648498535,-0.04805140387775253,0.03135885879649192,-0.1221213929934385,-0.036015274501552175,0.4156049964040784,0.5504488778893898,-0.17826088615085767,-0.5843558498535533,-0.045695472255322334,-0.04783528814552729,0.002152891489261899,1294
2026-10-07,FR0000073272,SAF.PA,EUR,319.3999938964844,319.3999938964844,-0.0448564601488699,-0.010532819160653073,-0.034461893340876015,0.14372795836546137,0.25386408518320447,0.24172837118663731,-0.12156218774772976,-0.23617513957875091,-0.02984282670870453,-0.05907169855642347,0.011688399363243507,1294
2026-10-07,FR0000097156,0P00000QGO.F,EUR,688.0399780273438,688.0399780273438,0.02389951788056366,0.041884934340856717,0.055421770445598595,0.1534811803916385,0.08829584234721301,0.09628170548468606,-0.033817453515913254,-0.07356647804504624,0.023599412469752945,0.028450209124727177,0.10501578052911675,1248
2026-10-07,FR0000120073,AI.PA,EUR,168.6199951171875,168.6199951171875,-0.013225712201816009,0.001782246791321107,-0.037227385492650034,0.016195691245962207,0.16846890214935645,0.1555172855649963,-0.08182326131591211,-0.10528746423158142,0.006494243560125401,-0.0024940915357930526,0.04641657490947115,1294
2026-10-07,FR0000120172,CA.PA,EUR,15.954999923706056,15.954999923706056,0.0028284146276260635,-0.028023208417013334,-0.01396826669134188,0.025568737533278263,0.2222818935039673,0.2199703126743433,-0.08834025602950824,-0.08834025602950824,-0.01618621577450352,-0.005522460000761287,0.04781450211752114,1294
2026-10-07,FR0000120271,TTE.PA,EUR,75.41999816894531,75.41999816894531,-0.0036987951200092573,-0.035673199695526625,0.06766702747165265,0.017738943364299153,0.20040177276162077,0.2196396759121929,-0.07491612547316417,-0.17510288938050222,-0.03167053820009991,-0.01862155534721477,0.060878786083607084,1294
2026-10-07,FR0000120321,OR.PA,EUR,374.3999938964844,374.3999938964844,-0.01330878415624237,-0.019125014611179658,-0.011093534440891895,0.10605591252049917,0.18873974698646842,0.1990817592570302,-0.060913705583756306,-0.14438105060176987,-0.013477746615295216,-0.021777489118149362,0.003838141244505655,1294
2026-10-07,FR0000120404,AC.PA,EUR,44.59000015258789,44.59000015258789,-0.027480880337310665,-0.03714103152013992,-0.06362870321838854,0.035358247297807344,0.23510184105136184,0.22256338112170168,-0.08231831702794545,-0.2065086535708529,-0.019148491318724314,-0.03059738586313976,-0.014178665426877068,1294
2026-10-07,FR0000120503,EN.PA,EUR,40.72999954223633,40.72999954223633,-0.021619060840433746,-0.07746323591037507,-0.15602981850782727,-0.18664289318027438,0.18773590030139287,0.2278276626963259,-0.17795751468735566,-0.23301883913436028,-0.04840896456530186,-0.09590149110814072,-0.13634407068297072,1294
2026-10-07,FR0000120578,SAN.PA,EUR,71.80999755859375,71.80999755859375,-0.011426236757003161,-0.03273168608699095,-0.05835306127696216,-0.06412129549918577,0.23092408364300784,0.2605727304404959,-0.12424925591445146,-0.18284910471945748,-0.015316715494324562,-0.04113725611197938,-0.0484797763579915,1294
2026-10-07,FR0000120644,BN.PA,EUR,58.77999877929688,58.77999877929688,0.0013628281996196367,-0.06639136540595436,-0.18202061953740756,-0.0841495980173802,0.2094304438982903,0.2130935870333489,-0.2127426536565704,-0.2513954887883294,-0.020366005778088225,-0.07601863063701397,-0.11967145155435632,1294
2026-10-07,FR0000120693,RI.PA,EUR,60.86000061035156,60.86000061035156,0.0032970781972065932,0.01365755633444965,-0.015205227767313478,-0.0597819700440122,0.24623169067796863,0.2669096018723771,-0.1746302450595819,-0.31613160066066215,0.01891847795226642,-0.04550101425662545,-0.073632412644561,1294
2026-10-07,FR0000120966,BB.PA,EUR,65.80000305175781,65.80000305175781,0.0030488503397696487,-0.004538508763819893,0.06472498161939333,0.18106723802799274,0.11953844950218954,0.21849403832173972,-0.05942026774088538,-0.14495416219181756,-0.010675032624953507,-0.014940510595572665,0.14311014926371857,1294
2026-10-07,FR0000121014,MC.PA,EUR,388.4500122070313,388.4500122070313,-0.003974327674278744,-0.05544069980053179,-0.21651871365265873,-0.1876869647125493,0.21117571323949214,0.24634667575039038,-0.24756512979433354,-0.41002499289898786,-0.02478516375096207,-0.10304217004668637,-0.20199944624583344,1294
2026-10-07,FR0000121147,FRVIA.PA,EUR,9.699999809265137,9.699999809265137,0.11009383181825583,0.01890749399646019,0.03832153728787957,-0.06189558354721836,0.4882539628648185,0.5005455011985794,-0.1518324959236952,-0.4321537064566676,0.06313018225605638,0.05853130038865251,-0.08785251545668205,1294
2026-10-07,FR0000121220,SW.PA,EUR,54.650001525878906,54.650001525878906,-0.01264673834759844,-0.043744530765549294,0.03700191147455856,0.2727061777753814,0.23528318209320367,0.21426026056140032,-0.0917586720678718,-0.2701083367043837,-0.024368444825559332,-0.03693649830652068,0.11649100005129776,1294
2026-10-07,FR0000121329,HO.PA,EUR,216.3999938964844,216.3999938964844,-0.03608020536087131,-0.04120515364424426,-0.01859413198873283,-0.11445576737157448,0.2584151394112534,0.2594856448304171,-0.20411916603841296,-0.20411916603841296,-0.05984579292379655,-0.11076778605694382,-0.1033499073401064,1294
2026-10-07,FR0000121485,KER.PA,EUR,212.0,212.0,-0.051029517493034304,-0.08719052744886979,-0.16255182654008304,-0.11850496410829436,0.27296145239415415,0.4713020110937123,-0.285470392218346,-0.38413179447958146,-0.06406931500053392,-0.14579849393780908,-0.17391163120721564,1294
2026-10-07,FR0000121667,EL.PA,EUR,146.64999389648438,146.64999389648438,0.007211454319735688,-0.015771853043729078,-0.12812130465370397,-0.2737500051006784,0.2918154132024894,0.2590938514245002,-0.1932675708760998,-0.5563296695825171,0.012863637375356118,-0.054017483321733395,-0.23173408068770285,1294
2026-10-07,FR0000121964,LI.PA,EUR,34.900001525878906,34.900001525878906,-0.016347182182654074,-0.0552246122541834,-0.05111466329020675,0.02494590335928515,0.17340193528551318,0.15359449974529882,-0.13906957070915493,-0.13906957070915493,-0.03235640562019659,-0.07184796302514462,0.012794183470278941,1294
2026-10-07,FR0000121972,SU.PA,EUR,254.5500030517578,254.5500030517578,-0.12825341420630887,-0.12133243933090976,-0.057745664250150375,-0.04985937713582722,0.5224679906616655,0.4271343644791117,-0.1815112442065665,-0.1815112442065665,-0.10755448097625508,-0.12900807556372595,-0.042281050389155195,1294
2026-10-07,FR0000124141,VIE.PA,EUR,30.84000015258789,30.84000015258789,0.0009737321377973895,-0.02281366684215158,-0.1780383854924381,-0.08764447331453062,0.15687750189775077,0.18385640409616114,-0.1881663456064845,-0.1881663456064845,-0.013577696510960968,-0.057341966044418324,-0.06531244150495252,1294
2026-10-07,FR0000125007,SGO.PA,EUR,64.76000213623047,64.76000213623047,-0.06199302900551218,-0.09426570438838511,-0.15677083902474886,-0.14885185257233913,0.25886202122622437,0.291809025749161,-0.24292726860989378,-0.26538594351894085,-0.06382360998760372,-0.14683948628598897,-0.1567602109161691,1294
2026-10-07,FR0000125338,CAP.PA,EUR,110.9000015258789,110.9000015258789,0.0622605354884862,0.09639149632148536,0.19349982470127358,0.045363120568804094,0.42163604434855056,0.43233280497312704,-0.09201077073251984,-0.41502642376831267,0.042709746318676745,0.03662299638572852,0.05216969289783946,1294
2026-10-07,FR0000125486,DG.PA,EUR,108.0,108.0,0.009817700623834025,-0.03398929291619601,-0.09736733286509103,-0.1919191550158319,0.2052339274591674,0.21217365514257253,-0.16719246109941488,-0.23610971910707668,-0.017444904586185195,-0.06566312088042647,-0.11815365751908491,1294
2026-10-07,FR0000130452,FGR.PA,EUR,99.04000091552734,99.04000091552734,-0.01108338086310201,-0.08168750749410292,-0.18852930406296342,-0.2665848168356263,0.22656933217717942,0.24091460380115365,-0.21146495128394638,-0.29715426267736456,-0.052407485575668655,-0.1164715868860906,-0.19612595503847563,1294
2026-10-07,FR0000130577,PUB.PA,EUR,95.26000213623048,95.26000213623048,0.007829089287407998,-0.008121603205552996,0.07444166705963884,0.26401375259124005,0.1968306685468887,0.26435945772726,-0.09529297131941261,-0.23345260324938366,-0.014427653997546197,-0.03251424271708958,0.14104657498214213,1294
2026-10-07,FR0000130809,GLE.PA,EUR,63.93999862670898,63.93999862670898,-0.07027627429076033,-0.12994964640989182,-0.16308903992559953,-0.09635899485649624,0.3397869758560417,0.30870071752416733,-0.24088809119766463,-0.24088809119766463,-0.0945076151676909,-0.14953733887122134,-0.10676388426619587,1294
2026-10-07,FR0000131104,BNP.PA,EUR,91.4000015258789,91.4000015258789,-0.037894720780222046,-0.11054885533469971,-0.10950894320546067,0.021379954713066418,0.2850472026416485,0.25118753284555795,-0.18971632045133535,-0.18971632045133535,-0.06330114927149832,-0.11796057873021848,-0.024740347940046648,1294
2026-10-07,FR0000131906,RNO.PA,EUR,26.76000022888184,26.76000022888184,0.03320465725938737,-0.08324769649594765,-0.0011198464210621095,-0.08589594003350454,0.37619560132278596,0.34271444360939823,-0.16958274308956722,-0.2899423181587555,-0.011981014879400176,-0.0427404141764427,-0.05078203662248337,1294
2026-10-07,FR0000133308,ORA.PA,EUR,14.244999885559082,14.244999885559082,0.039401675655537094,-0.0637528923628583,-0.12634163637290963,-0.17201244739215182,0.30778019507900495,0.27238143938267473,-0.212356308955846,-0.24994611057160776,-0.026615196557346787,-0.07578618670151516,-0.12448685908478385,1294
2026-10-08,FR0000172041,XED2.F,EUR,455.1189880371094,455.1189880371094,-0.025305469890381516,,,,0.10662406477336088,,-0.06511856293941665,-0.06511856293941665,,,,15
2026-10-07,FR0000172124,0P00000GPO.F,EUR,55.88999938964844,55.88999938964844,0.0030509362028181553,-0.02545770049377538,-0.05029735193237583,-0.031872512856018886,0.07245072264326236,0.056023849419694786,-0.05522515011498541,-0.06538919305080049,-0.006664909639202632,-0.0243723730522879,-0.03741410017863522,1241
2026-10-08,FR0000284689,CL54.F,EUR,34.00400161743164,34.00400161743164,0.021325251591977956,,,,0.15447579426602,,-0.011022825498815836,-0.011022825498815836,,,,15
2026-10-07,FR0000292302,0P00000PYA.F,EUR,572.3499755859375,572.3499755859375,0.004263743593220015,0.0055340184668875025,0.010308671902776512,0.0430067892226651,0.06986471325208334,0.07444242925572173,-0.030280271035459383,-0.06867224362644508,0.0023124502304587846,-0.005040980466546774,0.027802986745051328,1253
2026-10-07,FR0000295230,0P00000PM8.F,EUR,227.9900054931641,227.9900054931641,-0.004497418391763874,0.0037422123175121502,-0.017707886696558095,0.00215387029962244,0.11386245852656,0.11237731041849663,-0.06315477183689933,-0.16301981420780265,0.005677062722896586,-0.01185562442019339,-0.011072115201983701,1273
2026-10-07,FR0000299356,0P00000JPU.F,EUR,290.9200134277344,290.9200134277344,0.003483873453370645,-0.03464286047017484,-0.014798994177693925,0.005565019815171102,0.11833062347061128,0.10079475228445745,-0.06594692866744101,-0.10168187143662966,-0.005833325407421097,-0.024396093319206447,-0.0021868291881546043,1241
2026-10-07,FR0000422859,0P00000PLK.F,EUR,891.0399780273438,891.0399780273438,-0.01398726844777276,-0.0287016331796206,-0.021985170333619575,-0.019186096665683938,0.14401967383543568,0.11563538006874301,-0.0637947074712647,-0.11875263294966842,-0.012867071826110132,-0.03279431327114857,-0.01901454581634998,1251
2026-10-07,FR0000438905,0P00000QF5.F,EUR,505.9500122070313,505.9500122070313,0.02448067714346669,0.047906061331216554,0.056748430379312875,0.22027402963050657,0.09487869695724047,0.10119810945861342,-0.0324187350522257,-0.08915819628885746,0.025150095657454852,0.03338323691858802,0.11577019686408319,1199
2026-10-07,FR0000447807,0P00000RUS.F,EUR,223.42999267578125,223.42999267578125,0.03458967276200964,0.0629905803348847,0.06228303490078879,0.18593418213454904,0.103981381625266,0.11020585110598648,-0.04078916959911527,-0.08659418215219217,0.03601689429640942,0.042559036999423094,0.11992176933078369,1252
2026-10-08,FR0000974149,ODAB.HM,EUR,734.7239990234375,734.7239990234375,-0.008270237944100534,,,,0.10252797403291367,,-0.013827315342687885,-0.013827315342687885,,,,15
2026-10-07,FR0000975880,0P00000MML.F,EUR,409.7900085449219,409.7900085449219,-0.02884155644280284,-0.043730871322328446,-0.06891299397608575,-0.07091844437362493,0.13559057643673364,0.1225929868823048,-0.11690802301747716,-0.12650891219419702,-0.03584606207080343,-0.0689553155623377,-0.06566836027903622,1252
2026-10-06,FR0000980427,0P00001O87.F,EUR,2563.35009765625,2563.35009765625,-0.001522990306592309,-0.018516551992584507,-0.02085595772798654,-0.00046789929969326405,0.04879697495300036,0.04153073993185629,-0.03547763707199736,-0.04381792125829931,-0.0030392518490629516,-0.01601307058521506,-0.00833611216772856,1254
2026-10-07,FR0000987950,0P00000NYV.F,EUR,691.47998046875,691.47998046875,0.018770059842762032,0.05964199928859659,0.025919452901300266,0.14776077291338363,0.18593732339283517,0.23068909898399528,-0.10217496300435924,-0.10217496300435924,0.038244974632380746,0.056927442111078586,0.15546149253377384,1127
2026-10-07,FR0000987968,0P00000NZ3.F,EUR,524.8699951171875,524.8699951171875,0.07984610491200783,0.13600847673076766,0.06399758383425747,0.3996533203124999,0.22646957045682634,0.28567976823868535,-0.12923426886010891,-0.16322176981876269,0.07593028671840507,0.09991964425516153,0.21783975172531878,1167
2026-10-06,FR0000988057,0P00000NZ7.F,EUR,890.489990234375,890.489990234375,0.026738156079556985,0.045372325977191874,0.05227768417651402,0.1956898156889897,0.11907891419172803,0.1101860077776862,-0.03313392419228933,-0.07747073986381181,0.033519830292869424,0.04281672862386521,0.11510084935764087,1210
2026-10-07,FR0000989915,0P00000QLD.F,EUR,1486.8900146484375,1486.8900146484375,-0.019783775649431568,-0.07548966641402022,-0.13936690639552274,-0.14546550882273712,0.1507283751446029,0.12447968272725662,-0.17349021612411564,-0.2172819902077544,-0.039201789431996814,-0.09766542666056688,-0.1288563035356003,1252
2026-10-07,FR0006174348,BVI.PA,EUR,26.030000686645508,26.030000686645508,-0.030900964439523393,-0.05960981215096828,-0.046170765357685495,-0.05218155209452946,0.17683195913656097,0.23010252579670354,-0.11069353332581777,-0.13772048651286128,-0.03966055457190609,-0.0521516589627693,-0.022619315073629243,1294
2026-10-06,FR0007023692,0P00000C3O.F,EUR,383.9599914550781,383.9599914550781,0.014773889076905578,-0.011736841571961643,0.016331778952863862,0.10846148912453968,0.09648889311374974,0.08036804417800862,-0.033364056323013425,-0.057652550446265716,0.005923495836838155,0.0021647748301625303,0.04872645530848452,1232
2026-10-07,FR0007028543,0P00000PY3.F,EUR,107.5,107.5,0.010813366642019595,-0.0028754064151172987,-0.022727272727272707,0.023030054499201036,0.08984744402911836,0.08151530827867431,-0.045613735348593254,-0.07215834198969395,0.004386596215148808,-0.01121967121336187,0.0017644995478083292,1214
2026-10-07,FR0007052782,CAC.PA,EUR,78.58999633789062,78.58999633789062,-0.025421665020758488,-0.04681626140962347,-0.07246555854810455,-0.035587208269743376,0.11842763999217694,0.11173616791350839,-0.10713474965712366,-0.10850611902089558,-0.03338093306442591,-0.06339460825677545,-0.04421440329150583,1294
2026-10-07,FR0007054358,MSE.PA,EUR,70.38999938964844,70.38999938964844,-0.014835515799414334,-0.02045645989726541,-0.013593066317356683,0.05897394459087768,0.13421116060110067,0.12073262989988531,-0.05759446612430452,-0.10843727157026495,-0.01464248656829914,-0.030950664161029096,0.02419494057218663,1294
2026-10-07,FR0007061882,0P00000O6Y.F,EUR,680.6199951171875,680.6199951171875,-0.013251006899549278,-0.03179364200092727,-0.012305878347390053,0.028188972936649792,0.1340738496508176,0.11662402881329048,-0.05977430086843294,-0.12151241584563843,-0.017047368263710005,-0.033502110749819125,0.0028660159271702845,1252
2026-10-07,FR0007062567,0P00000K4N.F,EUR,600.3400268554688,600.3400268554688,0.036427106168129386,0.05695529353914286,0.06324499524262395,0.19644466588277987,0.17132865517333387,0.14971473290372173,-0.07313298381321787,-0.17320314463395015,0.041759617676058625,0.04548528965016185,0.09886584630680306,1207
2026-10-07,FR0007064324,0P00000H22.F,EUR,502.6400146484375,502.6400146484375,-0.01954503768771676,-0.07071677968553625,-0.06887479561951615,-0.013754496874320954,0.12533111119396345,0.11197212399197455,-0.09982921128862354,-0.11976791296344502,-0.03130374210849718,-0.06274167765005267,-0.05702434896949449,1246
2026-10-06,FR0007072160,0P00000IK7.F,EUR,173.0399932861328,173.0399932861328,0.0010412627279052789,-0.007968809539722232,-0.009275222386406101,-0.001845912108283887,0.023756265182608087,0.018438377728286732,-0.015104931135409005,-0.025147919362124238,-0.0004679235040218055,-0.0068084269890148486,-0.005185106024165442,1253
2026-10-07,FR0007076930,0P00000NME.F,EUR,538.010009765625,538.010009765625,-0.01306109561648161,-0.039302183847013006,-0.038271734651226685,0.004555898216923815,0.10756813488277685,0.1035964167814447,-0.0974594116765175,-0.0974594116765175,-0.026670163463317964,-0.055316989908452796,-0.006368431731937796,1245
2026-10-07,FR0007374145,0P00000QRC.F,EUR,499.0499877929688,499.0499877929688,-0.030161142916110828,-0.1028799138740315,0.18480092570689233,0.04384110024394805,0.34218045329594204,0.4356715068407037,-0.1540378318240947,-0.3714610457589358,-0.05354252839288631,-0.03579342732660151,-0.007907640183352216,1180
2026-10-07,FR0007382965,0P00000MUL.F,EUR,3579.2900390625,3579.2900390625,0.004236614182882903,0.0037015192680347475,0.004267569921016401,0.031281713672042466,0.04428103463935838,0.04536551798474297,-0.024007435772887664,-0.05346302661329583,0.002983506729514529,-0.003384694441152636,0.019258766687237028,1251
2026-10-06,FR0007390174,0P00000FNC.F,EUR,102.11000061035156,102.11000061035156,-0.009025623999539767,-0.07341194702292309,0.19692888914009177,-0.07273884795175511,0.33187327499776387,0.41127070392993464,-0.13671406010386655,-0.33703705023274577,-0.031384433397980915,-0.023767635456367064,0.012370837552627023,1256
2026-10-06,FR0010004085,0P00001NLH.F,EUR,1013.7999877929688,1013.7999877929688,0.019580994607915736,0.020176088345125853,0.030797834009398617,0.14357258207098167,0.10376233302806141,0.11192627483240228,-0.0345192340392364,-0.0930771863389761,0.018796671216722904,0.019737918455663195,0.07978707212110159,1216
2026-10-07,FR0010058529,0P00000QIF.F,EUR,1144.97998046875,1144.97998046875,-0.019666913535188568,-0.03163113741742385,-0.037977508614142286,0.02032663110774413,0.17346750311893663,0.14505329525940347,-0.08093535401280616,-0.16355001019165538,-0.018788197970106002,-0.040234425006837604,-0.013947944746254048,1254
2026-10-07,FR0010086512,0P00000G8V.F,EUR,328.17999267578125,328.17999267578125,-0.025101779652627387,-0.05971003665659469,-0.08985521965454657,-0.006448502614380014,0.13857691879508519,0.12892741856793574,-0.10953736658340418,-0.11388989985918296,-0.03409853915806893,-0.06569994862732076,-0.05117507182758574,1246
2026-10-07,FR0010097683,0P00000CGO.F,EUR,592.0,592.0,0.015054404406436683,0.00020273554808003524,0.007059665878060173,0.07258034819254933,0.08907947654151603,0.0794613971723554,-0.024798944578964477,-0.08550661982129948,0.006173013840894637,0.00484737563108939,0.022494183546035496,1242
2026-10-06,FR0010128587,0P000015L9.F,EUR,687.6599731445312,687.6599731445312,-0.014008602488926547,-0.03067295859973085,-0.041655654876913584,-0.031928446734639904,0.14603308045749877,0.1261073908568861,-0.061466786009790275,-0.10395436576214123,-0.01199060371193772,-0.02377991818575942,-0.019141233450034933,1238
2026-10-08,FR0010135103,Y9U6.F,EUR,859.8350219726562,859.8350219726562,0.01870153949171005,,,,0.07741891795648015,,-0.010894342592280948,-0.010894342592280948,,,,15
2026-10-07,FR0010147603,0P000018HU.F,EUR,447.5799865722656,447.5799865722656,0.022549165680172623,0.01466754649760782,0.04003713308791146,0.07689714602413855,0.08515580795009925,0.11500671759057741,-0.03333102988071146,-0.06154886324087783,0.017982642051630693,0.020186248769263004,0.0527505153947303,1254
2026-10-08,FR0010149120,Y9U4.F,EUR,1911.865966796875,1911.865966796875,0.0028666402386030576,,,,0.023070852599683632,,-0.004180880996284775,-0.004180880996284775,,,,15
2026-10-08,FR0010149302,Y9U3.F,EUR,1916.4139404296875,1916.4139404296875,0.003268764738598273,,,,0.20962805817734204,,-0.027231184094916983,-0.027231184094916983,,,,15
2026-10-07,FR0010156604,0P00001BB3.F,EUR,252.72000122070312,252.72000122070312,0.007977026125807418,-0.001264590870692306,0.0033747811172193387,0.021049682152222138,0.05713363002259127,0.03694321301281718,-0.015730978957441466,-0.02863110837153171,0.007573152134408012,0.0026518450823365125,0.01802450164310243,1254
2026-10-07,FR0010158048,0P00001BW0.F,EUR,321.6400146484375,321.6400146484375,-0.009302005111830547,-0.018791865082135817,-0.02275693532420975,0.026914924246816296,0.11566224875180801,0.09981972070284795,-0.06212029612390213,-0.12274891322971371,-0.008214467554180205,-0.028017137863121988,0.0025767783263630495,1254
2026-10-07,FR0010174144,0P0000M6PZ.F,EUR,251.05999755859372,251.05999755859372,-0.006411252034767112,-0.03546048900580523,-0.03080609451471772,-0.03730975370036893,0.06385437064772247,0.07254430173909077,-0.07862563685521728,-0.08133213701377529,-0.01837853878439233,-0.0435139189193704,-0.03477313071944821,1062
2026-10-07,FR0010177899,0P00000PNB.F,EUR,89.0199966430664,89.0199966430664,-0.0031355699789743507,-0.010669111780970075,-0.017872934217683212,0.0027032875317576366,0.048635061692870275,0.042912150601425295,-0.02955288085780705,-0.046937452596716,-0.004183761999452362,-0.01440639637238661,-0.0037892601606307474,1252
2026-10-07,FR0010208488,ENGI.PA,EUR,22.739999771118164,22.739999771118164,-0.0030688161535792347,-0.05446983399166605,-0.15902370557761203,-0.14595545315373315,0.21228867254351727,0.21560851241187104,-0.18963657013840252,-0.1988986334149726,-0.030442581975248184,-0.07619559310227486,-0.11152489472028249,1294
2026-10-07,FR0010220475,ALO.PA,EUR,16.045000076293945,16.045000076293945,0.07288533320953516,0.012302819566628598,0.027208719196456732,-0.05894423494061485,0.3156455176022077,0.28420441692075643,-0.1409157685505299,-0.5127345882204348,0.04840159591524995,0.010957026930934477,-0.19594791288076696,1294
2026-10-07,FR0010221234,ETL.PA,EUR,1.468000054359436,1.468000054359436,-0.07206065838792575,-0.22122012637323096,-0.33784391100244204,-0.45689973471413237,0.2732841198921732,0.39049205875626175,-0.3387387227745048,-0.6745011131133807,-0.13265679685848542,-0.21204473136707125,-0.3626542512411076,1294
2026-10-07,FR0010229187,0P00000FV4.F,EUR,317.489990234375,317.489990234375,-0.014771170723429039,-0.020606542606225742,-0.026522426030386903,0.08867395301781089,0.10808300439415817,0.1081129263166352,-0.04269562467270549,-0.07929475665366614,-0.01309442470377331,-0.019964973389783536,0.025257952708753084,1248
2026-10-07,FR0010230490,0PP1.MU,EUR,684.1090087890625,684.1090087890625,0.0,-0.03731907714765659,-0.05515811231272294,-0.05556501619792109,0.06951870319548656,0.04668895103583668,-0.05515811231272294,-0.06956858838666835,-0.012901440963955069,-0.033834408816778794,-0.04941316871878987,222
2026-10-07,FR0010261198,MEU.PA,EUR,242.3000030517578,242.3000030517578,-0.004723737567878694,-0.01343649417649806,-0.01303461078713719,0.04471181263077506,0.10273671393333217,0.08814478336725134,-0.04558065739555639,-0.09773398341024497,-0.007790653656868041,-0.02165441758795117,0.02328967049723052,1294
2026-10-07,FR0010286013,0P00000EUQ.F,EUR,488.55999755859375,488.55999755859375,0.00045050829822046445,-0.027799337859705564,-0.006789990606492102,0.02978311890257901,0.0592220882107239,0.05701187170715196,-0.03200028607393535,-0.06016847910817125,-0.010763839299748557,-0.0161651349698535,-0.006879845405370788,1233
2026-10-07,FR0010307819,LR.PA,EUR,141.14999389648438,141.14999389648438,-0.0031780521725561783,0.00569994840170307,0.004268878204902071,-0.029146880061661662,0.4574358399108819,0.34218638258350204,-0.0944234578808334,-0.18306531519533542,0.016418174409692732,0.021234988217518902,0.012147180151431236,1294
2026-10-07,FR0010313833,AKE.PA,EUR,54.84999847412109,54.84999847412109,-0.01171173920502544,-0.0551249062014888,-0.02488891601562515,-0.05487622634043354,0.18423863500610654,0.24481253378245513,-0.13632718858089465,-0.22841862264948765,-0.023673931139037818,-0.06400916874055951,-0.02111969343533604,1294
2026-10-07,FR0010315770,WLD.PA,EUR,442.760009765625,442.760009765625,0.017488259165530318,0.043334860758379445,0.04102892550657056,0.13191534313433695,0.09256351627294686,0.09600299461910679,-0.030554849535535222,-0.06579517880427155,0.02300822955430437,0.028891524428590554,0.09635283279547457,1294
2026-10-08,FR0010321828,EHQ1.HM,EUR,370.9460144042969,370.9460144042969,0.0038129528247943245,,,,0.09896105032322837,,-0.01188245815572242,-0.01188245815572242,,,,15
2026-10-07,FR0010340141,ADP.PA,EUR,105.1999969482422,105.1999969482422,-0.01957135175944613,-0.03308829046450501,-0.03574703556759429,-0.025507816348358414,0.3208974108352198,0.33655660028689616,-0.1520324955141642,-0.23520484593542768,-0.029162079213913672,-0.04928880107118583,-0.02966879698273084,1294
2026-10-07,FR0010363366,0P00006A6D.F,EUR,347.8099975585937,347.8099975585937,-0.001779396522171628,-0.007363272302244317,-0.014730495065802152,0.020060405060277287,0.050006440224227316,0.0476900693142786,-0.026040348251668233,-0.06620432661115794,-0.002988378624770416,-0.009956522286175384,0.006430049284027239,1251
2026-10-07,FR0010375600,0P00006TTL.F,EUR,285.6300048828125,285.6300048828125,-0.006400655129499833,0.0017887548202832892,-0.012173574573658974,0.008758647500570982,0.13702501066711745,0.1236524394975831,-0.07005546642478755,-0.11891872079739285,0.0004413442701169945,-0.017535950035618586,0.00026476677045383923,1254
2026-10-07,FR0010380675,0P00007ZHT.F,EUR,3183.080078125,3183.080078125,0.003819054590160631,-0.00466227604054581,0.03589922379240651,0.18101815664585263,0.12579829829692976,0.1356104030855413,-0.0328478637587033,-0.08934768111999025,-0.00043867047208834276,0.017381753991184246,0.1187235698483069,1217
2026-10-07,FR0010400762,0P0000KOPQ.F,EUR,257.9200134277344,257.9200134277344,-0.006280001702541171,-0.011459852793713421,-0.008838628015446215,0.007539387839974987,0.06687712242845863,0.06683563912462209,-0.021829087430467742,-0.05504625658299789,-0.004469649950206711,-0.00810066484619787,0.007251387277860566,1227
2026-10-07,FR0010411983,SCR.PA,EUR,31.959999084472656,31.959999084472656,0.004399729446610046,-0.003119222848869563,-0.006218929225385139,0.032068937949021326,0.2146662014183778,0.20062596287233161,-0.09515574150432382,-0.18210858871411817,-0.015282240368120648,-0.04070118615433649,0.049445104571008036,1294
2026-10-07,FR0010415448,0P00008IB9.F,EUR,589.6900024414062,589.6900024414062,0.04889717118015957,0.08612530233441795,0.034888831308664825,0.38220471062128736,0.2215296755482552,0.2786708246963379,-0.10207429654538747,-0.15046376283067087,0.06379160020066466,0.0721468766096729,0.17743018294325608,1175
2026-10-07,FR0010451203,RXL.PA,EUR,34.400001525878906,34.400001525878906,-0.024390154185829904,-0.07152490595818661,-0.12200098882248922,-0.03358703526678353,0.37985581594190404,0.3030042751875348,-0.12710565348256153,-0.16975636676009265,-0.040740596544146634,-0.05145311322958657,-0.03329888096332356,1294
2026-10-07,FR0010533075,GET.PA,EUR,18.5,18.5,0.00434310116040737,0.0021668969399348814,-0.0005402608729434544,-0.006357193442773412,0.12306464866081179,0.12963029614987226,-0.0618556123292201,-0.07211297161310692,-0.001834472343977489,-0.00735096484628428,0.04101393326712377,1294
2026-10-07,FR0010546903,0P00000PUS.F,EUR,74.41000366210938,74.41000366210938,-0.022592849774881296,-0.04110818137548744,-0.015089336116471674,0.03707322177155925,0.1500222178852151,0.11494656034318812,-0.06213754604658106,-0.11959289705296672,-0.023939090460985524,-0.03951894543795609,-0.017425752687075025,1249
2026-10-07,FR0010546929,0P00000MHU.F,EUR,39.310001373291016,39.310001373291016,-0.02408136632080604,-0.042153984006900624,-0.02986177371182186,0.1397506367137551,0.15117984861255826,0.12002298119524589,-0.06671409377616544,-0.09560373294814584,-0.03188066469088502,-0.04758440280180487,0.02934999197592192,1244
2026-10-07,FR0010557967,0P0000ADK9.F,EUR,195.4600067138672,195.4600067138672,-0.012479088836021002,-0.017788910985591988,-0.005140705963051162,0.03995748809558708,0.07923947057331161,0.08157304972525002,-0.037237697761290045,-0.07679091971778229,-0.009566824181722944,-0.018363098313704418,0.019343094671466998,1254
2026-10-06,FR0010564351,0P0000J3CO.F,EUR,205.6699981689453,205.6699981689453,0.014251895685204463,-0.001408081838552122,0.0003404283236960737,0.05417730258717435,0.07801492051956704,0.06917945335646783,-0.03237068132455978,-0.06353414906261601,0.009678514459571463,0.0008515977773295713,0.023844563125898333,1245
2026-10-07,FR0010592022,0P0000D2MT.F,EUR,132.6999969482422,132.6999969482422,0.013209099117467149,0.01888813998251293,0.00789908291968322,0.05990415481480005,0.10161155177757272,0.0963553315796633,-0.05379817857654812,-0.08556696470410918,0.012293196824992636,-0.00025165953214412173,0.03828751123155061,1255
2026-10-07,FR0010601971,0P0000KWR3.F,EUR,329.760009765625,329.760009765625,-0.028517536548899214,-0.03787121677827532,-0.06280900501901687,-0.022701687384497515,0.08632485394824092,0.07481493241222861,-0.08052644351780591,-0.08052644351780591,-0.031130663325577124,-0.0527518391624453,-0.03718524719594818,1250
2026-10-07,FR0010611293,0P0000GBJZ.F,EUR,1867.1400146484373,1867.1400146484373,-0.0006690251982721662,-0.007320934697047199,-0.01763598903983754,-0.015226710285541456,0.04617018375629873,0.04115656384743584,-0.029465792552069048,-0.046674149360825035,-0.0019873198011484128,-0.013625625333148594,-0.01263960888890825,1250
2026-10-06,FR0010616177,0P0000HR6L.F,EUR,179.19000244140625,179.19000244140625,-0.014031049712132648,-0.034484584421416664,-0.034484584421416664,-0.028253750691569213,0.12173637843428782,0.09153425041455189,-0.07444131153545908,-0.09792365079112963,-0.01686563994388346,-0.03467393484977854,-0.015500672384372138,1245
2026-10-07,FR0010651224,0P0000HR5T.F,EUR,4527.9599609375,4527.9599609375,-0.006647230795401082,-0.04200374137951701,-0.04592978064618347,-0.032230721866814194,0.11022965254546745,0.11949758705148926,-0.11432705818944777,-0.1305381968790127,-0.02162196052166765,-0.05959058917423932,-0.03623630957495538,1255
2026-10-07,FR0010657122,0P0000HX49.F,EUR,1302.5999755859375,1302.5999755859375,-0.01680178283874889,-0.032782642965704434,-0.0593248054985106,-0.08095445905807575,0.13122883941570354,0.1084032510316171,-0.0874125279066178,-0.1137991931850505,-0.02334423407172259,-0.04958336577050826,-0.058039767587584,1252
2026-10-07,FR0010668145,0P0000IT7S.F,EUR,686.969970703125,686.969970703125,0.005341513990200442,-0.0050834345164390005,-0.021800504008462895,0.0063872276191754285,0.12436946123348049,0.12255374050070938,-0.06995667126656246,-0.10189111228019454,0.009234785998668782,-0.011355701958290276,0.0005816923489387893,1245
2026-10-07,FR0010679902,0P0000IKS1.F,EUR,398.0499877929688,398.0499877929688,-0.04248154729285036,-0.06993322684482906,-0.080227377364668,-0.06536905280216532,0.10839952829701226,0.11405153307110207,-0.1259332605888256,-0.14237393918656072,-0.045882972637521946,-0.08563200974283325,-0.08361558863599505,1255
2026-10-07,FR0010687749,0P0000HRVB.F,EUR,351.2699890136719,351.2699890136719,-0.009251160322171992,-0.016628881004167706,-0.017399091976324166,0.02572562570349013,0.1446163303672223,0.11579593844443639,-0.05663693095460853,-0.10297291465046632,-0.004774011673009171,-0.021528246198691425,0.012238493909206394,1253
2026-10-07,FR0010689141,0P0000IKSO.F,EUR,1925.4200439453125,1925.4200439453125,-0.021506879211222296,-0.03597409207734481,-0.012944270138547265,-0.015095174228667463,0.10687166165072953,0.11037361673680583,-0.06350253298364839,-0.11447905426548899,-0.01721236566817741,-0.03762488738599179,-0.021356638813446405,1255
2026-10-07,FR0010697482,0P0000J0GI.F,EUR,142.63999938964844,142.63999938964844,0.0009824518571819318,-0.000490556519691765,7.007296146532838e-05,0.0056401795855383074,0.010428468732841643,0.007817167275167538,-0.003987738313159794,-0.009263859031025667,0.0010316412053854584,-0.00039384122615659933,0.0026278170251101685,1253
2026-10-06,FR0010697532,0P0000JC17.F,EUR,217.0500030517578,217.0500030517578,0.0010607680092693528,-0.007317589249437928,-0.01251137380263112,-0.005452723659519654,0.019029882293937084,0.013520350494944539,-0.015193541873585903,-0.017874097507285525,-0.00195423008066975,-0.007074207007249811,-0.008077945934874542,1253
2026-10-07,FR0010700823,0P0000IVLV.F,EUR,1495.3499755859375,1495.3499755859375,0.03180241330730316,0.06412426772492674,0.05254453929732805,0.14517755061022064,0.0994377648420834,0.11202637193876559,-0.038700809851986206,-0.10079621358980673,0.033367164484603196,0.0403870534203401,0.09599656011934243,1216
2026-10-07,FR0010702084,0P0000KU3M.F,EUR,246.16000366210935,246.16000366210935,-0.011961129223888478,-0.02224337053905756,-0.04596537422119684,-0.004569491911126322,0.1234628636433907,0.10340792333293815,-0.07118856253713468,-0.11380472679777409,-0.010851447577824747,-0.03610304545999943,-0.01941138590397573,1254
2026-10-07,FR0010751008,0P0000KM3H.F,EUR,1506.199951171875,1506.199951171875,0.0054001147441882225,-0.008681157141614104,-0.025605246137772708,-0.01824414922751949,0.052512311036418784,0.03777583781182873,-0.03681467380655101,-0.0431709631640359,0.0025015679435247407,-0.011706407483527803,-0.01977098726918114,1254
2026-10-07,FR0010752543,0P0000KTWR.F,EUR,416.5899963378906,416.5899963378906,-0.0003359840778112133,-0.013894795331907073,-0.022548136072019886,-0.010098850007088434,0.03619758070753142,0.02656596505865432,-0.02695742027008452,-0.029276382778100074,-0.0038355497814736017,-0.013894811003401175,-0.014802330439397493,1255
2026-10-07,FR0010784348,0P00001NRR.F,EUR,1116.3900146484375,1116.3900146484375,-0.016604397086157796,-0.05251767749079295,-0.07034898099898479,-0.04654578937233811,0.11914174157526929,0.11658003185552666,-0.11629068986102364,-0.11998356423860601,-0.03326534789158908,-0.06952906787029933,-0.05017298076231613,1254
2026-10-08,FR0010836163,69X3.MU,EUR,2974.282958984375,2974.282958984375,-0.019714952291152832,,,,0.054782591230856686,,-0.019714952291152832,-0.019714952291152832,,,,15
2026-10-08,FR0010858498,0PP0.MU,EUR,550.3930053710938,550.3930053710938,0.0038721538005284106,,,,0.03321267693685501,,0.0,0.0,,,,15
2026-10-08,FR0010859769,EHQ8.MU,EUR,531.9400024414062,531.9400024414062,0.04053049796805186,,,,0.10351149619273818,,-0.0064036680561671,-0.0064036680561671,,,,15
2026-10-07,FR0010896944,0P0000P2U7.F,EUR,141.7100067138672,141.7100067138672,-0.01713126707856294,-0.03421242526983659,-0.03216767869129156,0.02391627863696666,0.13558167453401831,0.10955996149326194,-0.061442567534388925,-0.09251694310225123,-0.026362567845154006,-0.04079542098795297,0.013396750179092809,1255
2026-10-07,FR0010908533,EDEN.PA,EUR,28.1299991607666,28.1299991607666,0.019572272750714825,-0.016089576403155448,0.08778029763488782,0.45241539718455437,0.2633017073562725,0.27011414857884625,-0.1208647379975889,-0.41323413035555057,0.005468749709721221,-0.01848585116778867,0.2901433124792916,1294
2026-10-08,FR0010909531,ROY2.MU,EUR,294.95001220703125,294.95001220703125,0.0,,,,0.02284520784454784,,0.0,0.0,,,,15
2026-10-07,FR0011034131,0P0000VH9P.F,EUR,491.9400024414063,491.9400024414063,-0.004230504914792155,0.0010989185014840253,0.011889087411053545,0.037585437247408704,0.0918942822079237,0.09265756948287501,-0.04443576771227731,-0.08317117171309074,-0.002863058259539697,-0.01628486466911061,0.027720936915013983,1255
2026-10-07,FR0011069137,0P0000TV0S.F,EUR,301.8900146484375,301.8900146484375,0.018900421688254676,0.01656737518103024,0.02879638814315566,0.1131227615500332,0.10601112637463068,0.11731106936476249,-0.03883555398547767,-0.10720976035915342,0.013883896038715315,0.013779718561731213,0.060765027776524816,1218
2026-10-07,FR0011153014,0P0000UUVR.F,EUR,263.510009765625,263.510009765625,-0.010439741222314391,-0.029393276937617285,-0.019096205342029937,0.0298991993161275,0.0936225963602703,0.07653752795601429,-0.04719133486862548,-0.07922510462060839,-0.017004944610746753,-0.028738623626099913,0.015274620437632835,1252
2026-10-07,FR0011169341,0P0000V0BE.F,EUR,603.8099975585938,603.8099975585938,-0.007576978865014072,-0.012074812829615977,-0.02025017591345013,0.027289547772674227,0.1461280863005477,0.12086644768106557,-0.05687711868348344,-0.1248088989990811,-0.006177965669168284,-0.021773686187456565,0.010371698540555752,1254
2026-10-06,FR0011170182,0P0000VOSS.F,EUR,1258.0400390625,1258.0400390625,0.002446328144134702,-0.07568421885316956,0.005732045674851083,-0.14259814327535492,0.2399064372035705,0.269652118127879,-0.12028615733485948,-0.3734400146634508,-0.03572897262251429,-0.0461962638916531,-0.1270465336251737,1196
2026-10-07,FR0011198332,0P0000VG0E.F,EUR,118.68000030517578,118.68000030517578,0.0011810307792068375,0.0009277271707404111,0.0030426015152138497,0.009441189191399024,0.006905374194773397,0.004343422543882755,-0.001938765344887683,-0.001938765344887683,0.0015908332114742407,0.0012790225349095241,0.007587900159617744,1253
2026-10-06,FR0011261197,0P00017SX2.F,EUR,3406.52001953125,3406.52001953125,0.010204267065194728,-0.011706300581228124,0.0066608074493921254,-0.005340453557885816,0.1173558279363091,0.10792294949037018,-0.04791632439583271,-0.09957122066905022,0.005314128792355932,-0.006970031020190004,-0.011496400453264832,1251
2026-10-06,FR0011271550,0P0000WJFT.F,EUR,308.0400085449219,308.0400085449219,-0.009517657411826752,-0.03785605627984279,-0.03353936583607375,-0.007091225369724619,0.10780016935460389,0.10135953494610965,-0.0819005235890754,-0.1080676260275274,-0.009702334015708858,-0.0390110545572534,-0.01617602464952872,1255
2026-10-07,FR0011288513,0P0000XP79.F,EUR,134.25,134.25,0.0005962721334611398,-0.010174775736422448,-0.02014447571339939,-0.00988270797317048,0.03263651076572961,0.023265033387892032,-0.024132381672632874,-0.029187461979047202,-0.001799367834448562,-0.011393462558629497,-0.014378689724722005,1254
2026-10-07,FR0011350685,0P0000XRPO.F,EUR,1319.3199462890625,1319.3199462890625,0.0013357172478276613,-0.007014743088135211,-0.011404747949060767,-0.0029700009151237827,0.021804334330069983,0.014802653734114239,-0.015971554580839764,-0.01867545607765031,-0.0008811589893148453,-0.00690441534490871,-0.006693150495431732,1252
2026-10-07,FR0011363746,0P0000YA5J.F,EUR,200.91000366210935,200.91000366210935,0.001895002668556911,-0.0044103041436535095,-0.012824295182587764,-0.0007957609602678994,0.03602998145592127,0.028668577627338925,-0.020540895599197362,-0.031872118869212596,0.00032365620538366,-0.007353794800447289,-0.0052726659474520154,1243
2026-10-06,FR0011400712,0P0000Y520.F,EUR,947.2899780273438,947.2899780273438,0.014652791733616777,0.03899136615015664,0.02977492432476847,0.10994065760433913,0.10896177393192526,0.13237475835674276,-0.07302708876997388,-0.12448297538646003,0.021996378828040397,0.01347301066752049,0.05029661105952199,1198
2026-10-07,FR0011550193,ETZ.PA,EUR,20.799999237060547,20.799999237060547,-0.006685830631635747,-0.014918329977369305,-0.01678097083726693,0.03637267331023364,0.10868318951400077,0.09086889209395739,-0.04919538826778014,-0.09410045263958577,-0.009193582988002214,-0.02412937458378006,0.01846527606807169,1294
2026-10-07,FR0011586544,0P000115CR.F,EUR,3387.5,3387.5,0.023438657114415173,0.041858922846784496,0.047312243020642075,0.16466164485793966,0.08890845212904423,0.10650058210426992,-0.03778567595914151,-0.11714410061051672,0.022780607747379555,0.023639470401257245,0.09494342575550618,1257
2026-10-07,FR0011631050,0P00011S1H.F,EUR,217.2100067138672,217.2100067138672,-0.022061113335821725,-0.04283253106962015,-0.03654908115286737,-0.04565025971450498,0.1318526943341042,0.11159813286073615,-0.07381032425056289,-0.1151385532086443,-0.02207432146536037,-0.04397509137807176,-0.0418447666745736,1254
2026-10-07,FR0011694256,0P00014KUO.F,EUR,152.58999633789062,152.58999633789062,-0.012170679536192885,-0.06092688055013895,-0.11145402588849596,-0.10875538605109136,0.13704886033295818,0.11525269416206302,-0.14843093087433812,-0.17317128044157837,-0.029748504531984632,-0.07933893131484093,-0.09402808186456557,1254
2026-10-07,FR0011726835,GTT.PA,EUR,214.0,214.0,-0.0018656432270121037,-0.02193785642051549,0.14316241179836986,0.11563185551351718,0.22070536382244882,0.22546351506730541,-0.077533066535311,-0.15003473389952182,-0.01776288474891008,0.016791310415648963,0.10744459110456916,1294
2026-10-07,FR0011950732,ELIOR.PA,EUR,1.7669999599456787,1.7669999599456787,-0.013400362100711272,-0.11206032589064019,-0.12001989512906541,-0.3070588262793378,0.280486916979195,0.2236291747116466,-0.18215611941403098,-0.4109772289504635,-0.04731097761891623,-0.11521708813794984,-0.24191384769467206,1294
2026-10-07,FR0012333284,ABVX.PA,EUR,78.5999984741211,78.5999984741211,-0.10478364758385428,-0.2233201497592897,-0.3439065403014795,-0.19795919924366234,0.4359378600605515,0.3644511776861491,-0.3439065403014795,-0.4844771430760161,-0.10557311783286516,-0.1918984375251006,-0.22484635290236088,1294
2026-10-07,FR0012355139,0P0001572S.F,EUR,128.39999389648438,128.39999389648438,0.008086606953692455,-0.00941213753017145,-0.026166189209901436,-0.010557219163683906,0.07743925875166172,0.06278538619540687,-0.04443611776022083,-0.05565120950851987,0.0017944375106890842,-0.013211036022003242,-0.018681778433309093,1252
2026-10-07,FR0012435121,ELIS.PA,EUR,21.13999938964844,21.13999938964844,-0.01765804182304931,-0.0856401979979603,-0.16044483187305258,-0.18269594723392124,0.34454059353559113,0.27142999500284143,-0.1949347669920357,-0.2560284051549274,-0.040355926197721104,-0.09667387067371003,-0.15048585682443105,1294
2026-10-07,FR0012757854,SPIE.PA,EUR,41.81999969482422,41.81999969482422,-0.010411704784303977,-0.03637948368698163,-0.1331380134717568,-0.0788684399533639,0.2886617863542956,0.236961275652443,-0.1523797411535872,-0.21585082940225453,-0.03013751793345898,-0.05800836863767023,-0.10553729168344939,1294
2026-10-07,FR0013176526,FR.PA,EUR,14.489999771118164,14.489999771118164,-0.00240962811231038,-0.004465855904826177,0.13870328775931862,0.3480963937349253,0.4552298188117359,0.3818926964043521,-0.10293644910028732,-0.2740685965690174,-0.010313514554230574,-0.002938213573093096,0.14821483710150418,1294
2026-10-07,FR0013202132,0P0001AC1I.F,EUR,115.12999725341795,115.12999725341795,-0.0011279271247875977,-0.013284222212065488,-0.02000345621693367,-0.0025990041667215413,0.04177910291845344,0.02706983645434551,-0.023139099532864305,-0.027311290746644623,-0.0032423234099375753,-0.011820753648091875,-0.013517147206261848,1246
2026-10-07,FR0013227113,SOI.PA,EUR,159.89999389648438,159.89999389648438,0.025328611898294273,0.10810804237565486,0.6376484524377886,0.5870967136127481,0.935926388218294,0.9768267880420375,-0.19213484289047866,-0.5504682471501512,0.07705775610733712,0.22086226682551247,0.683691293809896,1294
2026-10-07,FR0013254331,0P0001BGYT.F,EUR,425.1900024414063,425.1900024414063,0.01669020618575523,0.022066759117054024,0.029740133855768347,0.09205084313871037,0.09665323767408937,0.11383114037324027,-0.036921992311737206,-0.11598420067942472,0.013851373068709982,0.011238050106800568,0.05278079772030719,1216
2026-10-07,FR0013269123,RUI.PA,EUR,34.15999984741211,34.15999984741211,-0.03009657400772381,0.0005858365003292842,0.06950529981949449,0.08842675263711208,0.2567738626852668,0.1974537137230831,-0.05635361526334104,-0.11528145624745234,-0.029076557302055828,-0.004940351629844186,0.03791890710382906,1294
2026-10-07,FR0013280286,BIM.PA,EUR,80.75,80.75,0.03858520900321549,0.12622041055720978,0.12386919575349054,-0.09648120655566195,0.23075490415485042,0.2688280791466396,-0.07805201750923207,-0.4118945926191766,0.07170112032288545,0.08774718376002455,-0.013961743552181605,1294
2026-10-07,FR0013326246,URW.PA,EUR,88.83999633789062,88.83999633789062,-0.0029180936103605504,-0.05328218451753186,-0.138730053090674,-0.1125399566895473,0.19742706578889785,0.15123008039141195,-0.17356000583551412,-0.17356000583551412,-0.031104165195380395,-0.08867473856697605,-0.07936875404929122,890
2026-10-07,FR0013333838,0P0001DXTL.F,EUR,118.18000030517578,118.18000030517578,0.0013557334914462427,-0.001267654217508185,-0.0002537753111345742,0.021964726123603784,0.015469384513779577,0.02444476003029633,-0.014128092314013574,-0.033081040146226814,0.0003936258281058702,-0.004140843444553455,0.01042746311897269,1253
2026-10-07,FR0013334380,0P0001DXU9.F,EUR,101.08000183105467,101.08000183105467,-0.020067859080980188,-0.039711193429066594,-0.05160442771166707,0.011811814686209843,0.19653516470397522,0.16027912361617547,-0.07790549809846314,-0.1084672057823034,-0.02151920127684459,-0.04304225234510051,-0.009016188359943889,1253
2026-10-07,FR0013342755,0P0001E0HL.F,EUR,184.38999938964844,184.38999938964844,-0.008442714925443573,-0.0123727776987278,-0.0441160952623082,-0.016586669921874964,0.1928183473432573,0.1523615080313758,-0.07626430686469654,-0.11584945799770097,-0.006318633174646204,-0.02402593690782795,-0.011186962130962042,1254
2026-10-07,FR0013351285,0P0001EPLY.F,EUR,154.00999450683594,154.00999450683594,-0.03605188465666098,-0.05224618765024036,-0.0807568301389967,-0.0356293209150802,0.07747528391744514,0.06724694295241126,-0.08675287556785016,-0.09545535463958221,-0.039442704648368965,-0.06150065691613127,-0.05647087571783205,1250
2026-09-30,FR0013433067,0P0001ILL4.F,EUR,95.12999725341795,95.12999725341795,-0.03909093683416209,-0.05465567077527855,-0.06358892919915626,-0.025606883850572637,0.1728127718747212,0.2246771464157189,-0.11316681697844033,-0.20466606893546202,-0.015074677558829519,-0.04941296774001547,-0.0839968360007769,1177
2026-10-07,FR0013451333,FDJU.PA,EUR,20.920000076293945,20.920000076293945,0.015533965480508893,-0.052106915923518016,-0.10445207492744546,-0.13632915371461551,0.15550937828036152,0.150369752721349,-0.11900687559972067,-0.19956775858727527,-0.025435572616094637,-0.04595992564849283,-0.06364024631245369,1294
2026-10-07,FR0014000MR3,ERF.PA,EUR,76.5199966430664,76.5199966430664,0.020266621907552018,0.0786579364198503,0.10418460711922672,0.11628975190293822,0.2751931309366442,0.24993351247479834,-0.07004213550513194,-0.20375860905809895,0.012798919522706953,0.05048703207694172,0.14271346390697714,1294
2026-10-07,FR0014003TT8,DSY.PA,EUR,21.61000061035156,21.61000061035156,0.054660851720071735,0.07139318436344788,0.17127369738431675,0.15176770000005058,0.26130325784384134,0.3585066561651353,-0.1264616741878486,-0.47274530078621,0.03355099132458972,0.00969044975292932,0.08776191362098662,1294
2026-10-07,FR0014004L86,AM.PA,EUR,278.3999938964844,278.3999938964844,-0.019718331350407126,-0.0014346984002789887,-0.006424047937645727,-0.09184557431295681,0.20630493113640924,0.23868711149717867,-0.14044944087776323,-0.20795749519430162,-0.028374004239922868,-0.052584311363045644,-0.08305155122470553,1294
2026-10-07,FR00140081Y1,0P0001P1UF.F,EUR,127.86000061035156,127.86000061035156,0.001017750332744427,-0.0019514479650997174,-0.002729943726598072,0.004399038061028815,0.011939926004134932,0.012186190733547179,-0.0075439509013045525,-0.012880632916910884,0.0005790944828887312,-0.0019202769088234595,0.0008093605055905506,1098
2026-10-06,FR0014008NN3,0P0001P5RF.F,EUR,1116.02001953125,1116.02001953125,-0.006224334755336569,-0.06083432395417765,0.012602882225236645,-0.03258463978088488,0.21171209403501487,0.18536318769295362,-0.08371377079233333,-0.21793387774801054,-0.025518115286719767,-0.029498352748087986,-0.05005913754460167,1024
2026-10-07,FR001400AJ45,ML.PA,EUR,33.56999969482422,33.56999969482422,-0.005333342375578698,-0.005627921687063497,-0.02808341618390242,0.09815132375780955,0.1509608648864295,0.16832610933672917,-0.06113158439342947,-0.17488391923233015,0.002703131645447332,-0.01694936141756953,0.05864507248413631,1294
2026-10-07,FR001400C7W0,0P0001Q63A.F,EUR,120.29000091552734,120.29000091552734,0.0006738370836214536,-0.002992101666071445,-0.0029011810004296867,0.006577211869434052,0.010578966407676868,0.007193811521289848,-0.005669868593683125,-0.010383330479376118,-0.0004889895881383666,-0.0022524508698313905,0.002846600820522349,953
2026-10-07,FR001400J770,AF.PA,EUR,11.19499969482422,11.19499969482422,-0.03781697682870622,-0.03366425049966015,-0.1441131681862995,0.13126513726704103,0.3365382776228649,0.3489508210307536,-0.1441131681862995,-0.3487062871159111,-0.02787429918426665,-0.0514078785410893,-0.007189589404301144,1294
2026-10-07,FR001400KAV4,0P0001RSZC.F,EUR,118.79000091552734,118.79000091552734,0.0010955439862292415,-0.00909239541928275,-0.01525322374023741,-0.004608642862750423,0.027280188419553007,0.019611794194555065,-0.019529899474326817,-0.023963510996798165,-0.001345098490367902,-0.009166805755208118,-0.008671096229472375,732
2026-10-07,FR001400L7X7,0P0001S005.F,EUR,1085.800048828125,1085.800048828125,0.001087988158295028,-0.0030482832965574858,-0.004337322532786847,0.003864623185414251,0.013798564715367903,0.009957735206819874,-0.00821875904603675,-0.011346908589593308,0.0004966841838551783,-0.002897968176352461,-0.0005283689765247512,693
2026-10-07,FR001400MCQ6,0P0001SCG2.F,EUR,111.1999969482422,111.1999969482422,-0.00035959112095906853,-0.009530593451659186,-0.014097029474057332,-0.0018849897402758442,0.0270596043019571,0.0182466899358683,-0.01858241248053083,-0.023477096143128984,-0.0024624832298004717,-0.009452989191850003,-0.007071077612705201,628
2026-10-06,FR001400TS43,0P0001UK5Q.F,EUR,255.2100067138672,255.2100067138672,0.05332458535535323,0.02444609712606538,-0.07485673796211689,-0.1632733400783305,0.29661356595304444,0.4066304585967712,-0.18253775536359795,-0.4031498049663377,0.03957313603584489,0.004820775895719498,-0.10489768036224889,420
2026-10-07,FR001400U4T1,0P0001UJXE.F,EUR,100.5199966430664,100.5199966430664,0.0004976154250606601,-0.014123209634527623,-0.022749406507874936,-0.009632723884966832,0.03434240358923504,0.0247641452513568,-0.027084757379556068,-0.028593554333610216,-0.0035390045579009044,-0.013962686865416463,-0.013655389567135079,429
2026-10-06,FR001400Y4C3,0P0001VF8D.F,EUR,102.48200225830078,102.48200225830078,0.0033680096376962343,-0.01025647524827178,-0.012459641036533076,0.001808510447878664,0.030256551088812943,0.02072988847434215,-0.017818819648096174,-0.018998010653424435,-0.0013189595011103838,-0.007789377112809803,-0.007109980623418499,333
2026-10-06,FR0014010443,0P0001X7LU.F,EUR,121.81999969482422,121.81999969482422,0.007026522820069436,-0.004494590499412143,0.004866751806922975,0.03879937905691788,0.1400052374259706,0.11130971950809192,-0.06508550861145868,-0.07909845364679069,0.005165273992959962,-0.009567731711413008,0.03609359590308747,265
2026-10-07,FR00140182K6,WLN.PA,EUR,10.37399959564209,10.37399959564209,-0.06304190594300552,-0.23720593348093788,0.026518865076599285,-0.15328111994929927,0.4067523012764622,0.7090125662876039,-0.2888676046032894,-0.6570808915597444,-0.1367948367764339,-0.1741550822868424,-0.1808037788192305,1294
2026-10-07,IE0000MMQ5M5,XZME.DE,EUR,11.555999755859377,11.555999755859377,0.008552938661879672,0.019947028567975034,0.04427975526783112,0.10288223905770666,0.12296899208137789,0.13758828630165448,-0.034134029904242746,-0.12315044752045123,0.012795776845926143,0.012430201114782324,0.07270358927908838,1146
2026-10-07,IE0002EI5AG0,XDEE.DE,EUR,11.916000366210938,11.916000366210938,0.003706252238186547,-0.02054907056343136,-0.01618230611385374,0.03222459328193272,0.09879805722173804,0.09740584319485665,-0.06861037817093696,-0.07195734552495425,-0.006271244443847301,-0.0281189480048174,0.016916204899928955,1256
2026-10-07,IE0003UN5CT1,JSEE.L,EUR,31.36000061035156,31.36000061035156,-0.006573170378758708,-0.007516393328822257,-0.022367665589557162,0.020335122420316543,0.11752207866118942,0.10132528812775411,-0.049569186207256144,-0.10927735477485356,-0.005592724132074789,-0.02102331319976003,0.019230023900428828,460
2026-10-07,IE00069JGT58,JSEU.L,USD,38.57011533508062,38.57011533508062,0.014965149007726275,0.059896882953446307,0.051032482917687805,0.15418704423383556,0.13817176297672765,0.13619754937939293,-0.033805521724557974,-0.09540032619128536,0.02740151795165091,0.03731503960242177,0.11668415555390466,800
2026-10-07,IE0006YM7D84,XZHY.L,USD,33.78717235941054,33.78717235941054,0.0061501252158235875,0.009587800509503364,-0.010497239618312837,0.028362984776113542,0.08674016661880944,0.06916222887705335,-0.024689854285575796,-0.03299643726822499,0.004427036385124872,0.003869100576562534,0.01688149553605478,1077
2026-10-07,IE000ANHU3J3,JSEM.SW,USD,37.25497296334188,37.25497296334188,0.018204467004085956,0.01924053220584021,0.04294336797094256,0.1492739581736362,0.25504872139395124,0.230483381101932,-0.06438650831226733,-0.13277301158653176,0.0188197583332943,0.039419601181729824,0.12274895424631538,398
2026-10-07,IE000I8KRLL9,SEMI.AS,USD,19.336153487456656,19.336153487456656,0.025636350233451788,0.10862197492361236,0.06693493389967742,0.4702853390611279,0.39754633185609045,0.43654350344319065,-0.165915333660979,-0.28230899511903307,0.05902367097085448,0.10473409057838379,0.2868853124225894,1294
2026-10-07,IE000R85HL30,WEBD.DE,EUR,129.75999450683594,129.75999450683594,0.031478468672603066,0.08079291308920955,-0.05868706012682112,0.011537229042895225,0.09355889840814767,0.3232206110075565,-0.18689110265098707,-0.18689110265098707,0.04339711001996993,-0.03407538280665601,-0.00716192640305735,1286
2026-10-07,IE000RDRMSD1,BLKC.AS,USD,14.839787435490932,14.839787435490932,-0.03283445777980931,-0.043633468123875696,0.007963440413733425,0.02583915162819772,0.47077329482078156,0.5026322340397532,-0.12479567170263195,-0.4311174525246234,-0.05176055001932778,-0.016188316269627023,0.005786915645097812,1030
2026-10-07,IE000U58J0M1,INRA.AS,USD,22.48574206373503,22.48574206373503,0.011708609817843163,-0.014430262433274832,-0.08761894176103235,-0.0841065087195152,0.28933232380816465,0.25900153749276505,-0.11671190627635109,-0.2681388228480649,0.0012654619039969006,-0.006881553511481897,-0.06386833038009043,1181
2026-10-07,IE000UX5WPU4,XYPL.DE,EUR,9.859399795532228,9.859399795532228,0.0055276969880944105,-0.005687922157986303,-0.018085904198332114,-0.014207902047164933,0.04531851996541401,0.03677096219644686,-0.03239188740138765,-0.04029930153085548,0.003190846580365392,-0.007882306760115476,-0.01414189667980903,1100
2026-10-07,IE000VA628D5,SP20.AS,USD,6.269143295029547,6.269143295029547,0.018968191172862525,0.08504953415301975,0.08044645542648432,0.1824270824381684,0.15913310189809937,0.17307140131742088,-0.044330093330838816,-0.1284309111272145,0.03743224666724654,0.06514410762158107,0.1425576571089031,481
2026-10-08,IE0030351732,WYZ1.F,EUR,52.8849983215332,52.8849983215332,-0.018029573112446906,,,,0.16102719020797693,,-0.03674082391942335,-0.03674082391942335,,,,15
2026-10-07,IE00B3ZW0K18,IUSE.L,EUR,159.7100067138672,159.7100067138672,0.009225950798528837,0.019273752156524937,0.028893544429050566,0.08786873761866842,0.11821096238203707,0.11639300970827472,-0.026802918883324978,-0.08666481270306314,0.012684746606983932,0.012990490743644001,0.06981302673017842,1275
2026-10-07,IE00B4L5Y983,IWDA.L,USD,130.67010107682657,130.67010107682657,0.009086122748265257,0.036673844648280385,0.031760454824518725,0.11747000526243268,0.14529012891712959,0.12809985674264016,-0.0314395943389254,-0.06426178066922439,0.017420123021860245,0.02329772829864729,0.09127573352816976,1275
2026-10-07,IE00B6R51Z18,IOGP.L,USD,30.612614677781465,30.612614677781465,0.022575830221729154,-0.03485878149745447,0.08873560028473726,0.12789272689498077,0.23105838401208492,0.24116589656706938,-0.08305295944975122,-0.1893189566400566,-0.007941288060041685,0.0014366697673153794,0.07780575430787007,1275
2026-10-07,IE00B6R52143,ISAG.L,USD,49.22010655343678,49.22010655343678,0.002204543982743612,-0.04648414560408498,6.812867785543908e-05,0.0008578710361224484,0.14792567191739084,0.15577932829794297,-0.07721369534247513,-0.0928890168616453,-0.01705985313920877,-0.010293618122343418,0.00846138248153916,1275
2026-10-07,IE00BDQYWQ65,TIP5.L,USD,4.323531860630122,4.323531860630122,0.009659721978684033,0.026154071866194117,0.0076882573722689695,0.03716161522729711,0.04124401018281718,0.046253750873316284,-0.023758590358265108,-0.0393317021918399,0.014135192142045616,0.01906061938340775,0.027968789759881485,1275
2026-10-07,IE00BF4G6Z54,JREM.L,USD,46.03888456809885,46.03888456809885,0.011378491166389892,0.014326803634844287,0.03377131558024882,0.11400271643745885,0.24326278346012614,0.22532635932033418,-0.06743893658122968,-0.13277031521209293,0.009802377750451008,0.02746095769390955,0.1021763715188575,1274
2026-10-07,IE00BFMNHK08,XZEU.DE,EUR,36.44499969482422,36.44499969482422,-0.004914684100362665,-0.007489148059283246,-0.01539915451095819,0.06673492516315593,0.10871062888676207,0.09410769884215256,-0.04838921969104015,-0.10329516595899846,-0.0044117893940297526,-0.02045369806561015,0.03520535133353153,1285
2026-10-07,IE00BG0J4B71,EH1Y.DE,EUR,4.728700160980225,4.728700160980225,-0.001288270065395447,-0.013662296803136131,-0.020019491297299852,-0.004770512602041421,0.055301699479786595,0.03951690884872948,-0.028129774050570933,-0.03306860401077327,-0.004637151091077318,-0.013727722832304612,-0.009604951500758241,1148
2026-10-07,IE00BG0J4C88,LOCK.L,USD,11.91625976971119,11.91625976971119,0.03273113610146772,0.12335596137261629,0.11561422429858781,0.3186142160427241,0.24913928348262562,0.24703770340901562,-0.06918210405872405,-0.12423833383261185,0.04351541728425934,0.07984157857886598,0.24050200226326024,1275
2026-10-07,IE00BG370F43,XZEM.L,USD,60.62541490354069,60.62541490354069,0.011067020349182943,0.018220261032499296,0.02248889830502021,0.02032953280327865,0.22064108387760237,0.20843851824132154,-0.06610675311961389,-0.13248037332383544,0.01241833134382242,0.030283231284490286,0.04617471808101903,1275
2026-10-07,IE00BHZPJ015,EDM4.DE,EUR,10.194000244140623,10.194000244140623,-0.014501123406970406,-0.017161540774359496,-0.016592700021592632,0.04297115501139537,0.1327878355219821,0.11540182132157115,-0.053667599266246535,-0.10782747063876086,-0.0137765360726545,-0.02814321690382815,0.01986610153788715,1288
2026-10-07,IE00BHZPJ239,EDM2.SW,USD,8.507552319635735,8.507552319635735,0.013747333166868714,0.019482927986882448,0.0503117660259258,0.11677997270135565,0.2334974737854122,0.2208939565902647,-0.05974304308454337,-0.1345260918002107,0.014474838536934875,0.031612766384581104,0.10393768515941804,1270
2026-10-07,IE00BJ5JPH63,3SUD.DE,EUR,5.053199768066406,5.053199768066406,0.0003562543788420136,-0.03517017698348013,-0.04530520369585267,-0.042845798623229125,0.072517660420215,0.05717222595072038,-0.051373066040586335,-0.05996626709503183,-0.01580343960153996,-0.030483076566137135,-0.03737556074078896,1288
2026-10-07,IE00BJZ2DC62,XRMU.L,USD,60.43436701084919,60.43436701084919,0.014227179167811466,0.05604527705115325,0.04512385552318432,0.15298199782211053,0.1428876533700145,0.14038145380464329,-0.033469853884432466,-0.08608559168927943,0.026417395791570986,0.03810719883918612,0.11477997424529152,1275
2026-10-07,IE00BJZ2DD79,XRSU.L,USD,368.0666871042037,368.0666871042037,-0.0018750528789003296,-0.013633669448191776,-0.04538335885811062,0.05570338600470559,0.1801455383639742,0.15307333045293922,-0.07449764261992065,-0.09191930547627514,-0.006511702833835176,-0.026565772901557372,0.03403452815239172,1275
2026-10-07,IE00BKBF6H24,IWLE.DE,EUR,10.904000282287598,10.904000282287598,0.004421548998663871,0.011878272005154233,0.01741091326764388,0.08177226878750798,0.1148882325018642,0.10403055281975626,-0.029517160170236978,-0.07851649475827649,0.007023511698952767,0.0038981406719795775,0.05827995498893901,1288
2026-10-07,IE00BL25JL35,XDEQ.SW,USD,81.67214701976008,81.67214701976008,0.014716944821362432,0.046657064479156185,0.034223085233699546,0.11923772271547928,0.09319165525671878,0.10446154644677974,-0.039215467351097044,-0.0645891391851322,0.026094324859028184,0.029518788362454584,0.09330750478433347,1270
2026-10-07,IE00BL25JM42,XDEV.SW,USD,74.5721483544852,74.5721483544852,0.0043927130394056935,0.011641246137809702,0.06176603879045728,0.2538003152354513,0.15934910454773457,0.13396575965553,-0.02877761686147684,-0.05770898221228993,0.005395663132069517,0.018872985572488066,0.15276703807194547,1260
2026-10-07,IE00BL25JN58,XDEB.DE,EUR,45.82500076293945,45.82500076293945,0.023450568426081952,0.030238337107579616,0.04742858886718748,0.08307726957124006,0.0642532045583849,0.08587137705237592,-0.024500063829753338,-0.053087219156055854,0.01850875874788671,0.01734765331212551,0.05664616598186045,1287
2026-10-07,IE00BL25JP72,XDEM.SW,USD,89.1986679019583,89.1986679019583,0.00795282442785128,0.04984876729967325,0.04885132158419192,0.169731321139718,0.19765571489714523,0.21010086482918133,-0.07866962319946336,-0.12784451494966353,0.02676106689377855,0.04664680053603942,0.12787751860697005,1260
2026-10-07,IE00BM67HK77,XDWH.L,USD,54.96052624609831,54.96052624609831,0.002172148588663436,0.04214968563248789,0.05815830764116692,0.1283932683309459,0.12684132736381248,0.15421162492864032,-0.05875719335444407,-0.10318579402849182,0.017821624339250386,0.018401567821530573,0.07983178566869564,1275
2026-10-07,IE00BM67HM91,XDW0.L,USD,67.47215646876649,67.47215646876649,0.016994216822858066,2.9987527196739805e-05,0.10904646161898168,0.18454301031504317,0.16698153460175558,0.19086187774548252,-0.05429453431446529,-0.15272657622424402,0.00456531253564374,0.02783866467785101,0.13183729486590479,1275
2026-10-07,IE00BM97MR69,XT0D.L,USD,56.83105324854086,56.83105324854086,0.007886625513386036,0.03589195430508485,0.020157272938194026,0.06475561420637255,0.04115492678086942,0.04429285609313648,-0.0240998227837117,-0.035956034609163745,0.015130149951088745,0.026320699424710936,0.04523841889283253,1275
2026-10-07,IE00BMDFDY08,UEEF.DE,EUR,5.639800071716309,5.639800071716309,-0.002299747249653983,-0.02317445396340323,-0.025267837695041928,-0.019369892118830223,0.06606711348688032,0.048495696484282154,-0.036452485144036206,-0.036452485144036206,-0.009786592193466559,-0.019664416891033043,-0.018463620168991723,1288
2026-10-07,IE00BMG6Z448,EXCH.AS,USD,8.519103835894063,8.519103835894063,0.019736452274429883,0.01960619002013253,0.0735475406087216,0.19603119888458842,0.28558249906825744,0.2724515060759298,-0.0820352657334904,-0.17728773058573388,0.018681663864130282,0.047072417728755145,0.14499939160280495,1294
2026-10-07,IE00BQ3D6V05,0P000166SB,USD,82.95174078875475,82.95174078875475,0.022873545510998294,0.05862176386149853,0.030892304969371898,0.19537795292861193,0.12593305181307818,0.20065186500036503,-0.09062458852934518,-0.12341477579416804,0.03861261461994481,0.05609357482670485,0.12906838481771366,1215
2026-10-07,IE00BYVQ9F29,NQSE.DE,EUR,17.99799919128418,17.99799919128418,0.01614720527441338,0.05671674651468206,0.054364353430031986,0.16191087522430436,0.16951810775678275,0.17976258814015536,-0.06818978197451597,-0.11870130610035734,0.031534022737872425,0.0466825333748353,0.11736139686376457,1288
2026-10-07,IE00BYZK4552,RBOT.L,USD,19.94040854876609,19.94040854876609,0.0311305809230209,0.09831564427485362,0.10144723698915925,0.290947171238251,0.26764759524819454,0.26570838226030674,-0.07714870408643226,-0.1270730588029788,0.0502163512631717,0.0698206091831024,0.21284844535393344,1275
2026-10-07,IE00BZ02LR44,XZW0.L,USD,50.88180627714868,50.88180627714868,0.009014054919418424,0.042321052572207085,0.04804686284196058,0.13139540654691273,0.15206690533182673,0.14931240638637,-0.03517718499463052,-0.10518426628150501,0.02000223026695891,0.027361655002865914,0.09953981003014412,1275
2026-10-07,IE00BZ036J45,XDGE.DE,EUR,9.562399864196776,9.562399864196776,-0.0004180998349432308,-0.029257138785430015,-0.043247410197304714,-0.0565083300384045,0.06603221142206847,0.055418354773500454,-0.04773330832690326,-0.0729180878261746,-0.013057201383871342,-0.026452310732794193,-0.046622170519956874,1288
2026-10-07,IE00BZ163G84,VECP.AS,EUR,46.93999862670898,46.93999862670898,0.0038494506338098144,-0.004280568489662406,-0.014015360638464203,-0.010698014857894234,0.036306904636800204,0.028084744028922807,-0.025139970010020662,-0.03007659148121422,0.002196517856633662,-0.006552423587730338,-0.011115996590676414,1293
2026-10-07,IT0000072618,ISP.MI,EUR,6.24399995803833,6.24399995803833,-0.06034612852358079,-0.06189906412112811,-0.01514198615758311,0.11748598834691304,0.2780676407579312,0.2102926863726674,-0.09729649800082729,-0.18962136424504183,-0.06032491843379928,-0.0708388712163982,0.051617275503445414,1284
2026-10-07,IT0003128367,ENEL.MI,EUR,8.72599983215332,8.72599983215332,-0.0024008127438018834,-0.018999507241491576,-0.11895096138698846,-0.07623461177493007,0.20189787945442703,0.17441139394468763,-0.1369971620497238,-0.1369971620497238,-0.011968274091160969,-0.056169099361562225,-0.06500820033587962,1284
2026-10-07,IT0003132476,ENI.MI,EUR,24.23500061035156,24.23500061035156,0.008950880453392873,0.0234375125854398,0.15347426599250258,0.10671618650770132,0.18580244326493286,0.26482193708121826,-0.07494912450458358,-0.18371762343297826,0.009555339924643969,0.027163091630429737,0.13992324099342568,1284
2026-10-07,IT0003242622,TRN.MI,EUR,9.041999816894531,9.041999816894531,-0.016318599418519986,-0.02248650628167226,-0.10784414280253962,-0.07599253170895337,0.1765785299881222,0.15383058745127146,-0.13442623614171878,-0.13442623614171878,-0.01725939773769669,-0.052731517068475564,-0.06008012519072137,1284
2026-10-08,LU0029874905,TEP6.F,EUR,69.48400115966797,69.48400115966797,-0.0027699353882486566,,,,0.26237657109758694,,-0.04474899743508687,-0.04474899743508687,,,,15
2026-10-08,LU0048574536,FPGK.MU,EUR,60.78200149536133,60.78200149536133,0.0028212937281015815,,,,0.03762281168889719,,-0.015543800677113584,-0.015543800677113584,,,,15
2026-10-08,LU0050427557,FJRC.F,EUR,37.92599868774414,37.92599868774414,0.13840613090520937,,,,0.42318987606856057,,-0.03541801664949307,-0.03541801664949307,,,,15
2026-10-08,LU0052474979,JPJX.F,EUR,169.56500244140625,169.56500244140625,-0.014260152153233285,,,,0.20586622943950225,,-0.03615177206210096,-0.03615177206210096,,,,15
2026-10-08,LU0053696224,JPJW.F,EUR,60.17599868774414,60.17599868774414,0.0003657173151643267,,,,0.20641933639372362,,-0.026301934376576797,-0.026301934376576797,,,,15
2026-10-08,LU0055114457,FPGL.F,EUR,16.268999099731445,16.268999099731445,0.024173677388523274,,,,0.15567344153505458,,-0.059549278576264686,-0.059549278576264686,,,,15
2026-10-08,LU0058908533,JPJV.F,EUR,90.54000091552734,90.54000091552734,-0.011150993622825567,,,,0.17524661732188782,,-0.04540996764262206,-0.04540996764262206,,,,15
2026-10-08,LU0070212591,IH5Y.MU,EUR,2479.405029296875,2479.405029296875,-0.0007838750207849188,,,,0.005346297155047923,,-0.0007842682730768713,-0.0007842682730768713,,,,15
2026-10-08,LU0073232471,MSJ6.F,EUR,208.97000122070312,208.97000122070312,-0.029292627730231446,,,,0.3345533348980732,,-0.05869368819503096,-0.05869368819503096,,,,15
2026-10-07,LU0088087324,SESG.PA,EUR,4.085999965667725,4.085999965667725,-0.05460436362264287,-0.128040956303765,-0.45301203742565377,-0.3570417067813897,0.36939145776122173,0.47832650175004543,-0.45301203742565377,-0.5866464470350425,-0.09423422630078959,-0.16546845442917835,-0.35828035190776863,1294
2026-10-08,LU0090841262,0P00000DWT,USD,78.6602074333402,78.6602074333402,-0.01428542449204906,-0.08710217813539023,0.16632611953002274,-0.07909659151388493,0.28798828269233345,0.41688605761094105,-0.12582951694431388,-0.35059423030144754,-0.04331304148371473,-0.020461115849868983,-0.00207071341097953,1020
2026-10-08,LU0099161993,C5Q1.F,EUR,332.6579895019531,332.6579895019531,0.0020664534055618855,,,,0.09698110455321386,,-0.015857386028741538,-0.015857386028741538,,,,15
2026-10-08,LU0099574567,FJ2P.F,EUR,98.08000183105467,98.08000183105467,0.028307870155028336,,,,0.16397467939217356,,-0.014109108664772774,-0.014109108664772774,,,,15
2026-10-08,LU0107398884,JPJF.F,EUR,26.05500030517578,26.05500030517578,-0.01385258803051903,,,,0.12641565933614862,,-0.051372581317871924,-0.051372581317871924,,,,15
2026-10-08,LU0113257694,ZPJS.F,EUR,24.23600006103516,24.23600006103516,0.0020258728168245366,,,,0.03774458948753397,,-0.009802326336384115,-0.009802326336384115,,,,15
2026-10-08,LU0114722498,FJRQ.F,EUR,75.51300048828125,75.51300048828125,-0.004232918572908639,,,,0.11126406646705456,,-0.027520940059292176,-0.027520940059292176,,,,15
2026-10-08,LU0119750205,IUGL.F,EUR,30.726999282836918,30.726999282836918,-0.006241940264579693,,,,0.08489010614606278,,-0.03389407363607022,-0.03389407363607022,,,,15
2026-10-07,LU0131510165,0P00001UFS.F,EUR,879.4500122070312,879.4500122070312,-0.022018335049172943,-0.06045678298866353,-0.03894700368542703,-0.02695255132977581,0.08880233028671461,0.09566322428532137,-0.08284579172568796,-0.0852497511227489,-0.027983390803304142,-0.0543989545262763,-0.039846492601073424,1090
2026-10-07,LU0138007074,0P000026CA.F,EUR,9598.08984375,9598.08984375,0.03676608573609119,0.025819465182684187,-0.016088154038316205,0.06167917478805185,0.14003641065589031,0.1737895468797431,-0.09038874185237777,-0.18821294351051976,0.0253172280048366,-0.0002526719756262841,-0.007241911273045076,1090
2026-10-08,LU0141799501,0P000013Y8.F,EUR,40.027000427246094,40.027000427246094,-0.00889168141907215,-0.023857848139407833,-0.02664698223902462,-0.006609044115551743,0.03934548985147553,0.025857935153457294,-0.02892229230975707,-0.02912220284095368,-0.01195199660436952,-0.020616824169836345,-0.016385379007825773,1084
2026-10-08,LU0147396450,0P00000SKL,USD,77.6603249255457,77.6603249255457,0.00972755720257834,0.02193872510876327,0.011106011702178842,0.09187856838915343,0.10465585804749704,0.09118490302091008,-0.02794189737695174,-0.05847591595879342,0.014506128925446005,0.016731290763186468,0.05404375527554284,1009
2026-10-08,LU0147409709,0P00000LM2,USD,73.88399602910401,73.88399602910401,0.1702774839317558,0.1335862310197644,0.20644216329180498,0.08939389161202227,0.5777409461830644,0.3752758914489008,-0.08322682207633625,-0.1619830152579782,0.14595528055764118,0.17678998726740547,0.16394720978601218,1017
2026-10-08,LU0154236920,0P00000S3T,USD,82.15978599390743,82.15978599390743,0.027311012099298315,0.04658653863088258,0.024814554123982147,0.17916911898411647,0.159604152737918,0.15913889118406022,-0.05760712843206328,-0.07975715410368611,0.03174788968040865,0.04105961789310841,0.11125777984118579,1019
2026-10-08,LU0173614495,FJRH.F,EUR,57.108001708984375,57.108001708984375,-0.023143580507921646,,,,0.23367617839021215,,-0.028788400803904657,-0.028788400803904657,,,,15
2026-10-08,LU0202403266,FJ2E.HM,EUR,547.10498046875,547.10498046875,-0.004329567889619468,,,,0.12749453099805502,,-0.01854672404959934,-0.01854672404959934,,,,15
2026-10-08,LU0227384020,XE67.F,EUR,17.926000595092773,17.926000595092773,0.015522329549899405,,,,0.07851252561224582,,-0.010616142300232778,-0.010616142300232778,,,,15
2026-10-08,LU0231205187,TESU.F,EUR,59.85499954223633,59.85499954223633,-0.01809443612907169,,,,0.11217186450427344,,-0.041722019404687116,-0.041722019404687116,,,,15
2026-10-08,LU0246036288,0P000026OM.F,EUR,297.3551940917969,297.3551940917969,-0.015831861855558738,-0.0033483455684925056,-0.012101077056082543,0.024816721206194936,0.11741264801016237,0.10591943900196263,-0.053226897145107865,-0.11572868599376362,-0.005496333596792913,-0.020376629785384015,0.013303242622165978,1119
2026-10-08,LU0248178732,0P00002A0A.F,EUR,501.9718017578125,501.9718017578125,0.014027933062837228,0.005438075772661755,-0.015416290483048822,0.09081173852263102,0.1321238973591633,0.12668640533822137,-0.07194186720603224,-0.07648822010872047,0.015051519090914844,-0.002948288839299207,0.0554066654785379,1086
2026-10-08,LU0260869739,FLX6.MU,EUR,37.63399887084961,37.63399887084961,0.03106846221505788,,,,0.10305925576548343,,0.0,0.0,,,,15
2026-10-08,LU0261952419,FJR3.F,EUR,39.98600006103516,39.98600006103516,0.004547161272998368,,,,0.07904229740226201,,-0.015832799208103987,-0.015832799208103987,,,,15
2026-10-07,LU0261953904,IPGU.MU,EUR,31.834999084472656,31.834999084472656,0.00031416563373176665,0.005527455398103953,-0.0019750965977166635,0.02975895654860672,0.01847443263772127,0.014143410263801304,-0.007461309937927263,-0.018100128537090643,0.001305259124679159,0.0028439122479222423,,197
2026-10-08,LU0266009793,XRUG.MU,EUR,135.3990020751953,135.3990020751953,-0.001622200542376162,,,,0.027508682995159097,,-0.013040509510160003,-0.013040509510160003,,,,15
2026-10-07,LU0266012235,0P00006CAL.F,EUR,164.35000610351562,164.35000610351562,-0.0050247403382245315,-0.03922595317926236,-0.06544975814220733,-0.01780909397555508,0.08330037350754389,0.09465881385686171,-0.09994523214667406,-0.09994523214667406,-0.013558647988066275,-0.043594809871007056,-0.026346947242343877,1091
2026-10-07,LU0274211480,DBXD.DE,EUR,234.4499969482422,234.4499969482422,-0.0027648198145396874,-0.01842164137674962,0.004283572555461301,0.033046927080199184,0.12825209099615126,0.11611935627513441,-0.06092396906058184,-0.12282175414505347,-0.010352370480365636,-0.027529496671394482,0.009081504998086354,1288
2026-10-08,LU0278272843,TGD0.MU,EUR,61.14300155639648,61.14300155639648,0.0014905886906830812,,,,0.07297980766134447,,-0.010646624696997509,-0.010646624696997509,,,,15
2026-10-08,LU0278937759,AEF5.F,EUR,35.15900039672852,35.15900039672852,0.022837023182270544,,,,0.17318714679303893,,-0.011048817574366931,-0.011048817574366931,,,,15
2026-10-08,LU0280435388,P3IA.F,EUR,232.1479949951172,232.1479949951172,0.03304062136499275,,,,0.20550092718721652,,-0.023558450683705767,-0.023558450683705767,,,,15
2026-10-08,LU0284394235,5L42.F,EUR,193.97999572753903,193.97999572753903,-0.00010311480649982663,,,,0.07517857327637138,,-0.010326330574299769,-0.010326330574299769,,,,15
2026-10-08,LU0289089384,JP5D.F,EUR,38.11600112915039,38.11600112915039,-0.0023033567120511744,,,,0.10294087808658312,,-0.025664566210303885,-0.025664566210303885,,,,15
2026-10-07,LU0290356871,DBXP.DE,EUR,173.72500610351562,173.72500610351562,0.0017587817886675072,-0.0008052189067681015,-0.0020105750444483483,0.0004607206028752753,0.01616742492729657,0.012814826057654325,-0.007166403773139596,-0.01239343130496584,0.0016663511506722628,-0.001000545348220916,-0.0007444072122596568,1288
2026-10-07,LU0290357259,0MUJ.IL,EUR,243.0,243.0,0.0005146680391148184,,,,0.05281850073311658,,-0.01818738487304261,-0.01818738487304261,,,,19
2026-10-07,LU0290357846,DBXG.DE,EUR,229.82000732421875,229.82000732421875,0.008203599039315446,-0.024284563662042125,-0.07068336236081907,-0.08105077896152868,0.13273776004063145,0.10752628229112801,-0.08774402624081823,-0.134956736579534,-0.011930579453915735,-0.03604408286742333,-0.07397573695621773,1288
2026-10-07,LU0290357929,XGIN.DE,EUR,212.0500030517578,212.0500030517578,-0.0007539873570858724,-0.020825612106019853,-0.028051497311964657,-0.030096517788496757,0.038873148554409445,0.03461053371945412,-0.02898617863137931,-0.04842036197923849,-0.009299641192599739,-0.018214304700370443,-0.028597385169679135,1288
2026-10-07,LU0290358497,XEON.DE,EUR,150.4409942626953,150.4409942626953,0.0005253637969240277,0.001938064455810462,0.005258711882725198,0.010213511364836725,0.001415597664833814,0.0013840515285734494,-0.00011318309784169589,-0.00028315894672692465,0.001018999936299947,0.0023449682935301475,0.008426101231698846,1288
2026-10-07,LU0292096186,XGSD.DE,EUR,38.16999816894531,38.16999816894531,-0.00882887996382431,-0.017376831781332425,0.014275218525549471,0.07818702738570105,0.08713464913058207,0.0815343331420438,-0.033941240327379885,-0.03695373235385879,-0.014249137053638172,-0.019458266223319698,0.057557609430994416,1288
2026-10-07,LU0292097747,XASX.L,GBP,583.9198626420713,583.9198626420713,-0.008485704042883402,-0.01667111918856723,-0.014316066340155587,0.004324625093057977,0.14581689737014725,0.12539887792395654,-0.06465785014607517,-0.11277113453442278,-0.00880317183868784,-0.02712345735839683,0.012468324105056272,1275
2026-10-07,LU0292103222,DXSE.DE,EUR,223.3999938964844,223.3999938964844,0.012692600704892643,0.019393110282300396,-0.022960857818245972,0.010402477292976497,0.15088485328994924,0.16023667980768322,-0.08951461788163362,-0.12667634179434772,0.00899921034651463,-0.012518154496819367,-0.015323341635385623,1288
2026-10-07,LU0292105359,DXSK.DE,EUR,136.8800048828125,136.8800048828125,0.009141886602357818,-0.0014589797605100152,-0.046531016922418234,0.03712690797012197,0.14841089753540795,0.16878649839837379,-0.09250748906460371,-0.16959672496210454,0.0016025407517836765,-0.018280263224836113,-0.016867212480909166,1288
2026-10-07,LU0304955437,0P00009UZB.F,EUR,672.8800048828125,672.8800048828125,0.0489493442821356,0.06697955926238275,0.004328523983706978,0.12255184022396315,0.14235782940191619,0.17410537845786506,-0.08999620876453229,-0.1709681485622948,0.04439711783210809,0.029240227617012504,0.03774847731744457,1087
2026-10-08,LU0329355670,FHQV.F,EUR,415.0549926757813,415.0549926757813,-0.006829247347130973,,,,0.19368893673409024,,-0.025866268891559963,-0.025866268891559963,,,,15
2026-10-08,LU0352312184,ALW3.F,EUR,257.6449890136719,257.6449890136719,-0.0006788391341824296,,,,0.08467013347855641,,-0.016772322500121395,-0.016772322500121395,,,,15
2026-10-08,LU0386882277,PBFH.MU,EUR,429.1029968261719,429.1029968261719,0.02730689017647636,,,,0.06745261838195994,,0.0,0.0,,,,15
2026-10-08,LU0390135415,FT94.F,EUR,96.0510025024414,96.0510025024414,0.012822306423872165,,,,0.15278966768073937,,-0.015523535833662505,-0.015523535833662505,,,,15
2026-10-07,LU0392098371,0P0000JND6.F,EUR,151.27999877929688,151.27999877929688,0.003049936565042488,-0.011241838043811292,-0.026073540230578396,-0.017215578656370023,0.05567966348615578,0.039933152838558264,-0.03812145616632312,-0.03812145616632312,0.00012228800375857496,-0.014468971417875953,-0.019549076125539577,1124
2026-10-07,LU0413543058,0P0000JC7Q.F,EUR,64.44999694824219,64.44999694824219,0.004363390794553279,0.032356185058338705,0.03252160908115531,0.11911784645734258,0.2208663582584001,0.24099595580710453,-0.07321371081195982,-0.1483880728068636,0.016577513006465372,0.03584385463582174,0.08223104199630482,1154
2026-10-07,LU0478205379,D5BG.DE,EUR,161.08999633789062,161.08999633789062,0.004959594360564035,-0.002754866215557761,-0.013170847114211015,-0.010138927734906211,0.03624665889894124,0.031155411394162027,-0.02458846620350119,-0.02992194790383662,0.0035900142147449188,-0.005313375656400776,-0.010020270744821924,1288
2026-10-07,LU0496786574,LYPS.DE,EUR,71.8499984741211,71.8499984741211,0.02435060626614982,0.06020365992554777,0.05500414662947861,0.15827309682235446,0.08426735112223536,0.1053222199935117,-0.03006542521461386,-0.07117796160306766,0.03221041025416316,0.043113605973577274,0.11656224240166879,1288
2026-10-07,LU0514695690,LU0514695690-USD.LU,USD,15.568447352403236,15.568447352403236,-0.0003001594821986364,-0.008109348663406957,-0.0013243071551189978,-0.060432380805748975,0.20410078719688443,0.16879788008652916,-0.06497211750149956,-0.20339320201876643,-0.006685501152828954,-0.015878111027537778,-0.04660752065252749,1318
2026-10-07,LU0533033667,TNOW.MI,EUR,1325.969970703125,1325.969970703125,0.035833134905101094,0.11143050731472326,0.138494097617047,0.32001668257392857,0.16235582256009026,0.2040119186085302,-0.06163001521082834,-0.15633227391759896,0.06002462717307444,0.09481906975705057,0.2350126478955188,1284
2026-10-08,LU0568621618,LU0568621618-USD.LU,USD,117.48591200344644,117.48591200344644,0.012005623798461151,0.041303180271744955,0.03216434969574733,0.06937388064277639,0.04197239576432253,0.04543010703587854,-0.02485952922150525,-0.036101772405168986,0.01760019131404089,0.030809788250407255,0.04977261153523904,1085
2026-10-07,LU0571100824,0P0000ZJKU.F,EUR,186.83999633789065,186.83999633789065,-0.0022961922612263486,-0.005588392437961942,-0.02570792003303002,0.024566767451988936,0.07703142176873119,0.06478287427605554,-0.04120063645098815,-0.05433553960763737,0.0014954694537669955,-0.009031390485410018,0.014745948861712765,1074
2026-10-07,LU0616241476,LU0616241476.LU,EUR,127.54000091552734,127.54000091552734,0.0034618603201308495,-0.013001085662477263,-0.030703760900646637,-0.02811853183073265,0.051665685807623395,0.04058291453323839,-0.03762420553425372,-0.05959529091455673,-0.0011590659273604809,-0.015858606466040093,-0.030514757853080776,1134
2026-10-08,LU0616856935,FP7X.F,EUR,227.66400146484372,227.66400146484372,0.15980541322250108,,,,0.4041549153939483,,-0.03851045224174454,-0.03851045224174454,,,,15
2026-10-07,LU0641745681,0P0000V07V.F,EUR,121.72000122070312,121.72000122070312,0.0021406400312060647,-0.0017222921672029878,-0.01072821590541484,-0.00919818695525676,0.07270306520930676,0.06496241462699155,-0.02917753527773337,-0.09149679928668508,0.00493302736767065,0.003335118938450732,-0.009183277196306516,1120
2026-10-08,LU0702159772,FJR9.MU,EUR,42.42499923706055,42.42499923706055,0.01850962502699338,,,,0.07030291791130208,,-0.00979419352791,-0.00979419352791,,,,15
2026-10-07,LU0740858229,0P0000VOBL.F,EUR,174.61000061035156,174.61000061035156,0.001950974519740356,-0.013224054129682083,-0.008235811475344468,0.020275804797700747,0.055996882964812984,0.050764286443099375,-0.02888654493120857,-0.04437875007878134,-0.002157293461809817,-0.00915316937240318,0.011057889616325811,1023
2026-10-08,LU0772926084,O7Z0.MU,EUR,145.8209991455078,145.8209991455078,-0.001957438684744961,,,,0.0327149191505419,,-0.009187714793494006,-0.009187714793494006,,,,15
2026-10-07,LU0823410724,9XQ0.MU,EUR,624.843994140625,624.843994140625,0.014772290790971532,-0.017154551096146275,-0.027773678339524266,0.07908096687870003,0.07072465295105441,0.06486348662638122,-0.0600171329242104,-0.07647265690006522,0.008027115216160174,-0.01527231869339063,0.04725808628233752,205
2026-10-08,LU0823425839,ZSRD.F,EUR,178.46200561523438,178.46200561523438,-0.012609157485469424,,,,0.1881768614546587,,-0.037130542946548384,-0.037130542946548384,,,,15
2026-10-07,LU0839027447,XDJP.DE,EUR,40.77000045776367,40.77000045776367,0.04098045460787958,0.09493755309431506,0.0839341181796911,0.2603692374748017,0.22905208621717113,0.2543620267836964,-0.09001990766954915,-0.1601806331877259,0.06202297839107018,0.08422050138785897,0.18730231472494374,1286
2026-10-08,LU0840617350,AH8J.F,EUR,236.37600708007807,236.37600708007807,-0.0029778458514891915,,,,0.12688957848699559,,-0.01993498135387739,-0.01993498135387739,,,,15
2026-10-07,LU0870553459,0P0000XTFE.F,EUR,269.6700134277344,269.6700134277344,-0.013895446579173298,-0.014436012571966472,-0.012704111571383736,0.00029681030798878183,0.13172250831886703,0.11020186039182092,-0.05973221599170342,-0.09784224955302956,-0.006517062749618052,-0.018109238403640204,0.005768291198145592,1124
2026-10-08,LU0914729966,TC60.MU,EUR,359.489990234375,359.489990234375,0.025181048537186612,,,,0.061568983734726634,,0.0,0.0,,,,15
2026-10-07,LU0914731947,0P000100RL.F,EUR,186.52999877929688,186.52999877929688,-0.01437252956778401,-0.032269785840223775,-0.026156388652221252,0.0342093487916697,0.14941221679161515,0.12363014264671042,-0.05611778469741546,-0.11271244330571528,-0.013087059637582388,-0.025660963720708474,0.014186534425288277,1111
2026-10-07,LU0914733059,0P00011IV8.F,EUR,208.5800018310547,208.5800018310547,-0.011656517879730988,-0.0403938109801365,-0.030536798753481476,0.024510072120057957,0.19966888771416721,0.16449081216341593,-0.0781443828767796,-0.11810523160610065,-0.015200689517343213,-0.033001626964005215,0.011525522217858075,1111
2026-10-08,LU0922334643,FPG6.MU,EUR,41.55799865722656,41.55799865722656,0.0,,,,0.01311390781822236,,-0.004121756216068917,-0.004121756216068917,,,,15
2026-10-07,LU0935222066,0P00010URS.F,EUR,112.37999725341795,112.37999725341795,0.002140162877436902,-0.0026624338919534196,-0.0046940606810845775,0.0033928326198031655,0.018738454676232565,0.012651491644555831,-0.009293707032744347,-0.01584492251204206,0.0019167999370519606,-0.0017375205423277862,-0.000914829199751388,1099
2026-10-08,LU0941349275,I4G0.MU,EUR,138.34500122070312,138.34500122070312,0.0,,,,0.0,,0.0,0.0,,,,15
2026-10-07,LU0992632538,0P00013N23.F,EUR,138.0500030517578,138.0500030517578,-0.0005067482472056462,-0.015335192177486912,-0.019182926808115064,-0.007691145076078931,0.03184353017626089,0.024816154547087035,-0.028597570488669177,-0.034728582145374776,-0.005209927595329122,-0.015207372683998965,-0.011230974794344317,1109
2026-10-07,LU1033933703,0P00012DVG.F,EUR,331.57000732421875,331.57000732421875,0.022291456705808343,0.04930541337175831,0.027232197094504862,0.1300569278000978,0.09129224540772982,0.1080293468491373,-0.04620943451539339,-0.07255281524046797,0.026481686710864816,0.02980239205066315,0.08011932643302577,1122
2026-10-08,LU1100076550,1SCD.MU,EUR,230.08799743652344,230.08799743652344,-0.011411704799106248,,,,0.05583326737394961,,-0.011411704799106248,-0.011411704799106248,,,,15
2026-10-07,LU1109942653,XHYG.DE,EUR,15.42199993133545,15.42199993133545,-0.002070696305650599,-0.010649240636534274,-0.01626336102526238,-0.0004488082875934163,0.04243272974962885,0.03369849885269771,-0.02180746865767802,-0.028147873491851882,-0.004507223938293392,-0.011250244212242522,-0.005288643704239537,1288
2026-10-07,LU1159238036,LU1159238036.LU,EUR,25.10770034790039,25.10770034790039,-0.012270027494916125,-0.01928022997881018,-0.016891757663494822,0.05310027258581007,0.13283872184878595,0.1181954695221066,-0.051532949150173146,-0.10213260250245715,-0.012535954338245947,-0.024860213639110063,0.027000264559920995,1086
2026-10-07,LU1160356009,0P0001678E.F,EUR,1508.6400146484375,1508.6400146484375,0.0005770078366844622,-0.017972325696704594,0.049729655167961795,0.13709441465870542,0.17910688155087331,0.16145002712571335,-0.07070805382953571,-0.1200729496753532,0.008789403194079837,0.0011795465297672614,0.06930033117426504,1083
2026-10-07,LU1161083644,0P00016MO1,USD,20.04002056747851,20.04002056747851,-0.004824702836621841,-0.0197690360658902,0.029814926938278363,0.08287877636914165,0.12458714244259703,0.10149704070085362,-0.04095702247337407,-0.07086191472608194,-0.0009715404070124167,-0.011721301376947602,0.048335504275092145,1027
2026-10-08,LU1161527038,EDNN.MU,EUR,233.7469940185547,233.7469940185547,0.0,,,,0.012049721727438343,,-0.0059114449389737755,-0.0059114449389737755,,,,15
2026-10-07,LU1183791794,0P00016RHQ.F,EUR,173.50999450683594,173.50999450683594,-0.009380400976510939,-0.031060196599033252,-0.05568683068094282,-0.002999466654321603,0.1986681393420459,0.1598597364833638,-0.07573178620439225,-0.10652983119589832,-0.011690741062788224,-0.02947868935653175,-0.011704590576909535,1118
2026-10-07,LU1291097779,EEMK.PA,EUR,17.807899475097656,17.807899475097656,0.023636642118233908,0.02312501684849888,0.06291066043903881,0.14119551472506608,0.2183943485543726,0.20816214922968335,-0.059146045471190845,-0.13262607355357947,0.022170367169091154,0.03972410722410724,0.11088422011247223,1294
2026-10-07,LU1291098827,EEMU.PA,EUR,20.145000457763672,20.145000457763672,-0.01346717029886435,-0.01970797052714668,-0.014673477209026009,0.052507894470402716,0.1419427467771972,0.11950902433045345,-0.05365974356149783,-0.10277607011442924,-0.01316512269494563,-0.02717344139951794,0.024592013871659768,1294
2026-10-07,LU1291102447,0E4H.IL,EUR,9.553000450134276,9.553000450134276,0.0,0.0,,,0.0,0.0,0.0,0.0,0.0,0.0,,56
2026-10-08,LU1301026388,2QJ0.MU,EUR,210.6869964599609,210.6869964599609,-0.00028468998513209165,,,,0.0012078373141367965,,-0.00028468998513209165,-0.00028468998513209165,,,,15
2026-10-07,LU1303940784,0P00018KOU.F,EUR,28.09000015258789,28.09000015258789,-0.013000665628504215,-0.025329616584535475,-0.006367184374287738,0.015545925797104232,0.09451396633273805,0.08287494387201579,-0.03171320472372874,-0.10474171860749526,-0.00953790666851273,-0.01612586361030821,0.006952601489643273,1115
2026-10-07,LU1329694266,0P00018EGL.F,EUR,238.4199981689453,238.4199981689453,0.010254229529429226,0.015936618416087178,0.008374199404052707,0.04689554939042884,0.07271600778519251,0.10098721325925854,-0.03642784744532068,-0.08607298754556802,0.011567979787923788,0.008102190049455116,0.03947855342734541,1123
2026-10-07,LU1379103812,0P00018FWZ.F,EUR,652.4500122070312,652.4500122070312,0.014539009448064188,-0.000857563513911086,0.0013198258354454317,0.12896254066449453,0.12102823053817097,0.1372562620134746,-0.049243678720523265,-0.07933928105110122,0.014664401015186401,0.005798793527441948,0.07914852161661456,1084
2026-10-07,LU1435385593,0P00019846.F,EUR,317.1000061035156,317.1000061035156,0.02323334091266971,-0.0016686042601435913,0.04961776001713214,0.06256078104058993,0.15949830096567852,0.17274795925585396,-0.06464263345394483,-0.18107797123110614,0.013236642076738692,0.01561961452297389,0.03827660544200584,1133
2026-10-07,LU1486845537,0P00018X0B.F,EUR,116.43399810791016,116.43399810791016,0.0006015580057305847,-0.002638284985361339,-0.0017319136137685653,0.006465787718221705,0.010236056540676084,0.007179703203887717,-0.005891230541061776,-0.00857780195084168,-0.00012925852510226044,-0.0020435171244534978,0.0031282869435789173,1104
2026-10-07,LU1530899142,0P00019MC0.F,EUR,2674.1201171875,2674.1201171875,0.04239154392241318,0.07751389833282962,0.06558177019023881,0.3601278569329547,0.1570940329319214,0.19979822027299912,-0.09017191817630299,-0.170881689258088,0.04949665041646378,0.06585283844318313,0.17184148467316307,1067
2026-10-08,LU1582988058,0P0001CGZV.F,EUR,12.484600067138672,12.484600067138672,-0.0020622643285749254,-0.018205241912712666,-0.020746536608719057,-0.0038458807847724374,0.062267198740165446,0.05595775062760043,-0.029462958786554028,-0.056615818138602614,-0.01196912273505002,-0.018963635622662234,-0.00852949387855717,1104
2026-10-07,LU1598757687,MT.AS,EUR,55.58000183105469,55.58000183105469,-0.0636792240638504,-0.16320380362429565,-0.048973606961556504,0.06707635078321172,0.32242376582348253,0.28679042111969777,-0.17708023278576934,-0.2619465623536297,-0.09480298956558131,-0.11516920496523819,0.0291374283109449,1294
2026-10-07,LU1623762843,0P0001FE3K.F,EUR,155.27000427246094,155.27000427246094,0.0,-0.016219967869822605,-0.02554281510587597,-0.015970524880511205,0.03205818161002136,0.022958228895852733,-0.03044159596713014,-0.033830679736593705,-0.004851704589271089,-0.016243642208285225,-0.019939814479230655,1119
2026-10-08,LU1670631289,0P0001DFNP.F,EUR,11.371500015258787,11.371500015258787,0.002556780513143453,-0.029238495845361978,-0.03047173578418383,-0.02451682467430749,0.05833586523565615,0.045733549601050534,-0.04070649056400644,-0.05265460607611028,-0.011341551899191171,-0.02328232434043298,-0.022719797145963727,1102
2026-10-08,LU1670707527,0P0001DFNB.F,EUR,22.074800491333008,22.074800491333008,-0.014693753220204608,-0.04133064866832259,-0.027623237593567662,0.02610971127026529,0.08529787275665277,0.0862161799184778,-0.07193756033160081,-0.092062237404823,-0.02869754451021278,-0.04654885432793676,0.00301771449349153,1104
2026-10-08,LU1670719613,AN0B.MU,EUR,13.534000396728516,13.534000396728516,0.003708112575720568,,,,0.017384607722523045,,0.0,0.0,,,,15
2026-10-07,LU1681043912,CC1.PA,EUR,258.45001220703125,258.45001220703125,0.007995391417109587,-0.010338815824454284,-0.062057616924248826,-0.12181439712174535,0.13619034246955286,0.1568311842555458,-0.1014084614498515,-0.20708406988141237,-0.0031050080336636476,-0.035252701237244,-0.0956377066212798,1294
2026-10-07,LU1681044480,AASI.PA,EUR,60.2599983215332,60.2599983215332,0.01962774750188978,0.02430726578226383,0.0568221297397129,0.16016914876920385,0.2322336150688957,0.23366724015507995,-0.07216496769438652,-0.16060702050246078,0.019437977014627572,0.03976503296227185,0.11507282424588272,1294
2026-10-07,LU1694789535,0P0001CH1E.F,EUR,129.75,129.75,0.007454047394306107,0.0005398467625903347,0.0025498519218327687,0.008707106232390016,0.03405326277308509,0.022507450516196816,-0.011394223839352846,-0.021087619460482876,0.005860735804987138,0.0029404156136649817,0.007041140089868003,1124
2026-10-08,LU1819480192,EHQ6.MU,EUR,334.6059875488281,334.6059875488281,0.062997136092793,,,,0.16440261631588848,,0.0,0.0,,,,15
2026-10-07,LU1829219390,BNKE.PA,EUR,374.4500122070313,374.4500122070313,-0.048169755931514846,-0.06620944586775235,-0.0075536063560683875,0.14016288096910512,0.2599761193621509,0.2101612286707563,-0.078276893028846,-0.17132240226421158,-0.05038449493813568,-0.05922755561687587,0.06738357530401284,1294
2026-10-07,LU1829221024,UST.PA,EUR,113.08999633789062,113.08999633789062,0.030808470345674577,0.09828100414893237,0.0799273779566454,0.22870485889806313,0.14345893141091523,0.1689113321623168,-0.0635026876275876,-0.1004836368906451,0.05053898113183508,0.07742519216424015,0.16612943036128192,1294
2026-10-07,LU1861137484,EUSRI.PA,EUR,89.5,89.5,-0.006107751617084212,-0.009627118735646478,-0.031699667808090526,0.022833776641891124,0.11376337215448949,0.09871448879896531,-0.04830604529024518,-0.1023277887365529,-0.006846657090295083,-0.022627008447765662,0.01038226651919083,1294
2026-10-07,LU1861138961,MSRU.L,USD,73.91235516908318,73.91235516908318,0.01260357815306934,0.037961338516899534,0.057687105079101686,0.10659358895289328,0.2269963240597242,0.2072907016369935,-0.05935982907895532,-0.11701396963064925,0.020622725188642832,0.04369732366352452,0.10409599052596152,1275
2026-10-07,LU1876459212,0P0001FKPX.F,EUR,4340.22021484375,4340.22021484375,-0.03195712839439058,-0.07332329381641867,-0.02372843640737743,0.0865708412565771,0.13592991209622077,0.11071403897976335,-0.07385520386129707,-0.09673177833130864,-0.03751319399675801,-0.051215873258900424,0.019945780194819074,1037
2026-10-07,LU1900066462,CEC.PA,EUR,47.31499862670898,47.31499862670898,-0.01652467207559194,-0.02943592560596975,0.05743657964405169,0.10717205922416717,0.2115010732404902,0.17478144945141208,-0.060816930776576905,-0.09557020854051512,-0.021836349537110333,-0.012577848397291813,0.10621430958277189,1294
2026-10-07,LU1951200481,0P0001H0TE.F,EUR,309.20001220703125,309.20001220703125,0.049986419014995676,0.11822357703836794,0.10535158925848487,0.4118722018585901,0.16613919647764713,0.21622146054579414,-0.07253425713379591,-0.16763490233573852,0.06780312268145683,0.09463343566829208,0.2118751658343978,1102
2026-10-07,LU1951204046,0P0001H0TH.F,EUR,183.1999969482422,183.1999969482422,0.03943260679853733,0.055177986985822214,0.05529948448850974,0.14686359489377931,0.09815878426566071,0.10431529538369658,-0.037086682521467296,-0.13027168506338482,0.03774277722640362,0.04132205669190281,0.07699925710863531,1103
2026-10-07,LU1951225553,0P0001H0TF.F,EUR,197.25999450683597,197.25999450683597,0.029379478581479823,0.07639419633114608,0.0544151837510376,0.2560330510902724,0.12753582553901807,0.17293235837665472,-0.07629518509617139,-0.1521618507592264,0.031058205128297267,0.0334533505795358,0.12333345384371341,1103
2026-10-07,LU1951229035,0P0001H0TG.F,EUR,185.8800048828125,185.8800048828125,0.014352004817530739,0.004485284071152007,-0.009643548058233975,0.014407330880302105,0.137578434681699,0.11595923064912224,-0.06752966028252883,-0.08892292793840006,0.012776877787138874,-0.0038851891705352637,0.01798397319066214,1103
2026-10-07,LU1953136527,REUSE.PA,EUR,22.70949935913086,22.70949935913086,0.008034257009867263,0.012700262592475697,0.0038944770330913148,0.07200684567844506,0.09832835002288569,0.09764649697587281,-0.05256775728678653,-0.07680804811696162,0.010709675343146152,-0.0011290296267636446,0.03916280954036222,1294
2026-10-07,LU2095319849,0P0001JAB0.F,EUR,125.02999877929688,125.02999877929688,0.038886583834748745,0.03750723228729824,0.02458411890526846,0.1048956763259814,0.13968798422867507,0.16730292119779497,-0.06511233426265506,-0.20137249475912022,0.027847991037740494,0.007620606999714452,0.02958353154806881,1103
2026-10-07,LU2147879543,0P0001L9PD.F,EUR,769.72998046875,769.72998046875,-0.004680927434496662,-0.012483053947117795,-0.0030049962578859724,0.0422601420572315,0.056704956364824886,0.05329943570798666,-0.025803702589855426,-0.06462585851593328,-0.0031367041096734827,-0.009719241480847463,0.014157173860482875,1062
2026-10-07,LU2181906426,0P0001L535.F,EUR,300.2099914550781,300.2099914550781,0.0506036446371938,0.08949375704794948,0.12240621409860308,0.41722130415931846,0.23487320192243846,0.3364819931217591,-0.14375113430921793,-0.22199790594022362,0.06593520266718245,0.1017397909669906,0.25300167492414793,1113
2026-10-07,LU2210151341,0P0001KKA7.F,EUR,12.0600004196167,12.0600004196167,-0.004128756273992007,-0.019512176211098575,-0.017915253920063656,-0.0234817775623839,0.03758278041446551,0.059232840661939117,-0.037509922056721656,-0.06944441480564656,-0.006303263514142232,-0.01677832506914856,-0.030916617436120508,1153
2026-10-07,LU2244387457,ASRE.DE,EUR,9.644200325012209,9.644200325012209,0.002599028281671467,-0.005875480280306045,-0.01489271066485498,-0.014127392496677937,0.03488550792915583,0.028044458949741998,-0.02183085873843771,-0.033279658736767526,0.00122922064330111,-0.007180153626818342,-0.014239935853462615,1288
2026-10-06,LU2257980289,0P0001LZLW.F,EUR,189.1999969482422,189.1999969482422,0.026531384376443867,0.017149629243653042,-0.0075535168171241285,0.016603064465944284,0.10572569288642375,0.10355600522208343,-0.06649098615167881,-0.0865476736691041,0.026584281903631934,0.012683142318717033,0.017688781729413794,1040
2026-10-07,LU2358392376,0P0001OOS9.F,EUR,510.2300109863281,510.2300109863281,0.007602997879836426,0.023900312022512082,0.005022885178331826,0.06631141271959895,0.16587341544889553,0.15325805569272422,-0.059423973779981654,-0.08943559868933093,0.02198994103914642,0.024327472126208116,0.04658551771948627,1054
2026-08-13,LU2459590019,0P0001OS4A,USD,32.7232286283375,32.7232286283375,0.004499105658849034,0.005475125287047744,0.060352602796345245,0.1042763861843663,0.087369021677686,0.09641785958015901,-0.022372601723535612,-0.07641815975661459,0.005937655254111496,0.011429412807712813,0.06785466354049907,971
2026-10-07,LU2533811910,BJLL.DE,EUR,10.104999542236328,10.104999542236328,0.0010401658974854566,0.0009905175773177177,0.005072572301727085,0.009888671550909667,0.007942634904771656,0.010590435712510806,-0.0014882030882035213,-0.003047524042999572,0.0010029575654211254,0.0016374720304686008,0.008158641114051735,783
2026-10-07,LU2611731824,GLDU.AS,USD,62.806954044990405,62.806954044990405,-0.027373733562382596,-0.10451195729071372,0.18262808887551096,-0.06709123993741595,0.3019127713285494,0.4670415051668747,-0.1594085675534097,-0.3623354744639051,-0.05229931733157478,-0.053772277163597226,-0.02864145016867492,1257
2026-10-08,LU2616774076,BJLJ.DE,USD,10.06173959981133,10.06173959981133,0.014612499995403372,0.020948565982605416,-0.007944724041849427,0.006710331419726545,0.0827636753671828,0.07552402378209189,-0.0319668142004812,-0.050071814819599214,0.008932122073739723,0.009048899362429363,0.004062141005687803,761
2026-10-06,LU2638914734,0P0001RNZQ.F,EUR,341.4800109863281,341.4800109863281,0.010325810978996763,0.03900689825768633,0.18532408388737753,0.3370400123217412,0.3363171112299399,0.37227201126903026,-0.09354630872537983,-0.3124012853622107,0.018340169748282564,0.08470539545676825,0.1896560804874261,708
2026-10-07,LU2707622630,0P0001T0AG.F,EUR,127.56999969482422,127.56999969482422,-0.015891422590399218,-0.06753890818404684,-0.015207609181800641,-0.06129502999098846,0.17812440240376765,0.17019743593066103,-0.08070911748079679,-0.23394246327931445,-0.035639099236082994,-0.043673044881910705,-0.07158753798951989,558
2026-10-07,LU2798962978,0P0001UBP6.F,EUR,144.72000122070312,144.72000122070312,-0.020308691952404034,-0.03294348731608643,0.0052792058307311596,0.033419081397754846,0.11497061198093246,0.09547133565922145,-0.0424138387812516,-0.08982159224906872,-0.018468145719029327,-0.02078198679176868,0.025214171292004428,432
2026-10-07,LU3038520774,DEFS.PA,EUR,5.551000118255615,5.551000118255615,-0.040615220500932914,-0.03106998960596552,-0.017522119547040194,-0.04408473134123192,0.1847491708135379,0.18874959009002726,-0.1609734022027628,-0.2196261406823472,-0.04102959527320216,-0.08327936043506234,-0.07125299249000527,362
2026-10-07,LU3103551860,0P0001XEZ8.F,EUR,115.26000213623048,115.26000213623048,0.012029175115673585,0.018737871292370034,0.01909817587312901,0.08154267116722447,0.07608572003431284,0.07100179916947454,-0.023314487832326813,-0.047610174847362186,0.012104711136657231,0.014696660380913551,0.0546489707653397,263
2026-10-07,NL0000226223,STMPA.PA,EUR,49.89500045776367,49.89500045776367,0.06431312544698398,0.12041573253538562,-0.15083984545420548,0.33115895124865413,0.4716876499769023,0.5914770129608838,-0.29118548559663937,-0.3985444317360619,0.08802316555370493,0.0992720269991818,0.18348251581798625,1294
2026-10-07,NL0000235190,AIR.PA,EUR,187.44000244140625,187.44000244140625,-0.01668236678857471,-0.04532950016545778,-0.04063876672625022,0.09922588403123744,0.17957920703617933,0.24862469723572675,-0.13834720815864976,-0.2771117091213976,-0.027533494265727043,-0.06611248691587812,-0.0037890605211184925,1294
2026-10-07,NL0006294274,ENX.PA,EUR,162.60000610351562,162.60000610351562,0.023285162675598547,0.021998742085042933,0.08111710573225239,0.13326208008439777,0.1552053937797265,0.2069285787449883,-0.05021175377207321,-0.13907785679286322,0.017840418654561763,0.014246902063016265,0.1481142047431132,1294
2026-10-07,NL0010273215,ASML.AS,EUR,1610.199951171875,1610.199951171875,0.008391722153054726,0.07518695073554782,0.040492472520824,0.3061469048622214,0.3491757981841388,0.3959828534631044,-0.14951881917374388,-0.2077144161694917,0.05942571286227816,0.0686562529703838,0.19217801755762598,1294
2026-10-07,NL0010832176,ARGX.BR,EUR,838.5999755859375,838.5999755859375,-0.009683528962255994,-0.030744378462547628,0.11723954551331417,0.22173651771326597,0.2265403648751744,0.4515464648528387,-0.10960104923738823,-0.273723521535453,-0.01026793508042012,0.002692630723492684,0.13622503531108698,1294
2026-10-07,NL0011794037,AD.AS,EUR,31.899999618530277,31.899999618530277,0.0015698347397710144,0.030361775253703316,-0.09737404551149287,-0.21960916409348263,0.19644447613725746,0.21815744467384107,-0.1452948608359106,-0.25714308631402005,0.0061345693278922475,0.001456511751305234,-0.0966931650353059,1294
2026-10-07,NL0011821202,INGA.AS,EUR,30.239999771118164,30.239999771118164,-0.03954266524054206,-0.044247776407616235,0.057555209332571966,0.2509762557464579,0.2328390470448156,0.22286732722635683,-0.06406689923213726,-0.16877161691741893,-0.041027479565693414,-0.025727979603243356,0.15311930307461163,1294
2026-10-07,NL0012969182,ADYEN.AS,EUR,867.2000122070312,867.2000122070312,-0.010723207438630311,-0.0886926918287676,-0.0055045731570742,-0.11627430653755388,0.3433836744450481,0.49175853691194316,-0.22643068496512253,-0.4839642318575442,-0.02211295024362514,-0.09341048499571525,-0.12023027652641782,1294
2026-10-07,NL00150001Q9,STLAM.MI,EUR,4.124499797821045,4.124499797821045,0.05837816758837433,-0.09698966732792258,-0.2016066809631668,-0.4415787015322896,0.3795847503067129,0.39254190125760197,-0.27235772577617223,-0.6304493780603615,-0.012817030858196521,-0.08026014836455497,-0.32009742264740804,1284
