date,asset_id,symbol,quote_currency,close_eur,close,ret_5d,ret_20d,ret_60d,ret_120d,vol_20d_ann,vol_60d_ann,drawdown_60d,drawdown_252d,sma20_ratio,sma50_ratio,sma200_ratio,observations
2026-09-23,AT0000A09ZL0,N550.MU,EUR,361.3829956054688,361.3829956054688,,,,,,,0.0,0.0,,,,4
2026-09-23,BE0003470755,SOLB.BR,EUR,25.07999992370605,25.07999992370605,-0.03166022034369276,-0.018779325206008335,-0.04566212829473981,-0.005285869592270176,0.21695413232586516,0.17087121804094252,-0.0704225222671293,-0.14035087843632954,-0.026737550647549013,-0.037206514921061085,-0.021109613087456847,1284
2026-09-23,BE0974293251,ABI.BR,EUR,67.66000366210938,67.66000366210938,-0.019988372466947624,-0.0008859651138843905,-0.04998592386374301,0.11385094901119919,0.17460481879468845,0.220458023222732,-0.1156914534747937,-0.14298171470367416,-0.008077817654696062,-0.029234816992535162,0.03754911024888097,1284
2026-09-23,DE0005140008,DBK.DE,EUR,31.625,31.625,-0.05961941731890652,-0.08677450116748675,0.06320386981757609,0.2789386278525343,0.2493407958817574,0.28025125391327926,-0.11538461538461542,-0.2676722440208219,-0.07849878706987579,-0.043391454448737043,0.060584779956331714,1278
2026-09-23,DE0005190003,BMW.DE,EUR,58.459999084472656,58.459999084472656,-0.05922111910720118,0.013522863647191796,0.004467325053692628,-0.20972364091512152,0.32318310905452324,0.2616449893031214,-0.08226062191062677,-0.38203233061612984,-0.05360122078958074,-0.024496075231065118,-0.1929633568471989,1278
2026-09-23,DE0005552004,DHL.DE,EUR,57.7599983215332,57.7599983215332,0.03586800681856639,0.01654344652864559,0.07280828673543183,0.3171646276909932,0.18363356593540103,0.19357603653105138,-0.05845729999922167,-0.14333072083959342,0.03292259626241334,0.028555931787134003,0.1618299564520549,1278
2026-09-23,DE0005557508,DTE.DE,EUR,26.809999465942383,26.809999465942383,-0.07038837295093947,-0.07328036007155225,0.10374633410590506,-0.12982798017966968,0.23794868224703863,0.2976892912649453,-0.0812200416191573,-0.27769587398998596,-0.047754374658497745,-0.04321760665060592,-0.05363305990786604,1278
2026-09-23,DE0005810055,DB1.DE,EUR,282.79998779296875,282.79998779296875,0.020201931238571058,-0.014290715199509307,0.18276863477173544,0.12174834499936082,0.2123481769292217,0.21400655202431196,-0.06009615132693824,-0.11953220395825659,0.006190814237135411,0.03163481608369323,0.1573954579758634,1278
2026-09-23,DE0006048432,HEN3.DE,EUR,75.0199966430664,75.0199966430664,0.016531077789427417,-0.017548506503069605,0.01023423761073583,0.20644110327349363,0.18104202956528712,0.18756102064153493,-0.09398495881178781,-0.2432210362584949,0.004673787036391763,-0.006899585992440671,0.059335238424772285,1278
2026-09-23,DE0007030009,RHM.DE,EUR,1002.4000244140624,1002.4000244140624,-0.010463944309908824,-0.11977521826981319,-0.04587850018271056,-0.3387199708934583,0.3487272734807461,0.3768591732725726,-0.1840197894679262,-0.5192044852564789,-0.03964894983435119,-0.07951740396243212,-0.2606069226693788,1278
2026-09-23,DE0007100000,MBG.DE,EUR,42.5099983215332,42.5099983215332,-0.06293405161029153,-0.04771507834314981,-0.02923047652963784,-0.12476620488580936,0.28989542049950134,0.24283706218974024,-0.11823274986900578,-0.26538585674058424,-0.07831907246935588,-0.07564252570225982,-0.1486287996133835,1278
2026-09-23,DE0007164600,SAP.DE,EUR,184.83999633789065,184.83999633789065,-0.009219560694745721,0.026774758088188078,0.3120385429546597,0.2944300715930779,0.3569379711851486,0.4195533509603278,-0.10826954296796709,-0.460752560270804,0.0011536593996070987,0.06898057495304144,0.11916146626145063,1278
2026-09-23,DE0007236101,SIE.DE,EUR,273.5,273.5,0.0499040307101728,-0.05067686842835328,0.00018280413507865134,0.3023809523809524,0.2776292150932881,0.26943789415974223,-0.10953941463317052,-0.20503662867365802,0.009243714120174662,-0.0051759964999433805,0.07344852946838798,1278
2026-09-23,DE0007664039,VOW3.DE,EUR,73.45999908447266,73.45999908447266,-0.06871194672500391,0.014360686852009863,0.050328803548661094,-0.08520834503122499,0.460046420045635,0.3508061183690132,-0.11600480826302917,-0.3130182380526333,-0.06348802070277648,-0.031197916588163843,-0.12751162783625514,1278
2026-09-23,DE0008430026,MUV2.DE,EUR,505.7999877929688,505.7999877929688,-0.011337017672695793,-0.019387359900469248,0.03077231548868742,-0.030101061337744484,0.1767828695549031,0.16956848208365083,-0.06060606060606055,-0.1969919530344898,-0.011646100293007389,-0.01661146673360081,0.0031337866390206415,1278
2026-09-23,DE000A0F5UK5,EXV6.DE,EUR,84.16999816894531,84.16999816894531,0.0032180767360667772,-0.048711630023356434,0.07910612933901251,0.10848399955428856,0.2276445395189888,0.2607395440921538,-0.07666746769953992,-0.18396071944220127,-0.02692519411300298,0.003864204704748131,0.06526245868596936,1277
2026-09-23,DE000A0Q4R28,EXV5.DE,EUR,39.75,39.75,-0.022500944176247706,-0.010947963218305934,0.009691473212840807,0.004111758898098783,0.2098574674763593,0.18448116436217493,-0.04744786877441265,-0.20091842125448933,-0.02903134340116431,-0.02147824113950214,-0.05176131944441298,1277
2026-09-23,DE000A0Q4R85,4BRZ.DE,USD,46.84015817651063,46.84015817651063,0.012598637356261655,0.07774284735585968,0.10306670777731286,0.013483748446794008,0.242388196486191,0.20330179308838037,-0.08221780748007512,-0.1777901213915941,0.017903095797853874,0.05242969267749831,0.06886506183870456,1278
2026-09-23,DE000A1EWWW0,ADS.DE,EUR,145.39999389648438,145.39999389648438,0.005184929358080126,-0.03516923131443783,-0.196685116594009,0.1320495192231157,0.22431952662360574,0.3541054524240941,-0.24481107767008126,-0.328630068972118,-0.008151739741377506,-0.07965367053377137,-0.06159802036876705,1278
2026-09-21,DE000A2JJ1W5,0P0001FAJ5.F,EUR,124.87999725341795,124.87999725341795,0.009457587726165784,-0.0063653966407961615,-0.0058116658975116975,0.03215141299554736,0.04943187373256264,0.04305711583636398,-0.02422855115623168,-0.04542575052266418,-0.0007002003652061273,-0.003186503236196958,0.0012808459662225768,1240
2026-09-23,DE000BASF111,BAS.DE,EUR,51.81999969482422,51.81999969482422,-0.005946698003822304,0.0007725167336876115,0.10738330425266818,0.040656322080261376,0.18491528188507989,0.202646785613493,-0.043040760898150454,-0.13370372630931704,-0.013112166883904486,0.011169298667047967,0.06879845802121465,1278
2026-09-23,DE000BAY0017,BAYN.DE,EUR,49.66999816894531,49.66999816894531,0.014087354699013233,0.011402923063204229,0.013673432019292164,0.2684573631010754,0.18226579428552686,0.2905063881339975,-0.1368065808388388,-0.3065455353648504,0.014615582801367433,0.0250324659022807,0.16911941461160884,1278
2026-09-23,DE000DTR0CK8,DTG.DE,EUR,42.59000015258789,42.59000015258789,-0.02226816322595171,-0.09536961562956281,0.009959734452914315,0.06655645777607955,0.19020036389907058,0.23550289989507134,-0.14133061566908467,-0.14133061566908467,-0.04670240441965068,-0.06548413015915377,0.024733215781006068,1219
2026-09-23,ES0113211835,BBVA.MC,EUR,24.799999237060547,24.799999237060547,0.00323624295826086,-0.006012085021725455,0.12984047266791232,0.35593223520519435,0.18481465387772636,0.23110199431243567,-0.03640350664384784,-0.18701772533483707,-0.009980066607736315,0.015328146878088589,0.19288969140532464,1282
2026-09-23,ES0113900J37,SAN.MC,EUR,12.652000427246094,12.652000427246094,-0.0029944172099065636,-0.004563305328623368,0.044239042919043126,0.3172325473377604,0.21467762325128456,0.24516666561254785,-0.07163414468080698,-0.171891814315276,-0.006595441162693727,0.00874483047685315,0.15105367744346032,1282
2026-09-23,ES0148396007,ITX.MC,EUR,53.20000076293945,53.20000076293945,0.007957597448966292,-0.08685200316464048,-0.04556872692934599,0.07837808809643909,0.23061131191124448,0.2323354087748166,-0.12453463596749692,-0.14986185286846476,-0.03321944260817866,-0.05251758076307944,-0.017825335090862926,1282
2026-09-23,FI0009000681,NOKIA.HE,EUR,9.479999542236328,9.479999542236328,0.0728835522272655,0.07458626455956008,-0.1632547584335301,0.3462480876349878,0.5590275180961894,0.6201314600789776,-0.33307515345169514,-0.4829458829898745,0.049950104793005545,0.08071513381245077,0.1224846115178082,1260
2026-09-21,FR0000003196,0P00000QEY.F,EUR,482.3800048828125,482.3800048828125,0.0046234613540725444,-0.011658168615197306,-0.030041024333184452,-0.01635397453810894,0.04310279406693231,0.03465348534832804,-0.03583700805179968,-0.04546806514967183,-0.004256436176560907,-0.011795836838887741,-0.020062423498889426,1241
2026-09-21,FR0000003998,0P00000I2M.F,EUR,3392.389892578125,3392.389892578125,-0.0016862925416885055,-0.027009477660799863,0.0047863777653949224,0.1343546901711643,0.12278345503649274,0.11696263388447707,-0.05889677538119498,-0.1083091867769127,-0.013667972848299126,-0.01752301098538389,0.03892430785839651,1240
2026-09-18,FR0000027609,0P00000H0V.F,EUR,5076.18017578125,5076.18017578125,-0.006287733714606225,-0.012869516964876926,-0.01155281414142717,-0.0004883139238403,0.02214715905071763,0.017492235227323984,-0.015492782590815102,-0.015492782590815102,-0.008320899963909612,-0.010609070458539538,-0.007329945432493101,1238
2026-09-23,FR0000045072,ACA.PA,EUR,18.1200008392334,18.1200008392334,-0.01441389101709889,-0.04681743182181908,0.03661334746895495,0.1803004442107612,0.19390209409549874,0.19245004066891222,-0.10321786698377755,-0.16688568702410778,-0.019573313051302943,-0.037910114794801664,0.06280358816707898,1284
2026-09-23,FR0000051807,TEP.PA,EUR,72.5,72.5,0.03276357766017535,0.02895261058805354,0.4447987158047513,0.5464951275342749,0.29072122399722455,0.47220042224031417,-0.05855073790619336,-0.35422847770430843,0.03239587041651837,0.08377182887755219,0.2705046157570721,1284
2026-09-23,FR0000052292,RMS.PA,EUR,1353.5,1353.5,-0.021330441070137374,-0.1253634894991923,-0.15141065830721,-0.1726085495566413,0.26194108795920834,0.3669365287307878,-0.21951934349355218,-0.4022590820314641,-0.060754311092606095,-0.12025271203957077,-0.22931694046982964,1284
2026-09-23,FR0000054470,UBI.PA,EUR,5.357999801635742,5.357999801635742,-0.04898829099830615,0.010943322417661383,-0.016880735935621893,0.3852119336510933,0.423399526715477,0.5868965914674087,-0.21459440385286976,-0.6284035361234737,0.03155500517859622,0.008971110802723503,0.056352570333090934,1284
2026-09-23,FR0000073272,SAF.PA,EUR,332.6000061035156,332.6000061035156,0.019307442679232123,-0.05079905280542685,-0.0494426638889478,0.1884702442350077,0.26401163325291455,0.25859949371919166,-0.11551154921609863,-0.23617513957875091,0.00612569926057227,-0.01952112367301806,0.059841549869616095,1284
2026-09-21,FR0000097156,0P00000QGO.F,EUR,675.02001953125,675.02001953125,0.022029841587854815,0.013985064444434814,0.04479321705655215,0.18659803702987632,0.10041387729644985,0.09735901414069907,-0.033817453515913254,-0.07356647804504624,0.014908210917920606,0.01889045107204823,0.0960250440597954,1236
2026-09-23,FR0000120073,AI.PA,EUR,168.32000732421875,168.32000732421875,0.011416952146247494,-0.0023707556519108053,-0.04526372994557637,0.04199700333124823,0.19191906172729278,0.16321884603785794,-0.09506377759033169,-0.11975581494880227,-0.0008666069352457617,-0.012477753798773028,0.05339972971125939,1284
2026-09-23,FR0000120172,CA.PA,EUR,16.360000610351562,16.360000610351562,-0.026769712664330148,0.026027025617444854,0.055818333335384995,0.0955275648559677,0.208019707530948,0.22426465221985092,-0.06434318236822179,-0.07772792185500088,0.0018831552516862526,0.016442036783486325,0.08393646355372586,1284
2026-09-23,FR0000120271,TTE.PA,EUR,78.44999694824219,78.44999694824219,-0.019742619707041942,0.04210943438294934,0.19007887025700376,0.002129083716281288,0.1840181988572049,0.2092384290821762,-0.0529877622835736,-0.17510288938050222,0.006433709931381815,0.02938162833361102,0.12178742456966152,1284
2026-09-23,FR0000120321,OR.PA,EUR,389.2000122070313,389.2000122070313,0.019114999809415112,0.005165289093355341,0.02326805826606737,0.13125990039332813,0.19480687208403907,0.20551414386775782,-0.060913705583756306,-0.14438105060176987,0.0160951611116944,0.015859124823784487,0.04532975692306973,1284
2026-09-23,FR0000120404,AC.PA,EUR,46.560001373291016,46.560001373291016,0.02082878207030414,-0.019169998399225507,-0.07728889777926551,0.14816785413160005,0.1979174503989631,0.21736778292640266,-0.11787818900063174,-0.2065086535708529,0.00772679089406858,0.005441845017313041,0.028431681038041834,1284
2026-09-23,FR0000120503,EN.PA,EUR,43.290000915527344,43.290000915527344,-0.02828279109116183,-0.052112926403319215,-0.09035510029992544,-0.0989256630072527,0.2194608092449453,0.2328823771195924,-0.12457026799540016,-0.18320752989571054,-0.018267153433645378,-0.0628165984788307,-0.08248665837218339,1284
2026-09-23,FR0000120578,SAN.PA,EUR,73.06999969482422,73.06999969482422,-0.017215854815954112,-0.06667519682794942,0.0002737391133609268,-0.04166771731260377,0.1787408928449022,0.2643606015129941,-0.08946448560677267,-0.16176475958940295,-0.028776502385576386,-0.03916958469112031,-0.03572696401658637,1284
2026-09-23,FR0000120644,BN.PA,EUR,60.81999969482422,60.81999969482422,-0.001641472047385406,-0.07455875585612903,-0.1576176971527563,-0.09122208062267223,0.18992126395700176,0.20698449642522163,-0.1856756983576594,-0.2165525329181609,-0.029039420263941795,-0.07982886269095546,-0.09949229169546703,1284
2026-09-23,FR0000120693,RI.PA,EUR,59.63999938964844,59.63999938964844,-0.014866229142194709,-0.11775146840454342,-0.0016256989426252089,-0.0171658589363608,0.2702016335680085,0.2885810986070096,-0.15500571065390922,-0.31613160066066215,-0.026190325433996797,-0.07845283368679756,-0.10135370684790379,1284
2026-09-23,FR0000120966,BB.PA,EUR,67.5999984741211,67.5999984741211,-0.0014770824021977935,0.016541330437911173,0.19223981595263306,0.305502691131323,0.1328628362548968,0.23463607498394665,-0.04202900762143347,-0.14495416219181756,0.005727874551345158,0.02804305966009668,0.19403966451815657,1284
2026-09-23,FR0000121014,MC.PA,EUR,400.7999877929688,400.7999877929688,-0.02469892715065558,-0.1167915412641648,-0.16673599211440993,-0.1274810168495224,0.24591297186577205,0.26526097336632837,-0.20333933029111917,-0.3753480827647925,-0.05158544902949702,-0.11032979037083857,-0.19562820038325324,1284
2026-09-23,FR0000121147,FRVIA.PA,EUR,8.916000366210938,8.916000366210938,-0.05889799580419541,0.02247707490597506,0.027899537213969205,-0.07066911675681542,0.5449596401428901,0.4804001664349841,-0.10287980996565815,-0.42797438225722206,-0.04858447680312383,-0.026144213081517487,-0.17828175715325578,1284
2026-09-23,FR0000121220,SW.PA,EUR,57.04999923706055,57.04999923706055,0.011524781801351303,-0.006962602620833147,0.14512243248743828,0.27628631461591424,0.19511902011913893,0.250543196728279,-0.04418009416371382,-0.2701083367043837,-0.006357239650915392,0.0050206832327412965,0.17986794325136968,1284
2026-09-23,FR0000121329,HO.PA,EUR,234.8999938964844,234.8999938964844,-0.02490660088010721,-0.05964775409624867,0.0239755891296225,-0.10116481157130153,0.22732345490707992,0.27030654847644375,-0.17212206268303964,-0.19597073557214617,-0.003880183599568876,-0.040707668625173166,-0.026841637130987195,1284
2026-09-23,FR0000121485,KER.PA,EUR,227.8999938964844,227.8999938964844,-0.042437000434939476,-0.09831852068651081,-0.07263481629100954,-0.10588535743204475,0.29332552287928443,0.4861111497850613,-0.22178593427815363,-0.33857798991233146,-0.0519473990128807,-0.1065127933587725,-0.12541354080013467,1284
2026-09-23,FR0000121667,EL.PA,EUR,147.5500030517578,147.5500030517578,0.01688488521836673,-0.07317835502391323,-0.14710980894937675,-0.2059034966785348,0.27354385215328236,0.26122878409255773,-0.209778255695675,-0.5563296695825171,-0.013224977690804107,-0.0729454427326438,-0.25178136874955026,1284
2026-09-23,FR0000121964,LI.PA,EUR,36.58000183105469,36.58000183105469,-0.010816595893268888,-0.05184032931771698,0.03978343004784479,0.11776725093260643,0.13474173413575352,0.12985253896479235,-0.09004498537619854,-0.10371167754765254,-0.01446770990352031,-0.04179627631880678,0.06754735184398464,1284
2026-09-23,FR0000121972,SU.PA,EUR,294.3999938964844,294.3999938964844,0.05368647218209088,-0.016042841292484677,0.06416049301140281,0.2819157951764939,0.3635264993569704,0.3635776067194003,-0.12524119680717438,-0.17762918089750313,0.016662328918188418,0.020963721442265104,0.11848591359286775,1284
2026-09-23,FR0000124141,VIE.PA,EUR,31.3799991607666,31.3799991607666,-0.01506595858096127,-0.0746092803901498,-0.12199223035647133,-0.020296030700432843,0.17841722352462905,0.1942767891242518,-0.16444562902496562,-0.16444562902496562,-0.015652963878365456,-0.07295804958942587,-0.04481089137101757,1284
2026-09-23,FR0000125007,SGO.PA,EUR,70.72000122070312,70.72000122070312,0.015216731307327258,-0.14070475579171138,-0.09864896704161807,0.028066327460894325,0.252939944335308,0.2952426563202573,-0.19195695573069294,-0.2782018825349041,-0.03389296574745704,-0.0850187197796789,-0.08867327615118004,1284
2026-09-23,FR0000125338,CAP.PA,EUR,105.0,105.0,-0.006152404320786342,-0.014084507042253502,0.15740739183365493,0.06513497377979993,0.41834588930721656,0.41596415971589773,-0.09201077073251984,-0.41502642376831267,-0.010740529240404029,0.007447434758742544,-0.02019012556569577,1284
2026-09-23,FR0000125486,DG.PA,EUR,110.9499969482422,110.9499969482422,-0.009375027247837453,-0.07154814269253384,-0.10740149457564163,-0.12520027088980112,0.22670163871270485,0.2204961916590468,-0.1356528402434034,-0.20030232855906616,-0.013448951209678262,-0.05667598766659221,-0.09690968819200241,1284
2026-09-23,FR0000130452,FGR.PA,EUR,106.4000015258789,106.4000015258789,-0.012070524226551638,-0.09446807212017949,-0.15655964931517186,-0.17870332745601725,0.3136290084559977,0.24621551971494632,-0.18441364220448975,-0.24989103793071143,-0.014015967547763575,-0.08291672172309683,-0.14156529352804237,1284
2026-09-23,FR0000130577,PUB.PA,EUR,98.33999633789062,98.33999633789062,0.0133964902112369,-0.04245375598744072,0.16433811749791638,0.4024371136928031,0.28841507004037065,0.27719989382766386,-0.07742553003588604,-0.23345260324938366,-0.007223260620626948,0.01121027020510712,0.18578068263092806,1284
2026-09-23,FR0000130809,GLE.PA,EUR,72.44999694824219,72.44999694824219,-0.01656035361783681,-0.030898944916813997,-0.05725441266417963,0.13721969614274787,0.2837593913823882,0.2964416073062443,-0.15671380804415136,-0.20391642461152326,-0.012283443797260651,-0.05810012010025245,0.014158755445533355,1284
2026-09-23,FR0000131104,BNP.PA,EUR,100.87999725341795,100.87999725341795,-0.014073518820378772,-0.045781346116153365,-0.0027679556994352206,0.24069533135066679,0.24342810810227603,0.22702241962358705,-0.10762410515253296,-0.16594331091635783,-0.016850400662551168,-0.048797259139635396,0.0856970001300017,1284
2026-09-23,FR0000131906,RNO.PA,EUR,26.729999542236328,26.729999542236328,-0.05447473967424077,-0.018001461553224907,0.017123243677063194,-0.0223658754492293,0.4440598813891152,0.3436346161984841,-0.10060564738218625,-0.2784341010453456,-0.06760152696869892,-0.048144733010645924,-0.06498552549520031,1284
2026-09-23,FR0000133308,ORA.PA,EUR,14.09000015258789,14.09000015258789,-0.11244093527005417,-0.10596447030714484,-0.10624802754567064,-0.19717381353246577,0.3241289292761906,0.2744888280964888,-0.19022985853501806,-0.22887563113263,-0.08031721446750295,-0.11500532630791371,-0.13271353999988167,1284
2026-09-23,FR0000172041,XED2.F,EUR,485.1600036621094,485.1600036621094,,,,,,,-0.003409892028130801,-0.003409892028130801,,,,4
2026-09-18,FR0000172124,0P00000GPO.F,EUR,56.25,56.25,-0.011423576598381557,-0.029168081925530553,-0.04369261659568424,-0.03300667404817492,0.04632049744706539,0.04717716418400802,-0.048714433448081795,-0.05463102888390703,-0.017913262491762394,-0.027149868357126072,-0.03350515368894713,1230
2026-09-23,FR0000284689,CL54.F,EUR,33.43899917602539,33.43899917602539,,,,,,,-0.000896429304952151,-0.000896429304952151,,,,4
2026-09-21,FR0000292302,0P00000PYA.F,EUR,574.1300048828125,574.1300048828125,0.008360134545982278,-0.006042017700005231,0.023623591293414625,0.09197935134201418,0.07964677562257194,0.0766928826904725,-0.030280271035459383,-0.06867224362644508,0.0005515850692821012,0.0007435946547325045,0.034368955973759,1241
2026-09-21,FR0000295230,0P00000PM8.F,EUR,226.2899932861328,226.2899932861328,0.012981753455426848,-0.03971992723438489,-0.022167508959478055,0.045750699775444215,0.11774503463741741,0.11765485011146057,-0.0631547718368991,-0.16301981420780265,-0.015040585753447355,-0.020370129446981022,-0.02188391165325687,1261
2026-09-21,FR0000299356,0P00000JPU.F,EUR,294.8999938964844,294.8999938964844,0.009032998161385475,-0.01696722058597333,0.016020650806147785,0.09307233239284884,0.1282489306479113,0.11091791958449275,-0.050695879600846094,-0.10168187143662966,-0.017034422740362265,-0.013519723065946843,0.015730192642499752,1229
2026-09-21,FR0000422859,0P00000PLK.F,EUR,908.0900268554688,908.0900268554688,0.014875161629448685,-0.026876085294207486,-0.009273502603078465,0.07917104409165865,0.1237483432575772,0.11868689271243908,-0.05913649458409431,-0.11875263294966842,-0.015709662385332668,-0.016696925309077404,0.0019476739647206198,1239
2026-09-21,FR0000438905,0P00000QF5.F,EUR,495.6199951171875,495.6199951171875,0.02021409545280517,0.018955594852793745,0.04729102642346161,0.18873672756519144,0.12143499090308725,0.10297495505857479,-0.0324187350522257,-0.08915819628885746,0.01795312049585407,0.021698879217100897,0.10359157209970471,1187
2026-09-21,FR0000447807,0P00000RUS.F,EUR,216.1199951171875,216.1199951171875,0.02102327673613158,0.019193548723676512,0.05884079403714826,0.18558342792823068,0.12024565234910349,0.11191514278127176,-0.04078916959911505,-0.08659418215219217,0.016941955557429944,0.018775577489639206,0.0927171156142903,1240
2026-09-23,FR0000974149,ODAB.HM,EUR,743.7449951171875,743.7449951171875,,,,,,,-0.00669711810633189,-0.00669711810633189,,,,4
2026-09-21,FR0000975880,0P00000MML.F,EUR,431.2799987792969,431.2799987792969,0.010662450907664267,-0.04042721756421874,-0.03818018588363259,0.04214189685804781,0.14205386789872732,0.12636381687647974,-0.0816524738184714,-0.12650891219419702,-0.011108075230133574,-0.03022955473005262,-0.01866299485649514,1240
2026-09-21,FR0000980427,0P00001O87.F,EUR,2576.93994140625,2576.93994140625,0.002294753194859389,-0.016806645195995507,-0.01601445781515165,0.019447859995574523,0.047335150927863445,0.04539802536856534,-0.030913117713922467,-0.04381792125829931,-0.008463299208800734,-0.014715924715174244,-0.002085351827300852,1243
2026-09-18,FR0000987950,0P00000NYV.F,EUR,664.4299926757812,664.4299926757812,-0.010278140762978949,0.02275066221239541,0.018595745990819257,0.16882448544066886,0.14315427977719597,0.22955016705214032,-0.10217496300435924,-0.10217496300435924,0.010297131562604367,0.018913760318426398,0.12122852997569877,1120
2026-09-18,FR0000987968,0P00000NZ3.F,EUR,475.9800109863281,475.9800109863281,0.00335166485126992,0.009159155516000661,-0.06617484654844696,0.21949223428455356,0.18276799740686533,0.3069028352306043,-0.16322176981876269,-0.16322176981876269,0.006856880790143238,0.006318955661873682,0.11880665134400625,1158
2026-09-18,FR0000988057,0P00000NZ7.F,EUR,855.8400268554688,855.8400268554688,0.012576761522541835,0.00995987986576008,0.021752145178592697,0.16072858424151826,0.11068831922752877,0.10779244988221363,-0.03313392419228933,-0.07747073986381181,0.011625256355609848,0.01086865821618166,0.08190752321099759,1198
2026-09-21,FR0000989915,0P00000QLD.F,EUR,1575.5699462890625,1575.5699462890625,-0.002210246713349018,-0.07951304524939062,-0.09586143238124112,-0.018947729583398187,0.125962031678455,0.12506744384578922,-0.1209010176016907,-0.16747917648785893,-0.034894800693457295,-0.07463619222796869,-0.08249257417234113,1240
2026-09-23,FR0006174348,BVI.PA,EUR,27.700000762939453,27.700000762939453,-0.0068124285000704665,-0.0003608199878579743,0.037453182450392974,0.08865895825671566,0.14965064284770233,0.22053289233085532,-0.07584561619350039,-0.13772048651286128,0.007126264062730314,0.002199803884380458,0.04180417686518245,1284
2026-09-17,FR0007023692,0P00000C3O.F,EUR,380.8699951171875,380.8699951171875,-0.005743107434587724,-0.024010853197182436,0.007965939454595894,0.06698230679759054,0.07362741905623499,0.07428969906632919,-0.03241593433027423,-0.057652550446265716,-0.010799226970663045,-0.005652755856692893,0.04453284457344098,1223
2026-09-21,FR0007028543,0P00000PY3.F,EUR,108.12000274658205,108.12000274658205,0.013213416495235997,-0.010433821777039998,-0.01887472104592769,0.062395659948646154,0.09491662459282682,0.08099615748048274,-0.045613735348593254,-0.07215834198969395,-0.002389740865942791,-0.00980484932159964,0.009167654870027908,1202
2026-09-23,FR0007052782,CAC.PA,EUR,82.12999725341797,82.12999725341797,-0.000608457673060725,-0.03817779786312625,-0.023656745461113515,0.05146583807008254,0.13017007085534454,0.1189315669447678,-0.07316513357898446,-0.10850611902089558,-0.009945187736999483,-0.03065370519153654,-0.0007361281286554222,1284
2026-09-23,FR0007054358,MSE.PA,EUR,71.62000274658203,71.62000274658203,0.002659980968703568,-0.027562779867473353,0.0022390661091422626,0.13628437464140752,0.12709403301292718,0.12442332571658372,-0.04902228077396764,-0.10843727157026495,-0.00793700949966536,-0.014090669495452235,0.04774238983333623,1284
2026-09-21,FR0007061882,0P00000O6Y.F,EUR,697.030029296875,697.030029296875,0.008128399026099853,-0.020020512383974287,0.0053510960789586726,0.12310075860494107,0.1251892599588353,0.11817467533784665,-0.046830352302243416,-0.12151241584563843,-0.013507388808183363,-0.010326483917517226,0.030114898247629807,1240
2026-09-21,FR0007062567,0P00000K4N.F,EUR,573.4099731445312,573.4099731445312,0.020320616218437726,-0.006342443955211774,0.0379588201622838,0.12035711666395366,0.19190395579732977,0.14841870992023487,-0.07313298381321787,-0.17320314463395015,0.011660133351782287,0.010855087571602029,0.05249203077212328,1195
2026-09-18,FR0007064324,0P00000H22.F,EUR,519.239990234375,519.239990234375,-0.013208179887084004,-0.05699031121478604,-0.030074412174377563,0.03781576317793656,0.08216894036399286,0.10299530642372441,-0.06653484901685391,-0.10149436880129137,-0.03456663808877414,-0.04118702422942577,-0.0257306966379085,1235
2026-09-21,FR0007072160,0P00000IK7.F,EUR,173.32000732421875,173.32000732421875,0.0007506488883877172,-0.009543391716794636,-0.00829660074838523,0.009376277138200884,0.0230398698273106,0.02007675081874505,-0.014192917570185704,-0.025147919362124238,-0.004451548705959318,-0.007184293000496611,-0.003409424299353647,1242
2026-09-21,FR0007076930,0P00000NME.F,EUR,557.72998046875,557.72998046875,-0.00717393411210665,-0.0416187494290573,-0.006377967799282014,0.10838843729550174,0.11175314976678909,0.1038605834212538,-0.06165181714826895,-0.08584313776124475,-0.016321482036558588,-0.027115487654293724,0.037363598413055144,1233
2026-09-21,FR0007374145,0P00000QRC.F,EUR,536.4600219726562,536.4600219726562,0.010682273931367225,-0.031905280630199484,0.131772198254549,-0.0467846924832912,0.37176265731226965,0.46146547930219045,-0.1480380030120978,-0.3714610457589358,-0.027428875870365133,0.08143177536752955,0.08006434425802245,1169
2026-09-21,FR0007382965,0P00000MUL.F,EUR,3581.239990234375,3581.239990234375,0.005864542400914496,-0.006014561119657036,0.011958470181193892,0.06271089840283572,0.05185265995880081,0.04699342025907177,-0.024007435772887664,-0.05346302661329583,-0.0007204617969442939,-0.002027079651250707,0.022379849995489032,1239
2026-09-21,FR0007390174,0P00000FNC.F,EUR,107.08000183105467,107.08000183105467,0.012960010958729118,-0.06838350829475937,0.2133711255643589,0.16644878291215148,0.33727871865658793,0.4160576570989325,-0.11099121252261879,-0.33703705023274577,-0.022974854689142732,0.06455110365695571,0.0710479657675358,1245
2026-09-21,FR0010004085,0P00001NLH.F,EUR,1006.3300170898438,1006.3300170898438,0.0192334856461307,0.012934368959333087,0.05095352693577748,0.1743296079338439,0.10590073162417363,0.114402987767034,-0.0345192340392364,-0.0930771863389761,0.014022389450833339,0.01870359611181116,0.07925124706769338,1205
2026-09-21,FR0010058529,0P00000QIF.F,EUR,1176.4100341796875,1176.4100341796875,0.022760712340560207,-0.032199426659701214,-0.02498841578528832,0.10478675725692055,0.1502829846705686,0.14927864583523262,-0.07672122846149532,-0.16355001019165538,-0.008188415107965197,-0.01749072371626903,0.013719203227423593,1242
2026-09-18,FR0010086512,0P00000G8V.F,EUR,339.010009765625,339.010009765625,-0.012064648709008141,-0.07061978787701573,-0.05835781314700561,0.020407544638030517,0.12684157539706298,0.12663948602337077,-0.08015188985418653,-0.11388989985918296,-0.031434559498479175,-0.04580665098296055,-0.02028595434795699,1235
2026-09-18,FR0010097683,0P00000CGO.F,EUR,587.1099853515625,587.1099853515625,-0.00627944539227554,-0.01687907876661543,-0.0056061746797235745,0.051734958517566154,0.05809388277313162,0.07234694126501424,-0.023946099714670543,-0.08550661982129948,-0.006370247596096501,-0.0033665520100093493,0.015939362500423604,1232
2026-09-18,FR0010128587,0P000015L9.F,EUR,695.219970703125,695.219970703125,-0.0038829424169984916,-0.00943242889979401,-0.06850674154932723,0.07449530109871194,0.1344479159087905,0.13774463017322794,-0.07939967933132908,-0.09552951169543256,-0.011387537484580212,-0.020430086053030982,-0.0031420895203676524,1226
2026-09-23,FR0010135103,Y9U6.F,EUR,845.3140258789062,845.3140258789062,,,,,,,-0.001520181625873418,-0.001520181625873418,,,,4
2026-09-21,FR0010147603,0P000018HU.F,EUR,437.7099914550781,437.7099914550781,-0.001346101652572651,-0.00289311471927034,0.02496195753851005,0.06815850641559518,0.0744807547265952,0.1163362851147513,-0.039956885578391055,-0.06154886324087783,-0.006729458556935186,0.004396095342244832,0.03446566610782997,1242
2026-09-23,FR0010149120,Y9U4.F,EUR,1912.9759521484373,1912.9759521484373,,,,,,,-0.00018842329571311378,-0.00018842329571311378,,,,4
2026-09-23,FR0010149302,Y9U3.F,EUR,1935.9320068359373,1935.9320068359373,,,,,,,0.0,0.0,,,,4
2026-09-21,FR0010156604,0P00001BB3.F,EUR,251.22999572753903,251.22999572753903,0.003715512043317437,-0.005817179416128915,0.0009163176395976524,0.03263595980319667,0.03843862304588856,0.028161673640783928,-0.014232773296950607,-0.02863110837153171,-0.003437194359405371,-0.0039591220923757,0.013986442050528014,1242
2026-09-21,FR0010158048,0P00001BW0.F,EUR,325.75,325.75,0.008920014019163203,-0.03358354964323573,-0.021654227655309333,0.11493303566066104,0.09870758937371234,0.10715444331189122,-0.06124416353536166,-0.12274891322971371,-0.01216184644099938,-0.017134296862849174,0.018000244071882054,1242
2026-09-21,FR0010174144,0P0000M6PZ.F,EUR,256.6600036621094,256.6600036621094,-0.01719314700100949,-0.03951799083284935,-0.0065798954398448295,-0.008881633722820581,0.05720740602257735,0.08762014436242443,-0.05479857263962207,-0.07384152486145013,-0.023586699815958734,-0.027357967381597126,-0.011894520170770306,1050
2026-09-21,FR0010177899,0P00000PNB.F,EUR,89.73999786376953,89.73999786376953,0.004477295078075372,-0.012978446204795824,-0.014928656785190841,0.03351371612748366,0.04882569472013057,0.04678806639942376,-0.026935590768915052,-0.046937452596716,-0.004735683050953732,-0.00965406853471118,0.0055476361167723365,1240
2026-09-23,FR0010208488,ENGI.PA,EUR,23.75,23.75,-0.013294545030386073,-0.04847752920092785,-0.10546136789157001,-0.140592566692758,0.2111867845959851,0.2206537112560983,-0.1525729233098997,-0.162258606199024,-0.011837151860317197,-0.06522560298235114,-0.06804918197731114,1284
2026-09-23,FR0010220475,ALO.PA,EUR,14.869999885559082,14.869999885559082,-0.056771356693483876,-0.12037862871511273,-0.017184416848330164,-0.38067472953741044,0.30087453609287523,0.2840591370099349,-0.12141798783669355,-0.5016756096005088,-0.060896482886407255,-0.0736356904958585,-0.27182535030431965,1284
2026-09-23,FR0010221234,ETL.PA,EUR,1.7595000267028809,1.7595000267028809,-0.030311352068561948,-0.040621573098532204,-0.29591837708220314,-0.24484974922048375,0.4261063905601968,0.4026768571892339,-0.31803921751955855,-0.614412444666804,-0.034051121457864264,-0.10529953762182598,-0.24015536774296742,1284
2026-09-18,FR0010229187,0P00000FV4.F,EUR,320.57000732421875,320.57000732421875,-0.010586397147473003,-0.03139347473747334,-0.01067799730923924,0.09439434872655372,0.09374919936446267,0.10981770740454384,-0.040434204459219525,-0.07929475665366614,-0.0138128185027514,-0.010171525938231007,0.04073162689175347,1237
2026-09-23,FR0010230490,0PP1.MU,EUR,697.0230102539062,697.0230102539062,0.0026568592641602606,-0.03144300597365968,-0.04379597430613402,-0.018545580551363017,0.06492422671800656,0.044503418508792615,-0.047390188329915484,-0.05556809031668952,-0.014137258036835632,-0.024794441165595704,-0.033903071802978135,212
2026-09-23,FR0010261198,MEU.PA,EUR,245.5500030517578,245.5500030517578,0.005734217449405277,-0.02210275952550078,0.003883879495244935,0.1063801043103294,0.10470459640104167,0.09476400407551198,-0.03686089155476535,-0.09773398341024497,-0.004560647441784305,-0.010198314472882442,0.04269288085535328,1284
2026-09-17,FR0010286013,0P00000EUQ.F,EUR,491.8500061035156,491.8500061035156,-0.013992704241205023,-0.019730929539580222,-0.004976616834027392,0.020033604208297806,0.05751437512832249,0.05324746076360918,-0.02807463528598564,-0.06016847910817125,-0.012411853743377166,-0.011446187366206062,-0.00014442094153144236,1225
2026-09-23,FR0010307819,LR.PA,EUR,139.1999969482422,139.1999969482422,0.028824787941745145,0.013469171914941791,-0.040000021046605605,0.042844646674014886,0.38012163305229346,0.2868325305545556,-0.11241381415005391,-0.18306531519533542,0.007782783335690047,0.016503562720016074,0.004186263999879092,1284
2026-09-23,FR0010313833,AKE.PA,EUR,57.59999847412109,57.59999847412109,0.012302230746405352,-0.015384641468015658,0.0369036771415987,0.06051285451376054,0.17785364249551006,0.2541303794612638,-0.10184440464351752,-0.22841862264948765,-0.010054154802626059,-0.018655783736202802,0.03375649249116375,1284
2026-09-23,FR0010315770,WLD.PA,EUR,436.1799926757813,436.1799926757813,0.023848654814606407,0.022408695485470087,0.028241348712887637,0.18023644784877368,0.10164569614283589,0.0959649006807555,-0.030554849535535222,-0.06579517880427155,0.01804889310679525,0.02074054963815386,0.08874038508961024,1284
2026-09-23,FR0010321828,EHQ1.HM,EUR,370.37799072265625,370.37799072265625,,,,,,,0.0,0.0,,,,4
2026-09-23,FR0010340141,ADP.PA,EUR,110.1999969482422,110.1999969482422,0.027985075423541783,-0.03755461180574493,-0.019572994197248117,0.03189404595372203,0.2798031748929004,0.3325879828795353,-0.13739838638925939,-0.23520484593542768,0.013473099641285957,-0.0036526978314128655,0.011546707650819998,1284
2026-09-21,FR0010363366,0P00006A6D.F,EUR,350.0299987792969,350.0299987792969,0.006990772822534463,-0.006781722255758238,-0.01605102493907462,0.05284848636168249,0.04702792463058714,0.056148881601078726,-0.030897642519637114,-0.06620432661115794,-0.0015716838631497643,-0.005833282596934275,0.01616964244553043,1239
2026-09-21,FR0010375600,0P00006TTL.F,EUR,286.32000732421875,286.32000732421875,0.02067595372058917,-0.03725617619253285,-0.02535991410990046,0.06331941547961062,0.14676543915666046,0.1369995341279656,-0.0701480804633906,-0.11891872079739285,-0.008573497654451812,-0.015624427627407123,0.004355319498958066,1242
2026-09-21,FR0010380675,0P00007ZHT.F,EUR,3208.35009765625,3208.35009765625,0.009645387215703627,0.052404555929054464,0.05708213713735044,0.2379661613464923,0.08879364947368003,0.1329494551398641,-0.0328478637587033,-0.08934768111999025,0.01769852223481272,0.03627860921896531,0.14763331217645814,1205
2026-09-21,FR0010400762,0P0000KOPQ.F,EUR,258.3900146484375,258.3900146484375,0.002833233625523901,-0.004354093761829048,-0.0018927310921398321,0.0514344441442014,0.07392071024878487,0.07115135485779026,-0.030162190593845284,-0.05504625658299789,-0.00581179087387973,-0.0058595962118380696,0.012156788756763515,1215
2026-09-23,FR0010411983,SCR.PA,EUR,32.380001068115234,32.380001068115234,-0.015805484305362216,-0.0425783157806876,0.02468356573510988,0.1025324327996342,0.19628860943326437,0.18328356460714573,-0.07554783474133209,-0.18987342828689058,-0.02107200179173252,-0.033548199405958434,0.07436435082253157,1284
2026-09-18,FR0010415448,0P00008IB9.F,EUR,543.0999755859375,543.0999755859375,0.0164320409892329,-0.013818608855998948,-0.06704692932763712,0.21976412259615374,0.18116192669604847,0.29707196034862826,-0.1471557987796812,-0.15046376283067087,-0.0007911617481679567,-0.008648585326273439,0.10120620146639503,1165
2026-09-23,FR0010451203,RXL.PA,EUR,37.060001373291016,37.060001373291016,0.015342503377836048,-0.0005393866444450834,-0.011205927803494609,0.1286709910254047,0.31190597316829904,0.271628487064364,-0.1111959037333462,-0.16975636676009265,0.021400952686567276,0.0107181163662331,0.0465808313415641,1284
2026-09-23,FR0010533075,GET.PA,EUR,18.479999542236328,18.479999542236328,-0.004310340840949611,-0.025316432775011277,0.013157882353605599,-0.004359965348818773,0.12588612852291917,0.12686117492797513,-0.0530927216262963,-0.07211297161310692,-0.0031287287788815954,-0.00969939472032122,0.051136417773178344,1284
2026-09-21,FR0010546903,0P00000PUS.F,EUR,76.79000091552734,76.79000091552734,0.01132622951264417,-0.012855122615127668,0.011725946926957276,0.05844242157708357,0.12652274816778916,0.11701016993120471,-0.042979533527988334,-0.11959289705296672,-0.009148485720126387,-0.009501235913780937,0.019194017373802552,1237
2026-09-21,FR0010546929,0P00000MHU.F,EUR,41.25,41.25,0.002186592636577611,-0.009128058091890878,0.03591161014904909,0.16756291712789273,0.12431713936971464,0.11333239025661204,-0.030389335511780358,-0.09560373294814584,-0.004572932722813672,-0.003363195755197834,0.09041884949291501,1232
2026-09-21,FR0010557967,0P0000ADK9.F,EUR,198.27999877929688,198.27999877929688,0.00993224127772474,-0.010875026746267724,0.006957468344464868,0.10180035220024242,0.07466158534278247,0.09249551224248931,-0.035021182448650046,-0.07679091971778229,-0.003239930196991647,-0.002751142160962061,0.038852980579755725,1242
2026-09-18,FR0010564351,0P0000J3CO.F,EUR,203.2700042724609,203.2700042724609,-0.004505598501128083,-0.01640375171574593,-0.012869045843280524,0.06972950058985083,0.06031971513508413,0.06712099676336128,-0.03237068132455978,-0.06353414906261601,-0.009593672094920902,-0.01147497899814276,0.014496029326910298,1233
2026-09-21,FR0010592022,0P0000D2MT.F,EUR,130.8800048828125,130.8800048828125,0.01410202509412306,-0.023210690968366476,-0.01638353160814754,0.08830868583015383,0.10150790249602747,0.09689848920917478,-0.05379817857654812,-0.08556696470410918,-0.00593942176651141,-0.012329252271485736,0.028769905899857395,1243
2026-09-21,FR0010601971,0P0000KWR3.F,EUR,345.07000732421875,345.07000732421875,0.0055659273858443825,-0.024178462505026976,-0.000550316967016351,0.05856186175382172,0.06898106916172651,0.07004389529000613,-0.04531005837686386,-0.0711168777125627,-0.0052552083291638185,-0.019170316218944383,0.009578980821002059,1238
2026-09-21,FR0010611293,0P0000GBJZ.F,EUR,1880.75,1880.75,0.006609920479855758,-0.015525480733995067,-0.015690328186191538,0.012053716850078278,0.0502865481238482,0.04402120624028017,-0.02966911449211851,-0.046674149360825035,-0.004714078222718077,-0.010036855461608152,-0.005438949905132384,1238
2026-09-21,FR0010616177,0P0000HR6L.F,EUR,183.38999938964844,183.38999938964844,-0.0020678286661465206,-0.0229101337089076,-0.003206850481529133,0.07207998367257806,0.09937750800464339,0.09858920641171336,-0.044801141039179426,-0.09792365079112963,-0.0114492736398073,-0.019127522852359746,0.010600027423641967,1234
2026-09-21,FR0010651224,0P0000HR5T.F,EUR,4655.75,4655.75,-0.013018459033796947,-0.059083303063073966,-0.018169925918237406,0.048986875254408924,0.09718307411748973,0.13216676828453702,-0.08423437469923578,-0.1305381968790127,-0.03126623772937742,-0.04029311565240867,-0.007133581468231509,1243
2026-09-21,FR0010657122,0P0000HX49.F,EUR,1345.97998046875,1345.97998046875,0.00947996382952554,-0.035374881076056686,-0.03813913320350071,-0.0020167352276995176,0.1238819690463232,0.11100046089638066,-0.06587642280455464,-0.10558753610008986,-0.011038199349008737,-0.02775407034364985,-0.02764338306150016,1240
2026-09-21,FR0010668145,0P0000IT7S.F,EUR,680.0700073242188,680.0700073242188,0.01137685465704652,-0.03092182852371761,-0.01891281556029334,0.053734938391745146,0.10489383204750498,0.13390903343090085,-0.07103875073039301,-0.10189111228019454,-0.008845133570462571,-0.028231529713454218,-0.006815886222827028,1234
2026-09-21,FR0010679902,0P0000IKS1.F,EUR,422.3599853515625,422.3599853515625,-0.015592594410314908,-0.061151021548922935,-0.006305343354697679,0.044101643484637965,0.09868897393780464,0.10736368135541165,-0.08210361140092237,-0.13823713827402528,-0.028370664193551165,-0.042009538558420156,-0.030861550049835818,1243
2026-09-21,FR0010687749,0P0000HRVB.F,EUR,355.510009765625,355.510009765625,0.0180698663746115,-0.01708643488641204,-0.0186059081694272,0.1131952219194503,0.12800721126488962,0.11922260475704063,-0.05663693095460853,-0.10297291465046632,-0.006651448175116759,-0.012603850928656235,0.03181337704257614,1241
2026-09-21,FR0010689141,0P0000IKSO.F,EUR,1960.02001953125,1960.02001953125,-0.0035131062066240393,-0.029395153565961563,0.004057191764953227,0.05688803511900953,0.08923358661896838,0.11482587025121063,-0.05233025945893832,-0.11447905426548899,-0.023227991826168526,-0.021990901103244975,-0.00219061992220404,1243
2026-09-21,FR0010697482,0P0000J0GI.F,EUR,142.55999755859375,142.55999755859375,0.0011236212708385374,-0.002239692842124552,-0.0016107272102616754,0.008631677177821429,0.009249565285675963,0.007982633329830567,-0.003777868586109956,-0.009263859031025667,-0.0009390912394185991,-0.0011546875605548124,0.0024452694333141345,1241
2026-09-21,FR0010697532,0P0000JC17.F,EUR,217.80999755859372,217.80999755859372,2.220446049250313e-16,-0.007066024103962065,-0.011885837700140622,2.220446049250313e-16,0.012005111788303631,0.01010586331946016,-0.011885837700140733,-0.011885837700140733,-0.0032240485016578058,-0.005959410934769149,-0.004694592672017883,1242
2026-09-21,FR0010700823,0P0000IVLV.F,EUR,1450.9000244140625,1450.9000244140625,0.02102715265944588,0.029964069286727124,0.056290911947681765,0.1486636503442047,0.11851185575714794,0.11191092536577903,-0.038700809851986206,-0.10079621358980673,0.019548797636632864,0.018205179547104988,0.07069148441324202,1204
2026-09-21,FR0010702084,0P0000KU3M.F,EUR,249.3300018310547,249.3300018310547,0.007353268007803226,-0.04342985739690963,-0.039042588289675884,0.06756582561807889,0.10991771460675459,0.10269233438934829,-0.06869738214395071,-0.11380472679777409,-0.018897610974648593,-0.030740443729085576,-0.006070682990100829,1242
2026-09-21,FR0010751008,0P0000KM3H.F,EUR,1509.8599853515625,1509.8599853515625,0.005192819496921297,-0.018787755033396247,-0.030257478460093634,-0.009278224834932791,0.04522035851551499,0.0341922219094696,-0.035981183543515205,-0.035981183543515205,-0.0079300798681875,-0.01579220898367939,-0.018751712525471476,1242
2026-09-21,FR0010752543,0P0000KTWR.F,EUR,420.5,420.5,0.0032208186166622355,-0.011541815236693953,-0.016972156349077228,0.006751597810929155,0.030094120064661608,0.023866017816224078,-0.021285510314327016,-0.027542721463298614,-0.00506105309996796,-0.00940884684501031,-0.00595023122543592,1243
2026-09-21,FR0010784348,0P00001NRR.F,EUR,1172.0699462890625,1172.0699462890625,-0.004298640398902931,-0.04614376355293681,-0.027602187328624406,0.06246592513715976,0.13359642749894168,0.1252706722172746,-0.0759440036162109,-0.11998356423860601,-0.017828089030900163,-0.03648468448094799,-0.002104057641911572,1242
2026-09-23,FR0010836163,69X3.MU,EUR,3034.10009765625,3034.10009765625,,,,,,,0.0,0.0,,,,4
2026-09-23,FR0010858498,0PP0.MU,EUR,544.8489990234375,544.8489990234375,,,,,,,0.0,0.0,,,,4
2026-09-23,FR0010859769,EHQ8.MU,EUR,509.0799865722656,509.0799865722656,,,,,,,-0.001983733362214357,-0.001983733362214357,,,,4
2026-09-21,FR0010896944,0P0000P2U7.F,EUR,147.58999633789062,147.58999633789062,0.004560292521749609,-0.00819838210280699,0.0198313646557442,0.13705695583873778,0.11996993487533912,0.10660534498595702,-0.02873068567554027,-0.09251694310225123,-0.003440276135354692,-0.004746011056653621,0.06310178913468767,1243
2026-09-23,FR0010908533,EDEN.PA,EUR,27.739999771118164,27.739999771118164,-0.050000032660078464,-0.08629778611862338,0.23179392572147672,0.6610568862412229,0.24751286010927204,0.29844754751447894,-0.09138555036940277,-0.41323413035555057,-0.04670264294520743,-0.028153428360140675,0.30227350788086804,1284
2026-09-23,FR0010909531,ROY2.MU,EUR,294.92999267578125,294.92999267578125,,,,,,,0.0,0.0,,,,4
2026-09-21,FR0011034131,0P0000VH9P.F,EUR,494.5199890136719,494.5199890136719,0.006349196491534315,-0.027855891328170124,0.02044944174008334,0.10273157665869781,0.09749496111384015,0.10038410839630098,-0.041049233571808674,-0.08317117171309074,-0.009229145168321629,-0.008333692051102681,0.0378536611210436,1243
2026-09-21,FR0011069137,0P0000TV0S.F,EUR,300.7699890136719,300.7699890136719,0.0177652957335388,0.012761727682467638,0.05689086796444487,0.16010945647025365,0.11070692965213576,0.1192465763258652,-0.03883555398547767,-0.10720976035915342,0.011022154380533333,0.017239294849825004,0.06240030599654167,1206
2026-09-21,FR0011153014,0P0000UUVR.F,EUR,270.2099914550781,270.2099914550781,0.0030810994031524874,-0.009130988780677862,0.005395079761745691,0.10222312128294564,0.08033446769364028,0.08219688286177083,-0.026366300262656073,-0.07922510462060839,-0.004844887678408294,-0.005742372110159488,0.048769638158886464,1240
2026-09-21,FR0011169341,0P0000V0BE.F,EUR,610.3400268554688,610.3400268554688,0.014578551830166875,-0.021310677682740864,-0.016025024137362398,0.10086224463228688,0.12868001104862914,0.12696468731751373,-0.05687711868348344,-0.1248088989990811,-0.004583655387714436,-0.012955700735012288,0.025761562267176297,1242
2026-09-18,FR0011170182,0P0000VOSS.F,EUR,1348.18994140625,1348.18994140625,0.010016328535063845,-0.01097464163142492,0.03915547844845868,-0.13514366006245326,0.2900832654187001,0.2927916138282163,-0.07401739456959056,-0.3734400146634508,-0.010891540727954396,0.03257953190913132,-0.06222407882316827,1184
2026-09-21,FR0011198332,0P0000VG0E.F,EUR,118.48999786376952,118.48999786376952,0.0007601041953613219,-0.0007590147233543787,0.0025382470273829227,0.009542430697609294,0.005820926147493549,0.003653715779457368,-0.001938765344887683,-0.001938765344887683,-0.00041338357182496566,1.3488287216256722e-05,0.006966912064273467,1241
2026-09-21,FR0011261197,0P00017SX2.F,EUR,3417.610107421875,3417.610107421875,0.003974650709253513,-0.02691792706763063,0.03521589844353756,0.02907515911355274,0.10654934371919603,0.10246764046075141,-0.046441660676277974,-0.09957122066905022,-0.005578310785012586,-0.002790669723120587,-0.010356476531309444,1240
2026-09-21,FR0011271550,0P0000WJFT.F,EUR,310.9599914550781,310.9599914550781,-0.006993461549068991,-0.04475780228812931,-0.019579473814510417,0.1021477823432877,0.0899409281080568,0.10710182931218347,-0.06663447454555815,-0.1080676260275274,-0.023257955808015707,-0.0373196780980265,-0.004315481060880866,1244
2026-09-21,FR0011288513,0P0000XP79.F,EUR,135.0800018310547,135.0800018310547,0.003417075698648908,-0.011995314328596574,-0.01702806264786738,0.003267992003868736,0.026429581684669603,0.020487294306476878,-0.021601579038781793,-0.029187461979047202,-0.005162709996723414,-0.009668691477316527,-0.00905988182468287,1242
2026-09-21,FR0011350685,0P0000XRPO.F,EUR,1323.8599853515625,1323.8599853515625,0.0016342848297545842,-0.007943269859135182,-0.009368607346342261,0.00612550252647881,0.01633923606535022,0.012485593459888438,-0.011717059603942648,-0.01867545607765031,-0.0037094138118225484,-0.006093520661035745,-0.003434051833874907,1240
2026-09-21,FR0011363746,0P0000YA5J.F,EUR,201.6199951171875,201.6199951171875,0.004383728205354487,-0.008410006877824228,-0.013890303743627319,0.013930042386973485,0.03400639221285411,0.02877876261163995,-0.02066638596298709,-0.031872118869212596,-0.002653909848583713,-0.006664959427915673,-0.0016222272715304964,1231
2026-09-21,FR0011400712,0P0000Y520.F,EUR,931.280029296875,931.280029296875,0.013505756250213219,-0.0021001681861144705,0.0381352867595004,0.05351998389279977,0.13648578237370332,0.14400222468843152,-0.07302708876997388,-0.12448297538646003,0.008119944909464438,0.002308845034237228,0.035941166273966374,1187
2026-09-23,FR0011550193,ETZ.PA,EUR,21.07999992370605,21.07999992370605,0.003809520176478731,-0.02542761250116743,0.002377519516311377,0.09906150095407185,0.10608748078149562,0.09647124418333544,-0.03908047730895281,-0.09410045263958577,-0.00670287815220505,-0.013182534882409835,0.03754887848915622,1284
2026-09-21,FR0011586544,0P000115CR.F,EUR,3321.75,3321.75,0.012666925628506576,0.010276901015809692,0.054215937681889814,0.19256623503933246,0.1201749681864958,0.10892031769822917,-0.03778567595914151,-0.11714410061051672,0.008643806079863703,0.01166388314295208,0.08089076817525775,1245
2026-09-21,FR0011631050,0P00011S1H.F,EUR,223.30999755859372,223.30999755859372,0.007034938257468815,-0.028706911393100443,0.0025590017570826795,0.04968502299756339,0.10865762742360699,0.1120914258163364,-0.055730884726721386,-0.1151385532086443,-0.014362394860904293,-0.020914584574346695,-0.014147660671410378,1242
2026-09-21,FR0011694256,0P00014KUO.F,EUR,160.39999389648438,160.39999389648438,0.006968426499696534,-0.06281040247364456,-0.07218886299076499,0.011540559297092967,0.12044096143894112,0.11955824852189935,-0.1057655144009797,-0.15234934691037816,-0.025400980877188006,-0.05811835735141346,-0.05101227050353119,1242
2026-09-23,FR0011726835,GTT.PA,EUR,221.6000061035156,221.6000061035156,0.0,0.07053143045176613,0.20565833745450668,0.12271814658920133,0.24003025943840653,0.23645009178104728,-0.04761906250095216,-0.15003473389952182,0.0225175565491198,0.07853446434371136,0.165027441127503,1284
2026-09-23,FR0011950732,ELIOR.PA,EUR,1.8639999628067017,1.8639999628067017,-0.027647413133617293,-0.12652300476669553,-0.0689311309745615,-0.24959742868822443,0.2300922694412255,0.21466336795709146,-0.13382899360546285,-0.3768406824452747,-0.06088624089468375,-0.09153826398746112,-0.21549293637393097,1284
2026-09-23,FR0012333284,ABVX.PA,EUR,86.1500015258789,86.1500015258789,-0.04754002838522886,-0.14193226875924847,-0.26680849765209447,-0.13460573696730072,0.3888918582203153,0.41286780391762723,-0.3618518405490452,-0.4844771430760161,-0.1027677080289291,-0.16945441953884766,-0.16034569098232054,1284
2026-09-21,FR0012355139,0P0001572S.F,EUR,129.27000427246094,129.27000427246094,0.008818517935031078,-0.013356738993541839,-0.03644901055581529,0.016273642876430516,0.07367603229130232,0.06188092316847062,-0.047182481054466985,-0.05565120950851987,-0.00399877637184376,-0.012883570678640655,-0.013114542789120498,1240
2026-09-23,FR0012435121,ELIS.PA,EUR,22.520000457763672,22.520000457763672,-0.01228064862571343,-0.08156606699274138,-0.16344723648069237,-0.07283405377954899,0.3560241263839947,0.2919493249083695,-0.2560284051549274,-0.2560284051549274,-0.021465176667752495,-0.06811220425460773,-0.09760264260004581,1284
2026-09-23,FR0012757854,SPIE.PA,EUR,44.7599983215332,44.7599983215332,0.005842658910858445,0.007850860029114948,-0.09907591584163356,0.029311733886998592,0.3078756665565365,0.2629894990836659,-0.1829383895923451,-0.20037918105240293,0.024492763419960095,-0.016001234929849173,-0.0474217035038057,1284
2026-09-23,FR0013176526,FR.PA,EUR,14.94499969482422,14.94499969482422,0.01048003606294623,0.0678813731356589,0.18282543918456362,0.5062404676342664,0.40611777249521985,0.3726028794409138,-0.0942581587900383,-0.2740685965690174,0.028455406391626914,0.04205885673484544,0.20087321830321736,1284
2026-09-21,FR0013202132,0P0001AC1I.F,EUR,116.36000061035156,116.36000061035156,0.005704439753828172,-0.007167204434839647,-0.010123372271477304,0.010859178119816626,0.03422124531255921,0.023843112990301514,-0.021397611572529285,-0.027311290746644623,-0.0012402951711157906,-0.0049615066845438704,-0.003555973949572966,1234
2026-09-23,FR0013227113,SOI.PA,EUR,151.6999969482422,151.6999969482422,0.08745517525621649,0.40462960137261295,0.30047145275508136,2.095918305066167,0.9912556114668671,1.0404960339045906,-0.2702702667871647,-0.5504682471501512,0.14635479227614767,0.2695729016442219,0.716605090872996,1284
2026-09-21,FR0013254331,0P0001BGYT.F,EUR,422.9700012207031,422.9700012207031,0.015119849257070106,0.010850103062376881,0.05980955838671753,0.135002407192079,0.11175082982639405,0.11531006949980341,-0.036921992311737206,-0.11598420067942472,0.008522983761239722,0.012377258247019407,0.05230134673475462,1204
2026-09-23,FR0013269123,RUI.PA,EUR,35.08000183105469,35.08000183105469,-0.02284121615518908,0.03971547379747431,0.14118419298149054,0.05924666650463917,0.2571367057114972,0.19681963351047255,-0.037569076842227433,-0.11528145624745234,0.010543345623884148,0.03540695335887345,0.0739766046887258,1284
2026-09-23,FR0013280286,BIM.PA,EUR,74.0,74.0,0.02139410789575491,-0.004037725968178307,0.05563483039616157,-0.18015173822409236,0.19358793811875877,0.27217715007756604,-0.07805201750923207,-0.42097341181666226,0.009721980076024428,0.01579980592732233,-0.11153598348045202,1284
2026-09-23,FR0013326246,URW.PA,EUR,93.5999984741211,93.5999984741211,-0.006158439468839205,-0.08459659194013602,-0.0741839773807692,0.0012498955359918629,0.1716178945798562,0.14130670316911106,-0.12691220252836255,-0.13122940803438632,-0.016548475447564215,-0.06810965367680688,-0.02903735895474535,880
2026-09-21,FR0013333838,0P0001DXTL.F,EUR,118.25,118.25,0.0003383885951877552,-0.006135512996613635,0.0018639432600053851,0.03230027804163749,0.021369090718186327,0.02806337671661493,-0.012706940624981566,-0.033081040146226814,-0.003266249034042712,-0.003762533084094466,0.012609882919928816,1241
2026-09-21,FR0013334380,0P0001DXU9.F,EUR,103.88999938964844,103.88999938964844,0.018329766791941093,-0.02970019906826904,-0.04740508238291208,0.1125508936106312,0.16696496097096636,0.1637839148607713,-0.07766028315599927,-0.1084672057823034,-0.013385633407279052,-0.022416028107867914,0.025489160804360367,1241
2026-09-21,FR0013342755,0P0001E0HL.F,EUR,186.94000244140625,186.94000244140625,0.031677735043249555,-0.022331489579678232,-0.06581379305769719,0.07970430345619417,0.1592844192726086,0.16026457883526876,-0.10438913410146156,-0.11584945799770097,-0.002231014968819167,-0.017410543901155817,0.00825389584557179,1242
2026-09-21,FR0013351285,0P0001EPLY.F,EUR,163.22000122070312,163.22000122070312,0.009400150285392206,-0.020052812120843422,-0.017043070033383678,0.04447428654397867,0.06072273126126758,0.0649600843556286,-0.04115276604912188,-0.09545535463958221,-0.005274679080749856,-0.017647662155048538,-0.0003999069090824259,1238
2026-09-21,FR0013433067,0P0001ILL4.F,EUR,98.33000183105467,98.33000183105467,0.03342091701712557,-0.03777278127148309,-0.02701361363042054,0.009755643914883816,0.1807015198960798,0.23741661123908583,-0.11316681697844033,-0.20466606893546202,0.0052547829229740994,-0.021854808045080665,-0.05693491129586781,1171
2026-09-23,FR0013451333,FDJU.PA,EUR,21.700000762939453,21.700000762939453,-0.019873470588924635,-0.03211415302874121,-0.006410228418970432,-0.07542009810239692,0.09121500046345943,0.14181765734389382,-0.07106163544689748,-0.22470343752768673,-0.02153080312763367,-0.02812608848951237,-0.029667591117374714,1284
2026-09-23,FR0014000MR3,ERF.PA,EUR,77.58000183105469,77.58000183105469,0.03855428380817716,0.06536668712137872,0.13321651867580186,0.2069250950483692,0.21967723532195454,0.23629111072351303,-0.07004213550513194,-0.20375860905809895,0.05404747404814292,0.08696263795714865,0.17368536951346614,1284
2026-09-23,FR0014003TT8,DSY.PA,EUR,21.07999992370605,21.07999992370605,0.008612454950295056,-0.06477377695293385,0.14658687306353757,0.22780050558493015,0.3585678402490921,0.36382403477108627,-0.1264616741878486,-0.47274530078621,-0.010212458310640327,0.003288772744854951,0.05531562425826686,1284
2026-09-23,FR0014004L86,AM.PA,EUR,286.79998779296875,286.79998779296875,-0.019151868058855492,-0.017135024705852597,-0.019151868058855492,-0.11496898720283621,0.18614980862758101,0.2659553949525285,-0.14044944087776323,-0.20795749519430162,0.010250419150432455,-0.029047368184741074,-0.05235036490222145,1284
2026-09-21,FR00140081Y1,0P0001P1UF.F,EUR,127.91000366210938,127.91000366210938,0.0011740883169284455,-0.0035057412441761304,-0.0032727979658119244,0.010666925802448768,0.010357454295933396,0.01211958621245848,-0.0064551393625367215,-0.012880632916910884,-0.001526057572560413,-0.00228229007747216,0.0015194204244481924,1086
2026-09-18,FR0014008NN3,0P0001P5RF.F,EUR,1168.47998046875,1168.47998046875,0.013707122550569162,0.008370830465347812,0.016043016879442096,-0.006276261608312184,0.21929720829881405,0.21786904230858536,-0.06878079143228899,-0.21793387774801054,-0.0002216191070941731,0.024566145379462778,0.0014454415038007706,1012
2026-09-23,FR001400AJ45,ML.PA,EUR,33.790000915527344,33.790000915527344,0.018384587243551298,-0.03841771478569733,-0.0061764436609604845,0.20899808854051738,0.20156111909346297,0.18053204665886013,-0.06027861934200207,-0.17488391923233015,-0.007067163714155278,-0.017721107237807843,0.07687069239808175,1284
2026-09-21,FR001400C7W0,0P0001Q63A.F,EUR,120.5189971923828,120.5189971923828,0.0011796131512793462,-0.0019874749528119295,-0.0005473474527591948,0.013778488856030169,0.0075062410772529006,0.005699968945774694,-0.0040889234442388345,-0.010383330479376118,-0.0009673941546940457,-0.0009799823928439144,0.005517057495912914,941
2026-09-23,FR001400J770,AF.PA,EUR,11.515000343322754,11.515000343322754,0.008318762381273048,-0.05769230018826088,-0.12864167912493185,0.29673425618505567,0.3423575895403586,0.37975656770285343,-0.18231442184638846,-0.3487062871159111,-0.006535360574397631,-0.0321414503490568,0.02201166790361686,1284
2026-09-21,FR001400KAV4,0P0001RSZC.F,EUR,119.36000061035156,119.36000061035156,0.0020989001655522532,-0.010035656361742529,-0.012165862769401237,0.007937869075670623,0.022904294393813432,0.017730775893655036,-0.016197000660045924,-0.023963510996798165,-0.00465732581993572,-0.007889666981963028,-0.0040743123422225525,720
2026-09-21,FR001400L7X7,0P0001S005.F,EUR,1086.3599853515625,1086.3599853515625,0.0010043268501818137,-0.005183086462203335,-0.004408165913681428,0.008503559779892589,0.012086822615467471,0.009364726823951678,-0.006974057907818354,-0.011346908589593308,-0.0025172329647380476,-0.0035904891524538574,0.0002221965218232036,681
2026-09-21,FR001400MCQ6,0P0001SCG2.F,EUR,111.87000274658205,111.87000274658205,0.002868665944148585,-0.008859749939452155,-0.008156735184658093,0.013131720718000617,0.019763292912135008,0.014564872277382363,-0.013361668062002341,-0.023477096143128984,-0.004117227597491002,-0.006359563079934016,-0.0011094104272219019,616
2026-09-21,FR001400TS43,0P0001UK5Q.F,EUR,253.3600006103516,253.3600006103516,0.06740815621358842,0.003247039463130541,-0.09465786998541448,-0.11020576912359215,0.27948894187121265,0.44061116231067643,-0.2631443756239523,-0.4031498049663377,0.037176839568097364,-0.007375723647755517,-0.10910743598101336,409
2026-09-21,FR001400U4T1,0P0001UJXE.F,EUR,101.41999816894533,101.41999816894533,0.00266926978737958,-0.012367360427180452,-0.015339823602472547,0.008986387552659902,0.02776159323283588,0.021160897550926212,-0.02035473986034453,-0.02727006453639813,-0.00576914414024432,-0.010032446973817222,-0.0050901745621568795,417
2026-09-21,FR001400Y4C3,0P0001VF8D.F,EUR,102.70700073242188,102.70700073242188,0.0016872857409027109,-0.010853852354161364,-0.011539251996836697,0.0034193896499417065,0.023245237872271233,0.017759161494010717,-0.015223396263358002,-0.015223396263358002,-0.005228718474476923,-0.00811014166231716,-0.004994204000319025,323
2026-09-21,FR0014010443,0P0001X7LU.F,EUR,122.16999816894533,122.16999816894533,0.029667059399899554,-0.022014089339649434,0.009669406354920085,0.08624519287776677,0.1375525481713363,0.12684317198090975,-0.06508550861145868,-0.07909845364679069,-0.0005154224537781138,-0.0041344450894321705,0.047445843290330636,255
2026-09-23,FR00140182K6,WLN.PA,EUR,11.880000114440918,11.880000114440918,-0.12762519548992868,-0.11316809527972505,0.09857591751025896,0.19277109125906744,0.5003740750778246,0.7317385531134079,-0.1856320350885199,-0.7105567100228656,-0.1216266089137954,-0.03954207682150035,-0.07849891504899875,1284
2026-09-23,IE0000MMQ5M5,XZME.DE,EUR,11.552000045776367,11.552000045776367,0.021939149604959907,0.011027516918622027,0.0395967928325438,0.19946013574833144,0.11631529439899548,0.13424404702837686,-0.037437036428006,-0.12315044752045123,0.012258928064580177,0.022695489030235327,0.07752650824491614,1136
2026-09-23,IE0002EI5AG0,XDEE.DE,EUR,12.067999839782717,12.067999839782717,-0.003468193070622516,-0.03978357784643671,-0.008381284788150034,0.09908928441765608,0.06371385678664808,0.0915927315124061,-0.048328289432227556,-0.07195734552495425,-0.013931464624423961,-0.01984355060314902,0.0340451624013105,1246
2026-09-23,IE0003UN5CT1,JSEE.L,EUR,31.950000762939453,31.950000762939453,0.022481840435352174,-0.015787469814391608,-0.0024975966096236757,0.12817800519887212,0.12195465102709595,0.10850273842492357,-0.046823814462068625,-0.10927735477485356,0.0014261577771981226,-0.006056960349973939,0.04430281343015108,449
2026-09-22,IE00069JGT58,JSEU.L,USD,37.852776847466096,37.852776847466096,0.03484514923167614,0.03276774171189922,0.06302713355793133,0.23526152130161782,0.1258265878512957,0.12507152576747652,-0.033805521724557974,-0.09540032619128536,0.025174220646839496,0.028486866287192214,0.10509268001010086,789
2026-09-21,IE0006YM7D84,XZHY.L,USD,33.74423706492548,33.74423706492548,0.008858523151265452,0.011534430675609553,-0.013211867957423684,0.028072610135323472,0.04500861016406781,0.055523228462431046,-0.026573403890598257,-0.03299643726822499,0.0055648421975120765,0.00041577781684765114,0.017751906693950437,1065
2026-09-23,IE000ANHU3J3,JSEM.SW,USD,37.303840710076535,37.303840710076535,0.05244524512462578,0.04477074042199214,0.013353166684976436,0.26709430641751997,0.2176542336707403,0.2384419323430334,-0.09760449755570821,-0.13277301158653176,0.03426620984635642,0.0547146780617036,0.14103318051243008,388
2026-09-23,IE000I8KRLL9,SEMI.AS,USD,18.60809435254353,18.60809435254353,0.1041611474328108,0.11935635256759314,-0.07196870662604626,0.6822809034765747,0.3418185173701847,0.4926085018074535,-0.23981611780921075,-0.28230899511903307,0.08260381055674171,0.08719123231489956,0.2800469543163018,1284
2026-09-23,IE000R85HL30,WEBD.DE,EUR,125.08000183105467,125.08000183105467,0.03031301695981692,-0.13211208667229657,-0.1077185877705884,0.0493024400134765,0.5300248419868173,0.32574550282764003,-0.18689110265098707,-0.18689110265098707,-0.03942739242129101,-0.08054019898003129,-0.04220880474989741,1276
2026-09-23,IE000RDRMSD1,BLKC.AS,USD,16.89892037823437,16.89892037823437,0.14219860684384988,0.123778365799182,0.0693759004013852,0.40084495018585886,0.5194467588173087,0.5078238920695226,-0.13875936734820515,-0.4311174525246234,0.09189474584477031,0.133939905675601,0.15066777456003222,1020
2026-09-23,IE000U58J0M1,INRA.AS,USD,22.849389806713788,22.849389806713788,0.018511888943602672,0.026148806587463325,-0.14268040376427016,0.008476991204020123,0.23464597373770452,0.26718626359306347,-0.1781288088620805,-0.2635708296778273,0.013051459651178154,-0.0007201436546977469,-0.04552002214132134,1171
2026-09-23,IE000UX5WPU4,XYPL.DE,EUR,9.854399681091309,9.854399681091309,0.0006498891769968207,-0.017752362940155253,-0.02658173484038384,-0.0020457262603472692,0.03821389146770718,0.034886019407094425,-0.029268527503662267,-0.032422579747981684,-0.005544803741545312,-0.01260578655495248,-0.01541558687796829,1090
2026-09-23,IE000VA628D5,SP20.AS,USD,6.144265119312593,6.144265119312593,0.05178323678208918,0.08554341963043766,0.08538008991482249,0.26155975061900194,0.14855528065917598,0.16390030201073955,-0.044330093330838816,-0.1284309111272145,0.04785341027770551,0.06179838452402975,0.1293069109919247,471
2026-09-23,IE0030351732,WYZ1.F,EUR,53.97999954223633,53.97999954223633,,,,,,,-0.014280002201242259,-0.014280002201242259,,,,4
2026-09-23,IE00B3ZW0K18,IUSE.L,EUR,159.19000244140625,159.19000244140625,0.01907685551155236,0.011308041025891669,0.03464189399396167,0.17008451944573078,0.10395599184525049,0.10861378599467973,-0.026802918883324978,-0.08666481270306314,0.010220244923415445,0.01559535250224009,0.07234236986631148,1265
2026-09-23,IE00B4L5Y983,IWDA.L,USD,129.41521793781646,129.41521793781646,0.023472093117102633,0.02252212927465158,0.03456485726289826,0.16957796997276575,0.11065461481394459,0.1120955025307996,-0.0314395943389254,-0.06426178066922439,0.017826181667916163,0.020348781693458662,0.08939868458392741,1265
2026-09-23,IE00B6R51Z18,IOGP.L,USD,30.151600938459907,30.151600938459907,-0.033941435322144775,-0.020820786558643167,0.111841515794179,-0.01640109481958385,0.2601416041257179,0.26670424433780326,-0.07120010776645236,-0.1893189566400566,-0.034482736814112624,-0.004937838740388889,0.07578416232111662,1265
2026-09-23,IE00B6R52143,ISAG.L,USD,50.20591826571739,50.20591826571739,-0.013359313051489408,0.016695025556567877,0.051823559470239866,-0.017759094895705263,0.17245065377793395,0.14254503844605615,-0.05614900088941177,-0.0928890168616453,-0.015547517325954274,0.007688114845371352,0.03564889070945099,1265
2026-09-23,IE00BDQYWQ65,TIP5.L,USD,4.259351633454796,4.259351633454796,0.007746815974605914,0.012314015438822379,-0.0038799409932230855,0.010031263527172207,0.04163000107073271,0.04347340451073604,-0.023758590358265108,-0.0393317021918399,0.00856173199998489,0.004414533370605378,0.01476177854607319,1265
2026-09-23,IE00BF4G6Z54,JREM.L,USD,46.213460551059946,46.213460551059946,0.03754288785903692,0.04245189533665483,0.003282849613165828,0.225884804906044,0.17320153741988778,0.23589370356548392,-0.09836140820485617,-0.13277031521209293,0.023119091847187745,0.04322830324220983,0.12215958022566253,1264
2026-09-23,IE00BFMNHK08,XZEU.DE,EUR,36.79999923706055,36.79999923706055,0.010017780980162039,-0.025681790017128225,-0.005405426025390625,0.14499066384279358,0.10949711375390304,0.09637038231757608,-0.04838921969104015,-0.10329516595899846,-0.004571424868511587,-0.012883504196900653,0.0509841310435839,1275
2026-09-23,IE00BG0J4B71,EH1Y.DE,EUR,4.781899929046631,4.781899929046631,0.002095549293522847,-0.01085972324034623,-0.011340377847627203,0.022819828711554857,0.029264942963589582,0.031471443673294554,-0.01987171546159039,-0.03306860401077327,-0.0028089706782440382,-0.006170940753455145,0.0016011632270231946,1138
2026-09-23,IE00BG0J4C88,LOCK.L,USD,11.532986840705687,11.532986840705687,0.02545627031269926,0.09265019258701579,0.12705584093665623,0.35973492930223694,0.28938030896322703,0.24682937546968778,-0.06918210405872405,-0.12423833383261185,0.052997442416393925,0.07217444438944054,0.21969569935412658,1265
2026-09-23,IE00BG370F43,XZEM.L,USD,60.58368160572187,60.58368160572187,0.034929529941272186,0.04187315718272355,-0.006832509476189297,0.10148932828271628,0.17345849207742003,0.22347796177007997,-0.09226267944110567,-0.13248037332383544,0.025067333405607295,0.039180060127507854,0.05245224177082175,1265
2026-09-23,IE00BHZPJ015,EDM4.DE,EUR,10.38599967956543,10.38599967956543,0.007176047608249192,-0.021481122478410275,-0.004409555209486826,0.12475627548979595,0.12010304295510119,0.11493521943530235,-0.04846799355787268,-0.10782747063876086,-0.0032916787186229035,-0.010189763693954634,0.04474147923175065,1278
2026-09-23,IE00BHZPJ239,EDM2.SW,USD,8.516073539580802,8.516073539580802,0.043935527956289855,0.03727654491301591,0.022368719125084535,0.21988618243263724,0.17836030551254037,0.22985881503919195,-0.09222556237355539,-0.1345260918002107,0.028547087346925792,0.047386430881980024,0.11944445399697923,1260
2026-09-23,IE00BJ5JPH63,3SUD.DE,EUR,5.203199863433838,5.203199863433838,0.00277520924575958,-0.014470845882867622,-0.02224896605832649,0.01288685583589455,0.043684946449079165,0.04435960119217853,-0.028275310028755052,-0.04608865584082156,-0.004977809627530694,-0.009156638018648078,-0.010300643910528429,1278
2026-09-23,IE00BJZ2DC62,XRMU.L,USD,59.58447215391679,59.58447215391679,0.03510186994995057,0.03993982790993611,0.04382898285918535,0.21726778216895015,0.12168483871161109,0.12927075195852103,-0.033469853884432466,-0.08608559168927943,0.02918254657568853,0.03299941682840757,0.10826320305784876,1265
2026-09-23,IE00BJZ2DD79,XRSU.L,USD,374.3837241110094,374.3837241110094,0.009228185215994555,-0.019232597136511376,-0.04399116903735045,0.15505664256373852,0.12882691812556263,0.14068926946021162,-0.06717984934329724,-0.09191930547627514,-0.0017435094590008138,-0.017503421508479278,0.05919224354176622,1265
2026-09-23,IE00BKBF6H24,IWLE.DE,EUR,10.918999671936035,10.918999671936035,0.01543749730606736,0.0032617790628379772,0.025627609440639132,0.1539374658147039,0.09525987283609913,0.0964090877596487,-0.029517160170236978,-0.07851649475827649,0.00679553511799269,0.009985124160870607,0.06579897837218285,1278
2026-09-23,IE00BL25JL35,XDEQ.SW,USD,80.08580634766525,80.08580634766525,0.026894262514604694,0.013859331032884059,0.020708168240853198,0.15103658024758526,0.10185269926960178,0.10141083910574031,-0.039215467351097044,-0.0645891391851322,0.018590336297656496,0.015717346150151634,0.0804264233158909,1260
2026-09-23,IE00BL25JM42,XDEV.SW,USD,75.37023213027766,75.37023213027766,0.025584367871454017,0.04170470545227811,0.05613740215563068,0.3261640704293809,0.10751680769801078,0.14000207218266927,-0.03157630572934933,-0.05770898221228993,0.022616376489360768,0.04082886223337168,0.18564722235041797,1250
2026-09-23,IE00BL25JN58,XDEB.DE,EUR,45.02000045776367,45.02000045776367,0.0006667876901020886,-0.004972891577692873,0.029970290568053892,0.05470303407167565,0.075271395474218,0.09078396298079426,-0.024500063829753338,-0.053087219156055854,-0.00023317003891087928,0.0024292653781983198,0.042142305094642785,1277
2026-09-23,IE00BL25JP72,XDEM.SW,USD,87.89541776700122,87.89541776700122,0.04849441412729316,0.05203636703979231,-0.016299583369917436,0.253474324207712,0.15953690323739877,0.23863787971963335,-0.1078308295424859,-0.12784451494966353,0.04149352482791269,0.04376277583304011,0.12492400360040623,1250
2026-09-23,IE00BM67HK77,XDWH.L,USD,54.61471548101504,54.61471548101504,0.021270261590239592,-0.014744898947699259,0.04456073784025949,0.11583766094491321,0.1448746032486927,0.16994389667720614,-0.05875719335444407,-0.10318579402849182,0.01393657690661576,0.018152271980672152,0.07835379737507098,1265
2026-09-23,IE00BM67HM91,XDW0.L,USD,66.13192145006141,66.13192145006141,-0.016239152338749285,0.018141778653671503,0.15781996306706536,0.056924335157400696,0.20508886368672827,0.2111987530388336,-0.05429453431446529,-0.15272657622424402,-0.007749397634251309,0.022351087885748022,0.1290234230692351,1265
2026-09-23,IE00BM97MR69,XT0D.L,USD,55.938228992325854,55.938228992325854,0.011351511770249179,0.024415294402195586,0.008808595937806585,0.030464194096600616,0.0354700212775661,0.042220360059935735,-0.0240998227837117,-0.035956034609163745,0.014710500582840291,0.013650061124641288,0.03207535532943928,1265
2026-09-23,IE00BMDFDY08,UEEF.DE,EUR,5.743800163269043,5.743800163269043,-3.478321217731395e-05,-0.010815267033649323,-0.006366105115840792,0.011090022991562254,0.03643755182573332,0.03729009400377197,-0.016231714089242955,-0.027595803436302302,-0.004383688398517771,-0.005426684821301153,-0.0009461840800883969,1278
2026-09-23,IE00BMG6Z448,EXCH.AS,USD,8.466989754219549,8.466989754219549,0.04123746648956872,0.05394945916327765,0.016797014595712367,0.3097350349085206,0.21821051377032066,0.28504645724396116,-0.13373511662104154,-0.17728773058573388,0.028976697525830097,0.06056380443843912,0.1593321419542637,1284
2026-09-21,IE00BQ3D6V05,0P000166SB,USD,78.75615764314112,78.75615764314112,0.02239093349960708,0.01600474805422092,-0.025914830354356044,0.22042051193909762,0.12092764616071783,0.2080900348112485,-0.11078639213874242,-0.12341477579416804,0.013720919728592573,0.010668973257992098,0.08791663581197517,1203
2026-09-23,IE00BYVQ9F29,NQSE.DE,EUR,17.757999420166016,17.757999420166016,0.05101796380146695,0.05052059426594835,0.017883772207941462,0.2691537946417162,0.15088319980730944,0.19013226542432843,-0.0882723308269362,-0.11870130610035734,0.03807884212812063,0.047518791723209386,0.11230256849711906,1278
2026-09-23,IE00BYZK4552,RBOT.L,USD,19.190967647290535,19.190967647290535,0.06604747766536212,0.04565352494788022,0.0013708712923485855,0.4102872541346114,0.24711181911514998,0.2808665784732091,-0.11458996038263136,-0.1270730588029788,0.045729134343863276,0.05524748971553106,0.18799888249158125,1265
2026-09-23,IE00BZ02LR44,XZW0.L,USD,50.43459922048562,50.43459922048562,0.028265012106693188,0.024080724189277314,0.048823343424887256,0.19717091650319674,0.13297988069047662,0.13670722001847566,-0.03517718499463052,-0.10518426628150501,0.021602767003565226,0.02935078649901901,0.09776677269099987,1265
2026-09-23,IE00BZ036J45,XDGE.DE,EUR,9.825200080871582,9.825200080871582,0.002141929793144204,-0.013336021268526621,-0.027620842246638966,-0.018003966122583592,0.045609426119727244,0.04824204516386405,-0.0361164412014886,-0.051614783222507565,-0.0023536825502330494,-0.007126854762004142,-0.02309475151185536,1278
2026-09-23,IE00BZ163G84,VECP.AS,EUR,46.900001525878906,46.900001525878906,0.00037339406580905177,-0.014304053373663805,-0.022590156112205162,-0.0007016068845907553,0.02995412091338347,0.027627282206690626,-0.02439727378764589,-0.026026535640138904,-0.004832605375770349,-0.010632453634981665,-0.012486429950854805,1283
2026-09-23,IT0000072618,ISP.MI,EUR,6.697000026702881,6.697000026702881,-0.006084875316776817,-0.023903225896128588,0.11672499314402485,0.28984619335110473,0.1934717363832063,0.1825375041746104,-0.03816682751964695,-0.18962136424504183,-0.004267216459048595,0.001264848171794286,0.13744196359032634,1274
2026-09-23,IT0003128367,ENEL.MI,EUR,8.85099983215332,8.85099983215332,-0.005282078285538283,-0.06958895562281409,-0.08820895334699308,-0.07000486193585209,0.20120063698801038,0.17006969975481406,-0.12972914566103333,-0.12972914566103333,-0.0183280364325219,-0.06514555350399642,-0.04916224080028908,1274
2026-09-23,IT0003132476,ENI.MI,EUR,23.614999771118164,23.614999771118164,-0.014472559552038966,0.037318568589535195,0.18945512540615028,-0.02906874341364296,0.20650477756071933,0.27862151951785546,-0.07494912450458358,-0.18371762343297826,0.007958694689582213,0.02061332156636797,0.13459229134683603,1274
2026-09-23,IT0003242622,TRN.MI,EUR,9.260000228881836,9.260000228881836,-0.0006474816811881112,-0.06407922186190884,-0.08271421654877598,-0.05230109800487481,0.19509677542768172,0.16343094293590446,-0.13442623614171878,-0.13442623614171878,-0.014253912742023922,-0.05203759011826936,-0.03481859848122071,1274
2026-09-23,LU0029874905,TEP6.F,EUR,71.15299987792969,71.15299987792969,,,,,,,0.0,0.0,,,,4
2026-09-23,LU0048574536,FPGK.MU,EUR,61.56800079345703,61.56800079345703,,,,,,,0.0,0.0,,,,4
2026-09-23,LU0050427557,FJRC.F,EUR,34.4739990234375,34.4739990234375,,,,,,,-0.00904653380961673,-0.00904653380961673,,,,4
2026-09-23,LU0052474979,JPJX.F,EUR,172.21200561523438,172.21200561523438,,,,,,,-0.0035699399665616305,-0.0035699399665616305,,,,4
2026-09-23,LU0053696224,JPJW.F,EUR,58.80199813842773,58.80199813842773,,,,,,,-0.0009005420817405074,-0.0009005420817405074,,,,4
2026-09-23,LU0055114457,FPGL.F,EUR,16.240999221801758,16.240999221801758,,,,,,,-0.03367898533958735,-0.03367898533958735,,,,4
2026-09-23,LU0058908533,JPJV.F,EUR,94.4499969482422,94.4499969482422,,,,,,,-0.006811008490654635,-0.006811008490654635,,,,4
2026-09-23,LU0070212591,IH5Y.MU,EUR,2481.35107421875,2481.35107421875,,,,,,,0.0,0.0,,,,4
2026-09-23,LU0073232471,MSJ6.F,EUR,222.86399841308597,222.86399841308597,,,,,,,0.0,0.0,,,,4
2026-09-23,LU0088087324,SESG.PA,EUR,4.671999931335449,4.671999931335449,-0.023002955253589752,-0.03271221425804338,-0.40785804684474913,-0.25620635630849053,0.40646871217071767,0.4833110863365404,-0.44092010864959486,-0.5328275241689141,-0.023227625208085967,-0.14687548167271403,-0.2711878870669804,1284
2026-09-22,LU0090841262,0P00000DWT,USD,84.62569274277789,84.62569274277789,0.03232657582127341,-0.036348711683494184,0.26163140463053836,0.18587559330643422,0.33179536132277343,0.4294421543785261,-0.11115691925305471,-0.35059423030144754,-0.01049829373046629,0.09368334318303595,0.08223768165241285,1010
2026-09-23,LU0099161993,C5Q1.F,EUR,336.7860107421875,336.7860107421875,,,,,,,0.0,0.0,,,,4
2026-09-23,LU0099574567,FJ2P.F,EUR,96.25,96.25,,,,,,,-0.0022105166786595687,-0.0022105166786595687,,,,4
2026-09-23,LU0107398884,JPJF.F,EUR,27.114999771118164,27.114999771118164,,,,,,,-0.012779430467606656,-0.012779430467606656,,,,4
2026-09-23,LU0113257694,ZPJS.F,EUR,24.381999969482425,24.381999969482425,,,,,,,-0.00217764392673081,-0.00217764392673081,,,,4
2026-09-23,LU0114722498,FJRQ.F,EUR,76.99099731445312,76.99099731445312,,,,,,,-0.008486853811666029,-0.008486853811666029,,,,4
2026-09-23,LU0119750205,IUGL.F,EUR,31.761999130249023,31.761999130249023,,,,,,,-0.0013520256096258843,-0.0013520256096258843,,,,4
2026-09-18,LU0131510165,0P00001UFS.F,EUR,905.780029296875,905.780029296875,-0.01011972039782516,-0.04756996625231236,-0.01059548147290823,0.049522678389965824,0.09664802320379852,0.10316793218409345,-0.05538694171409697,-0.07983177414353115,-0.026301058241070985,-0.03202692805947527,-0.00846411406964287,1079
2026-09-21,LU0138007074,0P000026CA.F,EUR,9439.83984375,9439.83984375,0.012450982035125291,-0.03667539263885122,0.005786521243898557,0.01943437314684049,0.19982240386335381,0.18154822926095837,-0.09038874185237777,-0.18821294351051976,-0.01348251160920777,-0.020833509883683043,-0.029222569443938307,1078
2026-09-21,LU0141799501,0P000013Y8.F,EUR,40.74829864501953,40.74829864501953,0.0006138429500657239,-0.00980515118287062,-0.007308537487712097,0.02393467168572805,0.02270919126287349,0.01680563984075681,-0.015948518828761693,-0.02912220284095368,-0.004947664191902179,-0.0069454105539188404,0.0013352028766173696,1072
2026-09-21,LU0147396450,0P00000SKL,USD,76.34320681560415,76.34320681560415,0.012812021785467254,0.005620715255549191,-0.002970608779697126,0.10516954872528461,0.0792083343038794,0.0813635792386888,-0.03169304844952525,-0.05847591595879342,0.005904942173045269,0.0028380781547963085,0.042051837344823983,997
2026-09-21,LU0147409709,0P00000LM2,USD,63.9735889316423,63.9735889316423,-0.009871111209351469,0.09423311949628888,0.03746641524140015,-0.0037116945921631395,0.28228688521744705,0.22517908237410592,-0.08322682207633625,-0.1619830152579782,0.016835363920508772,0.026619660183141436,0.01205537936765766,1007
2026-09-22,LU0154236920,0P00000S3T,USD,80.38656383153277,80.38656383153277,0.037376025389335155,0.043475566902492435,0.008872023721232747,0.21050423618631453,0.13858317308801407,0.15558961678192032,-0.06427779643773479,-0.07975715410368611,0.029897859714647312,0.02370230043281918,0.09869209550902602,1008
2026-09-23,LU0173614495,FJRH.F,EUR,57.70299911499024,57.70299911499024,,,,,,,-0.01066440874089869,-0.01066440874089869,,,,4
2026-09-23,LU0202403266,FJ2E.HM,EUR,553.5040283203125,553.5040283203125,,,,,,,-0.004012832404913236,-0.004012832404913236,,,,4
2026-09-23,LU0227384020,XE67.F,EUR,17.80299949645996,17.80299949645996,,,,,,,-0.004979028229925575,-0.004979028229925575,,,,4
2026-09-23,LU0231205187,TESU.F,EUR,62.40599822998047,62.40599822998047,,,,,,,-0.0008805543693769513,-0.0008805543693769513,,,,4
2026-09-22,LU0246036288,0P000026OM.F,EUR,302.4931945800781,302.4931945800781,0.027829092110814857,-0.020710892518638335,-0.010125146240294924,0.11926528947494419,0.12214299004467052,0.10896049514083021,-0.053226897145107865,-0.11572868599376362,0.003447372884167521,-0.003157995139923764,0.03409511830657186,1108
2026-09-22,LU0248178732,0P00002A0A.F,EUR,490.4749145507813,490.4749145507813,0.006761613987524395,-0.03387422226814829,-0.050096096322570505,0.10142452270625402,0.09898703591735289,0.13074838039954004,-0.07194186720603224,-0.07648822010872047,-0.01218059658110493,-0.030688339378449947,0.04068085620373307,1075
2026-09-23,LU0260869739,FLX6.MU,EUR,36.09999847412109,36.09999847412109,,,,,,,0.0,0.0,,,,4
2026-09-23,LU0261952419,FJR3.F,EUR,39.98099899291992,39.98099899291992,,,,,,,-0.0012890161172327552,-0.0012890161172327552,,,,4
2026-09-23,LU0261953904,IPGU.MU,EUR,31.825000762939453,31.825000762939453,0.0,0.005211652442279835,-0.002288543249808095,0.02943554327876652,0.01849953099018808,0.014125157635281703,-0.007461309937927263,-0.018100128537090643,0.0036424617362147416,0.0020870105801542582,,187
2026-09-23,LU0266009793,XRUG.MU,EUR,137.18800354003906,137.18800354003906,,,,,,,0.0,0.0,,,,4
2026-09-21,LU0266012235,0P00006CAL.F,EUR,167.8000030517578,167.8000030517578,-0.0017846700824809547,-0.03196027116173317,-0.02831663281322616,0.035994330969415955,0.09033707408830917,0.11327418301262727,-0.08713035668295654,-0.08713035668295654,-0.01778578691609778,-0.040290615628710946,-0.0032507022297134647,1079
2026-09-23,LU0274211480,DBXD.DE,EUR,237.0,237.0,-0.005872457769828143,-0.034229804830507526,0.013470146736237476,0.10489510489510478,0.12861719282763903,0.12865785376015879,-0.04680252498630488,-0.12282175414505347,-0.015013766948932417,-0.01562539113552064,0.02213548652578412,1278
2026-09-23,LU0278272843,TGD0.MU,EUR,60.83399963378906,60.83399963378906,,,,,,,0.0,0.0,,,,4
2026-09-23,LU0278937759,AEF5.F,EUR,34.25600051879883,34.25600051879883,,,,,,,0.0,0.0,,,,4
2026-09-23,LU0280435388,P3IA.F,EUR,223.16700744628903,223.16700744628903,,,,,,,0.0,0.0,,,,4
2026-09-23,LU0284394235,5L42.F,EUR,195.99400329589844,195.99400329589844,,,,,,,-0.009084264293772848,-0.009084264293772848,,,,4
2026-09-23,LU0289089384,JP5D.F,EUR,39.01599884033203,39.01599884033203,,,,,,,-0.002658489120457741,-0.002658489120457741,,,,4
2026-09-23,LU0290356871,DBXP.DE,EUR,173.2949981689453,173.2949981689453,-0.0010376591914509348,-0.0061080662862937896,-0.0071614770581400755,0.003619621281216956,0.013804725122834939,0.012818591790619761,-0.00804327248802128,-0.01239343130496584,-0.0025914479398871926,-0.0040391402359906126,-0.0031911246812219574,1278
2026-09-23,LU0290357259,0MUJ.IL,EUR,246.19329833984372,246.19329833984372,0.006411030515457217,,,,,,-0.0033611609635348927,-0.0033611609635348927,,,,9
2026-09-23,LU0290357846,DBXG.DE,EUR,236.3300018310547,236.3300018310547,0.006859239101816961,-0.023550786997441286,-0.07314296889554017,-0.04943284340561549,0.10053029525682679,0.09630105655854841,-0.0825162508380275,-0.10713333948320569,-0.002883795150707913,-0.022208717485262097,-0.05142067521586002,1278
2026-09-23,LU0290357929,XGIN.DE,EUR,215.3000030517578,215.3000030517578,-0.0005106569262404159,-0.011932037253574834,-0.018955634442922475,-0.012204090567868975,0.0311367047218354,0.031968204216176466,-0.02000364191810189,-0.03486801804596307,-0.004726731223252401,-0.007542302364255571,-0.014822043168204346,1278
2026-09-23,LU0290358497,XEON.DE,EUR,150.2449951171875,150.2449951171875,0.00029958834793331057,0.00168669472534555,0.004808489064973331,0.009473499779732553,0.0013563240398483615,0.0013334209079579212,-0.00011318309784169589,-0.00028315894672692465,0.0006646601589821444,0.0019111623498220265,0.007943057748602378,1278
2026-09-23,LU0292096186,XGSD.DE,EUR,38.83000183105469,38.83000183105469,-0.00588836492959266,-0.009185935398551948,0.06731550393936914,0.12535350225379105,0.09954916895197446,0.07972711042023502,-0.019756808215319777,-0.03695373235385879,-0.006619506756655902,-0.001400980471876423,0.08629208112872622,1278
2026-09-23,LU0292097747,XASX.L,GBP,594.5341777995246,594.5341777995246,0.0036412044127653864,-0.0257520046277544,0.03113070283551611,0.08442358238305347,0.13229229717708257,0.12944200476652026,-0.04665860878822725,-0.11277113453442278,-0.006968024036196896,-0.01407634924204959,0.035377942793899386,1265
2026-09-23,LU0292103222,DXSE.DE,EUR,223.3999938964844,223.3999938964844,0.008122688372707021,-0.04202402735851174,-0.038105516053888455,0.017072615999103036,0.17413880339134344,0.180802076189577,-0.09954285785315797,-0.12667634179434772,-0.005862945284199728,-0.021865751036883152,-0.015308150301331369,1278
2026-09-23,LU0292105359,DXSK.DE,EUR,138.17999267578125,138.17999267578125,0.0018851110084663336,-0.024014755695021206,-0.029498609797689812,0.057553871138093626,0.14883212120478376,0.1801188238068768,-0.07898301020361831,-0.16959672496210454,-0.0021880429052913986,-0.021922905742662424,-0.007595700030459063,1278
2026-09-21,LU0304955437,0P00009UZB.F,EUR,645.780029296875,645.780029296875,0.01994788659212432,-0.017361757029389024,3.100150357293607e-05,0.04333075864696734,0.198867015491624,0.1786633698676421,-0.08999620876453229,-0.1709681485622948,-0.0021261804873994317,-0.013650732072863048,-0.007303449207737067,1075
2026-09-23,LU0329355670,FHQV.F,EUR,419.4949951171875,419.4949951171875,,,,,,,0.0,0.0,,,,4
2026-09-23,LU0352312184,ALW3.F,EUR,261.3999938964844,261.3999938964844,,,,,,,-0.002442431031777992,-0.002442431031777992,,,,4
2026-09-23,LU0386882277,PBFH.MU,EUR,415.0889892578125,415.0889892578125,,,,,,,0.0,0.0,,,,4
2026-09-23,LU0390135415,FT94.F,EUR,95.83999633789062,95.83999633789062,,,,,,,0.0,0.0,,,,4
2026-09-21,LU0392098371,0P0000JND6.F,EUR,152.1300048828125,152.1300048828125,0.006217358464363665,-0.018009251995279696,-0.02160910985689868,-0.005166056078944159,0.05096823062083224,0.03526044519092227,-0.031650450944724184,-0.031650450944724184,-0.007360112074210945,-0.015316831081036208,-0.015154277315067577,1112
2026-09-21,LU0413543058,0P0000JC7Q.F,EUR,63.459999084472656,63.459999084472656,0.02305336665028368,0.05872540104122037,-0.016124045201974302,0.16998519765286413,0.18885898486158562,0.25475370439799366,-0.11164011004042118,-0.1483880728068636,0.021143751287236334,0.03202429146778596,0.0793186835917925,1142
2026-09-23,LU0478205379,D5BG.DE,EUR,160.77999877929688,160.77999877929688,0.00027995252293799844,-0.0139523105619217,-0.022821921167144543,-0.0008699937313040307,0.03258670036762418,0.03079781242693933,-0.02563869612932279,-0.02681097757087425,-0.004475165999688668,-0.010509727283744774,-0.012441080379492209,1278
2026-09-23,LU0496786574,LYPS.DE,EUR,70.2040023803711,70.2040023803711,0.030078983947419813,0.033688703719638724,0.031956543290954986,0.20521892498491145,0.10307180795492007,0.1066800037430404,-0.031373690344112415,-0.07117796160306766,0.024499052799932253,0.02848781845844206,0.10026015284896084,1278
2026-09-23,LU0514695690,LU0514695690-USD.LU,USD,15.89795721761307,15.89795721761307,0.005066123208284479,0.006532188843728637,0.06671560159418832,0.020842064016498796,0.1203026832603607,0.16922227050465877,-0.05969434439344401,-0.21207412036516404,0.006841179247190965,0.002229893698448615,-0.031206238202054704,1308
2026-09-23,LU0533033667,TNOW.MI,EUR,1263.0,1263.0,0.06079186069413223,0.08873673448514041,0.06739911261356424,0.41894173086409636,0.1877969201278897,0.22621882864370255,-0.06667231324609124,-0.15633227391759896,0.05003767106111301,0.06874167055949498,0.1948815371102468,1274
2026-09-22,LU0568621618,LU0568621618-USD.LU,USD,114.604927876142,114.604927876142,0.007935493191689291,0.020333548547612157,0.004159655671022833,0.019381299640905514,0.03936629289384576,0.04306006004243047,-0.02485952922150525,-0.036101772405168986,0.01136088528808199,0.009691584527668384,0.027870616751761945,1073
2026-09-18,LU0571100824,0P0000ZJKU.F,EUR,185.1199951171875,185.1199951171875,-0.005693402085581001,-0.02337118366260682,-0.050179574579623965,0.03355476794347467,0.0603727859511273,0.07055863879859009,-0.05433553960763737,-0.05433553960763737,-0.013214373031289917,-0.022663749621796514,0.01065023560562084,1062
2026-09-21,LU0616241476,LU0616241476.LU,EUR,128.50999450683594,128.50999450683594,0.00429818244997171,-0.01675594868050001,-0.03535510186690516,-0.009709560947378293,0.04858478821128417,0.04006937318246883,-0.040384362959879794,-0.05240536010899555,-0.007219358260090902,-0.015365281627968685,-0.025400231860157718,1122
2026-09-23,LU0616856935,FP7X.F,EUR,198.1020050048828,198.1020050048828,,,,,,,-0.0069947900428709575,-0.0069947900428709575,,,,4
2026-09-21,LU0641745681,0P0000V07V.F,EUR,121.3499984741211,121.3499984741211,0.0034730684518764487,-0.0033673099122539796,-0.02271079758725092,-0.00041188674735848085,0.05755453463411033,0.06205072724423013,-0.03847706898113523,-0.09149679928668508,0.0013160981789173132,0.0003396161307043233,-0.014860317424124858,1108
2026-09-23,LU0702159772,FJR9.MU,EUR,42.06600189208984,42.06600189208984,,,,,,,0.0,0.0,,,,4
2026-09-21,LU0740858229,0P0000VOBL.F,EUR,175.86000061035156,175.86000061035156,0.003996328691523221,-0.007506077164226577,-0.00039784043849011574,0.0528017701072967,0.04859062902197519,0.04888469906640909,-0.02138502614230353,-0.04437875007878134,-0.004131040042324896,-0.003321121124843396,0.02154563792296571,1011
2026-09-23,LU0772926084,O7Z0.MU,EUR,146.87100219726562,146.87100219726562,,,,,,,0.0,0.0,,,,4
2026-09-23,LU0823410724,9XQ0.MU,EUR,617.5009765625,617.5009765625,-0.006298530938646851,-0.04255097256851248,-0.040266797879982885,0.11734752309902996,0.06039927541102551,0.05930806036592986,-0.05734106855480414,-0.07647265690006522,-0.019831695632041457,-0.03348765771827822,,195
2026-09-23,LU0823425839,ZSRD.F,EUR,183.90499877929688,183.90499877929688,,,,,,,-0.003138455211733837,-0.003138455211733837,,,,4
2026-09-23,LU0839027447,XDJP.DE,EUR,38.119998931884766,38.119998931884766,0.02143620695611892,0.040535026023973186,-0.025178150373362462,0.2905191241428684,0.1935076990428223,0.2620890412900322,-0.12472989302246773,-0.1601806331877259,0.02476558525782857,0.032727261257767815,0.12854942514175804,1276
2026-09-23,LU0840617350,AH8J.F,EUR,239.5290069580078,239.5290069580078,,,,,,,-0.002548500652660879,-0.002548500652660879,,,,4
2026-09-21,LU0870553459,0P0000XTFE.F,EUR,273.1300048828125,273.1300048828125,0.01853371551622396,-0.01712911409086415,-0.0025199124349932767,0.09409551975082286,0.12490960127118005,0.11940883209100427,-0.06344841088475339,-0.09784224955302956,0.00017762523194875257,-0.004602866647971715,0.021171960913617616,1112
2026-09-23,LU0914729966,TC60.MU,EUR,350.19000244140625,350.19000244140625,,,,,,,0.0,0.0,,,,4
2026-09-21,LU0914731947,0P000100RL.F,EUR,189.8600006103516,189.8600006103516,-0.0026789647524125826,-0.013099096623871875,-0.013355465173039538,0.11642951508884858,0.13020124247379147,0.13202242189320076,-0.054549129873747715,-0.11271244330571528,-0.0073587982027961685,-0.010729512849600331,0.038215362556326404,1099
2026-09-21,LU0914733059,0P00011IV8.F,EUR,213.0800018310547,213.0800018310547,-0.008745835616366437,-0.019284771754097596,-0.03636031776263304,0.12153268945887463,0.18067437429357816,0.17754145240642455,-0.0781443828767796,-0.11810523160610065,-0.009386369593097244,-0.01581403429108863,0.04209333009586458,1099
2026-09-23,LU0922334643,FPG6.MU,EUR,41.72999954223633,41.72999954223633,,,,,,,0.0,0.0,,,,4
2026-09-21,LU0935222066,0P00010URS.F,EUR,112.1999969482422,112.1999969482422,-0.00017825942116667104,-0.006024099235661162,-0.006112166224969462,0.0069101376734956865,0.016321875066825288,0.012046680497862816,-0.009551621420090473,-0.01584492251204206,-0.003238164225106588,-0.004592033516313321,-0.0025722694038144978,1087
2026-09-23,LU0941349275,I4G0.MU,EUR,138.34500122070312,138.34500122070312,,,,,,,0.0,0.0,,,,4
2026-09-21,LU0992632538,0P00013N23.F,EUR,139.5800018310547,139.5800018310547,0.0020820486675314775,-0.011892911943302886,-0.008101189452524804,0.01935302196026578,0.02979335774972345,0.024250227241548825,-0.017441048622119038,-0.034728582145374776,-0.004752331106121943,-0.008422496988834127,0.00016195654226835998,1097
2026-09-21,LU1033933703,0P00012DVG.F,EUR,321.79998779296875,321.79998779296875,0.013351776883021138,0.008461239855248603,0.006883547082100483,0.12486018909847796,0.09252530650473753,0.10892082664026559,-0.04620943451539339,-0.07255281524046797,0.010967302993077244,0.004098731321778404,0.05445582558001116,1110
2026-09-23,LU1100076550,1SCD.MU,EUR,232.74400329589844,232.74400329589844,,,,,,,0.0,0.0,,,,4
2026-09-23,LU1109942653,XHYG.DE,EUR,15.5600004196167,15.5600004196167,0.0021899005976036,-0.008917158684665694,-0.007398166990622013,0.024020722121056437,0.03294724173823526,0.028786849836454704,-0.015033699611703089,-0.028147873491851882,-0.00262322213975974,-0.00473300249207842,0.003871881150368406,1278
2026-09-21,LU1159238036,LU1159238036.LU,EUR,25.613800048828125,25.613800048828125,0.012307111285495331,-0.010790472891815228,0.008389549759477699,0.15219184870869484,0.12745611937349266,0.12658530187913875,-0.04483248811305185,-0.10213260250245715,-0.00401523871351972,-0.005918736625547316,0.05586307478307462,1074
2026-09-21,LU1160356009,0P0001678E.F,EUR,1498.9100341796875,1498.9100341796875,0.027192460573069566,-0.03515863490704996,0.12545996803561854,0.12336804266486712,0.1884408482623995,0.18521898176750526,-0.07070805382953571,-0.1200729496753532,-0.015105771004857438,0.005650252461552707,0.06816901123414176,1071
2026-09-21,LU1161083644,0P00016MO1,USD,20.12946756882884,20.12946756882884,0.002108141285629861,-0.01391477461302093,0.044485262880398,0.05924579261142826,0.10670539131047385,0.09209855693184836,-0.03798748846692801,-0.07086191472608194,-0.008014843993859766,-0.0035760549344437953,0.061779197366650385,1015
2026-09-23,LU1161527038,EDNN.MU,EUR,235.13699340820312,235.13699340820312,,,,,,,0.0,0.0,,,,4
2026-09-21,LU1183791794,0P00016RHQ.F,EUR,176.96600341796875,176.96600341796875,0.0009955887692754128,-0.012620759302448548,-0.06269992893660536,0.09106936358542539,0.17298247839880287,0.17177852948977468,-0.1019440654924878,-0.10652983119589832,-0.004713317978346621,-0.020082629696197007,0.015318058904184362,1106
2026-09-23,LU1291097779,EEMK.PA,EUR,17.6028995513916,17.6028995513916,0.039199685796266204,0.03232516055365542,0.01852123871488942,0.23740125850655724,0.18432971792941774,0.22469308983718556,-0.09130165758750086,-0.13262607355357947,0.02129303909007363,0.042504044155775134,0.11287393400840817,1284
2026-09-23,LU1291098827,EEMU.PA,EUR,20.51000022888184,20.51000022888184,0.0066257781046301645,-0.021936056248685887,-0.0012174150823488494,0.13202341286760322,0.12904868337879566,0.12108869709283479,-0.04754060668318072,-0.10277607011442924,-0.004078844776519763,-0.009824496982020703,0.04905496999821857,1284
2026-09-22,LU1291102447,0E4H.IL,EUR,9.553000450134276,9.553000450134276,0.0,0.0,,,0.0,0.0,0.0,0.0,0.0,,,45
2026-09-23,LU1301026388,2QJ0.MU,EUR,210.7469940185547,210.7469940185547,,,,,,,0.0,0.0,,,,4
2026-09-21,LU1303940784,0P00018KOU.F,EUR,28.520000457763672,28.520000457763672,0.0052872616881574075,0.0,0.016393478281409468,0.10073333175307786,0.09634035026524183,0.089498654805246,-0.031023771507394104,-0.10474171860749526,-0.003302507045781611,-0.0005536777237169499,0.02673028307732328,1103
2026-09-21,LU1329694266,0P00018EGL.F,EUR,236.0500030517578,236.0500030517578,0.014265489559435851,-0.0018183046496526023,-4.233884156246148e-05,0.09075365767431598,0.09514830980025278,0.1082728617130174,-0.04326888593482081,-0.08607298754556802,0.0024972365226791915,-0.000252407981370828,0.03626262035798833,1111
2026-09-21,LU1379103812,0P00018FWZ.F,EUR,644.8099975585938,644.8099975585938,0.0034391877631820833,0.005128410536194394,0.0032986278129956137,0.17833783867587094,0.12367045532794292,0.1358935440908217,-0.049243678720523265,-0.07933928105110122,-0.002466732247528247,-0.00640189692790416,0.07588302902393718,1073
2026-09-21,LU1435385593,0P00019846.F,EUR,317.3599853515625,317.3599853515625,0.020843992431075264,0.01815839885425441,0.10313178302467829,0.12475184729443645,0.17752744137285642,0.17669046098187,-0.06464263345394483,-0.18107797123110614,0.007679154670021449,0.02910451998431962,0.03864017723516189,1121
2026-09-21,LU1486845537,0P00018X0B.F,EUR,116.58499908447266,116.58499908447266,0.000961592061075045,-0.002430107243292845,0.00021449490736591414,0.012541147451248236,0.007528894920856554,0.005684358863013176,-0.004497502999955327,-0.00857780195084168,-0.001297373096506127,-0.001183148311986404,0.005147379495935356,1092
2026-09-21,LU1530899142,0P00019MC0.F,EUR,2562.39990234375,2562.39990234375,0.0438366872803293,0.031134381530498523,0.018000871192932033,0.2629129956609735,0.18143404603445687,0.22325010082396285,-0.09865184137446215,-0.170881689258088,0.035938000281439564,0.03690552163840599,0.13768457198758854,1055
2026-09-22,LU1582988058,0P0001CGZV.F,EUR,12.78969955444336,12.78969955444336,0.012379958443342831,0.0009234547582175345,-0.005335126220944231,0.0353601193982469,0.052556333258190244,0.056501046079464684,-0.020613728201645976,-0.056615818138602614,0.002696107498817213,0.0021422080468724847,0.01802010208582816,1092
2026-09-23,LU1598757687,MT.AS,EUR,63.41999816894531,63.41999816894531,-0.019480552416287544,-0.01765798377879102,0.22113600390994526,0.39634025734557676,0.2689170623738848,0.3465206800650659,-0.08532426013240335,-0.2619465623536297,-0.01879789384210684,0.012477309978771833,0.19733531270942328,1284
2026-09-21,LU1623762843,0P0001FE3K.F,EUR,156.9199981689453,156.9199981689453,0.0024915312891449215,-0.014135829778748943,-0.017346134573936856,0.0022353632774749777,0.025684332718869527,0.01946502006694195,-0.021321756765369404,-0.02571631111241912,-0.006329190244655836,-0.011304605135282753,-0.010274750747438555,1107
2026-09-22,LU1670631289,0P0001DFNP.F,EUR,11.653300285339355,11.653300285339355,0.0058608817853416095,-0.009005698510553106,-0.01015052966963248,0.023044895731121118,0.038848099235469995,0.03734973944423701,-0.018111575959527948,-0.05265460607611028,-0.0035191570153609852,-0.004519458493993156,0.0013891551902329713,1090
2026-09-22,LU1670707527,0P0001DFNB.F,EUR,23.03030014038086,23.03030014038086,-0.00030815768400538346,-0.008972060003493154,0.027239585898878094,0.13892979455608145,0.08761807654359562,0.09517382013041294,-0.038157076184087146,-0.092062237404823,-0.007012686965974013,-0.008971718376859172,0.05404692058417582,1092
2026-09-23,LU1670719613,AN0B.MU,EUR,13.465999603271484,13.465999603271484,,,,,,,0.0,0.0,,,,4
2026-09-23,LU1681043912,CC1.PA,EUR,264.1499938964844,264.1499938964844,0.027621110448112773,-0.030820012007724218,-0.08025772051127567,-0.03682773419695762,0.14557007814493583,0.17833731624027294,-0.10567550422538807,-0.21151187688867035,-0.0007754908504061797,-0.023803469714588577,-0.08045378693421945,1284
2026-09-23,LU1681044480,AASI.PA,EUR,59.959999084472656,59.959999084472656,0.0467877158220964,0.04260130124229389,0.00790044365011311,0.2733686127028738,0.2084525805184657,0.2609997632116711,-0.10980725706966044,-0.16060702050246078,0.029064711116318476,0.05031196117955661,0.12592365562491348,1284
2026-09-21,LU1694789535,0P0001CH1E.F,EUR,129.24000549316406,129.24000549316406,0.002871191045208832,-0.003162270903365072,-0.001082079025852889,0.017798094790387742,0.023001706089405948,0.018108612450770774,-0.008622643178461287,-0.021087619460482876,-0.0013020351476324965,-0.001626830449470873,0.0035786513219993044,1112
2026-09-23,LU1819480192,EHQ6.MU,EUR,309.4809875488281,309.4809875488281,,,,,,,0.0,0.0,,,,4
2026-09-23,LU1829219390,BNKE.PA,EUR,397.1000061035156,397.1000061035156,-0.005883104347729207,-0.013293591604523258,0.0725185850196235,0.3202385042257825,0.18300101768124877,0.19039948532983067,-0.03777279349247642,-0.17132240226421158,-0.009404532905199492,0.0020136278848916778,0.1439311196959574,1284
2026-09-23,LU1829221024,UST.PA,EUR,109.37999725341795,109.37999725341795,0.06163252013351528,0.07372135372881283,0.01777236448329811,0.3020342629338786,0.15267455162455326,0.1868101623163747,-0.08746628286134306,-0.1004836368906451,0.05159423178358402,0.05987136603061671,0.14141917962833017,1284
2026-09-23,LU1861137484,EUSRI.PA,EUR,91.3000030517578,91.3000030517578,0.017496931194563414,-0.019228632039426152,-0.013079656864463551,0.11530524894253635,0.11150364293662315,0.1025477122340242,-0.049525021546992454,-0.1023277887365529,0.0024705164637222055,-0.005550588593023931,0.03436783564887702,1284
2026-09-23,LU1861138961,MSRU.L,USD,73.38934697124749,73.38934697124749,0.03856041954703704,0.05544061186476479,0.01662280573334618,0.19171348185567627,0.17677949453411937,0.21312623545825377,-0.09379195170588517,-0.11701396963064925,0.029644797146843205,0.050623244786919264,0.1082887123963161,1265
2026-09-21,LU1876459212,0P0001FKPX.F,EUR,4582.740234375,4582.740234375,-0.00238798850075006,0.0025991545243353453,0.03764542229139778,0.17201739372368396,0.10668750861948029,0.10340620077557652,-0.03084936615430267,-0.09673177833130864,-0.006466743139460496,-0.0012167796941461306,0.0864852848086275,1026
2026-09-23,LU1900066462,CEC.PA,EUR,48.72499847412109,48.72499847412109,0.003604515753049764,0.009321531517734849,0.1212747997009691,0.24823872587644935,0.17042836453778742,0.15578536857871378,-0.022164674489976388,-0.09557020854051512,0.005375035914920501,0.028654512498857088,0.15506080230068608,1284
2026-09-21,LU1951200481,0P0001H0TE.F,EUR,287.44000244140625,287.44000244140625,0.05281669477692441,0.042355643538409815,0.02756226058081035,0.3085677758776657,0.22978967139373357,0.2325969217314794,-0.08981197493712922,-0.16763490233573852,0.037112957850938155,0.04033205748976054,0.14386817060434387,1090
2026-09-21,LU1951204046,0P0001H0TH.F,EUR,176.72000122070312,176.72000122070312,0.018441660151284678,0.01726916865599515,0.032906686558655585,0.10803182101763453,0.10038994963172464,0.09757995848714353,-0.037086682521467296,-0.13027168506338482,0.01037129794419811,0.01163333587408033,0.04164825415330875,1091
2026-09-21,LU1951225553,0P0001H0TF.F,EUR,191.27999877929688,191.27999877929688,0.025960074418105217,0.007373045399637457,0.05046956244841172,0.19692135474293315,0.2282333282600473,0.17517413888176267,-0.07629518509617139,-0.1521618507592264,0.015221956536795478,0.012774033894290326,0.09962885057205795,1091
2026-09-21,LU1951229035,0P0001H0TG.F,EUR,183.5,183.5,0.019048106493412265,-0.02409189389302735,0.008463361339365427,0.06290547178374672,0.11873225344812771,0.12051916559275969,-0.06752966028252883,-0.08892292793840006,-0.006975523106844017,-0.019536602240813328,0.008474208102498215,1091
2026-09-23,LU1953136527,REUSE.PA,EUR,22.694499969482425,22.694499969482425,0.018485255724374205,-0.004247228162877592,-0.018539800000263784,0.12186286621913922,0.10241289290874685,0.10045953742818407,-0.05256775728678653,-0.07680804811696162,0.006483628753231718,-0.0020643412824890017,0.04384173968950256,1284
2026-09-21,LU2095319849,0P0001JAB0.F,EUR,121.91999816894533,121.91999816894533,-0.014230288905948574,-0.022920344913691992,0.03726388650078172,0.047512662671159944,0.19709919071862714,0.1766303504438705,-0.06511233426265506,-0.2169341651746023,-0.01902096987735369,-0.016847155397375913,2.8281248644290713e-05,1091
2026-09-21,LU2147879543,0P0001L9PD.F,EUR,776.9099731445312,776.9099731445312,0.01001020651307738,-0.004829148391940041,0.016911193962361626,0.076962471573925,0.05640357437123964,0.05530699445579028,-0.025105978759957903,-0.06462585851593328,0.000649759605218847,0.00034478195554776825,0.0255117669096685,1051
2026-09-21,LU2181906426,0P0001L535.F,EUR,278.3999938964844,278.3999938964844,0.03225799516380712,0.043517316914841064,-0.032157136089941196,0.3954187838291243,0.2478018609838524,0.3757992895652909,-0.2120293538634972,-0.22199790594022362,0.03478650130089145,0.04728189771760416,0.19136412521856272,1101
2026-09-21,LU2210151341,0P0001KKA7.F,EUR,12.140000343322754,12.140000343322754,-0.004101660277413655,-0.017799297691375116,-0.031125251233820928,-0.003284069035370041,0.05737900791992893,0.06781088617126332,-0.031125251233820928,-0.06790124319835567,-0.012285379099179483,-0.01529773708848503,-0.02724745882537183,1141
2026-09-23,LU2244387457,ASRE.DE,EUR,9.644000053405762,9.644000053405762,-0.0007253102751860752,-0.01362350112956956,-0.022045511273373952,-0.005937167159890566,0.031375689189302725,0.027803263313005387,-0.02410792684707186,-0.030398943811505652,-0.00502541778479515,-0.01031390841109181,-0.015084095949267073,1278
2026-09-18,LU2257980289,0P0001LZLW.F,EUR,183.41000366210935,183.41000366210935,-0.0027187210594512567,-0.019983918548475588,-0.05052541595149751,0.04435718461171656,0.09371793129773788,0.10809353743627197,-0.07476056811234111,-0.0865476736691041,-0.006459815037796801,-0.02266398903851241,-0.01020686726523945,1028
2026-09-18,LU2358392376,0P0001OOS9.F,EUR,492.4500122070313,492.4500122070313,-0.008436699254634639,-0.006636499157125164,-0.029521275220168897,0.08790263823402311,0.1560009336201384,0.155186352173544,-0.07139935108977102,-0.08943559868933093,0.0008841392304432816,-0.009223084102399137,0.015776166266807,1042
2026-08-13,LU2459590019,0P0001OS4A,USD,32.7232286283375,32.7232286283375,0.004499105658849034,0.005475125287047744,0.060352602796345245,0.1042763861843663,0.087369021677686,0.09641785958015901,-0.022372601723535612,-0.07641815975661459,0.005937655254111496,0.011429412807712813,0.06785466354049907,971
2026-09-23,LU2533811910,BJLL.DE,EUR,10.095000267028809,10.095000267028809,0.0005947585438170755,0.0008427203728429422,0.00422785345718224,0.011073078747433351,0.009739043781540358,0.010844395667826912,-0.0014882030882035213,-0.003047524042999572,0.0004187244342883645,0.0013152758519709984,0.007979779893477312,773
2026-09-23,LU2611731824,GLDU.AS,USD,68.59313892771739,68.59313892771739,0.017788031371660518,-0.06467424898946472,0.2354029102226196,0.010967250604634105,0.33438458862813986,0.49086861139887544,-0.12324617440953567,-0.3623354744639051,-0.01243903310233041,0.06970257771827293,0.06551707396151474,1247
2026-09-23,LU2616774076,BJLJ.DE,USD,10.070546656867185,10.070546656867185,0.012550090904857925,0.012888462425762137,-0.020509785222152188,0.0017351633942128686,0.05853098255946435,0.0658674994559722,-0.04469824836054315,-0.050071814819599214,0.011805230266602962,0.006285451035503042,0.005159971812462638,750
2026-09-18,LU2638914734,0P0001RNZQ.F,EUR,338.7900085449219,338.7900085449219,0.04484196929813988,0.11543145652528852,0.14374942884497943,0.3080695310614745,0.44622268355091776,0.39511227092248696,-0.09354630872537983,-0.3124012853622107,0.045204592990181425,0.1226420158247683,0.19698642098839425,696
2026-09-21,LU2707622630,0P0001T0AG.F,EUR,135.10000610351562,135.10000610351562,0.00783292075981823,0.017549158364665196,0.004834579174618048,-0.0207306499794776,0.19741077736644583,0.21660181011604354,-0.06768314377592899,-0.23394246327931445,-0.005539051899869807,0.01659362019213262,-0.011818271330342744,546
2026-09-18,LU2798962978,0P0001UBP6.F,EUR,147.27000427246094,147.27000427246094,-0.002370890504695633,-0.003248702047641716,0.025271546214404195,0.11315193405435253,0.11700321441890461,0.10601400108427557,-0.030106550021525624,-0.08982159224906872,-0.008456409624196137,0.0008849010430926896,0.051660428846272755,421
2026-09-23,LU3038520774,DEFS.PA,EUR,5.869999885559082,5.869999885559082,0.0058258944639091315,-0.05748238102825165,0.014693178978214982,-0.010785326851219468,0.17140273120225905,0.20911551847757018,-0.13799880329444303,-0.2196261406823472,-0.001666740424855151,-0.03316238166589003,-0.01626351184056052,352
2026-09-21,LU3103551860,0P0001XEZ8.F,EUR,114.30999755859376,114.30999755859376,0.014825978142705809,0.013206859313951158,0.008113574159074544,0.10104024171262349,0.07756846977184949,0.07584430832751383,-0.023314487832326813,-0.047610174847362186,0.010300962079698772,0.009943027981656583,0.05243627408446172,251
2026-09-23,NL0000226223,STMPA.PA,EUR,45.76499938964844,45.76499938964844,0.07639898886673135,0.08364786498151289,-0.26471092069475843,0.5155388583098592,0.4426339604453183,0.6085917838229337,-0.3413036490280207,-0.3985444317360619,0.043797198938300586,-0.003440113676317691,0.12018516487047459,1284
2026-09-23,NL0000235190,AIR.PA,EUR,192.75999450683597,192.75999450683597,-0.017933586174610272,-0.06359004716325867,-0.027545185552631746,0.20724268067161788,0.18747275536845087,0.262960422566114,-0.10510677823198378,-0.2771117091213976,-0.021699161192723304,-0.05126405523335631,0.024345108471464094,1284
2026-09-23,NL0006294274,ENX.PA,EUR,160.39999389648438,160.39999389648438,0.02035621507865404,-0.01353020986746245,0.13839603154508406,0.1396966699351352,0.18607197529018812,0.21369946524016084,-0.05021175377207321,-0.13907785679286322,0.0021241710230941457,0.014997117737071797,0.1482952512857214,1284
2026-09-23,NL0010273215,ASML.AS,EUR,1501.800048828125,1501.800048828125,0.07563393593275558,0.0028045361315822692,-0.08405902971684165,0.3529657262501116,0.34276981746517177,0.4357533869450143,-0.16920048979247848,-0.2077144161694917,0.028961399384278108,0.007127424950827521,0.14085649567640535,1284
2026-09-23,NL0010832176,ARGX.BR,EUR,850.2000122070312,850.2000122070312,0.00188550161103751,-0.05280744726843867,0.07132061285574554,0.31082337990989073,0.22575269261236933,0.46075426125939134,-0.13071735337218138,-0.273723521535453,-0.026629712164342734,0.03223708635607592,0.1595033228679268,1284
2026-09-23,NL0011794037,AD.AS,EUR,31.700000762939453,31.700000762939453,-0.013383140083443656,0.024563678596102756,-0.08466509065378536,-0.21446025015056247,0.1911447608607306,0.22597707848298318,-0.14600071359196543,-0.25714308631402005,0.012197478623122926,-0.022359529378506937,-0.1046991855538626,1284
2026-09-23,NL0011821202,INGA.AS,EUR,31.6299991607666,31.6299991607666,-0.009550659473191891,0.03484373002128005,0.15959378766154142,0.43876193048419654,0.1916262892587032,0.20832035688005135,-0.037540448599762466,-0.16877161691741893,0.001757721333063289,0.03715404097941111,0.2266982026202773,1284
2026-09-23,NL0012969182,ADYEN.AS,EUR,871.2999877929688,871.2999877929688,-0.04744727652221725,-0.18676501032424964,0.02590368576028146,0.032101368389096274,0.3708349209149714,0.4970726408643827,-0.20093546562311326,-0.4839642318575442,-0.10069567044465144,-0.08382194501982454,-0.13743563153251692,1284
2026-09-23,NL00150001Q9,STLAM.MI,EUR,4.13700008392334,4.13700008392334,-0.04622478548374698,-0.07262942932928007,-0.19544925625647047,-0.34582540144162566,0.4049979512903418,0.4086580425630385,-0.21781053940839556,-0.6027462781150325,-0.08573574580612753,-0.12121944647840788,-0.35068398851197946,1274
