date,asset_id,symbol,quote_currency,close_eur,close,ret_5d,ret_20d,ret_60d,ret_120d,vol_20d_ann,vol_60d_ann,drawdown_60d,drawdown_252d,sma20_ratio,sma50_ratio,sma200_ratio,observations
2026-10-02,AT0000A09ZL0,N550.MU,EUR,358.4530029296875,358.4530029296875,-0.00810772147945793,,,,0.02472407934583868,,-0.00810772147945793,-0.00810772147945793,,,,11
2026-10-01,BE0003470755,SOLB.BR,EUR,24.26000022888184,24.26000022888184,-0.027265448701461747,-0.06476485237423346,-0.0704980891070881,-0.05340764931801756,0.21652899003137877,0.17200561591088775,-0.10081539508910731,-0.14035087843632954,-0.04649607429746294,-0.06232122569023246,-0.05334536967695813,1290
2026-10-01,BE0974293251,ABI.BR,EUR,64.55999755859375,64.55999755859375,-0.05475849672114774,-0.062445585443567375,-0.06705201725830856,0.02233526185869117,0.2086773028021295,0.2099864512268761,-0.1414893593276555,-0.14298171470367416,-0.04570451902464967,-0.06588036225147387,-0.01576651686915509,1290
2026-10-01,DE0005140008,DBK.DE,EUR,31.030000686645508,31.030000686645508,0.003233119317266553,-0.12714482833808283,0.003233119317266553,0.13688514296899412,0.2672654487810691,0.2494814541871464,-0.13482516628878938,-0.2676722440208219,-0.06869253771486894,-0.06336967037052854,0.03998037758760642,1284
2026-10-01,DE0005190003,BMW.DE,EUR,54.81999969482422,54.81999969482422,-0.02904710266103183,-0.11237044713923328,-0.05936855108002814,-0.29497434122225086,0.2517348924485366,0.25415907699219753,-0.1444270118171176,-0.40830570862885573,-0.08529668000722279,-0.08034947771151568,-0.23185850367980732,1284
2026-10-01,DE0005552004,DHL.DE,EUR,55.7400016784668,55.7400016784668,-0.013101945286245198,0.009782625146083301,-0.01727784769296903,0.20596308468370905,0.20999255393387753,0.1737080918868265,-0.05845729999922167,-0.14333072083959342,-0.007778948474485792,-0.00715331023953969,0.11305289328122692,1284
2026-10-01,DE0005557508,DTE.DE,EUR,26.06999969482422,26.06999969482422,-0.030494597003966062,-0.09321740191915762,0.028808190127882716,-0.0868651351491827,0.21638434132017748,0.29069955624554106,-0.10657986901391259,-0.27769587398998596,-0.05471555537074613,-0.06845615713086128,-0.08026232000544464,1284
2026-10-01,DE0005810055,DB1.DE,EUR,286.70001220703125,286.70001220703125,0.013790751705822668,0.009862692394307704,0.13860209981053773,0.1398845590038802,0.17978260216177316,0.19131460214223717,-0.06009615132693824,-0.11953220395825659,0.02015767837106952,0.03218610612409156,0.16328284766971346,1284
2026-10-01,DE0006048432,HEN3.DE,EUR,71.91999816894531,71.91999816894531,-0.029681658069530603,-0.04716487850634499,-0.029681658069530603,0.13956394295469865,0.19118846642328996,0.1860441747158613,-0.09874692457970924,-0.2432210362584949,-0.02747730792369707,-0.04594129015747028,0.012897047732685074,1284
2026-10-01,DE0007030009,RHM.DE,EUR,945.7999877929688,945.7999877929688,-0.04464647697679924,-0.11623992623311896,-0.06652193407227314,-0.3695525609548309,0.32747773100799127,0.33504618067405817,-0.22092258007168963,-0.5190061036239766,-0.05517318843635399,-0.12933813146187167,-0.29268000991785237,1284
2026-10-01,DE0007100000,MBG.DE,EUR,40.060001373291016,40.060001373291016,-0.02873069679431317,-0.15010071497149158,-0.08747152663136526,-0.21276824304590614,0.2521747258866812,0.23282470780059833,-0.16905201962151806,-0.3077241884315888,-0.09680689532302189,-0.11906863504976595,-0.18973243326260536,1284
2026-10-01,DE0007164600,SAP.DE,EUR,186.7400054931641,186.7400054931641,0.013899516338288231,0.006250693235607452,0.3557426894572897,0.2959561046533179,0.26708797956542696,0.4077320841961843,-0.08811820486724142,-0.460752560270804,0.014169286904509582,0.043417458964525535,0.1349171173423136,1284
2026-10-01,DE0007236101,SIE.DE,EUR,271.8999938964844,271.8999938964844,-0.010553107806792195,0.0048040937311415455,-0.006939349821743046,0.14532435082977857,0.27120406580936834,0.245525530430233,-0.10953941463317052,-0.20503662867365802,0.007662145003173526,-0.014658740341429,0.061423755968786686,1284
2026-10-01,DE0007664039,VOW3.DE,EUR,68.0199966430664,68.0199966430664,-0.03953689725816878,-0.10921953772423831,-0.04893736247594349,-0.19878403768399378,0.41423590799050225,0.3375303902363829,-0.18146813607645107,-0.33187738761296814,-0.11342252272820641,-0.0993305639056189,-0.18336715360531186,1284
2026-10-01,DE0008430026,MUV2.DE,EUR,498.7999877929688,498.7999877929688,-0.02692155374606553,-0.0553030534224076,-0.0020008003689953036,-0.07172553748405786,0.18778365114907702,0.16562264997078344,-0.06060606060606055,-0.1969919530344898,-0.017220331615994455,-0.02968526758283574,-0.009750818638071035,1284
2026-10-01,DE000A0F5UK5,EXV6.DE,EUR,80.9000015258789,80.9000015258789,-0.018680262856880514,-0.0835976139042347,0.05770401853164642,0.007045703908918233,0.2392102383039136,0.23562863756887586,-0.10370042531379975,-0.18396071944220127,-0.04524183175393093,-0.041550941531867225,0.01632733558288968,1283
2026-10-01,DE000A0Q4R28,EXV5.DE,EUR,37.65499877929688,37.65499877929688,-0.03349590184399864,-0.08748335547672748,-0.03746173896000182,-0.10019219416752123,0.1754154948462549,0.17282311969817413,-0.09765158896814752,-0.20963823471338328,-0.06198429229322333,-0.0697829808939282,-0.09642134430535487,1283
2026-10-01,DE000A0Q4R85,4BRZ.DE,USD,45.73942677666934,45.73942677666934,-0.007245699130878469,-0.02068626146229069,0.06089503154211107,-0.07028728876496959,0.2118022000026217,0.21565967414845363,-0.08221780748007512,-0.1777901213915941,-0.01281597603784912,0.023730268025871748,0.03835018622156672,1284
2026-10-01,DE000A1EWWW0,ADS.DE,EUR,142.64999389648438,142.64999389648438,0.002811907883897291,-0.04068596621332565,-0.21426608923924662,0.03805052306089274,0.24139704474995735,0.34760891575608943,-0.22712424194321823,-0.328630068972118,-0.014967147624306065,-0.07223739830060782,-0.07659736979531362,1284
2026-10-01,DE000A2JJ1W5,0P0001FAJ5.F,EUR,124.38999938964844,124.38999938964844,0.0009656614615247694,-0.005039171895169892,-0.00424270562812612,0.0077776803216325074,0.048472720907040474,0.04158603102679153,-0.02422855115623168,-0.04542575052266418,-0.0006106102378584666,-0.006509325949982991,-0.0027650670405745537,1248
2026-10-01,DE000BASF111,BAS.DE,EUR,49.400001525878906,49.400001525878906,-0.05544928782956193,-0.07680801578347973,0.04131540800817901,-0.026133340151698548,0.21257471236830036,0.21648385697076516,-0.07956021592594587,-0.13370372630931704,-0.0464424665713552,-0.04045806296262877,0.0136218777948387,1284
2026-10-01,DE000BAY0017,BAYN.DE,EUR,45.400001525878906,45.400001525878906,-0.08059942195518144,-0.07985404569364052,-0.10453647253068143,0.11757701235384732,0.30359324673473054,0.24460835764906982,-0.10629916913939907,-0.3065455353648504,-0.07116622768596037,-0.0660895594158849,0.05913214356694385,1284
2026-10-01,DE000DTR0CK8,DTG.DE,EUR,41.5099983215332,41.5099983215332,-0.008361258569399288,-0.09029153298576087,-0.008124257227825948,0.012110524851107751,0.1938644070946465,0.224897206658855,-0.1631048468037526,-0.1631048468037526,-0.04426413247397243,-0.08598484527580352,-0.0056886810785944375,1225
2026-10-01,ES0113211835,BBVA.MC,EUR,23.809999465942383,23.809999465942383,-0.04300642005291977,-0.0625984321443821,0.07542909314960289,0.20526451417062086,0.22178022611437884,0.23193520321733344,-0.06296735108531215,-0.18701772533483707,-0.04780949353911235,-0.036640848180393815,0.13511512457788055,1288
2026-10-01,ES0113900J37,SAN.MC,EUR,11.812000274658203,11.812000274658203,-0.05715194845530336,-0.08448303491651243,-0.019425474141459675,0.12229357169704014,0.24299575578761243,0.23520908574171018,-0.08801724978344994,-0.171891814315276,-0.06555805349735178,-0.06286988205206723,0.06670487879370346,1288
2026-10-01,ES0148396007,ITX.MC,EUR,53.060001373291016,53.060001373291016,0.0030245716974854897,-0.06584503369727646,-0.04223826873894232,0.02178365047546338,0.22073726767682014,0.20738084162870443,-0.12453463596749692,-0.14986185286846476,-0.013442887294367933,-0.05351406625932631,-0.02001552876105206,1288
2026-10-01,FI0009000681,NOKIA.HE,EUR,9.1899995803833,9.1899995803833,0.013230417816613382,0.0927467000146509,-0.17545287396606601,0.07639881167804674,0.5833478059058002,0.5755050654456096,-0.32205891614177773,-0.4829458829898745,0.0062630874968769845,0.0465682538477743,0.07347540841514988,1266
2026-10-01,FR0000003196,0P00000QEY.F,EUR,475.7699890136719,475.7699890136719,-0.00460282486644048,-0.01852503555714935,-0.03698085016446351,-0.0348709890039276,0.044944280683040475,0.036768312032488204,-0.03698085016446351,-0.05328822889222562,-0.009886181085754342,-0.02113037763106307,-0.03215424114100551,1249
2026-10-01,FR0000003998,0P00000I2M.F,EUR,3324.919921875,3324.919921875,-0.012817402411780976,-0.05057084101990805,-0.03336357220623365,0.07584829409018878,0.12559805250123612,0.11623565783363254,-0.06593405688973897,-0.1083091867769127,-0.02160181466946176,-0.03616491699808644,0.014703750236845892,1247
2026-10-01,FR0000027609,0P00000H0V.F,EUR,5094.419921875,5094.419921875,0.00612428475436122,-0.009126010592751865,-0.011103341087139063,0.005600047034920452,0.03394531786490251,0.022585489059306633,-0.01824339485090609,-0.01824339485090609,-0.0003869494165494869,-0.00520672236217079,-0.0036724039123984253,1245
2026-10-01,FR0000045072,ACA.PA,EUR,16.920000076293945,16.920000076293945,-0.05685621111478145,-0.10214907440704413,-0.028981301743333132,0.04243990280380339,0.1825417392864434,0.20241331806291113,-0.16237626548327966,-0.16688568702410778,-0.07213950158931604,-0.09998084250729389,-0.010396805220228567,1290
2026-10-01,FR0000051807,TEP.PA,EUR,71.05999755859375,71.05999755859375,-0.006987143894053305,-0.005319217102829343,0.4138479890905422,0.39883578235356754,0.3097369900890567,0.47659529566385334,-0.05855073790619336,-0.35422847770430843,0.009374965320933848,0.03039861300953306,0.23565287309132277,1290
2026-10-01,FR0000052292,RMS.PA,EUR,1301.5,1301.5,-0.03912882982650423,-0.1214984812689841,-0.19883040935672514,-0.19856205699454754,0.2508567714878307,0.3515485376851291,-0.23710433763188743,-0.41572677075775477,-0.056644801217700214,-0.1317487107986044,-0.2490416622014363,1290
2026-10-01,FR0000054470,UBI.PA,EUR,5.145999908447266,5.145999908447266,-0.04703707082117803,0.022654976575564367,-0.12363765022257944,0.11530127500721088,0.40672115443906354,0.5714551988574723,-0.19779286727694811,-0.6144309093982276,-0.017601483058052758,-0.029660790885801758,0.01968429054679488,1290
2026-10-01,FR0000073272,SAF.PA,EUR,327.0,327.0,-0.021836637928594915,-0.013574660633484115,-0.038235294117647034,0.07083608201091174,0.25572365855865253,0.2378506242089308,-0.11551154921609863,-0.23617513957875091,-0.008910709204967948,-0.038783753489690986,0.03759912776931773,1290
2026-09-30,FR0000097156,0P00000QGO.F,EUR,671.97998046875,671.97998046875,-0.003499786891968948,0.013055498174199265,0.02164987752881009,0.16853890606480748,0.09788882177384985,0.0961020149197644,-0.033817453515913254,-0.07356647804504624,0.0060853215587346465,0.009191695064723282,0.08430891634169546,1243
2026-10-01,FR0000120073,AI.PA,EUR,166.44000244140625,166.44000244140625,-0.009992818966061856,-0.03658249749006337,-0.03769660048202461,-0.0008008021578971292,0.1865524826098385,0.15689615783248242,-0.08604078110433389,-0.10528746423158142,-0.007714592547539811,-0.017723919464090687,0.036422026044828915,1290
2026-10-01,FR0000120172,CA.PA,EUR,15.649999618530272,15.649999618530272,-0.030359342605206785,-0.041641170137951766,-0.029264828836362278,0.0008724737371985647,0.21667284964267355,0.21370150525671636,-0.06900653683911828,-0.07772792185500088,-0.04462489601116315,-0.025250130681900074,0.030938837495732674,1290
2026-10-01,FR0000120271,TTE.PA,EUR,74.51000213623047,74.51000213623047,-0.06997365766159036,-0.044988396024852495,0.08267948948907344,-0.016176286445326093,0.217686896069223,0.2266912076108593,-0.07429489236240616,-0.17510288938050222,-0.04821771679298825,-0.030081438468764876,0.054509707644600836,1290
2026-10-01,FR0000120321,OR.PA,EUR,371.75,371.75,-0.03353696633609193,-0.017833553500660515,-0.020808623794258185,0.05792115326611924,0.20748906089195898,0.1997223813770862,-0.060913705583756306,-0.14438105060176987,-0.026137757671630957,-0.02983945266241439,-0.0026421169589951887,1290
2026-10-01,FR0000120404,AC.PA,EUR,44.0099983215332,44.0099983215332,-0.026758135039942177,-0.03845318152999777,-0.09556106741595494,-0.005254829709718134,0.2355920910446381,0.2236837571827943,-0.10165346369282768,-0.2065086535708529,-0.04192794147685075,-0.04709738206139613,-0.027891862734346184,1290
2026-10-01,FR0000120503,EN.PA,EUR,40.869998931884766,40.869998931884766,-0.049534908560819435,-0.07554852345068153,-0.12483943759763927,-0.1835343920988859,0.19582595527199065,0.23088726331939322,-0.1735086288913672,-0.22886794468141947,-0.06195850398761704,-0.10230674721039945,-0.1340760344029177,1290
2026-10-01,FR0000120578,SAN.PA,EUR,73.0999984741211,73.0999984741211,0.013869625813639042,-0.041562846577540724,-0.04419462257392892,-0.0483663081795781,0.1915821321003109,0.25403025782886984,-0.10573069496797893,-0.165569691874061,-0.009626021779329252,-0.03164444433987412,-0.0331595042821301,1290
2026-10-01,FR0000120644,BN.PA,EUR,57.58000183105469,57.58000183105469,-0.042567302703271914,-0.09465403753926094,-0.20491572373795253,-0.12240179977303989,0.19392194542714886,0.19500431270627003,-0.2127426536565704,-0.2513954887883294,-0.056637748384019915,-0.10864110752891287,-0.14179280411528694,1290
2026-10-01,FR0000120693,RI.PA,EUR,59.0,59.0,-0.009734840772569031,-0.05539543924413537,-0.03749672039983498,-0.086340154115638,0.21586537268158829,0.258696558145644,-0.16496016104185063,-0.31613160066066215,-0.01789429567504286,-0.08244895762460891,-0.10550886390267988,1290
2026-10-01,FR0000120966,BB.PA,EUR,65.0,65.0,-0.03417537811980442,-0.03417537811980442,0.09243697478991586,0.16871926123742798,0.10753831558718935,0.2198710579661291,-0.05797101449275366,-0.14495416219181756,-0.02658179344576328,-0.022085803832600948,0.13622201928265065,1290
2026-10-01,FR0000121014,MC.PA,EUR,379.5,379.5,-0.04432134432888346,-0.11959166976644953,-0.23014506420051384,-0.19965101301093835,0.22829647006903414,0.2520697266882476,-0.24567681296764732,-0.40854438669990434,-0.06654122371552762,-0.13699003956883615,-0.22792041122621176,1290
2026-10-01,FR0000121147,FRVIA.PA,EUR,8.423999786376953,8.423999786376953,-0.03659659567515694,-0.14442412879388478,-0.0642079624496823,-0.19733207448927992,0.35712819597562795,0.4748901302475612,-0.1518324959236952,-0.4321537064566676,-0.09020220981102534,-0.07920340318395658,-0.2140706180042996,1290
2026-10-01,FR0000121220,SW.PA,EUR,53.45000076293945,53.45000076293945,-0.0472370371347528,-0.0855431981990713,-0.006505547938372325,0.32367507055725464,0.2300226963040996,0.21975354129898328,-0.0917586720678718,-0.2701083367043837,-0.05723607247852158,-0.06208323271010552,0.09653623216725982,1290
2026-10-01,FR0000121329,HO.PA,EUR,225.3000030517578,225.3000030517578,-0.02971573637885272,-0.04005110361615105,-0.006613756524763703,-0.15166935764378653,0.24402823027735807,0.24927635935852727,-0.17432877881759035,-0.18830932219925633,-0.028586196281482512,-0.08070082175625526,-0.06685415086063617,1290
2026-10-01,FR0000121485,KER.PA,EUR,217.3000030517578,217.3000030517578,-0.037430772749688535,-0.11161080282313784,-0.11594792370282758,-0.1348855204917888,0.2980416252302728,0.47491400285086216,-0.2579819070416979,-0.3604388867905971,-0.06506468524167142,-0.13719852124234166,-0.15906101279726792,1290
2026-10-01,FR0000121667,EL.PA,EUR,144.60000610351562,144.60000610351562,-0.0006910217473075075,-0.05459294548107885,-0.1575880498386827,-0.2765521197433164,0.2895189487601913,0.26248548876558137,-0.1932675708760998,-0.5563296695825171,-0.006885148302454791,-0.0770055285312824,-0.2520324415120867,1290
2026-10-01,FR0000121964,LI.PA,EUR,34.47999954223633,34.47999954223633,-0.048565178110249185,-0.0878306815299924,-0.037946445439771104,0.006278773863387599,0.15423918306982945,0.14399728477470256,-0.13756878596733346,-0.13756878596733346,-0.05699596324820233,-0.09099537807521363,0.002243405334223736,1290
2026-10-01,FR0000121972,SU.PA,EUR,292.6000061035156,292.6000061035156,0.009661899339164837,0.018270401560766647,0.08370372630931722,0.11637377514235103,0.3544003728508458,0.3535135971154557,-0.12524119680717438,-0.17762918089750313,0.011319471540709003,0.0038252606601218986,0.10426166924821678,1290
2026-10-01,FR0000124141,VIE.PA,EUR,30.520000457763672,30.520000457763672,-0.025231524166521857,-0.04055325463176629,-0.16429353572815963,-0.09787829923414815,0.09913863124720902,0.17751125972069667,-0.18656716190288725,-0.18656716190288725,-0.029940869100722467,-0.07844675101307352,-0.07347837411840341,1290
2026-10-01,FR0000125007,SGO.PA,EUR,66.31999969482422,66.31999969482422,-0.050128903112261924,-0.12158940801557327,-0.10764262692209259,-0.10412978402514506,0.24808086113299208,0.29042716770907745,-0.22469021527932065,-0.2525252647343911,-0.06240281444775253,-0.13447032562458427,-0.1404017636823658,1290
2026-10-01,FR0000125338,CAP.PA,EUR,112.0999984741211,112.0999984741211,0.08048191300357677,0.019090895219282755,0.25955054465304594,0.08848406448391088,0.45657939533692504,0.4351993688793431,-0.09201077073251984,-0.41502642376831267,0.06397113360355156,0.05660020240464769,0.05739955621558579,1290
2026-10-01,FR0000125486,DG.PA,EUR,105.5999984741211,105.5999984741211,-0.04434390521157383,-0.06672561157704471,-0.11520737474480525,-0.18790297692178615,0.18316368069044964,0.19971360055988266,-0.16719246109941488,-0.23610971910707668,-0.04950496422933304,-0.09319641135839873,-0.13900506668181212,1290
2026-10-01,FR0000130452,FGR.PA,EUR,99.55999755859376,99.55999755859376,-0.05451097176457498,-0.0886956745208809,-0.17786953911589354,-0.25690587190871617,0.2008278800108998,0.23226764484822218,-0.20732485057229255,-0.29346406254991264,-0.06274861065860349,-0.12473342205329407,-0.1941071611691504,1290
2026-10-01,FR0000130577,PUB.PA,EUR,95.33999633789062,95.33999633789062,-0.023755961880215226,-0.0810602762612952,0.11326479469142381,0.2666831146341566,0.23316034828093266,0.26865084425525615,-0.09202691615251313,-0.23345260324938366,-0.02274524828074398,-0.02967168673581777,0.14466739455486444,1290
2026-10-01,FR0000130809,GLE.PA,EUR,66.08000183105469,66.08000183105469,-0.054243606219304796,-0.11158907944140684,-0.09739103049558973,-0.07270535409348489,0.30570668530488004,0.29861528016430366,-0.2154814294493893,-0.2154814294493893,-0.08887844381348187,-0.1326399117676783,-0.07746836185013373,1290
2026-10-01,FR0000131104,BNP.PA,EUR,91.54000091552734,91.54000091552734,-0.06999897763168184,-0.1209909597461889,-0.08294929678031449,0.031565036498408805,0.22789192039601353,0.23490594708949883,-0.18847519114405864,-0.18847519114405864,-0.08273997307276215,-0.12627399616661727,-0.02016889889186979,1290
2026-10-01,FR0000131906,RNO.PA,EUR,25.43000030517578,25.43000030517578,-0.027533434946755975,-0.11854419518450343,0.005535760560707592,-0.1307759744575745,0.31416957413373964,0.3356739282502314,-0.14434721087799707,-0.2784341010453456,-0.08574509247306505,-0.09368895445844505,-0.10287998290591172,1290
2026-10-01,FR0000133308,ORA.PA,EUR,13.8149995803833,13.8149995803833,-0.014270478632898542,-0.10321325414792615,-0.12921526758965596,-0.20466868966486562,0.2957582901072481,0.27658944985608314,-0.212356308955846,-0.24994611057160776,-0.07157261003528537,-0.1161115549688998,-0.15040669422713115,1290
2026-10-02,FR0000172041,XED2.F,EUR,460.8380126953125,460.8380126953125,-0.038434377890525284,,,,0.10102348281449279,,-0.05337084392179159,-0.05337084392179159,,,,11
2026-10-01,FR0000172124,0P00000GPO.F,EUR,55.720001220703125,55.720001220703125,-0.0014336562267243114,-0.037152198909011114,-0.05703162841737064,-0.02570374962938593,0.06600181264996142,0.05373129357722201,-0.059062475367314016,-0.06538919305080049,-0.015408523508632865,-0.03021102953998145,-0.04115197285138472,1237
2026-10-02,FR0000284689,CL54.F,EUR,33.6609992980957,33.6609992980957,0.0025315428857475286,,,,0.1637595779374957,,-0.008782696045668725,-0.008782696045668725,,,,11
2026-10-01,FR0000292302,0P00000PYA.F,EUR,567.3200073242188,567.3200073242188,-0.007070810226337265,-0.01225708302613493,-0.005033401330957976,0.04673521198959807,0.07825142848595665,0.0759606020973968,-0.030280271035459383,-0.06867224362644508,-0.007226346669353068,-0.012613994893213132,0.019970175792463074,1249
2026-10-01,FR0000295230,0P00000PM8.F,EUR,226.58999633789065,226.58999633789065,-0.003649643117304313,-0.025838390403782996,-0.03241095129932314,0.010524910383618913,0.12268280532183498,0.11887909850237804,-0.06315477183689933,-0.16301981420780265,-0.0016104574207553846,-0.017441413656971383,-0.01819029377387671,1269
2026-10-01,FR0000299356,0P00000JPU.F,EUR,287.239990234375,287.239990234375,-0.013734377606526516,-0.04511155691085511,-0.038108650019723744,0.03219775583722151,0.11306222614152264,0.10692527366194028,-0.06594692866744101,-0.10168187143662966,-0.025705678333483695,-0.03769425348245403,-0.013671248900338218,1237
2026-10-01,FR0000422859,0P00000PLK.F,EUR,890.3499755859375,890.3499755859375,-0.008783860364955265,-0.039121520564553536,-0.03998147286876297,-0.0015699741116484978,0.12615639401905182,0.11564976796093455,-0.0637947074712647,-0.11875263294966842,-0.019354115801207605,-0.034466226671757916,-0.019216003644786483,1247
2026-10-01,FR0000438905,0P00000QF5.F,EUR,496.1300048828125,496.1300048828125,0.003499213203247642,0.024004138045020662,0.039843246898415785,0.23317258861301116,0.11200131841784267,0.10096458222866966,-0.0324187350522257,-0.08915819628885746,0.011948488576986271,0.017618245274894306,0.09770306180495414,1195
2026-10-01,FR0000447807,0P00000RUS.F,EUR,218.5200042724609,218.5200042724609,0.014108077803963726,0.02528972583007283,0.04992071852157265,0.17743417524841654,0.12113656167349256,0.10840775169288226,-0.04078916959911527,-0.08659418215219217,0.021799534574039825,0.024931963165104154,0.09882431130482283,1248
2026-10-02,FR0000974149,ODAB.HM,EUR,733.4609985351562,733.4609985351562,-0.008828476792678841,,,,0.09598923786548166,,-0.013827315342687885,-0.013827315342687885,,,,11
2026-10-01,FR0000975880,0P00000MML.F,EUR,415.4700012207031,415.4700012207031,-0.027821940608403484,-0.04758959549501429,-0.06968359204723895,-0.05020229939137877,0.1351270120151144,0.12492414683088852,-0.10466771491647553,-0.12650891219419702,-0.03137137465952933,-0.06071242603051907,-0.053683693472470484,1248
2026-09-30,FR0000980427,0P00001O87.F,EUR,2566.8798828125,2566.8798828125,-0.004379090364334592,-0.01563477501124899,-0.024723140472486027,0.015596655331536091,0.04511596228574075,0.043544514162096176,-0.030913117713922467,-0.04381792125829931,-0.005810730917909623,-0.016194912748360824,-0.006731658113702577,1250
2026-09-30,FR0000987950,0P00000NYV.F,EUR,669.1400146484375,669.1400146484375,-0.0045225654742301336,0.031906857971961244,-0.001953907874923333,0.11905677897495859,0.1482044585777881,0.22056302413174164,-0.10217496300435924,-0.10217496300435924,0.007646135075155547,0.023981896067252206,0.11983213350446542,1126
2026-10-01,FR0000987968,0P00000NZ3.F,EUR,514.6799926757812,514.6799926757812,0.07516185408658216,0.0897080208680765,0.03584438129413159,0.2948575486818239,0.23999331594150758,0.287337419034654,-0.13604509813721777,-0.16322176981876269,0.07375435728751167,0.08646501911410542,0.20044220699725201,1164
2026-10-01,FR0000988057,0P00000NZ7.F,EUR,872.52001953125,872.52001953125,0.006726761671902226,0.02856339474887104,0.040125926575912185,0.1989282302043971,0.11797121774220701,0.10955903125914646,-0.03313392419228933,-0.07747073986381181,0.02012912718268245,0.02577126739176605,0.09602300055961432,1206
2026-10-01,FR0000989915,0P00000QLD.F,EUR,1485.050048828125,1485.050048828125,-0.03976592936426515,-0.09218444784571289,-0.1588882487391997,-0.11147205757965306,0.1429994037597005,0.13101754211116826,-0.16996896371813686,-0.21394730775274584,-0.05801987803511033,-0.11082780916265789,-0.1316726925789904,1248
2026-10-01,FR0006174348,BVI.PA,EUR,26.600000381469727,26.600000381469727,-0.005979067490418988,-0.02385319701028521,-0.013353068072256224,-0.0186546972992927,0.19532352223369526,0.23133197407142347,-0.0922446436868195,-0.13772048651286128,-0.026639329352266428,-0.035281131040475255,-0.0011714046659475619,1290
2026-10-01,FR0007023692,0P00000C3O.F,EUR,377.2200012207031,377.2200012207031,-0.018806114596856216,-0.023353327572834814,0.0034848701706040597,0.07522166194023883,0.08867128711787718,0.07815160732279118,-0.033364056323013425,-0.057652550446265716,-0.014379829928014232,-0.015310944149636185,0.031839538721397664,1229
2026-10-01,FR0007028543,0P00000PY3.F,EUR,106.5500030517578,106.5500030517578,0.0006573975640249419,-0.01905726056418633,-0.03957093287398339,0.03286156717047084,0.09958420705101799,0.08420070221333607,-0.045613735348593254,-0.07215834198969395,-0.006494359651776249,-0.020698123354492504,-0.0066031971682095625,1210
2026-10-01,FR0007052782,CAC.PA,EUR,79.4800033569336,79.4800033569336,-0.02942967457170953,-0.04973692088799442,-0.05335869195319676,-0.028599319807118606,0.1180228202855116,0.10709164378068399,-0.09702333119556572,-0.10850611902089558,-0.03210678404071876,-0.05771771140364257,-0.03354851904586986,1290
2026-10-01,FR0007054358,MSE.PA,EUR,70.36000061035156,70.36000061035156,-0.015117606301042419,-0.03178749988713914,-0.016081687757302676,0.05852263153617687,0.12703363261372003,0.11410632070786106,-0.05759446612430452,-0.10843727157026495,-0.01951629337505445,-0.03182749124796436,0.025832439335791824,1290
2026-10-01,FR0007061882,0P00000O6Y.F,EUR,681.7999877929688,681.7999877929688,-0.01145429066875392,-0.03557539285634426,-0.02297125217359508,0.0482457576755404,0.13020328931484723,0.11963536283110728,-0.05814422910075656,-0.12151241584563843,-0.022284698440188766,-0.03268746946247947,0.005447134051782987,1248
2026-10-01,FR0007062567,0P00000K4N.F,EUR,583.8200073242188,583.8200073242188,0.007698187802787082,0.016682950077951952,0.030010073638241597,0.18824420100471428,0.17131721350472986,0.14701728078128118,-0.07313298381321787,-0.17320314463395015,0.02421956866674435,0.023461692717027027,0.07001652145611592,1203
2026-10-01,FR0007064324,0P00000H22.F,EUR,503.0199890136719,503.0199890136719,-0.04031295319314632,-0.08065436065300191,-0.04397898987368054,0.025274130732324762,0.11577054600812813,0.1158408783546838,-0.09569440177317412,-0.11572468910534484,-0.047838097968714965,-0.06717347119009276,-0.056653594787805295,1241
2026-09-30,FR0007072160,0P00000IK7.F,EUR,172.99000549316406,172.99000549316406,0.00011565168711191731,-0.007971093879613922,-0.012895831708050975,0.0034805157238817497,0.02410931611417956,0.02007214976216171,-0.015104931135409005,-0.025147919362124238,-0.0025686485273603843,-0.00778329610005124,-0.005420455198659746,1249
2026-10-01,FR0007076930,0P00000NME.F,EUR,537.530029296875,537.530029296875,-0.03426149321869343,-0.054509936624442035,-0.04364297115658289,0.016893783812681473,0.10907637619645821,0.10607509308852793,-0.09380102705181681,-0.09380102705181681,-0.03782947574916529,-0.060005822890791816,-0.005361165111066768,1241
2026-10-01,FR0007374145,0P00000QRC.F,EUR,504.7799987792969,504.7799987792969,-0.060752087418726064,-0.08496333465143746,0.17480853446663702,0.1017307636587923,0.4008343229102155,0.4529209294576564,-0.1443246314709533,-0.3714610457589358,-0.05775845373966593,-0.012135870704072849,0.007442654581289343,1176
2026-10-01,FR0007382965,0P00000MUL.F,EUR,3556.639892578125,3556.639892578125,-0.00384280980936047,-0.00791907919508228,-0.007575819506289272,0.035167786322224615,0.04971821078436504,0.04622460752217641,-0.024007435772887664,-0.05346302661329583,-0.004033300202689327,-0.009299460611184918,0.013656185882366945,1247
2026-09-30,FR0007390174,0P00000FNC.F,EUR,101.6500015258789,101.6500015258789,-0.052302820237000724,-0.06657483836928246,0.15800869149537178,-0.056875091137925105,0.3549979158690023,0.4265844086087595,-0.12926157798546456,-0.33703705023274577,-0.052903237922978574,-0.017528858264587943,0.010419813338226058,1252
2026-09-30,FR0010004085,0P00001NLH.F,EUR,992.4199829101562,992.4199829101562,-0.0059896247572867045,0.004026527112338307,0.013211094355612518,0.16082017406367433,0.10665268331527963,0.11172998774550165,-0.0345192340392364,-0.0930771863389761,-0.0013675253181717473,0.0013825535695242142,0.05949474131999266,1212
2026-10-01,FR0010058529,0P00000QIF.F,EUR,1153.1300048828125,1153.1300048828125,-0.011800513534280133,-0.027181820868725448,-0.042537099448547,0.047405005044961035,0.15296442432118013,0.14198897846489678,-0.07672122846149532,-0.16355001019165538,-0.01628072083950005,-0.034526555786594804,-0.006747365061287813,1250
2026-10-01,FR0010086512,0P00000G8V.F,EUR,331.07000732421875,331.07000732421875,-0.029034794442448053,-0.06932224693029099,-0.06437755655324984,0.036180392492471514,0.14188394369951504,0.1307843769757711,-0.1016957854026691,-0.11388989985918296,-0.03634339799192421,-0.06211930942627697,-0.04332998782844977,1242
2026-10-01,FR0010097683,0P00000CGO.F,EUR,585.969970703125,585.969970703125,-0.013385662102286755,-0.01145495470449287,0.0025149199369118858,0.0780226163349329,0.08328212922707011,0.0781193600540571,-0.024798944578964477,-0.08550661982129948,-0.005645754829445626,-0.004998739911098671,0.012709764761786646,1238
2026-09-30,FR0010128587,0P000015L9.F,EUR,692.1400146484375,692.1400146484375,-0.016329591055868398,-0.018978660145453907,-0.06559740674943881,0.017389156608454526,0.14682573209692298,0.131413649241528,-0.07241498930465418,-0.09552951169543256,-0.010489247372251875,-0.020917281203492677,-0.011413698386987803,1234
2026-10-02,FR0010135103,Y9U6.F,EUR,848.5260009765625,848.5260009765625,0.003994529332044472,,,,0.0830906285530362,,-0.010894342592280948,-0.010894342592280948,,,,11
2026-10-01,FR0010147603,0P000018HU.F,EUR,442.0799865722656,442.0799865722656,0.007291245109942057,-0.0021443518715411614,0.01993351809291588,0.07603931095521199,0.07510428964263363,0.1118898309040531,-0.03379935819021429,-0.06154886324087783,0.007079009659227475,0.011024087753264133,0.04164295138193652,1250
2026-10-02,FR0010149120,Y9U4.F,EUR,1910.6669921875,1910.6669921875,0.0017443279262261413,,,,0.023715641538497728,,-0.004180880996284775,-0.004180880996284775,,,,11
2026-10-02,FR0010149302,Y9U3.F,EUR,1928.362060546875,1928.362060546875,-0.006556092287009041,,,,0.20457407822929136,,-0.023815523583374132,-0.023815523583374132,,,,11
2026-10-01,FR0010156604,0P00001BB3.F,EUR,249.8600006103516,249.8600006103516,0.0007209545812671969,-0.013736463952962352,-0.007349751913592328,0.013384178635764687,0.044081481995270594,0.03200957100088776,-0.015730978957441466,-0.02863110837153171,-0.005088832101823981,-0.008628176458287062,0.0073190514464600565,1250
2026-10-01,FR0010158048,0P00001BW0.F,EUR,321.1300048828125,321.1300048828125,-0.007663485618516375,-0.028703618578819756,-0.03787034349077323,0.04982179706614631,0.10646123175790262,0.10546460881222518,-0.06212029612390213,-0.12274891322971371,-0.01374362312726607,-0.02976477926398835,0.0017704977129575639,1250
2026-10-01,FR0010174144,0P0000M6PZ.F,EUR,250.3500061035156,250.3500061035156,-0.018697041019779093,-0.052888363707944364,-0.051021536634859976,-0.032949623835020314,0.06159469897776541,0.08267128222840221,-0.07803639159825959,-0.08074462264107607,-0.030130447179327113,-0.048970314407683735,-0.03719497974347885,1058
2026-10-01,FR0010177899,0P00000PNB.F,EUR,88.98999786376953,88.98999786376953,-0.002801434401440095,-0.013195857589035187,-0.023054106472145675,0.005082414090683329,0.04836061385384546,0.04528483179885225,-0.02955288085780705,-0.046937452596716,-0.006963225103597481,-0.01580857326781082,-0.003732524262452741,1248
2026-10-01,FR0010208488,ENGI.PA,EUR,22.520000457763672,22.520000457763672,-0.03842867701103325,-0.053383791882696485,-0.1690036848426666,-0.1780221123618534,0.15627320783503978,0.2018972057427414,-0.18963657013840252,-0.1988986334149726,-0.04898646792126149,-0.09620661706740641,-0.1188316639049114,1290
2026-10-01,FR0010220475,ALO.PA,EUR,15.135000228881836,15.135000228881836,0.040921614070828394,-0.06429669596495813,-0.031669858089235725,-0.3335534637150215,0.27534634161650073,0.2711638780017646,-0.1409157685505299,-0.5127345882204348,-0.018180032064528562,-0.049004377592162585,-0.24845723923396268,1290
2026-10-01,FR0010221234,ETL.PA,EUR,1.5295000076293943,1.5295000076293943,-0.09577295051986257,-0.16557552985051438,-0.3684970887732213,-0.3869739167195744,0.4131070362197434,0.41329015308382944,-0.3684970887732213,-0.6608647605304883,-0.1336977100145632,-0.19826600178608866,-0.33683523206659316,1290
2026-10-01,FR0010229187,0P00000FV4.F,EUR,318.75,318.75,-0.006483142659101548,-0.02908921153841504,0.00040802487227664663,0.12003234162015852,0.10472014932648101,0.11096411504715642,-0.040434204459219525,-0.07929475665366614,-0.013345762486400514,-0.01583858952332473,0.03105955509731828,1244
2026-10-01,FR0010230490,0PP1.MU,EUR,684.1090087890625,684.1090087890625,-0.018527367497006342,-0.040937304775589656,-0.06151191769228115,-0.04871235801904372,0.06944305657266826,0.0481221304581784,-0.06151191769228115,-0.06956858838666835,-0.020398458102602768,-0.037334432904620685,-0.0504473618212149,218
2026-10-01,FR0010261198,MEU.PA,EUR,240.8000030517578,240.8000030517578,-0.014528352621582807,-0.032154340441610696,-0.017343399090276046,0.03779685522820175,0.10273437058861976,0.08427269219856237,-0.04558065739555639,-0.09773398341024497,-0.018024620331762664,-0.028707178852754422,0.01899961480710921,1290
2026-10-01,FR0010286013,0P00000EUQ.F,EUR,488.25,488.25,-0.012099651687265789,-0.022326780201754604,-0.00456684189070744,0.030541604242444453,0.06296851696790556,0.05719681677097972,-0.03196065442680052,-0.06016847910817125,-0.014095455102022036,-0.0172018353780492,-0.007490220872365061,1231
2026-10-01,FR0010307819,LR.PA,EUR,139.75,139.75,0.03826146852121037,0.024184705940371476,-0.011319462571115047,-0.039426424054781695,0.4329222236438082,0.3134452934447328,-0.0944234578808334,-0.18306531519533542,0.008242685280427597,0.018942488527866397,0.005011408113095195,1290
2026-10-01,FR0010313833,AKE.PA,EUR,54.0,54.0,-0.04761906043402109,-0.09395970834718492,0.003717486352707633,-0.03098215920661951,0.1786508903489706,0.25478849405075704,-0.13392139019196325,-0.22841862264948765,-0.053503351542772415,-0.08107003954283887,-0.03426724049014773,1290
2026-10-01,FR0010315770,WLD.PA,EUR,433.9100036621094,433.9100036621094,0.0033993183156135753,0.008084963979146709,0.024943893719967747,0.12359524545954392,0.0908011591036645,0.09213206359694545,-0.030554849535535222,-0.06579517880427155,0.009158744148272557,0.012273925910166739,0.07805923646041313,1290
2026-10-02,FR0010321828,EHQ1.HM,EUR,368.1549987792969,368.1549987792969,-0.0033487447412009486,,,,0.10438344881376152,,-0.01188245815572242,-0.01188245815572242,,,,11
2026-10-01,FR0010340141,ADP.PA,EUR,104.3000030517578,104.3000030517578,-0.03515259459761233,-0.0297674134720205,-0.04136029295752208,-0.03384467036832317,0.29608066412063877,0.3234448376724886,-0.1520324955141642,-0.23520484593542768,-0.04122808445730275,-0.05908883128770592,-0.038162904818567545,1290
2026-10-01,FR0010363366,0P00006A6D.F,EUR,347.0899963378906,347.0899963378906,-0.005387296547658016,-0.0077189517741313995,-0.021592681218067344,0.024771136192729193,0.047388033243608296,0.0484533149999684,-0.026040348251668233,-0.06620432661115794,-0.006436463866382525,-0.012626021489483663,0.0054051739902354345,1247
2026-10-01,FR0010375600,0P00006TTL.F,EUR,285.0899963378906,285.0899963378906,-0.001645893068781934,-0.016422320736212193,-0.032806395397473986,0.016943711429156405,0.13646491744334552,0.12586284995354158,-0.07005546642478755,-0.11891872079739285,-0.0020128579034405236,-0.019058677903155075,-0.0010274020264086081,1250
2026-10-01,FR0010380675,0P00007ZHT.F,EUR,3125.909912109375,3125.909912109375,-0.024753166801536497,-0.012544210488972252,0.026702862376142944,0.19941292712549274,0.08750543574654326,0.12696023438951445,-0.0328478637587033,-0.08934768111999025,-0.018118560478664114,0.002006215106584719,0.10478471039687198,1213
2026-10-01,FR0010400762,0P0000KOPQ.F,EUR,258.5,258.5,0.0006193530400926406,-0.00427558805205186,-0.022092745777395284,0.03082504125629182,0.0677001448566192,0.06714309652481805,-0.02931830259274737,-0.05504625658299789,-0.0032831887965375506,-0.005288706456508807,0.010434446058168012,1223
2026-10-01,FR0010411983,SCR.PA,EUR,31.3799991607666,31.3799991607666,-0.050242182468603236,-0.08885016225201836,-0.00570343181944688,0.0151883738962586,0.23620816664298702,0.198799077746825,-0.09515574150432382,-0.18987342828689058,-0.03866186420950857,-0.062130161111263904,0.03409813928625427,1290
2026-10-01,FR0010415448,0P00008IB9.F,EUR,579.4600219726562,579.4600219726562,0.058181241430166564,0.04644784951759595,-0.013063517187623774,0.3004915331992093,0.22804241658108665,0.28026074452195454,-0.12336278519820809,-0.15046376283067087,0.06258599979784418,0.059510420759179006,0.16526116455450524,1171
2026-10-01,FR0010451203,RXL.PA,EUR,34.20000076293945,34.20000076293945,-0.05629141338421839,-0.03716215309157478,-0.09857664731533866,-0.05539892381544309,0.3832033198539354,0.2903853608700085,-0.1297709560592487,-0.16975636676009265,-0.055900595085931704,-0.05936453051132684,-0.03721489409499812,1290
2026-10-01,FR0010533075,GET.PA,EUR,18.200000762939453,18.200000762939453,-0.01939648240095737,-0.020452053946553583,-0.021505355393904968,-0.02447641491446484,0.11404841770977399,0.12651208975290032,-0.0618556123292201,-0.07211297161310692,-0.017676388787993713,-0.023940232786795357,0.02826466590764176,1290
2026-10-01,FR0010546903,0P00000PUS.F,EUR,75.12000274658203,75.12000274658203,-0.01235859640000092,-0.029582751675391705,-0.01996084473371229,0.07698928668934801,0.13815204772418846,0.11494996714489945,-0.05318872934322583,-0.11959289705296672,-0.021970471047059736,-0.032133334238734435,-0.006787967557895458,1245
2026-10-01,FR0010546929,0P00000MHU.F,EUR,39.36000061035156,39.36000061035156,-0.03149603342816265,-0.04950493225342667,-0.03149603342816265,0.14318908688579546,0.13983686734162903,0.11948632572964384,-0.0655270273391173,-0.09560373294814584,-0.039730641805073574,-0.04881583831919867,0.03356188862819276,1240
2026-10-01,FR0010557967,0P0000ADK9.F,EUR,196.1300048828125,196.1300048828125,-0.005678048756337151,-0.01223807768764762,-0.009344332178249481,0.05896008732301228,0.0768341348554088,0.08744058667793678,-0.03502118244865027,-0.07679091971778229,-0.008988953277862088,-0.014764692630262366,0.024278394937776726,1250
2026-09-30,FR0010564351,0P0000J3CO.F,EUR,203.4499969482422,203.4499969482422,-0.0036241024747351025,-0.009590114099226721,-0.011562963910217605,0.06876442685396156,0.07187836252351512,0.07063836901084901,-0.03237068132455978,-0.06353414906261601,-0.0033263396313328863,-0.009667256506901367,0.013677784060040832,1241
2026-10-01,FR0010592022,0P0000D2MT.F,EUR,131.00999450683594,131.00999450683594,-0.0017525981156721882,-0.007199243397215005,-0.005616739986065045,0.06089559294803992,0.10444155478962816,0.09444254732135114,-0.05379817857654812,-0.08556696470410918,0.0014829542264089834,-0.012144463770980218,0.026902754287858377,1251
2026-10-01,FR0010601971,0P0000KWR3.F,EUR,334.5299987792969,334.5299987792969,-0.020782735714186207,-0.03643641385838081,-0.05478643171558506,0.0200639924602648,0.08106047163434422,0.07093380188400528,-0.0672262293229462,-0.0711168777125627,-0.024909938826789157,-0.0437481084331478,-0.0229992281501753,1246
2026-10-01,FR0010611293,0P0000GBJZ.F,EUR,1864.9300537109373,1864.9300537109373,-0.0014403044587673053,-0.014109568240526449,-0.026349571922222537,-0.014505517444195926,0.05037453925695283,0.04365220680357019,-0.029465792552069048,-0.046674149360825035,-0.005720364231000641,-0.015981352101895663,-0.013805413608950268,1246
2026-09-30,FR0010616177,0P0000HR6L.F,EUR,179.91000366210938,179.91000366210938,-0.024402146904379474,-0.037039009265775635,-0.05110760616809151,0.008803450467971041,0.10513343760854992,0.0862186377576092,-0.056185036876608585,-0.09792365079112963,-0.021326695594179546,-0.034926303349912535,-0.010965340232525378,1241
2026-10-01,FR0010651224,0P0000HR5T.F,EUR,4493.31982421875,4493.31982421875,-0.02726831168405608,-0.07259770366543006,-0.07433630544032377,-0.033688471836859635,0.10968809987370881,0.1310659895966781,-0.11432705818944777,-0.1305381968790127,-0.040443848052157616,-0.07003716793734249,-0.04313773810572896,1251
2026-10-01,FR0010657122,0P0000HX49.F,EUR,1304.9599609375,1304.9599609375,-0.024649821302207497,-0.04044236711357685,-0.07007773424703245,-0.07538829605372355,0.12103493423299581,0.1076081218039195,-0.08575914766208714,-0.11219361897821434,-0.028154255663566108,-0.05180006706084972,-0.05675177545396903,1248
2026-09-30,FR0010668145,0P0000IT7S.F,EUR,678.9299926757812,678.9299926757812,-0.009324132638979576,-0.011588495687668954,-0.05387482090449136,0.034496968423147534,0.10893709073600988,0.12276239681393379,-0.06995667126656246,-0.10189111228019454,-0.003641714809938801,-0.02474894616390022,-0.01021061399530121,1241
2026-10-01,FR0010679902,0P0000IKS1.F,EUR,411.8999938964844,411.8999938964844,-0.008855076747400936,-0.06083267247167268,-0.05661674109557979,-0.01609980058311722,0.10931417973765963,0.10721779109942184,-0.09552042288759421,-0.13823713827402528,-0.028060946035996293,-0.05992087338596008,-0.053318042567678026,1251
2026-10-01,FR0010687749,0P0000HRVB.F,EUR,349.20001220703125,349.20001220703125,-0.00529819792769759,-0.022888781028651883,-0.03883731646907651,0.03947136294951292,0.1350982431879868,0.11603627845917994,-0.05663693095460853,-0.10297291465046632,-0.014220646568443018,-0.028259469710354757,0.00851420958496929,1249
2026-10-01,FR0010689141,0P0000IKSO.F,EUR,1944.760009765625,1944.760009765625,-0.003162616688166753,-0.0393115570498751,-0.0009144580954688619,0.020453557005281064,0.09571874540327768,0.10940527822492793,-0.054095843227893514,-0.11447905426548899,-0.01574844595930891,-0.02953404729546416,-0.011344151665559132,1251
2026-10-01,FR0010697482,0P0000J0GI.F,EUR,142.6300048828125,142.6300048828125,0.0016152457597387038,-0.0007005594319321462,-0.0011904633425231514,0.005924336246948991,0.01069981582833274,0.008501787204573561,-0.003987738313159794,-0.009263859031025667,0.0006525052081187699,-0.00048489859329370333,0.002702401721334624,1249
2026-09-30,FR0010697532,0P0000JC17.F,EUR,217.0399932861328,217.0399932861328,-0.0030775499842548015,-0.0077718394639265664,-0.01403721222976706,-0.002985939399988702,0.01371036762018927,0.01134604878261256,-0.015036557875678258,-0.016377015249790627,-0.0036724446640631347,-0.007998562561944866,-0.00818895982576584,1249
2026-10-01,FR0010700823,0P0000IVLV.F,EUR,1458.3399658203125,1458.3399658203125,0.002784813654106655,0.026233871679888,0.031919776664092625,0.15830435484906213,0.11621459464605072,0.10911121284500667,-0.038700809851986206,-0.10079621358980673,0.01638872574231942,0.0191933841309746,0.07144109000639509,1212
2026-10-01,FR0010702084,0P0000KU3M.F,EUR,246.07000732421875,246.07000732421875,-0.01121109571361456,-0.03766128173232908,-0.05814132233644609,0.010305509076962593,0.11754529006607291,0.10218486969195796,-0.07118856253713468,-0.11380472679777409,-0.01652444998139202,-0.038653840918905225,-0.019606056861194432,1250
2026-10-01,FR0010751008,0P0000KM3H.F,EUR,1502.56005859375,1502.56005859375,0.005655589832765262,-0.015011801640258393,-0.032684554407157784,-0.022311818028376007,0.05389510713949546,0.0388073099677356,-0.04044211343777804,-0.0431709631640359,-0.0028754136331736735,-0.015920004138246013,-0.022484933860905443,1250
2026-10-01,FR0010752543,0P0000KTWR.F,EUR,416.3800048828125,416.3800048828125,-0.0022285415667537833,-0.015789705276628263,-0.02594333241214941,-0.009043714263427427,0.03448538036424346,0.02639293851052051,-0.026738701296327827,-0.027921170966893616,-0.007817024016394947,-0.015969273388602767,-0.015454825489684576,1251
2026-10-01,FR0010784348,0P00001NRR.F,EUR,1117.02001953125,1117.02001953125,-0.03361102524510007,-0.062422879328171144,-0.07791747796802273,-0.044792204369123345,0.12472194469079641,0.12192322632476349,-0.11579199211823721,-0.11998356423860601,-0.044983287963150986,-0.07483374988469338,-0.04981260013191069,1250
2026-10-02,FR0010836163,69X3.MU,EUR,3002.56689453125,3002.56689453125,-0.01039293434958144,,,,0.05539462448902532,,-0.01039293434958144,-0.01039293434958144,,,,11
2026-10-02,FR0010858498,0PP0.MU,EUR,548.27001953125,548.27001953125,0.0,,,,0.03854799592898624,,0.0,0.0,,,,11
2026-10-02,FR0010859769,EHQ8.MU,EUR,513.8499755859375,513.8499755859375,0.005715035233817556,,,,0.08802406805949137,,-0.0064036680561671,-0.0064036680561671,,,,11
2026-10-01,FR0010896944,0P0000P2U7.F,EUR,141.4499969482422,141.4499969482422,-0.02983543218425999,-0.043675252206907156,-0.037755122801073515,0.03157819417477459,0.128246296500964,0.10878000547731811,-0.061442567534388925,-0.09251694310225123,-0.035859626336422035,-0.04494338462212655,0.013616985242724589,1251
2026-10-01,FR0010908533,EDEN.PA,EUR,26.84000015258789,26.84000015258789,-0.021509301714319085,-0.10533332824707031,0.1397028034867145,0.47447890929620495,0.28527734664669013,0.2906547044007475,-0.1208647379975889,-0.41323413035555057,-0.052811738419801024,-0.0636403538304523,0.2421394865499411,1290
2026-10-02,FR0010909531,ROY2.MU,EUR,294.95001220703125,294.95001220703125,0.0,,,,0.027019152006051417,,0.0,0.0,,,,11
2026-10-01,FR0011034131,0P0000VH9P.F,EUR,488.1499938964844,488.1499938964844,-0.011862139943117356,-0.02568758811903671,-0.013280254099303668,0.038086942910114274,0.10320604179893579,0.09783969665680681,-0.04443576771227731,-0.08317117171309074,-0.012831280995673766,-0.023672673373357545,0.021335256312160267,1251
2026-10-01,FR0011069137,0P0000TV0S.F,EUR,296.1199951171875,296.1199951171875,-0.007308054860847846,-0.002089354780586916,0.014874207814269624,0.13230348561121574,0.1127329506392729,0.11646834381389101,-0.03883555398547767,-0.10720976035915342,-0.00439939429951175,-0.0020463374484734898,0.04212525245419951,1214
2026-10-01,FR0011153014,0P0000UUVR.F,EUR,263.0799865722656,263.0799865722656,-0.01740495940867892,-0.029260997408241174,-0.01941936638234476,0.0332665093343143,0.08848041553024817,0.07895534689879723,-0.04719133486862548,-0.07922510462060839,-0.024346875076447394,-0.0316813078234115,0.015887772727603888,1248
2026-10-01,FR0011169341,0P0000V0BE.F,EUR,602.52001953125,602.52001953125,-0.0037862767424274857,-0.016390195356142834,-0.03273338763601763,0.0352755711289936,0.13126557301552208,0.12188706963180927,-0.05687711868348344,-0.1248088989990811,-0.009929918434381624,-0.023905945571848886,0.009655625441455484,1250
2026-09-30,FR0011170182,0P0000VOSS.F,EUR,1256.22998046875,1256.22998046875,-0.039895195844927955,-0.05412915618523928,0.004076295481711512,-0.12347891203765615,0.2740761587444886,0.28251315250239223,-0.11457842692700382,-0.3734400146634508,-0.052130455075034554,-0.046452648643302896,-0.12852313334384602,1192
2026-10-01,FR0011198332,0P0000VG0E.F,EUR,118.61000061035156,118.61000061035156,0.0017736408932964576,0.0002529834612385873,0.002620435761596207,0.009275051041702564,0.0070380638863998994,0.004310503819586589,-0.001938765344887683,-0.001938765344887683,0.0010592176193995329,0.0008590193968383009,0.007337406676399372,1249
2026-10-01,FR0011261197,0P00017SX2.F,EUR,3357.389892578125,3357.389892578125,-0.0121459365710046,-0.027142432883012213,-0.0026320408234311587,-0.0010830420100446103,0.10375456799634386,0.10461151440240365,-0.04791632439583271,-0.09957122066905022,-0.011934613632882285,-0.02088978874980485,-0.026338942586025316,1248
2026-09-30,FR0011271550,0P0000WJFT.F,EUR,309.5899963378906,309.5899963378906,-0.012692575480323098,-0.03370897286670338,-0.04415084647196876,0.02462353993611255,0.09999127464182585,0.10350206158537346,-0.06780882842120162,-0.1080676260275274,-0.014138784379408076,-0.03824946791055561,-0.010536095970246184,1251
2026-10-01,FR0011288513,0P0000XP79.F,EUR,134.07000732421875,134.07000732421875,-0.0014895132336211203,-0.01440852365409584,-0.02402262437407532,-0.01121018552050157,0.03079713867855137,0.022940545175952582,-0.02562414747608488,-0.029187461979047202,-0.0059647520383852015,-0.014138932094991286,-0.01595155481824717,1250
2026-10-01,FR0011350685,0P0000XRPO.F,EUR,1318.1600341796875,1318.1600341796875,-0.0005913136770511196,-0.008924606855277295,-0.013973199573789397,-0.003861634644584999,0.01944688669052022,0.014169496388568025,-0.0160377771120076,-0.01867545607765031,-0.003646660307679239,-0.008610932240333269,-0.007623635092001146,1248
2026-10-01,FR0011363746,0P0000YA5J.F,EUR,200.2700042724609,200.2700042724609,-0.0010474434335259186,-0.010328109960401788,-0.019101699228391333,-0.002738786135336957,0.03587978961435203,0.02969460287880616,-0.020540895599197362,-0.031872118869212596,-0.0044243130645372775,-0.0112974613313086,-0.008355452252104989,1239
2026-09-30,FR0011400712,0P0000Y520.F,EUR,932.4500122070312,932.4500122070312,-0.002887250319779322,0.0020741011856504343,0.005738145994844901,0.13527891216619659,0.1226477758017212,0.13452470298345176,-0.07302708876997388,-0.12448297538646003,0.010261354187737437,0.0008176691993950769,0.0351108588262623,1194
2026-10-01,FR0011550193,ETZ.PA,EUR,20.68000030517578,20.68000030517578,-0.014768912306942328,-0.03387060771841277,-0.01874260704456454,0.029880497198676803,0.10679612467639726,0.08649568537018779,-0.04919538826778014,-0.09410045263958577,-0.019207959486558512,-0.031018632989094463,0.014506523801435245,1290
2026-10-01,FR0011586544,0P000115CR.F,EUR,3333.550048828125,3333.550048828125,0.006017588297907439,0.0075439870985689605,0.03227613809172625,0.16384744656650962,0.11502818552462823,0.10793399734110858,-0.03778567595914151,-0.11714410061051672,0.011007811719302651,0.011310689270908503,0.08009578109677373,1253
2026-10-01,FR0011631050,0P00011S1H.F,EUR,218.9900054931641,218.9900054931641,-0.013602941707108185,-0.032216693147692266,-0.038800843904859494,-0.01253550401650072,0.12797338276290138,0.11101406223266967,-0.06622035858934383,-0.1151385532086443,-0.022154322257791903,-0.03858815591072973,-0.034179029006156436,1250
2026-10-01,FR0011694256,0P00014KUO.F,EUR,151.69000244140625,151.69000244140625,-0.03419072456806915,-0.07832056900133177,-0.13131367149788853,-0.10194778785956526,0.1328441951048584,0.12137907312929197,-0.14843093087433812,-0.17317128044157837,-0.04999293813044925,-0.09493486136011697,-0.10030321618158333,1250
2026-10-01,FR0011726835,GTT.PA,EUR,209.3999938964844,209.3999938964844,-0.06266786205234676,0.006730739886944281,0.09633504657845227,0.0725661287724495,0.26616352445407415,0.2288990700649157,-0.077533066535311,-0.15003473389952182,-0.044141168630166705,0.003036863451251204,0.09029829365075281,1290
2026-10-01,FR0011950732,ELIOR.PA,EUR,1.7699999809265137,1.7699999809265137,-0.007291088894962772,-0.14410062185973171,-0.12115191928145819,-0.31342128247366385,0.2844810150128478,0.2219347157536416,-0.17750928358982165,-0.40763051183395593,-0.07074420577062268,-0.12527799579727483,-0.2468376389371576,1290
2026-10-01,FR0012333284,ABVX.PA,EUR,84.1500015258789,84.1500015258789,0.033149228714550505,-0.151285928080242,-0.31362151245343095,-0.18774128604934992,0.4568686426418913,0.3628479240509847,-0.337266103035065,-0.4844771430760161,-0.08125663568552599,-0.15562912505480497,-0.17456298946993276,1290
2026-10-01,FR0012355139,0P0001572S.F,EUR,127.5999984741211,127.5999984741211,0.001412653490522775,-0.016570339313132232,-0.04031293598894703,0.002356601847380402,0.08103838616658657,0.06600056519616551,-0.04443611776022083,-0.05565120950851987,-0.00747120801244483,-0.020963371175931167,-0.025030966350870987,1248
2026-10-01,FR0012435121,ELIS.PA,EUR,21.040000915527344,21.040000915527344,-0.0505414683933566,-0.1016225086683783,-0.18827157200627398,-0.17539356739375578,0.3469916837555374,0.2670183160548399,-0.1949347669920357,-0.2560284051549274,-0.060546489446760776,-0.11370219308374485,-0.15581468610900762,1290
2026-10-01,FR0012757854,SPIE.PA,EUR,41.060001373291016,41.060001373291016,-0.050855225002334636,-0.04427287809846081,-0.14924165000897105,-0.11466404533364172,0.2715517183685235,0.2310334291807838,-0.1523797411535872,-0.21585082940225453,-0.05448522299932257,-0.08420931109503549,-0.12392928349328247,1290
2026-10-01,FR0013176526,FR.PA,EUR,13.899999618530272,13.899999618530272,-0.04204001383386413,-0.04038661042544822,0.11556978940406593,0.29611881262077255,0.3728313930063947,0.3547416615720388,-0.10293644910028732,-0.2740685965690174,-0.05121075042508827,-0.0412140249427525,0.10755384661386524,1290
2026-10-01,FR0013202132,0P0001AC1I.F,EUR,115.18000030517578,115.18000030517578,-0.002943181680840512,-0.014544806538250188,-0.021991987872261753,0.0005211740545716381,0.03956001052876387,0.02668000768159,-0.023180740471726802,-0.027311290746644623,-0.005688930441697937,-0.01265089145640963,-0.013353310013243469,1242
2026-10-01,FR0013227113,SOI.PA,EUR,158.5500030517578,158.5500030517578,0.09989600946923538,0.2838056927267838,0.5230548066835257,1.0639156948921493,0.9666713360952688,0.980003647413656,-0.19213484289047866,-0.5504682471501512,0.10645871888887037,0.25814762789082324,0.7213395384902772,1290
2026-10-01,FR0013254331,0P0001BGYT.F,EUR,417.3200073242188,417.3200073242188,-0.007184633962941223,-0.0037955559045876885,0.01644055795500332,0.11687411786719504,0.10995062384291421,0.11341217453415575,-0.036921992311737206,-0.11598420067942472,-0.0033649294111419703,-0.004246223245107483,0.03480607093666421,1212
2026-10-01,FR0013269123,RUI.PA,EUR,34.900001525878906,34.900001525878906,-0.0028570992606026246,0.02106498578919247,0.10723353486762743,0.06839704580087691,0.25604220821610085,0.19370665139259002,-0.044751350766358944,-0.11528145624745234,-0.00447838729787331,0.02101719441726768,0.06344265914861968,1290
2026-10-01,FR0013280286,BIM.PA,EUR,77.19999694824219,77.19999694824219,0.0006480287929289119,0.016458196843007755,0.07745980885092796,-0.15119251118977972,0.25160539105117846,0.27371063499660114,-0.07805201750923207,-0.4144449472353513,0.04201109429042926,0.047646148165743085,-0.06395276151048068,1290
2026-10-01,FR0013326246,URW.PA,EUR,87.87999725341797,87.87999725341797,-0.04850588271251577,-0.09289843368242312,-0.14221571624043094,-0.11622393235840234,0.16583963455662099,0.1373571458111339,-0.17016056669326274,-0.17016056669326274,-0.054972494548379824,-0.11050473729571164,-0.0892291156216326,886
2026-10-01,FR0013333838,0P0001DXTL.F,EUR,117.93000030517578,117.93000030517578,-0.0010165416643775904,-0.006486913756216572,-0.005061996796594026,0.020420529692683376,0.01994766415721723,0.02797283954700602,-0.014128092314013574,-0.033081040146226814,-0.002659740321011128,-0.006353001534973757,0.008841156504239667,1249
2026-10-01,FR0013334380,0P0001DXU9.F,EUR,101.73999786376952,101.73999786376952,-0.010696212692452467,-0.030863072866820218,-0.05560201714018187,0.04199097193517343,0.18174254136139711,0.15914845830578705,-0.07188473531632189,-0.1084672057823034,-0.021589667872317975,-0.03862510287227927,-0.000553084880317245,1249
2026-10-01,FR0013342755,0P0001E0HL.F,EUR,184.5399932861328,184.5399932861328,-0.0018390933995009462,-0.010668554689257537,-0.05620623721053131,0.0036438689657782852,0.17316003651591577,0.14863296883651553,-0.07626430686469654,-0.11584945799770097,-0.006650543030521261,-0.02462387213425321,-0.008482792797727456,1250
2026-10-01,FR0013351285,0P0001EPLY.F,EUR,158.07000732421875,158.07000732421875,-0.02250942575303405,-0.037039212904873886,-0.05085857033368413,0.00025317057034057733,0.06793251897320407,0.06501260320090878,-0.06267784691464184,-0.09545535463958221,-0.024229100419480343,-0.04248045448636073,-0.032276978561536884,1246
2026-09-30,FR0013433067,0P0001ILL4.F,EUR,95.12999725341795,95.12999725341795,-0.03909093683416209,-0.05465567077527855,-0.06358892919915626,-0.025606883850572637,0.1728127718747212,0.2246771464157189,-0.11316681697844033,-0.20466606893546202,-0.015074677558829519,-0.04941296774001547,-0.0839968360007769,1177
2026-10-01,FR0013451333,FDJU.PA,EUR,20.57999992370605,20.57999992370605,-0.025568224151024554,-0.08001791901536148,-0.10443862777800206,-0.1366356992677864,0.13406271300437717,0.14605332383922087,-0.11900687559972067,-0.2153954981693864,-0.05340141447609015,-0.06793479089494325,-0.07934207752952227,1290
2026-10-01,FR0014000MR3,ERF.PA,EUR,74.54000091552734,74.54000091552734,-0.04091611239358406,0.014701903682476036,0.08343019780756933,0.08615239785248785,0.2867245340644087,0.2500184669473087,-0.07004213550513194,-0.20375860905809895,-0.0024490322766538286,0.03254155510980561,0.1180714470253521,1290
2026-10-01,FR0014003TT8,DSY.PA,EUR,20.56999969482422,20.56999969482422,-0.028342011304081427,-0.08496440775381353,0.12959916139501026,0.15431147688900082,0.33617879255821936,0.3555414651315773,-0.1264616741878486,-0.47274530078621,-0.009223803628609195,-0.03634439103981002,0.033220121829575344,1290
2026-10-01,FR0014004L86,AM.PA,EUR,282.79998779296875,282.79998779296875,-0.030843044470534653,0.018731922100585496,-0.023480725715579798,-0.13152839845596553,0.18250572342340193,0.2312035021008272,-0.14044944087776323,-0.20795749519430162,-0.010150539678860482,-0.04331474491780429,-0.06768216975000829,1290
2026-10-01,FR00140081Y1,0P0001P1UF.F,EUR,127.77999877929688,127.77999877929688,0.0007831960673720939,-0.0028872035490409287,-0.004518555845253847,0.004322843730659276,0.011746301694706035,0.012536084501424401,-0.0075439509013045525,-0.012880632916910884,-0.0006999446420735689,-0.0027409461200695873,0.00029746916348338814,1094
2026-09-30,FR0014008NN3,0P0001P5RF.F,EUR,1119.4599609375,1119.4599609375,-0.031952397635842456,-0.03181841216216219,0.02942637076257304,-0.015296666246110924,0.22372357453520342,0.19621482233186616,-0.070756199625855,-0.21793387774801054,-0.03315589685050446,-0.02625155645940891,-0.04592380371964877,1020
2026-10-01,FR001400AJ45,ML.PA,EUR,33.099998474121094,33.099998474121094,-0.011940344056086794,-0.05021521023306541,-0.03357668688697535,0.12905499145235533,0.18308863926939134,0.17413249433354694,-0.06027861934200207,-0.17488391923233015,-0.017862488007761912,-0.033271849464286074,0.048082818562974694,1290
2026-09-30,FR001400C7W0,0P0001Q63A.F,EUR,120.20899963378906,120.20899963378906,-0.0021416921540298173,-0.004488574168000081,-0.003646962957323363,0.010193598222842715,0.008908166810748519,0.006573026746098163,-0.00527253258887761,-0.010383330479376118,-0.0021863982904289925,-0.0031943515784391696,0.0024535286656603983,948
2026-10-01,FR001400J770,AF.PA,EUR,11.345000267028809,11.345000267028809,-0.010897994515250309,-0.013478237649668823,-0.1326452344646235,0.11007827501036482,0.32628354072697224,0.35125766025894134,-0.15716431200446324,-0.3487062871159111,-0.02086433695641088,-0.042446321986650104,0.00561132555875643,1290
2026-10-01,FR001400KAV4,0P0001RSZC.F,EUR,118.62999725341795,118.62999725341795,-0.0009263989584854526,-0.012075321081996604,-0.018857053507855714,-0.004531349532806206,0.025927556782190754,0.01944799341927913,-0.020097595166455928,-0.023963510996798165,-0.005165817176269072,-0.011616014764519345,-0.010066255656104417,728
2026-10-01,FR001400L7X7,0P0001S005.F,EUR,1085.0,1085.0,0.0006547703215220579,-0.0046601682990973226,-0.006191845923241179,0.006073577008379072,0.013589561584207198,0.01013797668805321,-0.00821875904603675,-0.011346908589593308,-0.0012105223020746347,-0.004000341048126188,-0.0011930947114131563,689
2026-10-01,FR001400MCQ6,0P0001SCG2.F,EUR,111.06999969482422,111.06999969482422,-0.0033201968635684365,-0.013237365814564028,-0.01647038524152311,-0.001887123353489173,0.023324014561284696,0.016628469185752715,-0.017166643701746365,-0.023477096143128984,-0.006156169986906379,-0.011612912651882357,-0.00827258584679813,624
2026-09-30,FR001400TS43,0P0001UK5Q.F,EUR,242.19000244140625,242.19000244140625,-0.026606628279189026,0.00690144127773662,-0.19778069778812757,-0.18148639544607503,0.2762645343865487,0.4129840964008432,-0.24054321492330832,-0.4031498049663377,-0.009607840330565942,-0.046158827659197654,-0.1499963757937942,416
2026-10-01,FR001400U4T1,0P0001UJXE.F,EUR,100.37000274658205,100.37000274658205,-0.0031780682000718263,-0.017713814378429338,-0.02647910541166787,-0.00911931002505717,0.03201352899209052,0.023743290003940397,-0.026867087139304968,-0.02752734698356818,-0.008632589325072826,-0.017067377364738956,-0.01524496793044905,425
2026-10-01,FR001400Y4C3,0P0001VF8D.F,EUR,102.4990005493164,102.4990005493164,0.001191690020790226,-0.009566213597100082,-0.015190250325942456,0.004449040996790776,0.02781973310453647,0.019831976064869992,-0.018998010653424435,-0.018998010653424435,-0.0024923270940815367,-0.008185014726642126,-0.006960831262238121,330
2026-10-01,FR0014010443,0P0001X7LU.F,EUR,120.13999938964844,120.13999938964844,-0.008582281836179595,-0.012980626151899433,-0.017340117041874326,0.020730692478090784,0.13111415437609283,0.11184891261780844,-0.06508550861145868,-0.07909845364679069,-0.009056569212464893,-0.022837340298293207,0.023367336143286677,263
2026-10-01,FR00140182K6,WLN.PA,EUR,10.720000267028809,10.720000267028809,-0.09779495921882497,-0.2651494345779629,0.07966566362295757,-0.029337143655531195,0.40998350457617283,0.7297479479507868,-0.2651494345779629,-0.7105567100228656,-0.15949912668584498,-0.1445065477196532,-0.16090011359799916,1290
2026-10-01,IE0000MMQ5M5,XZME.DE,EUR,11.33199977874756,11.33199977874756,-0.003867846698870858,-0.018024279358148876,0.028685547444649018,0.10104935681652916,0.10514303925715153,0.13208435185890635,-0.034831229676225206,-0.12315044752045123,-0.004410410679617227,-0.001691466321349755,0.05415324415238332,1142
2026-10-01,IE0002EI5AG0,XDEE.DE,EUR,11.755999565124512,11.755999565124512,-0.01375843205702576,-0.05437585154285873,-0.03147141078670279,0.03888296049634188,0.06695276217646502,0.0883852380080655,-0.06861037817093696,-0.07195734552495425,-0.025344726812083884,-0.04298901048586812,0.004964948619643916,1252
2026-10-01,IE0003UN5CT1,JSEE.L,EUR,31.15749931335449,31.15749931335449,-0.010794512528066846,-0.030946297628842934,-0.019279229952277377,0.03996996880759118,0.11644640589752141,0.09958725811428876,-0.049569186207256144,-0.10927735477485356,-0.015389737954394578,-0.028676014208210088,0.014613902686390068,456
2026-10-01,IE00069JGT58,JSEU.L,USD,37.52248354048552,37.52248354048552,0.0009401601831799944,0.006391057062144823,0.040864057175630464,0.17432149825576126,0.12339143012206329,0.12830072019442706,-0.033805521724557974,-0.09540032619128536,0.009365673913239725,0.014598678284418298,0.09017915757566808,796
2026-10-01,IE0006YM7D84,XZHY.L,USD,33.30255691699526,33.30255691699526,-0.012259362031316279,-0.011601527324434757,-0.022203956560554405,0.009771068016592777,0.057577103201446884,0.058045010625067416,-0.024689854285575796,-0.03299643726822499,-0.00816292665248941,-0.01079474229608568,0.003160237915822206,1073
2026-10-01,IE000ANHU3J3,JSEM.SW,USD,36.491779846054776,36.491779846054776,-0.00169497802096219,0.01995067955789387,0.0007459812356773732,0.18215040799268256,0.23645571520912426,0.23018155286384234,-0.083465514868589,-0.13277301158653176,0.0044489353798551345,0.025573057954499934,0.1067576050753638,394
2026-10-01,IE000I8KRLL9,SEMI.AS,USD,18.830765176541117,18.830765176541117,0.02894563845734699,0.14148579255478078,-0.02366853188242557,0.48802508070852757,0.3691489677916825,0.436745821221637,-0.20970860104144706,-0.28230899511903307,0.05817839929926216,0.09277124226750266,0.2708234332183226,1290
2026-10-01,IE000R85HL30,WEBD.DE,EUR,126.63999938964844,126.63999938964844,0.015394468811363415,-0.10873388237340809,-0.08191969589501635,0.012544876549001271,0.5254639824122698,0.3210541791229507,-0.18689110265098707,-0.18689110265098707,0.015447398819898872,-0.0606790679496193,-0.030299210313059044,1282
2026-10-01,IE000RDRMSD1,BLKC.AS,USD,15.025768076471874,15.025768076471874,-0.07715634492348866,-0.035255045077343894,-0.036139576328092726,0.06889968606531816,0.41095962451381557,0.4853954205921565,-0.12696722986829134,-0.4311174525246234,-0.04315119422650693,0.0013285686433790467,0.020276603668736737,1026
2026-10-01,IE000U58J0M1,INRA.AS,USD,21.82038109857649,21.82038109857649,-0.002675233555595513,-0.027219488289336624,-0.1306702642875841,-0.11502480453409702,0.2722229989518458,0.24903301795235447,-0.13313191550686898,-0.26848004196481356,-0.029767741591465224,-0.036203309812309126,-0.09003676578040398,1177
2026-10-01,IE000UX5WPU4,XYPL.DE,EUR,9.81700038909912,9.81700038909912,0.003885888711993468,-0.015010136126271889,-0.025075682124092724,-0.0168055388143179,0.04518727841175151,0.0360683781032073,-0.03239188740138765,-0.04029930153085548,-0.0033350450030754653,-0.013532565121183726,-0.018612091891626714,1096
2026-10-01,IE000VA628D5,SP20.AS,USD,6.076519232734414,6.076519232734414,0.004388149349332515,0.03390398702008701,0.06893993458380554,0.15999571899221388,0.14991834598544068,0.16664221967791876,-0.044330093330838816,-0.1284309111272145,0.020910179194026046,0.04183477346399034,0.11155093829246154,477
2026-10-02,IE0030351732,WYZ1.F,EUR,52.75,52.75,-0.016115164670782223,,,,0.14884264412842746,,-0.03674082391942335,-0.03674082391942335,,,,11
2026-10-01,IE00B3ZW0K18,IUSE.L,EUR,156.33999633789062,156.33999633789062,-0.005660493632466346,-0.016729582780562136,0.022699034025893017,0.11281934817418593,0.10148871664239462,0.11271282225809198,-0.026802918883324978,-0.08666481270306314,-0.006384108690519086,-0.0047762647651279355,0.0498646865569341,1271
2026-10-01,IE00B4L5Y983,IWDA.L,USD,127.71020014731712,127.71020014731712,-0.003713964396424796,-0.004597885251335532,0.02641672014536467,0.12786371258970597,0.11731265375219288,0.11748122804731548,-0.0314395943389254,-0.06426178066922439,0.0008073539682518227,0.0040977512711917186,0.0703197520913581,1271
2026-10-01,IE00B6R51Z18,IOGP.L,USD,29.936767301788866,29.936767301788866,-0.030897378508405238,-0.058557181981310324,0.06138086276387966,0.00609166288087315,0.23237563302910735,0.24958067964078612,-0.08562153816997653,-0.1893189566400566,-0.034099809589132835,-0.018004033748792447,0.060341241889230623,1271
2026-10-01,IE00B6R52143,ISAG.L,USD,48.361429773738045,48.361429773738045,-0.02868596371320331,-0.07006894931827523,0.0013699152427506522,-0.051684653650589274,0.10240862404446677,0.1469323305630346,-0.07721369534247513,-0.0928890168616453,-0.04306602995222708,-0.028720643887729214,-0.006362742377557629,1271
2026-10-01,IE00BDQYWQ65,TIP5.L,USD,4.291878162705744,4.291878162705744,0.007727968131366891,0.01371768446727395,0.0012019011229154053,0.022719038575325534,0.0438494269587646,0.04453309050533925,-0.023758590358265108,-0.0393317021918399,0.012034753221370709,0.012288000423193335,0.02148934463433627,1271
2026-10-01,IE00BF4G6Z54,JREM.L,USD,45.02433321325273,45.02433321325273,-0.011265252569706563,-0.0012023259427942357,0.018646742306929198,0.14661543827532264,0.20120365196859638,0.22142673801888865,-0.08317521735587285,-0.13277031521209293,-0.007965488554080857,0.011168518321100995,0.0845077989201839,1270
2026-10-01,IE00BFMNHK08,XZEU.DE,EUR,36.2599983215332,36.2599983215332,-0.009289622042697343,-0.03164645167442237,-0.01707782809809466,0.06804116367253199,0.11032973777357197,0.09021915728361656,-0.04838921969104015,-0.10329516595899846,-0.012742369479862736,-0.02639688234806492,0.03213387130864631,1281
2026-10-01,IE00BG0J4B71,EH1Y.DE,EUR,4.702199935913086,4.702199935913086,-0.008873796700503478,-0.023893033582410905,-0.02642752280353955,-0.00830825584150352,0.040970442843515406,0.03400053499148454,-0.028129774050570933,-0.03306860401077327,-0.013625536419362039,-0.02060761191391436,-0.015140196030927533,1144
2026-10-01,IE00BG0J4C88,LOCK.L,USD,11.568605226442443,11.568605226442443,-0.0008165902881996923,0.07392783814501858,0.11782883568296953,0.36774892022902916,0.2329261599096941,0.24680318763995732,-0.06918210405872405,-0.12423833383261185,0.03667252370186658,0.06178337206892959,0.21282252421119918,1271
2026-10-01,IE00BG370F43,XZEM.L,USD,59.58661752728466,59.58661752728466,-0.0014615355327041168,0.018788397915538102,0.012161107333058974,0.05135671811685261,0.19014084823802543,0.21102820616428486,-0.08180541545851416,-0.13248037332383544,0.0009712128038634749,0.018668291448354912,0.03151984810697073,1271
2026-10-01,IE00BHZPJ015,EDM4.DE,EUR,10.19200038909912,10.19200038909912,-0.014313323143591017,-0.02562138126868785,-0.020753228615470687,0.04383454043524404,0.1235355008219496,0.10800151639915263,-0.053667599266246535,-0.10782747063876086,-0.01736384947718206,-0.028648732176233427,0.021775422099524544,1284
2026-10-01,IE00BHZPJ239,EDM2.SW,USD,8.316259260861269,8.316259260861269,-0.009267251100807394,0.017710630647882697,0.0017789073997378502,0.14578213183804523,0.19933609141854577,0.21284089152507268,-0.08193844034404107,-0.1345260918002107,-0.002149576725625324,0.016546035901445766,0.08524901011807651,1266
2026-10-01,IE00BJ5JPH63,3SUD.DE,EUR,5.022600173950195,5.022600173950195,-0.02409349885233314,-0.046583133270823085,-0.053054248139085436,-0.04687257943787215,0.05981694648951831,0.05340395369133539,-0.05373217756152204,-0.05996626709503183,-0.029195984519863827,-0.03923548554647471,-0.04387226661433119,1284
2026-10-01,IE00BJZ2DC62,XRMU.L,USD,58.933318431130616,58.933318431130616,0.0010768853140332713,0.010751027690208526,0.03978380284823091,0.17056034402164277,0.12262118848919959,0.1328138218133346,-0.033469853884432466,-0.08608559168927943,0.010883884873225114,0.01784800536741815,0.09121695778745198,1271
2026-10-01,IE00BJZ2DD79,XRSU.L,USD,363.8672420011427,363.8672420011427,-0.008323089336655376,-0.041599514482678956,-0.044714775891169345,0.0898142173315506,0.13174527544467365,0.13996197985617165,-0.07449764261992065,-0.09191930547627514,-0.01976986826596372,-0.039515471850982364,0.025520821431399776,1271
2026-10-01,IE00BKBF6H24,IWLE.DE,EUR,10.717000007629396,10.717000007629396,-0.007914812802622073,-0.020518183832397896,0.00505470316263068,0.07182266113217928,0.09969709871493558,0.09742778385345303,-0.029517160170236978,-0.07851649475827649,-0.009322560119968681,-0.01072628662080255,0.04269706947626162,1284
2026-10-01,IE00BL25JL35,XDEQ.SW,USD,80.22277025002549,80.22277025002549,0.011168707864844585,0.011765530280549275,0.026330675668208903,0.1279057049630843,0.08573262024999533,0.09930371573658757,-0.039215467351097044,-0.0645891391851322,0.01579967572723895,0.01485329652145273,0.07756510542136819,1266
2026-10-01,IE00BL25JM42,XDEV.SW,USD,73.05418771366007,73.05418771366007,-0.013181274943973587,-0.010224117414662448,0.02108190995815651,0.2615273196285437,0.1378905560826225,0.13511062787054565,-0.03157630572934933,-0.05770898221228993,-0.01325815466216329,0.002613844733380999,0.13726037253492862,1256
2026-10-01,IE00BL25JN58,XDEB.DE,EUR,45.0099983215332,45.0099983215332,0.0024498171918969636,-0.011312535685538583,0.023070790187309953,0.06950218131618624,0.07190223343770077,0.08732458881913864,-0.024500063829753338,-0.053087219156055854,0.0031089053578292614,7.995146550721088e-05,0.039676162019705474,1283
2026-10-01,IE00BL25JP72,XDEM.SW,USD,87.6561977640171,87.6561977640171,0.0077693951306521125,0.049314525053523406,0.0004126027316748715,0.18448990026130407,0.16822006965748745,0.21138282183142432,-0.09019751894323846,-0.12784451494966353,0.021497170146799638,0.036269683841047895,0.11424517354135677,1256
2026-10-01,IE00BM67HK77,XDWH.L,USD,53.83497683791465,53.83497683791465,-0.012183015328605773,-0.021192195553883852,0.007671365115249351,0.11639690867009511,0.14880324484432794,0.15663590369401822,-0.05875719335444407,-0.10318579402849182,2.4882273357951235e-05,-0.0012085868127686972,0.05973311901644629,1271
2026-10-01,IE00BM67HM91,XDW0.L,USD,66.40647841690617,66.40647841690617,-0.017764617872344513,-0.016061641709110286,0.11136891111629876,0.08784293419483391,0.17243995357510608,0.20056477466301492,-0.05429453431446529,-0.15272657622424402,-0.008483643171453448,0.016910347360541866,0.12233549030048185,1271
2026-10-01,IE00BM97MR69,XT0D.L,USD,56.42166919193753,56.42166919193753,0.005848938585797825,0.02495340139695501,0.015501751588709034,0.047684251803094435,0.037364179639118526,0.041449472928724425,-0.0240998227837117,-0.035956034609163745,0.015271571526393135,0.020670763658060087,0.03921727096211036,1271
2026-10-01,IE00BMDFDY08,UEEF.DE,EUR,5.603799819946289,5.603799819946289,-0.015426247156746675,-0.031422905078534846,-0.03219239508092364,-0.02617127109043693,0.05734323138802053,0.04483369004360803,-0.036452485144036206,-0.036452485144036206,-0.021006175268777794,-0.027230231275536143,-0.02498354572308137,1284
2026-10-01,IE00BMG6Z448,EXCH.AS,USD,8.269468870129934,8.269468870129934,-0.007779433252089296,0.015955248560142854,0.008264702222300357,0.1742141434739397,0.24694316004873254,0.26693080110587936,-0.11316628814460838,-0.17728773058573388,-0.0042776260829201496,0.027232742281905198,0.12010902706239301,1290
2026-10-01,IE00BQ3D6V05,0P000166SB,USD,82.27093572677863,82.27093572677863,0.03446461324086325,0.05554290740821455,0.00020409407539645485,0.265517412652591,0.14166854948412436,0.2037543952485897,-0.10729351560408851,-0.12341477579416804,0.04457361501208035,0.05343406224103364,0.1256521073774468,1211
2026-10-01,IE00BYVQ9F29,NQSE.DE,EUR,17.538000106811523,17.538000106811523,0.0014847520473884046,0.026814999130637673,0.018940286756105484,0.15579282679026685,0.15358055533642714,0.1760507272802661,-0.07844728120495814,-0.11870130610035734,0.01563587384375409,0.028633773505861493,0.09320478750781369,1284
2026-10-01,IE00BYZK4552,RBOT.L,USD,19.37812055650466,19.37812055650466,0.018514421952269045,0.05523882311937789,0.10106816688183717,0.3406961295334836,0.21053794561892183,0.25955326287164654,-0.07714870408643226,-0.1270730588029788,0.041117940479611814,0.05309448076844969,0.1881142068810968,1271
2026-10-01,IE00BZ02LR44,XZW0.L,USD,49.79161690057126,49.79161690057126,0.001452293939344429,-0.0030199590756774253,0.045313092594780446,0.15836325553212371,0.12795362891064818,0.14017931652924456,-0.03517718499463052,-0.10518426628150501,0.005269522599388177,0.011398707650033257,0.07945093183544749,1271
2026-10-01,IE00BZ036J45,XDGE.DE,EUR,9.54599952697754,9.54599952697754,-0.013435316169757239,-0.03581610113035327,-0.049304461732858296,-0.057491239166127195,0.055916366500626244,0.052167276798641575,-0.049304461732858296,-0.07225724865496508,-0.020751376938843102,-0.030836281350987482,-0.04930335968646671,1284
2026-10-01,IE00BZ163G84,VECP.AS,EUR,46.81999969482422,46.81999969482422,0.0036441192579812487,-0.010802080336180797,-0.019801968337263443,-0.011516618224713948,0.03534801596816716,0.02718681496391341,-0.02544735439129464,-0.03007659148121422,-0.0019910160438905145,-0.010168150012817678,-0.013795882159557404,1289
2026-10-01,IT0000072618,ISP.MI,EUR,6.377999782562256,6.377999782562256,-0.051457494902934164,-0.053428337488615196,0.030537994652089173,0.13890585931795774,0.22601962225931718,0.19046095409615021,-0.0779239624982766,-0.18962136424504183,-0.04951383537303777,-0.051945344785055525,0.07678764436827978,1280
2026-10-01,IT0003128367,ENEL.MI,EUR,8.668000221252441,8.668000221252441,-0.01734495819174442,-0.03902441448417637,-0.11751381831287644,-0.08661460131213539,0.18758419072369184,0.17155748576207247,-0.1369971620497238,-0.1369971620497238,-0.02294410936197866,-0.07144354575418366,-0.07019215312089677,1280
2026-10-01,IT0003132476,ENI.MI,EUR,24.030000686645508,24.030000686645508,-0.01415381798377402,0.018608178883009696,0.15705746181436253,0.05475046809600781,0.22976288881304618,0.27916387417486727,-0.07494912450458358,-0.18371762343297826,0.01004445641057572,0.02459346995800571,0.1399889524376341,1280
2026-10-01,IT0003242622,TRN.MI,EUR,9.137999534606934,9.137999534606934,-0.0017479514078260205,-0.03688874204948911,-0.10367829248233351,-0.07945708655395856,0.17470569065747046,0.15733097216316397,-0.13442623614171878,-0.13442623614171878,-0.012044079438325528,-0.05183081615558116,-0.04920026000283728,1280
2026-10-02,LU0029874905,TEP6.F,EUR,70.39399719238281,70.39399719238281,0.01385525401592047,,,,0.19263113719905983,,-0.02363170189880326,-0.02363170189880326,,,,11
2026-10-02,LU0048574536,FPGK.MU,EUR,60.61100006103516,60.61100006103516,-0.006311861953934739,,,,0.03934109616515358,,-0.015543800677113584,-0.015543800677113584,,,,11
2026-10-02,LU0050427557,FJRC.F,EUR,33.82400131225586,33.82400131225586,-0.002124103032389524,,,,0.16038361883831595,,-0.03541801664949307,-0.03541801664949307,,,,11
2026-10-02,LU0052474979,JPJX.F,EUR,173.0959930419922,173.0959930419922,0.009847779767381049,,,,0.190980881728361,,-0.025892593144885345,-0.025892593144885345,,,,11
2026-10-02,LU0053696224,JPJW.F,EUR,60.560001373291016,60.560001373291016,0.03585113311136179,,,,0.2214922922047144,,-0.026301934376576797,-0.026301934376576797,,,,11
2026-10-02,LU0055114457,FPGL.F,EUR,15.777000427246094,15.777000427246094,-0.025449303215076657,,,,0.13788366343907466,,-0.059549278576264686,-0.059549278576264686,,,,11
2026-10-02,LU0058908533,JPJV.F,EUR,93.36599731445312,93.36599731445312,0.007303933604704271,,,,0.16747883338309624,,-0.04001178913472303,-0.04001178913472303,,,,11
2026-10-02,LU0070212591,IH5Y.MU,EUR,2479.405029296875,2479.405029296875,-0.0007838750207849188,,,,0.0064241599504374315,,-0.0007842682730768713,-0.0007842682730768713,,,,11
2026-10-02,LU0073232471,MSJ6.F,EUR,214.24200439453125,214.24200439453125,-0.0011934689497822282,,,,0.25917725317700907,,-0.034247322862720475,-0.034247322862720475,,,,11
2026-10-01,LU0088087324,SESG.PA,EUR,4.191999912261963,4.191999912261963,-0.06553725920042719,-0.1363823994241018,-0.4615285813196942,-0.3346032086749846,0.4017892740945459,0.4790059106006259,-0.4615285813196942,-0.5759231345272158,-0.09855280081486106,-0.18147703120769976,-0.3436955959160628,1290
2026-10-01,LU0090841262,0P00000DWT,USD,78.84555077162574,78.84555077162574,-0.03968960265525223,-0.05352422372999621,0.13719054963226052,-0.029351928583526532,0.2784502972495864,0.41883097136577285,-0.12249627186583179,-0.35059423030144754,-0.0515366166236364,-0.009586677349007311,0.0022182251250761897,1017
2026-10-02,LU0099161993,C5Q1.F,EUR,333.9020080566406,333.9020080566406,-0.010135764454800245,,,,0.1081741915800018,,-0.015857386028741538,-0.015857386028741538,,,,11
2026-10-02,LU0099574567,FJ2P.F,EUR,98.16000366210938,98.16000366210938,0.029157423787643078,,,,0.1892513573734692,,-0.014109108664772774,-0.014109108664772774,,,,11
2026-10-02,LU0107398884,JPJF.F,EUR,26.30299949645996,26.30299949645996,-0.027543656831824026,,,,0.12080305552297113,,-0.0423432652592407,-0.0423432652592407,,,,11
2026-10-02,LU0113257694,ZPJS.F,EUR,24.194000244140625,24.194000244140625,-0.0011971815681282028,,,,0.03492592761977881,,-0.009802326336384115,-0.009802326336384115,,,,11
2026-10-02,LU0114722498,FJRQ.F,EUR,75.5770034790039,75.5770034790039,-0.010098445251539245,,,,0.08067354405442317,,-0.026696690355944463,-0.026696690355944463,,,,11
2026-10-02,LU0119750205,IUGL.F,EUR,31.02400016784668,31.02400016784668,-0.015236146097433512,,,,0.0938454352254894,,-0.027825820480744223,-0.027825820480744223,,,,11
2026-10-01,LU0131510165,0P00001UFS.F,EUR,886.0900268554688,886.0900268554688,-0.024129926370629162,-0.055119538512845234,-0.05298872140846289,0.009777685717950346,0.10144078464289577,0.10042661227053555,-0.07592110323482704,-0.07983177414353115,-0.02928125679698579,-0.049857648211038774,-0.03221561530954897,1087
2026-10-01,LU0138007074,0P000026CA.F,EUR,9318.2197265625,9318.2197265625,-0.008152357232659946,-0.028546619007520535,-0.06264479393152134,0.03623161807027375,0.1695375645445148,0.17292006436263802,-0.09038874185237777,-0.18821294351051976,-0.00640370538041346,-0.02838033400919382,-0.03809524568471312,1086
2026-10-02,LU0141799501,0P000013Y8.F,EUR,40.09090042114258,40.09090042114258,-0.01672199342104197,-0.024834656152160517,-0.025926927945340017,0.005374130989396653,0.031562326829344074,0.022414623659378317,-0.027245683291759026,-0.02912220284095368,-0.015296809838380998,-0.020945516466462255,-0.014926248721289559,1079
2026-10-02,LU0147396450,0P00000SKL,USD,77.51306218920224,77.51306218920224,0.009147157914517923,0.016659031842212402,0.011490485836264108,0.09311582141894759,0.0938789648789265,0.08696165906821489,-0.02794189737695174,-0.05847591595879342,0.016117587544870027,0.01664195905402166,0.05368826293753415,1006
2026-10-02,LU0147409709,0P00000LM2,USD,64.36621908965377,64.36621908965377,0.014619977458322886,0.009005703899331197,0.05311344984255517,-0.01633439554603544,0.2567989390195523,0.22645785256033793,-0.08322682207633625,-0.1619830152579782,0.005362086337799443,0.028925425163648377,0.015039820902425394,1016
2026-10-02,LU0154236920,0P00000S3T,USD,81.30610031937515,81.30610031937515,0.01218861970205154,0.047310329924153294,0.026798642537078754,0.2115830115792463,0.1552001714161446,0.15814556218095308,-0.05760712843206328,-0.07975715410368611,0.02809853548218255,0.033514654155743395,0.10313934413278458,1016
2026-10-02,LU0173614495,FJRH.F,EUR,56.77799987792969,56.77799987792969,-0.0008271163111082114,,,,0.22253116292647437,,-0.028788400803904657,-0.028788400803904657,,,,11
2026-10-02,LU0202403266,FJ2E.HM,EUR,544.0490112304688,544.0490112304688,-0.0023051625567728218,,,,0.12882824819579258,,-0.01854672404959934,-0.01854672404959934,,,,11
2026-10-02,LU0227384020,XE67.F,EUR,17.617000579833984,17.617000579833984,-0.0014736195505887784,,,,0.06892852654954579,,-0.010616142300232778,-0.010616142300232778,,,,11
2026-10-02,LU0231205187,TESU.F,EUR,60.979000091552734,60.979000091552734,-0.01757692296818969,,,,0.11013158088993324,,-0.02958645580591801,-0.02958645580591801,,,,11
2026-10-02,LU0246036288,0P000026OM.F,EUR,300.9345092773437,300.9345092773437,0.004252865439378306,-0.0042024159827328544,-0.0022330058480694026,0.04361101092354858,0.1159183038734312,0.10036039010544064,-0.053226897145107865,-0.11572868599376362,0.005777844752421268,-0.009097641065780149,0.02640527803749748,1116
2026-10-02,LU0248178732,0P00002A0A.F,EUR,504.1643981933594,504.1643981933594,0.02317837194795369,0.017091213493396484,-0.0076882800610290625,0.1059474958650295,0.09982077253543999,0.1199477537225459,-0.07194186720603224,-0.07648822010872047,0.022172799326820147,0.0011743448779524268,0.06284894606734959,1083
2026-10-02,LU0260869739,FLX6.MU,EUR,36.55699920654297,36.55699920654297,0.012659300602172907,,,,0.09839904571135134,,0.0,0.0,,,,11
2026-10-02,LU0261952419,FJR3.F,EUR,39.59600067138672,39.59600067138672,-0.008761790457316732,,,,0.08865118818838516,,-0.015832799208103987,-0.015832799208103987,,,,11
2026-10-01,LU0261953904,IPGU.MU,EUR,31.825000762939453,31.825000762939453,0.0,0.005211652442279835,-0.002288543249808095,0.02943554327876652,0.01849953099018808,0.014125157635281703,-0.007461309937927263,-0.018100128537090643,0.0020781625802597237,0.0023634920847774854,,193
2026-10-02,LU0266009793,XRUG.MU,EUR,135.61900329589844,135.61900329589844,-0.005601814992980514,,,,0.031523162520628964,,-0.01143686185128212,-0.01143686185128212,,,,11
2026-10-01,LU0266012235,0P00006CAL.F,EUR,164.8800048828125,164.8800048828125,-0.01257630194309689,-0.03871268204436806,-0.06572977745667763,0.012278978020899167,0.08475856494842221,0.0989727395248661,-0.09704271976123413,-0.09704271976123413,-0.018159371571535465,-0.04749247146623803,-0.0224461189703673,1087
2026-10-01,LU0274211480,DBXD.DE,EUR,232.75,232.75,-0.012934703190348729,-0.0411946446961895,-0.006403415154749181,0.03260872361376865,0.11871963156250213,0.10964434871659146,-0.06092396906058184,-0.12282175414505347,-0.02253113054259459,-0.03484109900354748,0.0025996511177608372,1284
2026-10-02,LU0278272843,TGD0.MU,EUR,60.402000427246094,60.402000427246094,-0.010646624696997509,,,,0.05825540610555693,,-0.010646624696997509,-0.010646624696997509,,,,11
2026-10-02,LU0278937759,AEF5.F,EUR,34.516998291015625,34.516998291015625,0.010302864512095056,,,,0.15848260491204932,,-0.011048817574366931,-0.011048817574366931,,,,11
2026-10-02,LU0280435388,P3IA.F,EUR,227.73899841308597,227.73899841308597,0.027295093899630363,,,,0.1575951941704109,,-0.012331635359758786,-0.012331635359758786,,,,11
2026-10-02,LU0284394235,5L42.F,EUR,194.10400390625,194.10400390625,-0.006663060059996284,,,,0.08709641619036874,,-0.010224270041426897,-0.010224270041426897,,,,11
2026-10-02,LU0289089384,JP5D.F,EUR,38.323001861572266,38.323001861572266,-0.01851660979857217,,,,0.1112975414652018,,-0.023415142924872456,-0.023415142924872456,,,,11
2026-10-01,LU0290356871,DBXP.DE,EUR,173.35000610351562,173.35000610351562,0.0010105560772273314,-0.00425061893239842,-0.00502224117862915,-0.0008645181353565956,0.014037101011536065,0.012188986760988403,-0.007166403773139596,-0.01239343130496584,-0.0008573214585033684,-0.0033111449185229125,-0.00287084302737739,1284
2026-10-01,LU0290357259,0MUJ.IL,EUR,241.5749969482422,241.5749969482422,-0.008821454924326733,,,,0.0541514623270744,,-0.01818738487304261,-0.01818738487304261,,,,15
2026-10-01,LU0290357846,DBXG.DE,EUR,226.6499938964844,226.6499938964844,-0.026082877674369453,-0.051078132280824806,-0.08424244890309329,-0.08745018177600328,0.1047576211282758,0.09441794204328556,-0.0889541160519296,-0.134956736579534,-0.031076956277464762,-0.05448567894315315,-0.08804337437686938,1284
2026-10-01,LU0290357929,XGIN.DE,EUR,212.58999633789065,212.58999633789065,-0.004262312234704191,-0.022035184641310934,-0.024816530560134664,-0.03289059569388675,0.035269214029391455,0.035050576477579955,-0.028482466716863275,-0.04792673151720628,-0.010981624393293976,-0.01731931455761282,-0.026558011731230624,1284
2026-10-01,LU0290358497,XEON.DE,EUR,150.3699951171875,150.3699951171875,0.0005655351698909961,0.001832132277876486,0.005234341704567047,0.009940195672013319,0.0012111628301588752,0.0013178465114013621,-0.00011318309784169589,-0.00028315894672692465,0.0009178760003716313,0.0022228907834038747,0.008283995005747613,1284
2026-10-01,LU0292096186,XGSD.DE,EUR,38.13999938964844,38.13999938964844,-0.012300978069961777,-0.03283889789641725,0.03372856210706621,0.08048233769214752,0.08997741959216403,0.08203817360705276,-0.033941240327379885,-0.03695373235385879,-0.01995298942989243,-0.020862875180103435,0.0606945601248674,1284
2026-10-01,LU0292097747,XASX.L,GBP,576.5041829485795,576.5041829485795,-0.01781785918724632,-0.0474599063704364,-0.005725237069137856,0.02157144972761227,0.13473056357607913,0.12189135325476319,-0.06465785014607517,-0.11277113453442278,-0.02681855392306598,-0.04188149437892996,0.001141135838188978,1271
2026-10-01,LU0292103222,DXSE.DE,EUR,219.3500061035156,219.3500061035156,-0.014600179294193993,-0.053710081036807855,-0.057167367899809696,-0.022722169365422817,0.16380943858734756,0.15904402380179672,-0.08951461788163362,-0.12667634179434772,-0.01329252581094309,-0.03585805625072347,-0.03325004424849942,1284
2026-10-01,LU0292105359,DXSK.DE,EUR,134.1999969482422,134.1999969482422,-0.025842027443004123,-0.03550382681526565,-0.060750333412218804,0.006449682270668999,0.15862538822860647,0.16731525724153568,-0.09250748906460371,-0.16959672496210454,-0.02290567590102477,-0.04288613932048446,-0.03641243026322627,1284
2026-10-01,LU0304955437,0P00009UZB.F,EUR,650.5,650.5,0.004121425126532685,0.003068557469289024,-0.044113352538736716,0.07345007423045091,0.1758657616053205,0.1717216476263228,-0.08999620876453229,-0.1709681485622948,0.014984469686953883,-0.002600448625185936,0.002345765283887191,1083
2026-10-02,LU0329355670,FHQV.F,EUR,419.3760070800781,419.3760070800781,-0.0031044820901234838,,,,0.1886655180737805,,-0.02135821290936435,-0.02135821290936435,,,,11
2026-10-02,LU0352312184,ALW3.F,EUR,259.7799987792969,259.7799987792969,0.003263371999422171,,,,0.08646278067333239,,-0.01610441567353138,-0.01610441567353138,,,,11
2026-10-02,LU0386882277,PBFH.MU,EUR,417.6969909667969,417.6969909667969,0.0,,,,0.04780818880639836,,0.0,0.0,,,,11
2026-10-02,LU0390135415,FT94.F,EUR,94.3030014038086,94.3030014038086,-0.0067199679334162266,,,,0.10779268699179338,,-0.015523535833662505,-0.015523535833662505,,,,11
2026-10-01,LU0392098371,0P0000JND6.F,EUR,151.17999267578125,151.17999267578125,0.004318035619181648,-0.015498859863581127,-0.027155736077532744,-0.017801491201660413,0.05798054730405367,0.03941835926287071,-0.03812145616632312,-0.03812145616632312,-0.003835002160116674,-0.017014707407475682,-0.02049875729388051,1120
2026-10-01,LU0413543058,0P0000JC7Q.F,EUR,63.81999969482422,63.81999969482422,0.029686998486245786,0.03603898174828335,0.028028315277837557,0.09168663520857301,0.22731763070119368,0.24352625074216386,-0.09311808051660309,-0.1483880728068636,0.013208864753768035,0.03193801217087344,0.07662110531762689,1150
2026-10-01,LU0478205379,D5BG.DE,EUR,160.33999633789062,160.33999633789062,0.0022815453692737186,-0.012228557817157926,-0.020046442226988703,-0.012502302397876863,0.03768431048941589,0.03100629803817933,-0.02545164954926782,-0.02992194790383662,-0.002590899314288686,-0.011009435105454268,-0.014774411253978048,1284
2026-10-01,LU0496786574,LYPS.DE,EUR,70.11399841308594,70.11399841308594,0.006546287583871324,0.01945442330936631,0.034007783764808286,0.1509947795583928,0.08525045940732709,0.10219371471695103,-0.031373690344112415,-0.07117796160306766,0.016887682676512084,0.02311036500378738,0.09374534693344705,1284
2026-10-01,LU0514695690,LU0514695690-USD.LU,USD,15.573121772570708,15.573121772570708,-0.02609183998559339,-0.02158428708152349,-0.0029322803471626413,-0.038151010376008876,0.1801509696919979,0.15895989224296703,-0.05969434439344401,-0.20339320201876643,-0.009557122759798808,-0.016855714256405085,-0.04823321637165101,1314
2026-10-01,LU0533033667,TNOW.MI,EUR,1285.6700439453125,1285.6700439453125,0.028305670585124787,0.07814811569409374,0.088582186014043,0.32804802061787686,0.1584596418005384,0.20209634546887084,-0.06493379645736164,-0.15633227391759896,0.048421655513935846,0.07534305299872557,0.20609401158284713,1280
2026-10-02,LU0568621618,LU0568621618-USD.LU,USD,116.8203315740874,116.8203315740874,0.011111230901351687,0.035541594523782916,0.02364677284564687,0.05401468669840348,0.037031293547576186,0.045069122758677686,-0.02485952922150525,-0.036101772405168986,0.01961206424804951,0.026899866226540503,0.045382076681877104,1081
2026-10-01,LU0571100824,0P0000ZJKU.F,EUR,186.82000732421875,186.82000732421875,0.004678732940333052,-0.0053771734919344505,-0.036761999155515146,0.04380384279712768,0.0728754489112038,0.0682352277659939,-0.049703529473223096,-0.05433553960763737,0.0012622054130797533,-0.00990724650033925,0.01595640628966355,1071
2026-10-01,LU0616241476,LU0616241476.LU,EUR,127.05999755859376,127.05999755859376,-0.0009435661762389191,-0.02050573263242328,-0.03427840324209519,-0.033028892994543146,0.052376265722968184,0.04049737449154022,-0.03937309221821428,-0.05959529091455673,-0.008548231249316474,-0.021697306470810807,-0.034866658155157215,1130
2026-10-02,LU0616856935,FP7X.F,EUR,198.66200256347656,198.66200256347656,0.022297278993556935,,,,0.2180656600751827,,-0.03851045224174454,-0.03851045224174454,,,,11
2026-10-01,LU0641745681,0P0000V07V.F,EUR,121.87000274658205,121.87000274658205,0.009191790251041665,0.009275385064861696,-0.018997026053125587,0.006358416863444516,0.05885424704925772,0.06056810342474984,-0.03847706898113523,-0.09149679928668508,0.00659529573216644,0.005474981129040879,-0.008802979630732954,1116
2026-10-02,LU0702159772,FJR9.MU,EUR,41.65399932861328,41.65399932861328,-0.00979419352791,,,,0.0357567022467821,,-0.00979419352791,-0.00979419352791,,,,11
2026-10-01,LU0740858229,0P0000VOBL.F,EUR,173.47000122070312,173.47000122070312,-0.008289486413335712,-0.019832718903664004,-0.017055726312929842,0.020591869005491814,0.051871617329250386,0.050056650609202696,-0.02888654493120857,-0.04437875007878134,-0.011493719173658379,-0.01589699448160875,0.005465820180211356,1019
2026-10-02,LU0772926084,O7Z0.MU,EUR,145.58599853515625,145.58599853515625,-0.009187714793494006,,,,0.03782872250331501,,-0.009187714793494006,-0.009187714793494006,,,,11
2026-10-01,LU0823410724,9XQ0.MU,EUR,615.7479858398438,615.7479858398438,-0.002838846883149504,-0.030173085064780003,-0.042971996129546386,0.09069204850309531,0.05190649126819752,0.05931088292335428,-0.0600171329242104,-0.07647265690006522,-0.011145474875448702,-0.03159275813309059,0.034302894003880535,201
2026-10-02,LU0823425839,ZSRD.F,EUR,177.63400268554688,177.63400268554688,-0.015168778098946234,,,,0.19573908622761796,,-0.037130542946548384,-0.037130542946548384,,,,11
2026-10-01,LU0839027447,XDJP.DE,EUR,39.650001525878906,39.650001525878906,0.06271777181608518,0.07554590317674803,0.037156903607663994,0.23715474203313103,0.2252844846519562,0.25180459618142687,-0.1113980434045646,-0.1601806331877259,0.05114562880539952,0.06788171063685411,0.163556019465265,1282
2026-10-02,LU0840617350,AH8J.F,EUR,240.0059967041016,240.0059967041016,-0.004062509715419771,,,,0.12041203699455218,,-0.017007782055625476,-0.017007782055625476,,,,11
2026-10-01,LU0870553459,0P0000XTFE.F,EUR,270.3699951171875,270.3699951171875,-0.013140147050682227,-0.012094408240192367,-0.027655910626934843,0.016428553072133534,0.12549563137025715,0.11231621750627863,-0.05973221599170342,-0.09784224955302956,-0.004290431995436883,-0.015168252674576443,0.009078781452133367,1120
2026-10-02,LU0914729966,TC60.MU,EUR,350.6600036621094,350.6600036621094,0.0013421320352564603,,,,0.03967183194819938,,0.0,0.0,,,,11
2026-10-01,LU0914731947,0P000100RL.F,EUR,186.9900054931641,186.9900054931641,-0.0073786991911010125,-0.021558239255033196,-0.02746137547183214,0.05150988903892473,0.13286723773732786,0.12325709224872636,-0.054549129873747715,-0.11271244330571528,-0.013994606963758649,-0.02400957672469617,0.018517893283598985,1107
2026-10-01,LU0914733059,0P00011IV8.F,EUR,209.72999572753903,209.72999572753903,-0.0029000695111343067,-0.021736105580372533,-0.033145871759626466,0.047497724747054715,0.18119050167090062,0.16169733020887647,-0.0781443828767796,-0.11810523160610065,-0.013299985392819957,-0.02876340652656928,0.019846702995491405,1107
2026-10-02,LU0922334643,FPG6.MU,EUR,41.55799865722656,41.55799865722656,-0.004121756216068917,,,,0.01532298154367546,,-0.004121756216068917,-0.004121756216068917,,,,11
2026-10-01,LU0935222066,0P00010URS.F,EUR,112.27999877929688,112.27999877929688,0.002858160927482478,-0.004080176451914497,-0.006986830438308611,0.0069051800584283285,0.01842732490040039,0.012889251741008585,-0.01008224456288398,-0.01584492251204206,0.00029399272975050295,-0.002875577601223256,-0.0017989584542132953,1095
2026-10-02,LU0941349275,I4G0.MU,EUR,138.34500122070312,138.34500122070312,0.0,,,,0.0,,0.0,0.0,,,,11
2026-10-01,LU0992632538,0P00013N23.F,EUR,137.69000244140625,137.69000244140625,-0.007997122377134569,-0.020488046757868417,-0.023821343762173597,-0.0035460288055210176,0.030509936138449097,0.024818934664567468,-0.027750266991107164,-0.034728582145374776,-0.011312900062082965,-0.019416516895345404,-0.013726438604596214,1105
2026-10-01,LU1033933703,0P00012DVG.F,EUR,323.7300109863281,323.7300109863281,0.0007728452810351616,0.021552594576807582,0.006998879939990044,0.11129042497490493,0.09546349710735193,0.10390359394718748,-0.04620943451539339,-0.07255281524046797,0.010107988200078522,0.008451928560092137,0.05683171439339163,1118
2026-10-02,LU1100076550,1SCD.MU,EUR,230.74899291992188,230.74899291992188,-0.00857169399737534,,,,0.06546291057388497,,-0.00857169399737534,-0.00857169399737534,,,,11
2026-10-01,LU1109942653,XHYG.DE,EUR,15.404999732971191,15.404999732971191,-0.005680003703159242,-0.015151544712155851,-0.016883555086623758,-0.0006035982399135165,0.038900746599059614,0.03147941886814663,-0.020185617030594516,-0.028147873491851882,-0.008382583718477554,-0.013274865279291226,-0.006325558601874892,1284
2026-10-01,LU1159238036,LU1159238036.LU,EUR,25.054800033569336,25.054800033569336,-0.014649588169972083,-0.02465346838270943,-0.034575263433500814,0.09374262858475091,0.12300793905886026,0.12174377091275938,-0.051532949150173146,-0.10213260250245715,-0.018374044265517586,-0.027544293698623545,0.027173900022186892,1082
2026-10-01,LU1160356009,0P0001678E.F,EUR,1497.68994140625,1497.68994140625,-0.00349315355548252,-0.023803795087429802,0.02369049945340662,0.1488435648819173,0.17967373303768477,0.16337212110505595,-0.07070805382953571,-0.1200729496753532,-0.0039034459364839513,-0.0028157694389225885,0.06300098809700816,1079
2026-10-01,LU1161083644,0P00016MO1,USD,19.79428603662553,19.79428603662553,-0.010496723231563476,-0.03140894322671972,0.028642163159887657,0.07728212689522529,0.11398849931990929,0.09563252542500633,-0.04095702247337407,-0.07086191472608194,-0.01757024541511909,-0.023105603733643676,0.03882348777523936,1023
2026-10-02,LU1161527038,EDNN.MU,EUR,233.7469940185547,233.7469940185547,-0.0049339387325590955,,,,0.013477848751578961,,-0.0059114449389737755,-0.0059114449389737755,,,,11
2026-10-01,LU1183791794,0P00016RHQ.F,EUR,173.44200134277344,173.44200134277344,-0.009960757090702876,-0.024373464786807797,-0.06275427193339189,0.0489005442672914,0.1780200743577011,0.15623647436055804,-0.07573178620439225,-0.10652983119589832,-0.014352635961842108,-0.032991316713009256,-0.009844430539113658,1114
2026-10-01,LU1291097779,EEMK.PA,EUR,17.41550064086914,17.41550064086914,0.0024464083096420453,0.01921323990519075,0.016886298581352266,0.13236935522916404,0.20078156930441277,0.20591546928152762,-0.07948283564073788,-0.13262607355357947,0.004978622706562463,0.025123229837233474,0.0925348316927852,1290
2026-10-01,LU1291098827,EEMU.PA,EUR,20.104999542236328,20.104999542236328,-0.015426078985342873,-0.027569514672700857,-0.019507419405098814,0.05107691706334139,0.1330441065399034,0.11272706352234838,-0.05365974356149783,-0.10277607011442924,-0.019148691698872455,-0.029423850640611926,0.024695629740035807,1290
2026-10-01,LU1291102447,0E4H.IL,EUR,9.553000450134276,9.553000450134276,0.0,0.0,,,0.0,0.0,0.0,0.0,0.0,0.0,,52
2026-10-02,LU1301026388,2QJ0.MU,EUR,210.7469940185547,210.7469940185547,0.0,,,,0.0,,0.0,0.0,,,,11
2026-10-01,LU1303940784,0P00018KOU.F,EUR,28.26000022888184,28.26000022888184,-0.002822862500893364,-0.016016681597159854,-0.00807299207034351,0.05212209928211009,0.09042421462776833,0.08420386385302393,-0.031023771507394104,-0.10474171860749526,-0.00690526696699334,-0.01039331347133432,0.014408484394121679,1111
2026-10-01,LU1329694266,0P00018EGL.F,EUR,236.4499969482422,236.4499969482422,0.0011855814941259535,0.008702671619225999,0.00531462591929821,0.05341704479969733,0.09437370062494108,0.10108652062967727,-0.03642784744532068,-0.08607298754556802,0.004669610497187948,0.0012406904842272581,0.03331629929278468,1119
2026-10-01,LU1379103812,0P00018FWZ.F,EUR,644.9400024414062,644.9400024414062,0.005738690421575265,-0.0024593240583086207,-0.016349893454243092,0.12104991504623253,0.12421201968921668,0.13865887778361727,-0.049243678720523265,-0.07933928105110122,0.002467543056062782,-0.005200277087016314,0.06933022013542156,1081
2026-10-01,LU1435385593,0P00019846.F,EUR,309.2699890136719,309.2699890136719,-0.019280218716241082,-0.012610983307697388,0.016499553044114545,0.07857292162450502,0.17059398258889338,0.1733661298760513,-0.06464263345394483,-0.18107797123110614,-0.013530620869014354,-0.002687526980230115,0.012593289463505464,1129
2026-10-01,LU1486845537,0P00018X0B.F,EUR,116.31099700927734,116.31099700927734,-0.0010907652733674889,-0.004297522669123421,-0.002521387069097547,0.006046063561834014,0.008449539288742022,0.0063871197337712895,-0.005497933871493332,-0.00857780195084168,-0.0019581668733062996,-0.00324726580168766,0.002287048935601055,1100
2026-10-01,LU1530899142,0P00019MC0.F,EUR,2600.47998046875,2600.47998046875,0.013216102916206562,0.04428980987699971,0.053440029306052184,0.39257464164941847,0.16798308838611598,0.20584656303550822,-0.09073716251650632,-0.170881689258088,0.03668529786672736,0.04470226159243751,0.14489522784356268,1063
2026-10-02,LU1582988058,0P0001CGZV.F,EUR,12.549500465393066,12.549500465393066,-0.0066647065328693245,-0.02101581576169076,-0.01138331305880158,-0.002543384165390794,0.05015608767283247,0.053690491312624156,-0.027457318706906708,-0.056615818138602614,-0.010011860729137512,-0.015028321807881828,-0.0026248715852346116,1100
2026-10-01,LU1598757687,MT.AS,EUR,56.7400016784668,56.7400016784668,-0.0848386826053742,-0.13585137810143122,0.0428182188425823,0.09059735846699235,0.29904916981391944,0.30072158717604613,-0.15990522787478445,-0.2619465623536297,-0.10462361084212568,-0.09807161933670916,0.058106305372146005,1290
2026-10-01,LU1623762843,0P0001FE3K.F,EUR,155.10000610351562,155.10000610351562,-0.004365083329758157,-0.019285412018195114,-0.02947244557307016,-0.018043627095861603,0.03011238076120889,0.02204504223152008,-0.02947244557307016,-0.03189563944952545,-0.009976798192437797,-0.019250720361438822,-0.021324795935743435,1115
2026-10-02,LU1670631289,0P0001DFNP.F,EUR,11.32069969177246,11.32069969177246,-0.015771059129781273,-0.0362326912447366,-0.03476182007996542,-0.016104630658400954,0.04835712862067842,0.044170370747730045,-0.04054548512708245,-0.05265460607611028,-0.021922884767263007,-0.029471909182237632,-0.027180905585127535,1098
2026-10-02,LU1670707527,0P0001DFNB.F,EUR,22.2632999420166,22.2632999420166,-0.023886242639140853,-0.043413842280875414,-0.014614831403078732,0.061547269233322766,0.08864623352567622,0.08519940794350589,-0.06401272041532369,-0.092062237404823,-0.02916837523892757,-0.04100925794658716,0.013721204427482148,1100
2026-10-02,LU1670719613,AN0B.MU,EUR,13.484000205993652,13.484000205993652,0.0,,,,0.010875835791965287,,0.0,0.0,,,,11
2026-10-01,LU1681043912,CC1.PA,EUR,256.79998779296875,256.79998779296875,-0.015903522590257513,-0.03513058920885115,-0.083675333477364,-0.11371876516663071,0.141773667352354,0.1680801763777985,-0.09753525425011,-0.2132003444575019,-0.014921982453440341,-0.04561219789984372,-0.1033488650624883,1290
2026-10-01,LU1681044480,AASI.PA,EUR,59.209999084472656,59.209999084472656,-0.000843726602712036,0.03081477193734905,0.009376052480245756,0.1639953309838269,0.22098473199429616,0.23531271983739813,-0.0973993401086195,-0.16060702050246078,0.007967023331313605,0.03049899649619303,0.1023457822448226,1290
2026-10-01,LU1694789535,0P0001CH1E.F,EUR,129.08999633789062,129.08999633789062,0.004904169321948482,-0.0033969153520642115,-0.0004645571926378267,0.004825991369941551,0.03111320167335384,0.02144262161170455,-0.011394223839352846,-0.021087619460482876,0.0002479207390457816,-0.0020008179919304148,0.002201727050537894,1120
2026-10-02,LU1819480192,EHQ6.MU,EUR,314.7760009765625,314.7760009765625,0.004707952185448061,,,,0.12788328675100644,,0.0,0.0,,,,11
2026-10-01,LU1829219390,BNKE.PA,EUR,376.8999938964844,376.8999938964844,-0.04437119744122797,-0.0708739071430543,0.00721534367016341,0.13946584990975341,0.21752429934119197,0.1938924202656161,-0.0722461688701923,-0.17132240226421158,-0.05589130125814101,-0.0536261945785792,0.07809033506234075,1290
2026-10-01,LU1829221024,UST.PA,EUR,109.94000244140624,109.94000244140624,0.014487401079942286,0.06427879180527718,0.041789099906391014,0.22636561791395748,0.14176881232951918,0.16694734940174785,-0.0741999489068964,-0.1004836368906451,0.03916973934479073,0.057868116665564795,0.13949798724021112,1290
2026-10-01,LU1861137484,EUSRI.PA,EUR,89.30999755859375,89.30999755859375,-0.01052520003492663,-0.02976648997635989,-0.03542498011693518,0.03015131538767646,0.11428164196513182,0.09451007666445921,-0.04830604529024518,-0.1023277887365529,-0.01239622423476383,-0.02571479110621644,0.009534251748446687,1290
2026-10-01,LU1861138961,MSRU.L,USD,72.0786575304377,72.0786575304377,-0.001168689441195081,0.014956568828728534,0.043872382748735284,0.1282442093937095,0.19495957210815418,0.20258419054599178,-0.07339244238486986,-0.11701396963064925,0.0028725721539901716,0.025445975516442898,0.08192997386494305,1271
2026-10-01,LU1876459212,0P0001FKPX.F,EUR,4357.169921875,4357.169921875,-0.026415622154100316,-0.06039590324087396,-0.03549088613724405,0.11404941364516041,0.13339244436343603,0.11097169819111143,-0.07023836365826308,-0.09673177833130864,-0.04281140016401752,-0.04952737614774161,0.025919966155651952,1034
2026-10-01,LU1900066462,CEC.PA,EUR,46.64500045776367,46.64500045776367,-0.041015603555072055,-0.02528469535152167,0.059752382246624824,0.0766301127838449,0.18553504664990503,0.1655049625316174,-0.05910237539252139,-0.09557020854051512,-0.04115853470865394,-0.023229316915592157,0.09612444442312151,1290
2026-10-01,LU1951200481,0P0001H0TE.F,EUR,301.7300109863281,301.7300109863281,0.0323674079729539,0.06306600874078194,0.06788187585204586,0.39806320427489283,0.20154339286478035,0.2191819163921596,-0.0817907851707137,-0.16763490233573852,0.06603687495855293,0.0807947576484469,0.1890863605498887,1098
2026-10-01,LU1951204046,0P0001H0TH.F,EUR,177.75,177.75,0.008510638297872353,0.012878194974607737,0.024909228545576756,0.10795990846438164,0.10058621283692303,0.09804308154116183,-0.037086682521467296,-0.13027168506338482,0.014004960414303769,0.01457796158202429,0.046137764387790936,1099
2026-10-01,LU1951225553,0P0001H0TF.F,EUR,194.57000732421875,194.57000732421875,0.006518078638137359,0.03754070597103354,0.03203738706853021,0.2285787290720358,0.16905481943412648,0.1724254712066921,-0.07629518509617139,-0.1521618507592264,0.029097955451722113,0.025340282517579693,0.11172283976641739,1099
2026-10-01,LU1951229035,0P0001H0TG.F,EUR,183.0200042724609,183.0200042724609,-0.0019086592902122224,-0.02222453555987658,-0.031127526807892214,0.02901160263354363,0.12085624241025168,0.11328246906157194,-0.06752966028252883,-0.08892292793840006,-0.0006415669378970756,-0.0190981405149917,0.0035036800466026197,1099
2026-10-01,LU1953136527,REUSE.PA,EUR,22.42889976501465,22.42889976501465,0.0002452297998012387,-0.012025456519704325,-0.017960432814838057,0.07658370611960308,0.09863707028541888,0.09644064140382508,-0.05256775728678653,-0.07680804811696162,-0.0012059302253099036,-0.013345182630219887,0.02862087429916116,1290
2026-10-01,LU2095319849,0P0001JAB0.F,EUR,121.55999755859376,121.55999755859376,0.005542213353693759,-0.038062871594883974,-0.0002467207846070796,0.03702436693989819,0.1881993085260317,0.16422201015197777,-0.06511233426265506,-0.2139037077183793,-0.001773767194334419,-0.01801598820454986,-4.9788170826015055e-05,1099
2026-10-01,LU2147879543,0P0001L9PD.F,EUR,767.9199829101562,767.9199829101562,-0.007380817621624125,-0.011355160587981805,-0.006713148891805076,0.05811997856444351,0.05659146629776832,0.055505407102633075,-0.025803702589855426,-0.06462585851593328,-0.007229381800666346,-0.011722370251335046,0.012193568303865865,1059
2026-10-01,LU2181906426,0P0001L535.F,EUR,293.70001220703125,293.70001220703125,0.03682007836296419,0.09024090068935586,0.09581383570629654,0.43478268971978773,0.24605089337774003,0.3474773600842024,-0.16904443577572315,-0.22199790594022362,0.06540433319609251,0.09113122971244958,0.23652802321879363,1109
2026-10-01,LU2210151341,0P0001KKA7.F,EUR,12.119999885559082,12.119999885559082,0.0024813674600963065,-0.02179180389685631,-0.017031633369536503,-0.018623521360837003,0.04617857559389224,0.06437504300268598,-0.035115689525953786,-0.06790124319835567,-0.005987045844281447,-0.013832393363784945,-0.027127264590492195,1149
2026-10-01,LU2244387457,ASRE.DE,EUR,9.61180019378662,9.61180019378662,0.0014795584933859907,-0.013101394065959115,-0.01982417584127527,-0.01607153299479125,0.034994040002892024,0.027647693154136954,-0.02201023196105456,-0.033279658736767526,-0.003920334839689454,-0.011630322686663308,-0.01784768732833253,1284
2026-09-30,LU2257980289,0P0001LZLW.F,EUR,183.91000366210935,183.91000366210935,-0.005085217259229391,0.0006529755719055785,-0.032561821371197563,-0.002549089967764484,0.09647464732317601,0.10089186874987177,-0.06649098615167881,-0.0865476736691041,-9.241868151577126e-05,-0.015991525823221275,-0.009542377125947632,1036
2026-10-01,LU2358392376,0P0001OOS9.F,EUR,509.4400024414063,509.4400024414063,0.019063428836159746,0.0436349964227154,0.015184717639733947,0.11229010628413838,0.1585845139323114,0.15116462703397485,-0.06165635942660652,-0.08943559868933093,0.02657210894324047,0.024710196869510925,0.04654640117057274,1051
2026-08-13,LU2459590019,0P0001OS4A,USD,32.7232286283375,32.7232286283375,0.004499105658849034,0.005475125287047744,0.060352602796345245,0.1042763861843663,0.087369021677686,0.09641785958015901,-0.022372601723535612,-0.07641815975661459,0.005937655254111496,0.011429412807712813,0.06785466354049907,971
2026-10-01,LU2533811910,BJLL.DE,EUR,10.092499732971191,10.092499732971191,-0.00019811334123776003,-4.960655857288998e-05,0.0032305479124155045,0.010375325529752955,0.008546967341248846,0.010533947445332807,-0.0014882030882035213,-0.003047524042999572,4.209856876680185e-05,0.0006632841901228481,0.007254020057658739,779
2026-10-01,LU2611731824,GLDU.AS,USD,63.85862945409843,63.85862945409843,-0.031021486697090483,-0.1222147255251752,0.16959750174957655,-0.07213158325622915,0.2911219493835463,0.47236058344561993,-0.14533322586468989,-0.3623354744639051,-0.0548363385236974,-0.026288862132774926,-0.011256276887275374,1253
2026-10-02,LU2616774076,BJLJ.DE,USD,10.012473420702625,10.012473420702625,0.007781708720088654,0.008298052992219196,-0.01673460860360032,0.009639886665315789,0.06916853307954542,0.06986183735491652,-0.03316929517072831,-0.050071814819599214,0.006661285956917284,0.0033481060643962834,-0.0006175334123463827,757
2026-09-30,LU2638914734,0P0001RNZQ.F,EUR,335.92999267578125,335.92999267578125,-0.025527276506529306,0.05738111352942066,0.1592186851525179,0.3805531177738586,0.39871870306011176,0.3766591187527028,-0.09354630872537983,-0.3124012853622107,0.009977077100105092,0.08144874937275204,0.17500993190053626,704
2026-10-01,LU2707622630,0P0001T0AG.F,EUR,128.5399932861328,128.5399932861328,-0.038162272723795465,-0.06434714865689783,0.007287772677165849,-0.041318678917550034,0.19923434437274382,0.18142457939802045,-0.07371918045230097,-0.23394246327931445,-0.03951345455824118,-0.03694440899895335,-0.06322985029375716,554
2026-09-30,LU2798962978,0P0001UBP6.F,EUR,146.89999389648438,146.89999389648438,-0.013365608847617616,-0.02249138215509583,0.0007493740403485827,0.0891161668040803,0.11455804850348723,0.09717175645584432,-0.030106550021525624,-0.08982159224906872,-0.008223214827247527,-0.005481065675722929,0.04332530288295677,428
2026-10-01,LU3038520774,DEFS.PA,EUR,5.732999801635742,5.732999801635742,-0.020000017932337855,-0.024834220214731584,-0.011381270421195522,-0.06491603940661272,0.1715206971544349,0.17901581363480162,-0.13799880329444303,-0.2196261406823472,-0.01424557838242324,-0.05726466585284962,-0.040609704126970514,358
2026-10-01,LU3103551860,0P0001XEZ8.F,EUR,114.0999984741211,114.0999984741211,0.0033415164380845574,0.0104498788904539,0.00902013288424186,0.07783863419856973,0.07604236827004496,0.07366948593825541,-0.023314487832326813,-0.047610174847362186,0.004963150077766931,0.006552726858193303,0.046331087306249685,259
2026-10-01,NL0000226223,STMPA.PA,EUR,47.25,47.25,0.05280746157487326,0.07548119352038918,-0.24460656469939057,0.3780230849359161,0.43030025193288624,0.5715625498363117,-0.3341576429473502,-0.3985444317360619,0.05615153241835169,0.05187062888992888,0.13629179501147326,1290
2026-10-01,NL0000235190,AIR.PA,EUR,185.6000061035156,185.6000061035156,-0.04516924868167471,-0.0578679893222559,-0.0555668528981178,0.1010572645672485,0.18577643696189983,0.24579076140266998,-0.13834720815864976,-0.2771117091213976,-0.04717409384142324,-0.08286798249047755,-0.013943205805745706,1290
2026-10-01,NL0006294274,ENX.PA,EUR,159.3000030517578,159.3000030517578,-0.004374980926513672,-0.014842263090781516,0.07707917258774422,0.10423652837749908,0.15375872930724013,0.2037859497658217,-0.05021175377207321,-0.13907785679286322,0.0001569851817111445,-0.0005270076182317673,0.1310039852864835,1290
2026-10-01,NL0010273215,ASML.AS,EUR,1597.0,1597.0,0.06240024738891181,0.12196148138847995,-0.0024188017014955543,0.3028119559012914,0.3439376423921498,0.392185289413959,-0.14951881917374388,-0.2077144161694917,0.07090647913725534,0.07147668226755766,0.19559153367278204,1290
2026-10-01,NL0010832176,ARGX.BR,EUR,841.5999755859375,841.5999755859375,0.008145649128417531,-0.07759759637620811,0.05622488513969337,0.18535207829005285,0.19984927207524847,0.45332650427354426,-0.10218797825983039,-0.273723521535453,-0.01790092750660288,0.010130079239289547,0.1433166745463723,1290
2026-10-01,NL0011794037,AD.AS,EUR,31.649999618530277,31.649999618530277,0.0015822543182584248,0.016051364562539527,-0.10144261171592961,-0.2101177589274552,0.21566237950911066,0.22000463680392554,-0.1452948608359106,-0.25714308631402005,0.0005215837418057756,-0.012063637702174668,-0.10479136669876077,1290
2026-10-01,NL0011821202,INGA.AS,EUR,30.25,30.25,-0.040139597466213095,-0.047244094488189003,0.07818491818970408,0.2583767280182745,0.21120916900048853,0.21303577397773998,-0.06375739045910134,-0.16877161691741893,-0.04812102385061601,-0.020041139271725572,0.16062423138784676,1290
2026-10-01,NL0012969182,ADYEN.AS,EUR,855.5999755859375,855.5999755859375,0.014344962164715369,-0.17967404066544823,0.025284572301902397,-0.11244815810587394,0.36168610026981834,0.5062340814786789,-0.22643068496512253,-0.4839642318575442,-0.06226883393878879,-0.10469316405405205,-0.14084225028469366,1290
2026-10-01,NL00150001Q9,STLAM.MI,EUR,3.84850001335144,3.84850001335144,-0.029014761920688525,-0.1815185244942885,-0.17687946050038184,-0.45411348805221974,0.3577789150845845,0.40141941786625995,-0.27235772577617223,-0.6304493780603615,-0.10844183615034908,-0.15791984490154842,-0.37789175550546805,1280
