date,asset_id,symbol,quote_currency,close_eur,close,ret_5d,ret_20d,ret_60d,ret_120d,vol_20d_ann,vol_60d_ann,drawdown_60d,drawdown_252d,sma20_ratio,sma50_ratio,sma200_ratio,observations
2026-09-18,AT0000A09ZL0,N550.MU,EUR,360.9100036621094,360.9100036621094,,,,,,,,,,,,1
2026-09-18,BE0003470755,SOLB.BR,EUR,25.13999938964844,25.13999938964844,-0.035303150235911684,-0.004750627004990737,-0.06819867249098455,-0.0014101598330141796,0.17019982975296477,0.15415007096418235,-0.06819867249098455,-0.14035087843632954,-0.02478763775274151,-0.03762232564918,-0.01817022060340623,1280
2026-09-18,BE0974293251,ABI.BR,EUR,67.5999984741211,67.5999984741211,0.006851341803014277,0.015930230598274475,-0.08376254279513384,0.14634940596096158,0.20302207965601932,0.22845836271508738,-0.1156914534747937,-0.14298171470367416,-0.007764705437049768,-0.031812712672819154,0.041942439616730276,1280
2026-09-18,DE0005140008,DBK.DE,EUR,33.04999923706055,33.04999923706055,-0.051513902159833425,0.023536646019967744,0.0843175765558315,0.36970027912207803,0.25367362047880276,0.2666128293546353,-0.07552449686543927,-0.2676722440208219,-0.039160417484938814,0.003415541257521193,0.11065165013764444,1274
2026-09-18,DE0005190003,BMW.DE,EUR,60.400001525878906,60.400001525878906,-0.03668260301553339,0.04281773886973794,-0.006252011534218949,-0.18161548456990806,0.28786743339560217,0.26018515841927914,-0.06350774412431182,-0.38203233061612984,-0.015404654808700902,0.010946369174371195,-0.17228891329520368,1274
2026-09-18,DE0005552004,DHL.DE,EUR,56.0,56.0,0.019293800505770342,0.010830297068508576,0.05660377358490565,0.3061632396194953,0.12919180164078617,0.18460994055536215,-0.05845729999922167,-0.14333072083959342,0.0051514058850372635,-0.0020458066945023834,0.1328766423699963,1274
2026-09-18,DE0005557508,DTE.DE,EUR,27.11000061035156,27.11000061035156,-0.027618313256572935,-0.0560584520019225,0.0253403957171221,-0.13239133441734718,0.2767704586624697,0.3400819956037137,-0.09795764373195404,-0.27769587398998596,-0.04813733469998205,-0.030123047869414776,-0.042488257785954886,1274
2026-09-18,DE0005810055,DB1.DE,EUR,278.0,278.0,-0.0060779840287347175,-0.005722482362619297,0.1356209008756537,0.15117959366834444,0.2133611466734208,0.2203113681893488,-0.06009615132693824,-0.11953220395825659,-0.014586248156075343,0.02186346796608296,0.14350661143219368,1274
2026-09-18,DE0006048432,HEN3.DE,EUR,72.94000244140625,72.94000244140625,-0.01004340201824816,-0.029795129750954774,0.0024738908726082975,0.13075952581485573,0.1636142258985503,0.18368442814607555,-0.09398495881178781,-0.2432210362584949,-0.027725908194779714,-0.03409147510148547,0.03223922556434555,1274
2026-09-18,DE0007030009,RHM.DE,EUR,1011.7999877929688,1011.7999877929688,-0.004525813174537707,-0.1294097140748064,0.06617490810639493,-0.27498147799883665,0.3571024252709032,0.39964894383271765,-0.1840197894679262,-0.5192044852564789,-0.05406985820806287,-0.06928912746066862,-0.25913193874402607,1274
2026-09-18,DE0007100000,MBG.DE,EUR,43.994998931884766,43.994998931884766,-0.061039390423501816,-0.017859119762508535,-0.01433851044505774,-0.08822778365438588,0.2394108959760104,0.23410257314572905,-0.0874299986026228,-0.2555356413480826,-0.05022508085031041,-0.04494481450859522,-0.12304921130723923,1274
2026-09-18,DE0007164600,SAP.DE,EUR,183.1199951171875,183.1199951171875,0.029805351336564145,-0.013574683692880174,0.38433623228795777,0.2666844199515257,0.36789701172121514,0.4316829354565373,-0.10826954296796709,-0.46075256027080413,-0.008908589727646299,0.08232065136451117,0.10587648375052283,1274
2026-09-18,DE0007236101,SIE.DE,EUR,264.0,264.0,0.02285933264998863,-0.04347826086956519,-0.030836982689788517,0.2852970196924558,0.2502673950213989,0.2796784761007987,-0.10953941463317052,-0.20503662867365802,-0.03421406210124667,-0.03976605379806808,0.03997669647277413,1274
2026-09-18,DE0007664039,VOW3.DE,EUR,76.5199966430664,76.5199966430664,-0.05740334620092713,0.02794188787537144,0.006577216812408304,-0.054607174279386994,0.4072851553185812,0.3416666910952082,-0.07997888016500854,-0.3130182380526333,-0.018130989607217485,0.013434723019833283,-0.09576745807812725,1274
2026-09-18,DE0008430026,MUV2.DE,EUR,505.7999877929688,505.7999877929688,0.01566262609029878,-0.014419376925262406,0.052653460547281705,-0.009063565130630447,0.1702033572791707,0.17042442455976864,-0.06060606060606055,-0.1969919530344898,-0.015589439294068086,-0.016871422031489725,0.0030103098330722666,1274
2026-09-18,DE000A0F5UK5,EXV6.DE,EUR,83.91999816894531,83.91999816894531,-0.02622420663991032,-0.03573481160488523,0.07006625335819616,0.12155385034062438,0.2305045780793911,0.2639765441479236,-0.07666746769953992,-0.18396071944220127,-0.036083715081289824,0.0050712138123132355,0.06658297988022333,1274
2026-09-18,DE000A0Q4R28,EXV5.DE,EUR,39.880001068115234,39.880001068115234,-0.03426558090742782,-0.027909821210887586,0.019033957683926017,0.011494850078825447,0.2113972541012053,0.18863994636502052,-0.04433257834687121,-0.20091842125448933,-0.027429715343700978,-0.01772628140902066,-0.05097905129427793,1274
2026-09-18,DE000A0Q4R85,4BRZ.DE,USD,46.02629158076073,46.02629158076073,-0.017534357989168248,0.07989162253375248,0.06613024253155131,0.00296915253325869,0.2475103921034237,0.20534023685814898,-0.08221780748007512,-0.1777901213915941,0.012531229881098449,0.03750263540663101,0.05291650994440489,1275
2026-09-18,DE000A1EWWW0,ADS.DE,EUR,142.25,142.25,-0.0031534474973072824,-0.05794701986754969,-0.20039345204940384,0.08432158136433943,0.22763716893237693,0.3530082088388778,-0.24481107767008126,-0.328630068972118,-0.04115128461818185,-0.11649803945310433,-0.08359858107439855,1274
2026-09-17,DE000A2JJ1W5,0P0001FAJ5.F,EUR,124.4000015258789,124.4000015258789,-0.0024857474209728503,-0.009632983668443229,-0.009238579605527097,0.025133935641608263,0.04409367884567488,0.04123688728937494,-0.02367611097526734,-0.04542575052266418,-0.006107947065486896,-0.0074980036690105445,-0.0024641566078557053,1237
2026-09-18,DE000BASF111,BAS.DE,EUR,51.619998931884766,51.619998931884766,-0.032245992046921246,0.00233007634727711,0.069290467121222,0.01571147458490696,0.19225613515975032,0.20582365210153375,-0.03819637240544427,-0.13370372630931704,-0.017126988083515315,0.01263337848893431,0.06893832654099552,1274
2026-09-18,DE000BAY0017,BAYN.DE,EUR,48.09000015258789,48.09000015258789,-0.012525679687787061,-0.01069739665160463,0.02319149260825304,0.23455255285369403,0.18028607120790147,0.3096557169310647,-0.1368065808388388,-0.3065455353648504,-0.015245361209131447,-0.007401654077542008,0.14030349824296806,1274
2026-09-18,DE000DTR0CK8,DTG.DE,EUR,43.4900016784668,43.4900016784668,-0.006623963200456329,-0.042703029136628934,0.04167668690938431,0.1092927412171838,0.19764515710892122,0.2444781920837697,-0.12822574579256552,-0.12822574579256552,-0.04013592592591031,-0.04429761507207752,0.05061516153529633,1215
2026-09-18,ES0113211835,BBVA.MC,EUR,24.65999984741211,24.65999984741211,-0.011623282832043391,0.006119935419401479,0.13692942555215715,0.41572908458671565,0.16418976513051214,0.2234113359943374,-0.03640350664384784,-0.18701772533483707,-0.01458542068283275,0.018250880185711305,0.19378546459687795,1278
2026-09-18,ES0113900J37,SAN.MC,EUR,12.52400016784668,12.52400016784668,-0.009333968412122529,0.02437431210408203,0.05102381528619193,0.33564498300893764,0.19346876658761886,0.23292360142277985,-0.07163414468080698,-0.171891814315276,-0.014711651193936692,0.0032459050896389563,0.14646928298349593,1278
2026-09-18,ES0148396007,ITX.MC,EUR,51.7400016784668,51.7400016784668,-0.05203371303245363,-0.10142410501692967,-0.08457181069679709,0.06448136896984202,0.2101103714655,0.22864612518384408,-0.12453463596749692,-0.14986185286846476,-0.07860523570697386,-0.08077912146733257,-0.04509384894422819,1278
2026-09-18,FI0009000681,NOKIA.HE,EUR,9.362000465393066,9.362000465393066,0.013203538668501436,0.06628710138068805,-0.22792215963519502,0.3066956115584518,0.5716199125301824,0.634454340569913,-0.3768617761747389,-0.4829458829898745,0.05170927965223737,0.05834468891206823,0.11967571315985759,1256
2026-09-17,FR0000003196,0P00000QEY.F,EUR,481.8299865722656,481.8299865722656,0.0020588766365419175,-0.01276484657110255,-0.028451054159132405,-0.014501404443973964,0.03449908842646361,0.031923320037475215,-0.035213934951978,-0.0448512159483514,-0.0068801203206566575,-0.013782876831578306,-0.021469991538732636,1239
2026-09-17,FR0000003998,0P00000I2M.F,EUR,3396.780029296875,3396.780029296875,-0.015032124771371724,-0.038259719578123685,-0.0039849304983450295,0.12435203055075039,0.10649809973583826,0.11206163625186108,-0.056545367952327674,-0.1083091867769127,-0.015840574278060293,-0.017145079979392075,0.041485899810367766,1238
2026-09-17,FR0000027609,0P00000H0V.F,EUR,5087.169921875,5087.169921875,-0.006280112094511736,-0.010820892865365694,-0.01038022645746195,-0.001056422228320253,0.021479672054286796,0.017087158640521412,-0.015492782590815102,-0.015492782590815102,-0.0068159854565058575,-0.008757803715438217,-0.005188009682689065,1237
2026-09-18,FR0000045072,ACA.PA,EUR,18.190000534057617,18.190000534057617,-0.01887812104564679,-0.047643970117140166,0.029719761750411466,0.2270965141978587,0.1744068705710413,0.18857189350350306,-0.09950495806760284,-0.16688568702410778,-0.024023786772139677,-0.031715413226902855,0.06996519381587696,1280
2026-09-18,FR0000051807,TEP.PA,EUR,69.72000122070312,69.72000122070312,0.009849366977960905,-0.0002867313403919214,0.36920667179488253,0.5281494794986759,0.28926281720832053,0.5602218064129028,-0.11542901217466739,-0.35422847770430843,-0.009039719957973924,0.06326521704896604,0.22844817942306261,1280
2026-09-18,FR0000052292,RMS.PA,EUR,1331.5,1331.5,-0.05500354861603973,-0.1406905453372056,-0.1747753331267431,-0.17275901885204092,0.27360869495228174,0.3685008808893013,-0.21951934349355218,-0.4022590820314641,-0.10188526525243669,-0.14783454614109526,-0.24831595416940744,1280
2026-09-18,FR0000054470,UBI.PA,EUR,5.308000087738037,5.308000087738037,0.08882053081805896,-0.00037662053918163796,0.04323904771642506,0.33568196233250425,0.48327592409057213,0.5952953944844624,-0.21459440385286976,-0.6284035361234737,0.020887043124562465,-0.005761616524596724,0.04320005741024957,1280
2026-09-18,FR0000073272,SAF.PA,EUR,323.0,323.0,0.0031055900621117516,-0.059953450924298046,-0.060226975478145706,0.19033972724695225,0.2414442176335979,0.2631463487512522,-0.11551154921609863,-0.23617513957875091,-0.030364891667224336,-0.04770328439176841,0.03193527123752227,1280
2026-09-17,FR0000097156,0P00000QGO.F,EUR,666.3400268554688,666.3400268554688,0.01579323560959245,-0.0026492022794156744,0.01782584240908136,0.15243862467591573,0.09916696791009445,0.09896334935135544,-0.033817453515913254,-0.07356647804504624,0.002959969450704314,0.0069173251980672035,0.08406826749001461,1234
2026-09-18,FR0000120073,AI.PA,EUR,163.16000366210938,163.16000366210938,-0.021705211318402196,-0.025212098802707472,-0.048074623849470366,0.03937368059561108,0.18613534826957318,0.16583527910851134,-0.09506377759033169,-0.11975581494880227,-0.03299410297861738,-0.047067241887179145,0.0240191883341192,1280
2026-09-18,FR0000120172,CA.PA,EUR,16.434999465942383,16.434999465942383,-0.004844076697707811,0.044818814000157525,0.0244440898853322,0.12978047572944873,0.21617020959773836,0.2367549219345494,-0.06434318236822179,-0.07772792185500088,0.01341139817892123,0.022026519061253635,0.09466054268782997,1280
2026-09-18,FR0000120271,TTE.PA,EUR,79.31999969482422,79.31999969482422,0.01199288688881972,0.01276813079541017,0.15937080184314945,0.001741475235911949,0.2016047211950401,0.2217814539950776,-0.0529877622835736,-0.17510288938050222,0.02442237898730193,0.05020932939118894,0.14213670411416657,1280
2026-09-18,FR0000120321,OR.PA,EUR,376.0499877929688,376.0499877929688,0.001331380685001271,-0.025272162541467247,-0.030674117900818643,0.09163728148926964,0.18709736632693225,0.20143746766515228,-0.060913705583756306,-0.14438105060176987,-0.019796986535049688,-0.017314941535139905,0.011313577638393912,1280
2026-09-18,FR0000120404,AC.PA,EUR,45.58000183105469,45.58000183105469,-0.004803436892370949,-0.00021930953059312586,-0.11700885753213908,0.17171156527053277,0.2041395901799893,0.22171166566270606,-0.13018205240324088,-0.2065086535708529,-0.01390012618809644,-0.01833669752427336,0.007458506793658115,1280
2026-09-18,FR0000120503,EN.PA,EUR,43.380001068115234,43.380001068115234,-0.010718299255659702,-0.06468305155047538,-0.13482246517395902,-0.07639658605304311,0.209053062756605,0.2380991805410979,-0.13482246517395902,-0.18150941380914654,-0.025814319799369767,-0.06646636672517714,-0.07976322904615885,1280
2026-09-18,FR0000120578,SAN.PA,EUR,74.05000305175781,74.05000305175781,0.0065244441881839865,-0.048078131119073,0.0039316825803736855,-0.045297571066243214,0.1672989751751487,0.26710618560398397,-0.08946448560677267,-0.16176475958940295,-0.026707985049547522,-0.028271289786652276,-0.024164329065169188,1280
2026-09-18,FR0000120644,BN.PA,EUR,60.540000915527344,60.540000915527344,-0.019753844546017363,-0.08522211187127093,-0.13489571289754643,-0.09592806981285085,0.1793330856992794,0.21498774289252123,-0.1818918795199007,-0.21291218560400127,-0.04889083026473606,-0.09632618162230955,-0.10697197592265761,1280
2026-09-18,FR0000120693,RI.PA,EUR,59.43999862670898,59.43999862670898,-0.0010084264418659394,-0.13554396771332666,-0.06557985680711909,-0.06614586770071329,0.27350359885027814,0.2952941828373042,-0.15500571065390922,-0.31613160066066215,-0.054301320495344196,-0.08344532774240276,-0.10782977949539829,1280
2026-09-18,FR0000120966,BB.PA,EUR,66.5999984741211,66.5999984741211,0.004524817625258359,0.006042319400583196,0.17047445849066456,0.2957889210978335,0.13511691976727166,0.2373034488566185,-0.04202900762143347,-0.14495416219181756,-0.007525535676330408,0.02097129145538923,0.1856014369431367,1280
2026-09-18,FR0000121014,MC.PA,EUR,402.7999877929688,402.7999877929688,-0.009102121050507228,-0.09095016419641411,-0.18527509553872368,-0.11707517786497268,0.2743508739363477,0.26491991012081617,-0.19936397752678525,-0.37223105713475246,-0.06843361696257588,-0.11917010424754393,-0.19838725009727676,1280
2026-09-18,FR0000121147,FRVIA.PA,EUR,9.22599983215332,9.22599983215332,-0.05199347519025954,0.045794638732864934,-0.0062473677398412475,-0.025765620696444058,0.49922093879170626,0.48333869249777556,-0.10287980996565815,-0.42797438225722206,-0.0062045124545019315,0.008658745117035238,-0.15548087524644816,1280
2026-09-18,FR0000121220,SW.PA,EUR,57.04999923706055,57.04999923706055,0.014222208658854152,0.014222208658854152,0.11208577164745925,0.290723942360098,0.16311517007930887,0.24617174866208827,-0.04418009416371382,-0.2701083367043837,-0.004753822508320904,0.012134957613546993,0.18728824333055205,1280
2026-09-18,FR0000121329,HO.PA,EUR,238.1999969482422,238.1999969482422,0.05819631492458677,-0.06989460651569934,0.09065935716620221,-0.01890934335003902,0.22990576027421952,0.2782280420054329,-0.17212206268303964,-0.19597073557214617,-0.002136495745867051,-0.022352111320193213,-0.012158934570341895,1280
2026-09-18,FR0000121485,KER.PA,EUR,233.0,233.0,-0.004911355654328209,-0.07023146717819928,-0.13027246992013597,-0.08142181545947746,0.3129228982306203,0.5010127529017298,-0.20693189291618097,-0.33857798991233146,-0.04695680449824713,-0.09136996126866737,-0.1096604192644618,1280
2026-09-18,FR0000121667,EL.PA,EUR,139.0,139.0,-0.04696610090406095,-0.13771710526378067,-0.16315475681937397,-0.28029802182577557,0.25596864536540803,0.2896266550616732,-0.209778255695675,-0.5563296695825171,-0.09122113164981716,-0.13743887214387618,-0.3055780610191199,1280
2026-09-18,FR0000121964,LI.PA,EUR,36.619998931884766,36.619998931884766,-0.0027233737879610587,-0.04981842081039056,0.03008330189339259,0.17054931802794338,0.14742769109507983,0.14052621465980497,-0.08404203723919346,-0.10371167754765254,-0.02541585847579675,-0.040326233415896584,0.07204793373244911,1280
2026-09-18,FR0000121972,SU.PA,EUR,285.75,285.75,-0.005741106233560611,-0.02905194749441653,0.022178545797765903,0.2754185567836007,0.35139773324839335,0.36708703129112796,-0.12524119680717438,-0.17762918089750313,-0.015342732743559795,-0.002805752614922774,0.09061899231660364,1280
2026-09-18,FR0000124141,VIE.PA,EUR,31.739999771118164,31.739999771118164,0.009541960304217278,-0.07409565631935555,-0.12199174463668361,0.020555725059756558,0.1716287081863259,0.197002139520609,-0.16444562902496562,-0.16444562902496562,-0.018871428464544482,-0.0741172952555369,-0.03175095530088401,1280
2026-09-18,FR0000125007,SGO.PA,EUR,69.12000274658203,69.12000274658203,-0.030846844610991297,-0.1445544537627549,-0.15459881432717393,0.027116673699514537,0.2416127992325399,0.30274863599405716,-0.19195695573069294,-0.2782018825349041,-0.08246160430401472,-0.11025978435157813,-0.11201798300175025,1280
2026-09-18,FR0000125338,CAP.PA,EUR,104.3499984741211,104.3499984741211,0.0280788027007004,-0.047466950550242526,0.17909602795617063,0.1003941184179944,0.42045440773643983,0.42071008219024625,-0.09201077073251984,-0.41502642376831267,-0.023557222274145362,0.012923864893705561,-0.03246460291205733,1280
2026-09-18,FR0000125486,DG.PA,EUR,110.8000030517578,110.8000030517578,0.0022614201094408592,-0.07202678696999121,-0.1564522428385925,-0.09842440691771048,0.21257090189366412,0.22726212194748627,-0.15835555451261685,-0.20030232855906616,-0.02730222807321836,-0.06262158778731053,-0.09884208046825671,1280
2026-09-18,FR0000130452,FGR.PA,EUR,106.3000030517578,106.3000030517578,-0.0037487713957333746,-0.09647257396443387,-0.19009521484375014,-0.14317730925792826,0.3099280599673831,0.24718503401974393,-0.1946666899181546,-0.24989103793071143,-0.033855910744716944,-0.09249233028755921,-0.14350767073617088,1280
2026-09-18,FR0000130577,PUB.PA,EUR,97.5199966430664,97.5199966430664,0.0024670833345097343,-0.0425135188603355,0.17742509864580103,0.4583900199850397,0.2958842977534922,0.2844866408188741,-0.07742553003588604,-0.23345260324938366,-0.026187715332028016,0.011125245156801578,0.18017020727957433,1280
2026-09-18,FR0000130809,GLE.PA,EUR,72.58999633789062,72.58999633789062,-0.01746076019876497,-0.049869176857250785,-0.07150171329578625,0.19664740572133454,0.25769306081759036,0.29107343777266853,-0.15671380804415136,-0.20391642461152326,-0.0163223987810297,-0.058217004167325115,0.019443007856709604,1280
2026-09-18,FR0000131104,BNP.PA,EUR,100.73999786376952,100.73999786376952,-0.01851131661318528,-0.04926388510575286,-0.021941768312917276,0.281844621617211,0.24392205438388137,0.22641033472487318,-0.10762410515253296,-0.16594331091635783,-0.026469163760110215,-0.05003132994622428,0.09069354714038513,1280
2026-09-18,FR0000131906,RNO.PA,EUR,27.40999984741211,27.40999984741211,-0.05221300915969218,-0.04194340221388426,0.04578408259656741,0.035229577267548384,0.41464813624462876,0.3448329862524981,-0.07772542124199833,-0.2784341010453456,-0.046442864303365194,-0.02016858738655758,-0.04571711259049305,1280
2026-09-18,FR0000133308,ORA.PA,EUR,15.029999732971191,15.029999732971191,-0.03126010954684211,-0.0667494467445271,-0.1161422831676503,-0.11914600389294827,0.27994463560867694,0.2716163699871581,-0.13620689296079813,-0.17743087773952715,-0.03177493594548697,-0.062388893247127486,-0.07324381218463394,1280
2026-09-18,FR0000172041,XED2.F,EUR,486.8200073242188,486.8200073242188,,,,,,,,,,,,1
2026-09-17,FR0000172124,0P00000GPO.F,EUR,56.4900016784668,56.4900016784668,-0.01275776872881651,-0.02637019591908918,-0.040101900711043914,-0.025194116742900285,0.045146616452954286,0.04660833425597073,-0.048714433448081795,-0.05463102888390703,-0.015175918558093748,-0.023883630810249468,-0.029553159366423443,1229
2026-09-18,FR0000284689,CL54.F,EUR,32.667999267578125,32.667999267578125,,,,,,,,,,,,1
2026-09-17,FR0000292302,0P00000PYA.F,EUR,571.0900268554688,571.0900268554688,0.006929356613704529,-0.01115093954377877,0.019566925315756434,0.09540625989984775,0.0722712605043501,0.0739161378505373,-0.030280271035459383,-0.06867224362644508,-0.005623992414985346,-0.004110188194599518,0.029509506001104135,1239
2026-09-17,FR0000295230,0P00000PM8.F,EUR,224.22000122070312,224.22000122070312,-0.0015140556714776654,-0.038177737143527346,-0.011941971279882502,0.053219981509406766,0.10838414813396272,0.11849524894878632,-0.0631547718368991,-0.16301981420780265,-0.028477957800976617,-0.030311096760954448,-0.03138452583004636,1259
2026-09-17,FR0000299356,0P00000JPU.F,EUR,296.70001220703125,296.70001220703125,-0.004996781321224164,-0.009811781797086416,0.011661256962524957,0.0887673904610371,0.12049255718681716,0.11051919014702537,-0.050695879600846094,-0.10168187143662966,-0.01293624756355749,-0.007621908485898388,0.02296468526804385,1227
2026-09-17,FR0000422859,0P00000PLK.F,EUR,907.9600219726562,907.9600219726562,0.0021965973860995636,-0.017391217617079957,-0.014426027709463995,0.09782967822247435,0.12379068346228361,0.11762727024580005,-0.05913649458409431,-0.11875263294966842,-0.01845502371214247,-0.017056315863726135,0.0024058474285044706,1237
2026-09-17,FR0000438905,0P00000QF5.F,EUR,488.7300109863281,488.7300109863281,0.018336045766766063,-0.00551438922679337,0.05284359787641835,0.15911676787562512,0.11580444955633436,0.10480386818156823,-0.0324187350522257,-0.08915819628885746,0.0048667600721590265,0.00864073941823662,0.08972015978770886,1185
2026-09-17,FR0000447807,0P00000RUS.F,EUR,212.1699981689453,212.1699981689453,0.01337346858221311,-0.0031947752646037664,0.03791214200870363,0.16519304978861915,0.11858513548059359,0.10942746251698719,-0.04078916959911505,-0.08659418215219217,-1.8860074446735986e-05,0.001203302566605835,0.07422924763223993,1238
2026-09-18,FR0000974149,ODAB.HM,EUR,736.5830078125,736.5830078125,,,,,,,,,,,,1
2026-09-17,FR0000975880,0P00000MML.F,EUR,433.4299926757813,433.4299926757813,0.014369594439542999,-0.037442571563207516,-0.02733330283470159,0.06113206126198856,0.1298608405078554,0.12164097126164067,-0.0816524738184714,-0.12650891219419702,-0.010578386453359179,-0.026196968058017744,-0.013761573468181187,1238
2026-09-17,FR0000980427,0P00001O87.F,EUR,2577.77001953125,2577.77001953125,-0.0009688908451737088,-0.015934273997338044,-0.01691007855281157,0.02988451707517381,0.042756252198235346,0.04391315410219766,-0.030773475000175132,-0.04381792125829931,-0.010032471093514794,-0.015120574293325584,-0.0014967374340016937,1241
2026-09-17,FR0000987950,0P00000NYV.F,EUR,655.7899780273438,655.7899780273438,-0.01307789955579397,0.016192938198478446,-0.029250255529100433,0.1493795233339983,0.137677649386769,0.2387808299946112,-0.10217496300435924,-0.10217496300435924,-0.0017186673895717153,0.005550670043549033,0.10817180564473228,1119
2026-09-17,FR0000987968,0P00000NZ3.F,EUR,473.5700073242188,473.5700073242188,-0.017897147790007173,-0.01777493479869674,-0.04823441856768007,0.17622078651702444,0.215161110840608,0.31005454498862867,-0.16322176981876269,-0.16322176981876269,0.0023547253035738347,-0.0008291642251769815,0.11549655602395759,1156
2026-09-17,FR0000988057,0P00000NZ7.F,EUR,852.739990234375,852.739990234375,0.018574024710784842,0.0015032628998286057,0.017747377521386998,0.1532708797636022,0.11156600821582727,0.10758651300306352,-0.03313392419228933,-0.07747073986381181,0.008463969250713133,0.007540288055337019,0.07873755625053169,1197
2026-09-17,FR0000989915,0P00000QLD.F,EUR,1593.52001953125,1593.52001953125,0.0046908501984157525,-0.062193935191524385,-0.0732762623108908,-0.022464325020010723,0.12558965747064982,0.13155664218199803,-0.11742445460330575,-0.1641868156179701,-0.03181217103489009,-0.06732521085646959,-0.07272016001153303,1238
2026-09-18,FR0006174348,BVI.PA,EUR,27.21999931335449,27.21999931335449,-0.023322623118255725,-0.007293973828700562,0.04894021244996605,0.06574790518918028,0.14196250997405818,0.2211257081941721,-0.07584561619350039,-0.13772048651286128,-0.01147590981650315,-0.01436809078725343,0.025364495357847572,1280
2026-09-17,FR0007023692,0P00000C3O.F,EUR,380.8699951171875,380.8699951171875,-0.005743107434587724,-0.024010853197182436,0.007965939454595894,0.06698230679759054,0.07362741905623499,0.07428969906632919,-0.03241593433027423,-0.057652550446265716,-0.010799226970663045,-0.005652755856692893,0.04453284457344098,1223
2026-09-17,FR0007028543,0P00000PY3.F,EUR,107.41999816894533,107.41999816894533,0.006182053386179831,-0.01782942789308528,-0.03172890026138253,0.03228907062446962,0.0835552622629501,0.07715178125245403,-0.045613735348593254,-0.07215834198969395,-0.010587708134338403,-0.0170025243969818,0.0029232271696177925,1200
2026-09-18,FR0007052782,CAC.PA,EUR,81.58000183105469,81.58000183105469,-0.012229017455139046,-0.04718524627340803,-0.03478460635093861,0.056051803638248465,0.12386036853585701,0.11865860141052167,-0.07316513357898446,-0.10850611902089558,-0.021875298850425273,-0.03863827993319069,-0.006940819690764766,1281
2026-09-18,FR0007054358,MSE.PA,EUR,71.0,71.0,-0.014299580685164792,-0.03453903839959083,0.004243324819058092,0.1405622489959839,0.11631181131556079,0.12653654542935378,-0.04902228077396764,-0.10843727157026495,-0.01993939631341879,-0.022270202012136475,0.040510288414458806,1281
2026-09-17,FR0007061882,0P00000O6Y.F,EUR,697.5900268554688,697.5900268554688,0.0037411137680083417,-0.010005091460050242,0.008092655529882808,0.14400274416964054,0.11906186518180638,0.11431552070881686,-0.04486875194663431,-0.12151241584563843,-0.014712397958323797,-0.009027659211866434,0.03170111891514771,1238
2026-09-17,FR0007062567,0P00000K4N.F,EUR,567.280029296875,567.280029296875,0.029210125249528485,-0.028097525330144424,0.04028906830361301,0.09668066556601151,0.18566887453267353,0.1509538846881059,-0.07313298381321787,-0.17320314463395015,-0.0007045685655332479,4.412568885592272e-05,0.041060823258393775,1193
2026-09-17,FR0007064324,0P00000H22.F,EUR,526.3300170898438,526.3300170898438,-0.013199051487320701,-0.05100785813062192,-0.017747852510074047,0.030423477916473818,0.07411587063447471,0.09938709252371287,-0.05765394575140448,-0.10149436880129137,-0.024230594939110506,-0.028872348692277727,-0.012290458486765576,1234
2026-09-17,FR0007072160,0P00000IK7.F,EUR,173.3800048828125,173.3800048828125,0.00034616637467310696,-0.008860617720607422,-0.0073853168812946235,0.007027976573943162,0.019996504446264985,0.019052735912972858,-0.013394927444215443,-0.025147919362124238,-0.005172635082164367,-0.0071693311214835465,-0.0029993712418930896,1240
2026-09-17,FR0007076930,0P00000NME.F,EUR,564.3599853515625,564.3599853515625,0.010239099515140682,-0.031374483106700324,0.010094528465377284,0.13913165067680966,0.10462211596825736,0.10020840249694378,-0.058212602216165754,-0.08584313776124475,-0.008771376894558203,-0.015255575928498577,0.051303847035677475,1231
2026-09-17,FR0007374145,0P00000QRC.F,EUR,539.530029296875,539.530029296875,0.0015966109380596283,0.07215537535887195,0.13277629095171029,-0.06990412804840385,0.458842847084389,0.4650797784560368,-0.16881757435601374,-0.3714610457589358,-0.02308783652872426,0.09616371839780435,0.08979222218137917,1167
2026-09-17,FR0007382965,0P00000MUL.F,EUR,3568.6298828125,3568.6298828125,0.004130596052930979,-0.009377064276701153,0.008537698069903454,0.06422701264430963,0.04672658366717791,0.04506998305759057,-0.024007435772887664,-0.05346302661329583,-0.00503559425338207,-0.005420646727750333,0.019321859717074563,1237
2026-09-17,FR0007390174,0P00000FNC.F,EUR,107.86000061035156,107.86000061035156,0.0025095667037016156,-0.02468573847491584,0.2604885005845754,0.16605406065244943,0.35594316875169385,0.4165486511032678,-0.11099121252261879,-0.33703705023274577,-0.021793344042264184,0.08083950569124632,0.08130272214201395,1243
2026-09-17,FR0010004085,0P00001NLH.F,EUR,989.4400024414062,989.4400024414062,0.00597828795132771,-0.008805564047691838,0.01784811602487224,0.15064539405684108,0.094250760915985,0.1136622268287056,-0.0345192340392364,-0.0930771863389761,-0.0023302174519955754,0.00253003540031993,0.06260155475040041,1203
2026-09-17,FR0010058529,0P00000QIF.F,EUR,1171.4100341796875,1171.4100341796875,0.0018645208790006862,-0.03155634456733203,-0.018508559547811054,0.12093432852627628,0.13967338048097913,0.14656334273536667,-0.07672122846149532,-0.16355001019165538,-0.016049299706561215,-0.022363403611922794,0.009631655884399626,1240
2026-09-17,FR0010086512,0P00000G8V.F,EUR,343.8999938964844,343.8999938964844,-0.011781626734240325,-0.06204827595448692,-0.04067177148797796,0.039538075940632744,0.11613353724114642,0.12321827143018212,-0.07524075807140507,-0.11388989985918296,-0.024628219362984538,-0.03388185184234893,-0.00615124348884033,1233
2026-09-17,FR0010097683,0P00000CGO.F,EUR,587.739990234375,587.739990234375,-0.010172182903578464,-0.012732676537974275,-0.0022069602089187512,0.0495919798991733,0.05520400630247027,0.07173170658956111,-0.023930193073769868,-0.08550661982129948,-0.0073535790059859885,-0.002464066652014596,0.01736859211281594,1230
2026-09-16,FR0010128587,0P000015L9.F,EUR,695.8200073242188,695.8200073242188,-0.022381443871838824,-0.019212072236648337,-0.08170453161458946,0.03196047157480053,0.13242975537882715,0.13956884218496826,-0.09363248747868291,-0.09552951169543256,-0.011405172754080373,-0.020820540399399512,-0.0015062247789083827,1224
2026-09-18,FR0010135103,Y9U6.F,EUR,837.802001953125,837.802001953125,,,,,,,,,,,,1
2026-09-17,FR0010147603,0P000018HU.F,EUR,435.8699951171875,435.8699951171875,-0.011542989016066207,0.003915474668625629,0.015777182282394664,0.062346111383467795,0.07388832295017818,0.11636732803022817,-0.039956885578391055,-0.06154886324087783,-0.010843135494845502,0.0008187947147333396,0.0309696439086391,1240
2026-09-18,FR0010149120,Y9U4.F,EUR,1910.5140380859373,1910.5140380859373,,,,,,,,,,,,1
2026-09-18,FR0010149302,Y9U3.F,EUR,1850.4449462890625,1850.4449462890625,,,,,,,,,,,,1
2026-09-17,FR0010156604,0P00001BB3.F,EUR,251.1100006103516,251.1100006103516,-0.007627223865749988,-0.004834943176990625,0.002195095215185905,0.03768748671500455,0.033919670131216044,0.026131798373427502,-0.013168255582431398,-0.02863110837153171,-0.005077427253834976,-0.004610082205154131,0.014031524493716585,1239
2026-09-17,FR0010158048,0P00001BW0.F,EUR,324.69000244140625,324.69000244140625,0.0006780325449977642,-0.03357442253270371,-0.01274021642908707,0.13100883944646968,0.08724726017624387,0.10537344812476232,-0.06124416353536166,-0.12274891322971371,-0.019084169781187876,-0.020804686341760692,0.015263512098203647,1240
2026-09-17,FR0010174144,0P0000M6PZ.F,EUR,259.1400146484375,259.1400146484375,-0.004111974335256563,-0.03005576365503637,0.00789556770461175,0.013929152484066787,0.056412645741299304,0.08672311864930143,-0.04566543973733794,-0.07384152486145013,-0.017830531125706983,-0.018086201150294468,-0.0018749443875359928,1048
2026-09-17,FR0010177899,0P00000PNB.F,EUR,89.76000213623047,89.76000213623047,0.001673937337989262,-0.01232389030629466,-0.012215258906144721,0.03864850773030182,0.0431110221994641,0.045154159526487075,-0.026935590768915052,-0.046937452596716,-0.0059635312263294216,-0.00990314399176051,0.006077290562207294,1238
2026-09-18,FR0010208488,ENGI.PA,EUR,24.030000686645508,24.030000686645508,-0.011111051806259264,-0.0602267902447583,-0.11197334956012917,-0.0939436544762573,0.21143669042047053,0.23178645083490296,-0.1525729233098997,-0.162258606199024,-0.010927921047456102,-0.06378565848068363,-0.054605938895798234,1280
2026-09-18,FR0010220475,ALO.PA,EUR,15.279999732971191,15.279999732971191,-0.014193565614761816,-0.034439183751197366,-0.025820891030323923,-0.33622939056815293,0.3337800351924965,0.28286397264468416,-0.09719347581932603,-0.49715147326701337,-0.048004758027031524,-0.049290094728836165,-0.25748379059927984,1280
2026-09-18,FR0010221234,ETL.PA,EUR,1.753000020980835,1.753000020980835,-0.05803327470234665,-0.086979135331542,-0.18842594846163174,-0.17115838625230007,0.421697540499427,0.4429527454111347,-0.31803921751955855,-0.614412444666804,-0.0464534203493715,-0.12703983927326712,-0.24485792635436343,1280
2026-09-17,FR0010229187,0P00000FV4.F,EUR,321.82000732421875,321.82000732421875,-0.014364038777165855,-0.029639640443755888,-0.002479659677256385,0.09697655752309231,0.09337835608204396,0.10992351507892172,-0.040434204459219525,-0.07929475665366614,-0.011547084515608486,-0.006471405979913469,0.04535583415916333,1236
2026-09-18,FR0010230490,0PP1.MU,EUR,694.4030151367188,694.4030151367188,-0.009631224244281311,-0.03508365277833614,-0.04572103087737034,-0.013057336471651304,0.05154080448265588,0.039079794873738756,-0.047390188329915484,-0.05556809031668952,-0.02229113838592689,-0.030562896502140724,-0.038014342375314425,209
2026-09-18,FR0010261198,MEU.PA,EUR,243.4499969482422,243.4499969482422,-0.00652930456474099,-0.028143724757516253,0.002470623140403916,0.11022436293094007,0.0970133371319559,0.09482932496038184,-0.03686089155476535,-0.09773398341024508,-0.016055550335963398,-0.01848926772833126,0.03572780878624782,1281
2026-09-17,FR0010286013,0P00000EUQ.F,EUR,491.8500061035156,491.8500061035156,-0.015650343454820415,-0.020453256419862398,-0.006303402447608741,0.015568558532615517,0.05591902536476695,0.05279843790387867,-0.026230704833415164,-0.06016847910817125,-0.013554711880705228,-0.011558234036276205,-0.00019533389944270674,1224
2026-09-18,FR0010307819,LR.PA,EUR,135.8000030517578,135.8000030517578,-0.026523275614639297,0.008540729353151866,-0.08025730670218956,0.06363490069627309,0.3802215445301525,0.2892297758931445,-0.12863913603639465,-0.18306531519533542,-0.012148080648677562,-0.009438749915366307,-0.018811869442017515,1280
2026-09-18,FR0010313833,AKE.PA,EUR,56.0,56.0,-0.03945110235264748,-0.052453444232803625,-0.024390269837322398,0.01955877466793643,0.16050841320436274,0.26482101575603023,-0.10184440464351752,-0.22841862264948765,-0.04314394933769128,-0.044401210745678155,0.008407488309176037,1280
2026-09-18,FR0010315770,WLD.PA,EUR,428.0400085449219,428.0400085449219,0.003304980066970886,0.004293698239208554,0.02669642077438117,0.1745787628916915,0.09079318495689229,0.09477493202486229,-0.030554849535535222,-0.06579517880427155,0.002276002298601032,0.0031032574508342847,0.07080859630510306,1281
2026-09-18,FR0010321828,EHQ1.HM,EUR,365.7590026855469,365.7590026855469,,,,,,,,,,,,1
2026-09-18,FR0010340141,ADP.PA,EUR,108.3000030517578,108.3000030517578,0.0,-0.0027623888266884444,-0.05579768148880049,0.07852127737977721,0.2616346245422649,0.32159767152898977,-0.13739838638925939,-0.23520484593542768,-0.007696509984017719,-0.021450359052994306,-0.007672414550593087,1280
2026-09-17,FR0010363366,0P00006A6D.F,EUR,349.6199951171875,349.6199951171875,-0.0021976069495661665,-0.01136754712343968,-0.019711198372646788,0.0631918228035282,0.04998153667607301,0.0588329417776793,-0.029809067523080435,-0.06620432661115794,-0.0040706765994500405,-0.007851058025942326,0.015960638577613206,1236
2026-09-17,FR0010375600,0P00006TTL.F,EUR,284.25,284.25,0.006052209964473976,-0.041541649593548335,-0.031153121074654733,0.07146892398651183,0.13652353327761996,0.1340691587889304,-0.0701480804633906,-0.11891872079739285,-0.019874897227808552,-0.023655530280186632,-0.002535682185612287,1240
2026-09-17,FR0010380675,0P00007ZHT.F,EUR,3173.050048828125,3173.050048828125,-0.00809637622941306,0.03339174753614782,0.035090775031884736,0.19476240322694371,0.09377740870664199,0.13727290040167664,-0.03491375153012677,-0.08934768111999025,0.011484136804260192,0.02714974363524103,0.13845199814490705,1203
2026-09-17,FR0010400762,0P0000KOPQ.F,EUR,258.989990234375,258.989990234375,-0.007358910738512248,-0.014235224738553987,-0.010393188298162492,0.030888009548237783,0.07792372094941183,0.07312070368244707,-0.030162190593845284,-0.05504625658299778,-0.004721069111677356,-0.004543947686990735,0.015383021658284424,1212
2026-09-18,FR0010411983,SCR.PA,EUR,32.36000061035156,32.36000061035156,0.002478371563817916,-0.018799240160411568,0.01697048776575505,0.13006690430143797,0.19208506492830033,0.18147203072326,-0.07554783474133209,-0.18987342828689058,-0.028169834818898676,-0.03333729651162254,0.07909350711124308,1280
2026-09-18,FR0010415448,0P00008IB9.F,EUR,543.0999755859375,543.0999755859375,0.0164320409892329,-0.013818608855998948,-0.06704692932763712,0.21976412259615374,0.18116192669604847,0.29707196034862826,-0.1471557987796812,-0.15046376283067087,-0.0007911617481679567,-0.008648585326273439,0.10120620146639503,1165
2026-09-18,FR0010451203,RXL.PA,EUR,35.88999938964844,35.88999938964844,-0.005817149400246913,0.002513970796254039,-0.0378016052614597,0.13942184110218991,0.30687617279510193,0.275351418068934,-0.1111959037333462,-0.16975636676009276,-0.008193679622260142,-0.02570257899684214,0.016398250504308987,1280
2026-09-18,FR0010533075,GET.PA,EUR,18.489999771118164,18.489999771118164,0.0021679678333161867,-0.03798124705077921,-0.020137840551928243,0.07669490217089736,0.14097190261494497,0.13419153978251736,-0.05309272162629608,-0.07211297161310692,-0.009959314474428771,-0.009163505490887847,0.05636570830882093,1280
2026-09-17,FR0010546903,0P00000PUS.F,EUR,76.94999694824219,76.94999694824219,-0.008376308487888395,-0.011687691433030722,-0.01206833288961584,0.0700875125777316,0.11729051326296784,0.11893253637991581,-0.042979533527988334,-0.11959289705296672,-0.009518690961084597,-0.006948169801003989,0.022752382366686197,1234
2026-09-17,FR0010546929,0P00000MHU.F,EUR,41.5099983215332,41.5099983215332,0.014170486489932355,0.0014474682144611783,0.04506538383229164,0.19901789723346286,0.10533738343374037,0.10678623294480233,-0.028252579698147984,-0.09560373294814584,0.0005543480503131804,0.0038742215883464937,0.09933322783539467,1230
2026-09-17,FR0010557967,0P0000ADK9.F,EUR,197.75,197.75,0.00010116963987871763,-0.010507911130249625,0.006412511942648136,0.10927242531372006,0.07201370568600342,0.09232872068300052,-0.035021182448650046,-0.07679091971778229,-0.007097188840483493,-0.005014427115145326,0.03704220444965456,1240
2026-09-16,FR0010564351,0P0000J3CO.F,EUR,202.69000244140625,202.69000244140625,-0.008753879712115609,-0.02105771816512203,-0.011075352254598436,0.07016900197042997,0.05730676204319383,0.06677969654674368,-0.03237068132455978,-0.06353414906261601,-0.013901883545784366,-0.014603245237680307,0.012145862047565181,1231
2026-09-17,FR0010592022,0P0000D2MT.F,EUR,130.1199951171875,130.1199951171875,0.006419691191551058,-0.032565092065520496,-0.002300284127969343,0.09547058809927478,0.09789655931925406,0.09941576078707723,-0.05379817857654812,-0.08556696470410918,-0.0143059389705541,-0.01827497577370718,0.02354052717708255,1241
2026-09-16,FR0010601971,0P0000KWR3.F,EUR,343.5799865722656,343.5799865722656,0.0024508267544625095,-0.03173263973011331,-0.016431983944811823,0.04083605034688431,0.05863326192623695,0.0693170795001609,-0.0450312953223968,-0.0711168777125627,-0.013796498915635724,-0.024901686587656235,0.006150103476378677,1235
2026-09-17,FR0010611293,0P0000GBJZ.F,EUR,1878.7900390625,1878.7900390625,0.0031127617496327087,-0.015061430640088358,-0.013706748394627044,0.01818194327333189,0.044740603587468175,0.042203192458710126,-0.02966911449211851,-0.046674149360825035,-0.007468305337768211,-0.011644206411774882,-0.006395139464673405,1236
2026-09-16,FR0010616177,0P0000HR6L.F,EUR,184.3000030517578,184.3000030517578,0.0,-0.01722388817023579,-0.010576051836137523,0.06237034580754908,0.09579956669784173,0.09872408620893564,-0.044801141039179426,-0.09792365079112975,-0.008361386028976625,-0.014587085899172791,0.016291281466889407,1232
2026-09-17,FR0010651224,0P0000HR5T.F,EUR,4700.52001953125,4700.52001953125,9.786277872314564e-05,-0.04902638626243305,0.0015853003320629444,0.07592936954626106,0.09612651763080822,0.13090482157730587,-0.07562270216165234,-0.1305381968790127,-0.027654485910829862,-0.031491818936870586,0.0030007687033257735,1241
2026-09-17,FR0010657122,0P0000HX49.F,EUR,1354.1800537109375,1354.1800537109375,0.011367100747942338,-0.0280423084794994,-0.027469961523784003,0.02056691870556482,0.11347692475001311,0.10725288638364625,-0.06587642280455464,-0.10558753610008986,-0.008828919521341905,-0.022927373811045038,-0.021714612354903573,1238
2026-09-15,FR0010668145,0P0000IT7S.F,EUR,671.489990234375,671.489990234375,-0.02750259351687956,-0.055250744262046236,-0.028192224401484944,0.0024033936523364385,0.10709584982881673,0.14065035174334445,-0.07103875073039301,-0.10189111228019454,-0.02794678226312819,-0.044960230629619624,-0.018324000533881835,1230
2026-09-17,FR0010679902,0P0000IKS1.F,EUR,422.6000061035156,422.6000061035156,-0.00879559035139199,-0.06019971649403555,-0.015079127205957943,0.04705042353055755,0.08283431815049812,0.10366437309247621,-0.07202456792396095,-0.13823713827402528,-0.03433524251190834,-0.04261950569998041,-0.03048009855264322,1241
2026-09-17,FR0010687749,0P0000HRVB.F,EUR,353.1499938964844,353.1499938964844,0.0009636811321771521,-0.0196541567163111,-0.02884726743313648,0.12257223054600175,0.1187570323862853,0.11524821273665521,-0.05663693095460853,-0.10297291465046632,-0.01523645491645742,-0.019610584100703377,0.02644052567415378,1239
2026-09-17,FR0010689141,0P0000IKSO.F,EUR,1968.4300537109373,1968.4300537109373,-0.008027742828024764,-0.01804346119700395,0.0013429789529793013,0.07339835256363103,0.08349068890359863,0.1134062498955811,-0.043648280181169286,-0.11447905426548899,-0.02192459910389788,-0.017320412399277507,0.00261636866798165,1241
2026-09-17,FR0010697482,0P0000J0GI.F,EUR,142.5399932861328,142.5399932861328,0.00042109461252715086,-0.0018906538553098429,-0.0007711224329346456,0.008704237129641523,0.008814003994242571,0.0079064981665621,-0.003777868586109956,-0.009263859031025667,-0.0013312339286535302,-0.0013382290800223462,0.002370507008342404,1239
2026-09-17,FR0010697532,0P0000JC17.F,EUR,217.80999755859372,217.80999755859372,0.0,-0.007473225848507403,-0.011437408666629345,0.0013792609964335956,0.011891039106963763,0.01016576496236267,-0.011885837700140622,-0.011885837700140622,-0.003937429244292079,-0.00634940568771214,-0.00466502874014163,1240
2026-09-17,FR0010700823,0P0000IVLV.F,EUR,1423.97998046875,1423.97998046875,0.016271946419325944,-0.0015635709536653275,0.023062315338483685,0.11040233418536971,0.11781998485183526,0.11002654369724951,-0.038700809851986206,-0.10079621358980673,0.002213466504913608,0.0002433065602482909,0.05198561391381529,1202
2026-09-17,FR0010702084,0P0000KU3M.F,EUR,249.92999267578125,249.92999267578125,-0.0007197150618970527,-0.038545947531134495,-0.02917188352394573,0.08627429888192628,0.10411949103482356,0.10044190228290584,-0.06869738214395071,-0.11380472679777409,-0.020978494321328034,-0.029841909279200718,-0.0034466769294596578,1240
2026-09-17,FR0010751008,0P0000KM3H.F,EUR,1509.0899658203125,1509.0899658203125,-0.00013919234149339932,-0.018529111362428408,-0.02781109071529242,-0.006870587138967821,0.040505213317295743,0.03265879426824933,-0.035981183543515205,-0.035981183543515205,-0.010524622171008802,-0.01732135607216534,-0.019446379000365166,1240
2026-09-17,FR0010752543,0P0000KTWR.F,EUR,420.6400146484375,420.6400146484375,-0.0005226695594290343,-0.011073213559404271,-0.013323307792734274,0.010740805623851823,0.02760180219165554,0.023523181776982045,-0.021285510314327016,-0.027542721463298614,-0.00599156690352276,-0.009658989325212808,-0.0055967910566433465,1241
2026-09-17,FR0010784348,0P00001NRR.F,EUR,1187.3900146484375,1187.3900146484375,0.011508850742349752,-0.03546568575440845,-0.01000508579648085,0.09366313719255581,0.12291262320485664,0.12056208294153486,-0.07089373476778427,-0.11998356423860601,-0.00969008944997507,-0.024469951890280117,0.01149519784361841,1240
2026-09-18,FR0010836163,69X3.MU,EUR,3024.179931640625,3024.179931640625,,,,,,,,,,,,1
2026-09-18,FR0010858498,0PP0.MU,EUR,542.0449829101562,542.0449829101562,,,,,,,,,,,,1
2026-09-18,FR0010859769,EHQ8.MU,EUR,504.1000061035156,504.1000061035156,,,,,,,,,,,,1
2026-09-17,FR0010896944,0P0000P2U7.F,EUR,148.66000366210938,148.66000366210938,0.01315346548604901,-0.00355250868438739,0.023476789412112842,0.1730450542434705,0.10536671244336808,0.10181629308903559,-0.02873068567554027,-0.09251694310225123,0.0022653372091929747,0.0029631704234800438,0.07338687609365513,1240
2026-09-18,FR0010908533,EDEN.PA,EUR,28.3799991607666,28.3799991607666,0.002118625232660154,-0.015267194264982464,0.2864913802278841,0.8622478148837718,0.26936175157285414,0.29650946351850893,-0.08286932950355896,-0.41323413035555057,-0.03638187774193513,0.003947842733662554,0.3462057022253353,1280
2026-09-18,FR0010909531,ROY2.MU,EUR,293.3489990234375,293.3489990234375,,,,,,,,,,,,1
2026-09-17,FR0011034131,0P0000VH9P.F,EUR,495.3200073242188,495.3200073242188,0.010300484271343224,-0.018390801956100433,0.032562006920371145,0.1185836138640406,0.08742877946800316,0.09680913618959172,-0.041049233571808674,-0.08317117171309074,-0.010567094703827551,-0.006221631565695218,0.04045819380714466,1241
2026-09-17,FR0011069137,0P0000TV0S.F,EUR,295.75,295.75,0.0015917137044370033,-0.008747772756749206,0.01863333929305888,0.12060467169149036,0.10029464562477546,0.11942800200418585,-0.03883555398547767,-0.10720976035915342,-0.0057553502545939494,0.0013414459994995909,0.04561626795016527,1204
2026-09-17,FR0011153014,0P0000UUVR.F,EUR,271.7300109863281,271.7300109863281,0.0052160536545793335,-0.000441401929348495,0.012142920068544338,0.12512946530929914,0.06906468338782605,0.08006363035552272,-0.025026161714988282,-0.07922510462060839,-0.00026487108908068713,0.00042269873535305535,0.05626367910803931,1238
2026-09-17,FR0011169341,0P0000V0BE.F,EUR,607.7000122070312,607.7000122070312,0.002028198531380143,-0.024558567885985205,-0.013137540572239148,0.11286099594592969,0.1184154120771695,0.1240792620773671,-0.05687711868348344,-0.1248088989990811,-0.011401312868221436,-0.01775982471564952,0.022245511492500647,1240
2026-09-16,FR0011170182,0P0000VOSS.F,EUR,1327.3599853515625,1327.3599853515625,-0.04158270540504572,-0.018217594109955493,-0.035853322681411504,-0.17047260039728884,0.32133614943072897,0.30767795697461453,-0.12223257661536657,-0.3734400146634508,-0.026152146766146966,0.01904051323056799,-0.07612532506091119,1182
2026-09-17,FR0011198332,0P0000VG0E.F,EUR,118.45999908447266,118.45999908447266,0.00025330388600508513,-0.000843441938092937,0.0025388914443600363,0.0093728567518776,0.005275921995992941,0.0033945552204808563,-0.001938765344887683,-0.001938765344887683,-0.000767611652254363,-0.0001856883953332833,0.006878401669348833,1239
2026-09-17,FR0011261197,0P00017SX2.F,EUR,3389.47998046875,3389.47998046875,0.00597739974379774,-0.021515535199598812,0.0252510527733667,0.025579901771688007,0.1126712507540744,0.10150255646393039,-0.046441660676277974,-0.09957122066905022,-0.016261187387685783,-0.010577016931557548,-0.01865499441221563,1238
2026-09-17,FR0011271550,0P0000WJFT.F,EUR,313.67999267578125,313.67999267578125,0.001500594596358873,-0.03405800914944723,-0.009254264904272724,0.1130114168860763,0.08346121133898962,0.10681997981545402,-0.059257455493090805,-0.1080676260275274,-0.01943899670629934,-0.029701043055713194,0.0050722798228342025,1242
2026-09-17,FR0011288513,0P0000XP79.F,EUR,135.05999755859375,135.05999755859375,-0.0006658996815016582,-0.011780205106620034,-0.015238763623045215,0.006933517050072169,0.024585958603406437,0.020024525177794957,-0.021601579038781793,-0.029187461979047202,-0.006605000244945591,-0.010410270210373551,-0.009274223792073988,1240
2026-09-17,FR0011350685,0P0000XRPO.F,EUR,1324.6600341796875,1324.6600341796875,-0.00043007349476120726,-0.006994022536142341,-0.007775051368572927,0.008849688335082373,0.015753684808492284,0.012256287149317683,-0.011717059603942648,-0.01867545607765031,-0.003940129317427266,-0.00582904612589541,-0.0028077004101847436,1238
2026-09-17,FR0011363746,0P0000YA5J.F,EUR,201.25,201.25,-0.002725485844600084,-0.010278333704785259,-0.013818823065647412,0.017390437712266227,0.027608313095077996,0.026976838407470703,-0.01924949835648182,-0.031872118869212596,-0.006155667641314477,-0.009297104350887042,-0.0033707121745438773,1228
2026-09-17,FR0011400712,0P0000Y520.F,EUR,922.4099731445312,922.4099731445312,0.022876913634627183,-0.02455509196872263,0.026931044989425335,0.03489243436192124,0.13579526851062282,0.1454233875078597,-0.07302708876997388,-0.12448297538646003,-0.002281205648195561,-0.007281107562075451,0.02622642606766079,1185
2026-09-18,FR0011550193,ETZ.PA,EUR,20.950000762939453,20.950000762939453,-0.0059311978873003435,-0.028743576293769557,0.0014340672340391603,0.10554089284847956,0.09754110340213552,0.09545090033508818,-0.03908047730895281,-0.09410045263958577,-0.016073890599379137,-0.01919472083616791,0.03303598273042829,1281
2026-09-17,FR0011586544,0P000115CR.F,EUR,3288.85009765625,3288.85009765625,0.01638214754925693,-0.0007200591476627105,0.03983748711118773,0.18122102053319544,0.11900303694648288,0.10720257244785153,-0.03778567595914151,-0.11714410061051672,-0.0005565401840427198,0.002731277871311555,0.07141444460691626,1243
2026-09-17,FR0011631050,0P00011S1H.F,EUR,223.8300018310547,223.8300018310547,-0.003517021206062565,-0.02483334195336695,-0.015049496893048686,0.0542603005272122,0.10146194982491219,0.11293786776598376,-0.05457957879314623,-0.1151385532086443,-0.015032159328519756,-0.019041535594997328,-0.011364245678816554,1240
2026-09-17,FR0011694256,0P00014KUO.F,EUR,161.3000030517578,161.3000030517578,0.00529763863934396,-0.049946965417066114,-0.034478598054664245,0.02082152179797414,0.11632542935698523,0.13228099341774488,-0.1057655144009797,-0.15234934691037816,-0.02633070478243915,-0.055313065063446354,-0.046031476491385726,1240
2026-09-18,FR0011726835,GTT.PA,EUR,225.3999938964844,225.3999938964844,0.053270999516282336,0.10166171638550803,0.23034933215727404,0.16616966466515914,0.2376265574234467,0.23317958371124725,-0.04761906250095216,-0.15003473389952182,0.05786827527212046,0.11237227072766243,0.19261510205825894,1280
2026-09-18,FR0011950732,ELIOR.PA,EUR,1.8769999742507932,1.8769999742507932,-0.05249872546551215,-0.11294894608506212,-0.04817445662900688,-0.22757204827750444,0.1680565490915011,0.20076454452799267,-0.12778809595506047,-0.3768406824452747,-0.07609767984199223,-0.08897648245903755,-0.21484534456259363,1280
2026-09-18,FR0012333284,ABVX.PA,EUR,91.0,91.0,-0.09272186210162647,-0.09181633960522384,0.13043478260869557,0.02477473955670817,0.390885739790409,0.8977994355258724,-0.33000002260561334,-0.4844771430760161,-0.07428600637066962,-0.14327945168411593,-0.11461158500618873,1280
2026-09-17,FR0012355139,0P0001572S.F,EUR,128.9499969482422,128.9499969482422,0.004205227558078173,-0.015874241398400546,-0.03386531978063567,0.015754234329090844,0.06327699574991523,0.05894495524585962,-0.047182481054466985,-0.05565120950851987,-0.008164695840748748,-0.01628116496157528,-0.01563798232653213,1238
2026-09-18,FR0012435121,ELIS.PA,EUR,22.420000076293945,22.420000076293945,-0.02521738798721973,-0.07584501794016274,-0.17269373576746672,-0.049533889393407304,0.17185380668103817,0.23408642341671773,-0.20496455781099154,-0.20496455781099154,-0.04551065883812211,-0.08284652581765839,-0.10231019391199214,1280
2026-09-18,FR0012757854,SPIE.PA,EUR,43.720001220703125,43.720001220703125,0.005560664837152229,-0.0324350910677752,-0.1489168437879047,0.06069483164510592,0.26700729914232596,0.25104841424495083,-0.1829383895923451,-0.20037918105240293,-0.0011861383906208722,-0.04480609836396532,-0.07022744981489759,1280
2026-09-18,FR0013176526,FR.PA,EUR,14.899999618530272,14.899999618530272,0.006416704586036381,0.05636299908506759,0.1309297459447849,0.5452087673029893,0.3415701458377858,0.37570810611812283,-0.0942581587900383,-0.2740685965690174,0.03789354095568176,0.0533682770796462,0.20493416350003058,1280
2026-09-17,FR0013202132,0P0001AC1I.F,EUR,115.72000122070312,115.72000122070312,-0.0049871179349544326,-0.012459456226918686,-0.0138900492084576,-0.0027576671173690226,0.025820179001310128,0.02068410282707858,-0.020803235272796705,-0.027311290746644623,-0.007904522852382079,-0.010992571614381164,-0.0090764651527937,1232
2026-09-18,FR0013227113,SOI.PA,EUR,141.0,141.0,0.032588772235731644,0.28473804100227795,0.25612472160356337,1.722007762098979,0.9467071618011821,1.0227163062381974,-0.2702702667871647,-0.5504682471501512,0.13663844175107243,0.22175238796154373,0.6414473588450644,1280
2026-09-17,FR0013254331,0P0001BGYT.F,EUR,415.6099853515625,415.6099853515625,0.0035979673812982504,-0.010358144089973265,0.019001618884774363,0.10174157211109414,0.10859633179317266,0.11607889648802777,-0.036921992311737206,-0.11598420067942472,-0.009282423965642495,-0.004210230045808228,0.03490036682993014,1202
2026-09-18,FR0013269123,RUI.PA,EUR,34.84000015258789,34.84000015258789,-0.0011468152036242518,0.021102029403356592,0.11167836576130297,0.07900557218409188,0.22615030169995537,0.18785749417624759,-0.03705855703723271,-0.11528145624745234,0.014944507417700814,0.03770775411788074,0.07004141498997707,1280
2026-09-18,FR0013280286,BIM.PA,EUR,71.5999984741211,71.5999984741211,0.0,-0.040214478034348855,0.021398003318841008,-0.20630770540992593,0.19742318015417756,0.28056169524339025,-0.07805201750923207,-0.42097341181666226,-0.02766935184917474,-0.014724114153539913,-0.14651941394355228,1280
2026-09-18,FR0013326246,URW.PA,EUR,93.12000274658205,93.12000274658205,0.001075103280205214,-0.09636098991853814,-0.09283973344018193,0.030892940111555856,0.14640619290020226,0.1361697821516084,-0.12691220252836255,-0.13122940803438632,-0.039177823059795114,-0.07911207790270625,-0.03242120297005113,876
2026-09-17,FR0013333838,0P0001DXTL.F,EUR,118.22000122070312,118.22000122070312,0.0010161113305038327,-0.0059698905461261775,0.004418048308782785,0.03565483697257332,0.021089821614747598,0.02814022193046709,-0.012706940624981566,-0.033081040146226814,-0.004140277618918775,-0.003939743701799059,0.01265086474632704,1239
2026-09-17,FR0013334380,0P0001DXU9.F,EUR,103.70999908447266,103.70999908447266,-0.0038421047308987433,-0.027658020592068455,-0.0479206940794904,0.13171104075964934,0.16502624386664738,0.16206179917637686,-0.07766028315599927,-0.1084672057823034,-0.018083705647051862,-0.025164690182909122,0.025121448053797346,1239
2026-09-17,FR0013342755,0P0001E0HL.F,EUR,185.16000366210935,185.16000366210935,0.0029249732380236537,-0.026856574844210335,-0.06654565894144981,0.09432628251612374,0.1518853814577832,0.15831758406252994,-0.10438913410146156,-0.11584945799770097,-0.014293686502943492,-0.028330374446948414,-0.0002542929653318593,1240
2026-09-16,FR0013351285,0P0001EPLY.F,EUR,162.25,162.25,-0.0015384615384614886,-0.029082643723301604,-0.02223696750100501,0.041265513884890304,0.05001200980129784,0.06287826790721893,-0.04115276604912188,-0.09545535463958221,-0.014932346760208381,-0.025135572392797068,-0.006060733537768592,1235
2026-09-17,FR0013433067,0P0001ILL4.F,EUR,95.25,95.25,-0.0029310036938633433,-0.05972362161397604,-0.04987531172069826,-0.07398406149324588,0.15888991445568584,0.23392157204898364,-0.11316681697844033,-0.20466606893546202,-0.030489944146895875,-0.05431648836800185,-0.08780532205383607,1169
2026-09-18,FR0013451333,FDJU.PA,EUR,21.90999984741211,21.90999984741211,-0.013507395291622593,-0.013063103854098479,0.02383178682116527,-0.03983251326889503,0.08401629968164767,0.1467509362145574,-0.0620719488464786,-0.2279361013111323,-0.015214522624486526,-0.022956736410484235,-0.01940513131218613,1280
2026-09-18,FR0014000MR3,ERF.PA,EUR,76.44000244140625,76.44000244140625,0.07783424160997865,0.04971165561319446,0.11950796438185596,0.2331778539013567,0.19762139949413313,0.22786045379704606,-0.07004213550513194,-0.20375860905809895,0.051762604499232756,0.08151245102594173,0.16365975082445217,1280
2026-09-18,FR0014003TT8,DSY.PA,EUR,20.559999465942383,20.559999465942383,0.00883220375800109,-0.07512371168163978,0.1688458946896334,0.23003117709094312,0.3558369444051354,0.3713351447702261,-0.1264616741878486,-0.47274530078621,-0.049666060143403246,-0.012241309861060756,0.026814101209035268,1280
2026-09-18,FR0014004L86,AM.PA,EUR,287.20001220703125,287.20001220703125,0.027181709361987272,-0.055884284410975704,-0.006915629030362025,-0.06732727313810738,0.19389127710957307,0.26988320652722025,-0.14044944087776323,-0.20795749519430162,0.007896170363076882,-0.026282203565803797,-0.04965180940406866,1280
2026-09-17,FR00140081Y1,0P0001P1UF.F,EUR,127.91000366210938,127.91000366210938,7.820278429360172e-05,-0.0031174024167658354,-0.0021842481782060608,0.009948694204895192,0.009685339446052632,0.012026059425713772,-0.0064551393625367215,-0.012880632916910884,-0.0019078234095135649,-0.0023958988086978383,0.0015888250879780852,1084
2026-09-16,FR0014008NN3,0P0001P5RF.F,EUR,1146.780029296875,1146.780029296875,-0.048078296856124414,-0.013980610485888167,-0.03585753048781426,-0.04912812994759608,0.232981503812556,0.22230627627323313,-0.09962754819443853,-0.21793387774801054,-0.017405178302538404,0.007887136096375036,-0.015796931414472137,1010
2026-09-18,FR001400AJ45,ML.PA,EUR,33.08000183105469,33.08000183105469,-0.013126450498215148,-0.040603182417874195,-0.023900784100962857,0.19380840857741188,0.188191919026151,0.1752359882117582,-0.06027861934200207,-0.17488391923233015,-0.03496355844876875,-0.040402812768908336,0.05893438032802756,1280
2026-09-17,FR001400C7W0,0P0001Q63A.F,EUR,120.50499725341795,120.50499725341795,-0.0012101327130548123,-0.0016735025953608096,-0.00026552269741197954,0.014497025362696814,0.00691387795937952,0.0054407556928981185,-0.0036254068715635412,-0.010383330479376118,-0.0014509651180838468,-0.0011862796238341078,0.005647851665355974,938
2026-09-18,FR001400J770,AF.PA,EUR,11.4350004196167,11.4350004196167,-0.012947744327695854,0.004833067190042284,-0.17496387425177673,0.3271820086731674,0.26413240573235064,0.3591478138457356,-0.19635192957380987,-0.3487062871159111,-0.017062761078180055,-0.047789523677890244,0.016262007419117097,1280
2026-09-17,FR001400KAV4,0P0001RSZC.F,EUR,119.38999938964844,119.38999938964844,-0.000920507199594689,-0.0093760146439813,-0.010197341476751554,0.010751749183337544,0.021160515738281004,0.017209094861333693,-0.016197000660045924,-0.023963510996798165,-0.005485288621281614,-0.008102014973846439,-0.0037936663161155515,718
2026-09-17,FR001400L7X7,0P0001S005.F,EUR,1086.4100341796875,1086.4100341796875,-0.0024882115374333935,-0.004872950623539984,-0.003339309651286926,0.005051189467091488,0.011317218643684127,0.009112922996998792,-0.006726927585788078,-0.011346908589593308,-0.003324643616762879,-0.0038417121384071162,0.00036015117259324825,678
2026-09-17,FR001400MCQ6,0P0001SCG2.F,EUR,111.87000274658205,111.87000274658205,-0.0009823236922125167,-0.008508367179769105,-0.00701225714404119,0.016722748229561768,0.01910898650666945,0.014366593293668586,-0.013361668062002341,-0.023477096143128984,-0.005051659566320255,-0.006693059163508042,-0.0010411741829086107,614
2026-09-17,FR001400TS43,0P0001UK5Q.F,EUR,247.6699981689453,247.6699981689453,0.04176828655817766,-0.05390022414297402,-0.1703125856201495,-0.13787942348461923,0.28547790330361034,0.442305502833046,-0.2631443756239523,-0.4031498049663377,0.010106365196259626,-0.0344648572736026,-0.12853517424525585,407
2026-09-17,FR001400U4T1,0P0001UJXE.F,EUR,101.44000244140624,101.44000244140624,-0.0013782180264307886,-0.011883900031005257,-0.013325504811988131,0.01310118466894683,0.025787597123907845,0.020558869565782102,-0.02035473986034453,-0.02727006453639813,-0.006901929946263929,-0.010436054097325065,-0.004850126510214325,415
2026-09-17,FR001400Y4C3,0P0001VF8D.F,EUR,102.81800079345705,102.81800079345705,-0.00016529674883980494,-0.009384143528940236,-0.009412759696744155,-0.0004083202084901316,0.022376063446003753,0.017365226586120896,-0.015223396263358002,-0.015223396263358002,-0.005276997695473407,-0.007516256399931587,-0.0038905336212901043,321
2026-09-17,FR0014010443,0P0001X7LU.F,EUR,121.68000030517578,121.68000030517578,0.010379473526799243,-0.023670039422722278,0.0022238418163451623,0.10307318464532256,0.13112744845188967,0.12474351602098392,-0.06508550861145868,-0.07909845364679069,-0.0070140627330738115,-0.007932950512681725,0.04512648159586563,253
2026-09-18,FR00140182K6,WLN.PA,EUR,12.526000022888184,12.526000022888184,-0.10207883912881333,0.06423105656090633,0.19866031114971228,0.1598147964510248,0.5829868107652214,0.7402091081215599,-0.14134906996163277,-0.7105567100228656,-0.07805542266013488,0.029478964935536478,-0.030679151069752164,1280
2026-09-18,IE0000MMQ5M5,XZME.DE,EUR,11.314000129699709,11.314000129699709,-0.0015883912283168877,-0.013256539231730535,0.043149587328775496,0.19966073826589215,0.10047331685769727,0.13382491917805675,-0.037437036428006,-0.12315044752045123,-0.007552545018021051,0.004060986806873945,0.05694559650095865,1133
2026-09-18,IE0002EI5AG0,XDEE.DE,EUR,12.01200008392334,12.01200008392334,-0.010869562656614318,-0.04378285135404747,-0.0059582548864366425,0.11407907094321779,0.060022686659281906,0.09291486697852082,-0.048328289432227556,-0.07195734552495425,-0.024437779427420425,-0.02474668087919729,0.03077037458445564,1243
2026-09-18,IE0003UN5CT1,JSEE.L,EUR,31.405000686645508,31.405000686645508,-0.004990077254795833,-0.026427931992370035,-0.023248564260786364,0.12411635567411206,0.11378823888373218,0.10606206819254495,-0.046823814462068625,-0.10927735477485356,-0.01767279913356623,-0.02339435320673222,0.027681231363873904,447
2026-09-18,IE00069JGT58,JSEU.L,USD,37.046720366709295,37.046720366709295,0.008702317155511397,0.007631807764035381,0.046880334982142946,0.22201099921475942,0.11448275861432669,0.12140849557599365,-0.033805521724557974,-0.09540032619128536,0.006368629696308137,0.007925071683055451,0.08306306470674674,787
2026-09-18,IE0006YM7D84,XZHY.L,USD,33.683193016833826,33.683193016833826,0.007757418392982496,0.008102648439651805,-0.01545555779106711,0.03369113181665173,0.04760090155607911,0.05595977879509639,-0.02731335523429157,-0.03299643726822499,0.004586827372945468,-0.001445174071447175,0.016087807994456194,1064
2026-09-18,IE000ANHU3J3,JSEM.SW,USD,35.84421502953004,35.84421502953004,-0.007158241671330612,0.011569459528282922,-0.03848143029829698,0.24744681880265773,0.19461983879752404,0.23435961772472216,-0.1054794754139683,-0.13277301158653176,0.002891967936239581,0.016699281621103568,0.10148725253580038,385
2026-09-18,IE000I8KRLL9,SEMI.AS,USD,17.440670261627737,17.440670261627737,0.0016589211066240228,0.038853281475176527,-0.12398036985748628,0.660878692082935,0.32754263037871933,0.4997810055432209,-0.27078031155154114,-0.28230899511903307,0.033052106654559266,0.01926964442034107,0.2109110847240303,1281
2026-09-18,IE000R85HL30,WEBD.DE,EUR,121.5999984741211,121.5999984741211,0.011310717186575836,-0.15859400166588133,-0.10699860388297355,0.03300345968731899,0.5218832481276222,0.32586993160617705,-0.18689110265098707,-0.18689110265098707,-0.0869225815532324,-0.11147355260091418,-0.06883111987522594,1273
2026-09-18,IE000RDRMSD1,BLKC.AS,USD,15.838203483439164,15.838203483439164,0.01111173980896818,0.06363145116316149,-0.01913825495323085,0.37186422417747433,0.4855537357247614,0.49482745905373127,-0.1571409449189749,-0.4311174525246234,0.04128695676967942,0.07157306471574132,0.07994285012939084,1017
2026-09-18,IE000U58J0M1,INRA.AS,USD,22.41633737787229,22.41633737787229,-0.023878210908600317,0.005521180694192163,-0.1266094477791766,-0.020254167460962647,0.2361036313011437,0.27566943639921637,-0.1781288088620805,-0.2635708296778273,-0.001587383045726476,-0.024077646497810745,-0.06253662522176873,1168
2026-09-18,IE000UX5WPU4,XYPL.DE,EUR,9.843999862670898,9.843999862670898,-0.002513000586479741,-0.016239482087144097,-0.027753099983121143,-0.0021489863319442692,0.03907912521287604,0.03591040285800434,-0.032422579747981684,-0.032422579747981684,-0.009056822859482838,-0.014680520287927767,-0.01665573242591667,1087
2026-09-18,IE000VA628D5,SP20.AS,USD,5.940197415384207,5.940197415384207,0.014495601160999128,0.045603716313892706,0.077610338982391,0.2327904253735782,0.13632008454156738,0.16065455040995585,-0.044330093330838816,-0.1284309111272145,0.024928419955132508,0.030177809185130133,0.0941492027454518,468
2026-09-18,IE0030351732,WYZ1.F,EUR,54.05099868774414,54.05099868774414,,,,,,,,,,,,1
2026-09-18,IE00B3ZW0K18,IUSE.L,EUR,156.52000427246094,156.52000427246094,-0.006032875727934428,-0.007167711181552017,0.03252198729249556,0.18288993053745717,0.09292382424100114,0.10780888534533659,-0.026802918883324978,-0.08666481270306314,-0.00522426982812918,-1.914623506349411e-05,0.056153028616374945,1262
2026-09-18,IE00B4L5Y983,IWDA.L,USD,126.95135500780736,126.95135500780736,0.0029253727157494414,0.005497787852737357,0.02062829710655123,0.1826807750435704,0.09917144124090846,0.10887427602660325,-0.0314395943389254,-0.06426178066922439,0.001941178333670468,0.002323336456224512,0.07107946240849472,1262
2026-09-18,IE00B6R51Z18,IOGP.L,USD,31.17362099670005,31.17362099670005,-0.010730445491967888,-0.012444362150151544,0.1375609081666691,-0.04516587422843932,0.24077965798000275,0.2580505643751399,-0.06864735145220024,-0.1893189566400566,-0.005234292929950812,0.033848642301990584,0.11596371669154792,1262
2026-09-18,IE00B6R52143,ISAG.L,USD,50.61846460425927,50.61846460425927,-0.011973820342824903,0.02366259299219342,0.06510946602509704,-0.007498661856100486,0.17115691113272713,0.1433665201099586,-0.05614900088941177,-0.0928890168616453,-0.005663848748458267,0.01766982490305624,0.046528934658967236,1262
2026-09-18,IE00BDQYWQ65,TIP5.L,USD,4.2357782558871016,4.2357782558871016,0.006903888321364349,0.007181493721505117,-0.014972943526945892,0.0033634113564637858,0.03949766094348452,0.04264451162631751,-0.02396833586821867,-0.0393317021918399,0.004893627468279815,-0.0015764494085712677,0.009525643277007001,1262
2026-09-18,IE00BF4G6Z54,JREM.L,USD,44.99806290932571,44.99806290932571,-0.007220567102349751,0.022975374635886725,-0.029503675131750562,0.2337930083479436,0.16967150013998256,0.23627339883533677,-0.10426886390404932,-0.13277031521209293,0.0037067609776009203,0.018176172745415276,0.09741386707169308,1261
2026-09-18,IE00BFMNHK08,XZEU.DE,EUR,36.41999816894531,36.41999816894531,-0.003829409165394093,-0.034976244059751416,-0.005461517443281938,0.15289642269791948,0.10034937693384095,0.0963870012341872,-0.04838921969104015,-0.10329516595899846,-0.018606652039231952,-0.023231168821857384,0.04197655387354349,1272
2026-09-18,IE00BG0J4B71,EH1Y.DE,EUR,4.771500110626221,4.771500110626221,-0.0012558957132465798,-0.011559248495246033,-0.011291160997850325,0.027083892940872323,0.027350776140908067,0.03133835529176291,-0.01987171546159039,-0.03306860401077327,-0.0064539144970759965,-0.008928059221157914,-0.000403014489423259,1135
2026-09-18,IE00BG0J4C88,LOCK.L,USD,11.12055169273138,11.12055169273138,0.04355867341677633,0.045577941443352366,0.13568234051520012,0.363918879117872,0.27877664771547744,0.24837779957826797,-0.06918210405872405,-0.12423833383261185,0.028080159019547413,0.03885526449933652,0.18148752727612916,1262
2026-09-18,IE00BG370F43,XZEM.L,USD,59.14491781699604,59.14491781699604,-0.0008443815955271328,0.025616793051111086,-0.03019100872270908,0.10942674073814351,0.17071304309296007,0.22098764987376826,-0.09226267944110567,-0.13248037332383544,0.008308775156720793,0.016012135226216584,0.029419549727660144,1262
2026-09-18,IE00BHZPJ015,EDM4.DE,EUR,10.300000190734863,10.300000190734863,-0.008471250270940645,-0.028301903767787295,-0.0067502117258166905,0.13373694523789004,0.10964882315056929,0.11813783891653144,-0.04846799355787268,-0.10782747063876086,-0.014137066778516116,-0.018179864717501992,0.03800092844013703,1275
2026-09-18,IE00BHZPJ239,EDM2.SW,USD,8.249354510861751,8.249354510861751,-0.002867067390434963,0.010555954319713345,-0.01444078337097765,0.22656676597485093,0.16667349417035743,0.22814303599246277,-0.09829503042123988,-0.1345260918002107,0.003214885490099073,0.0177577042866226,0.08866578411192205,1257
2026-09-18,IE00BJ5JPH63,3SUD.DE,EUR,5.198599815368652,5.198599815368652,-0.002877156449703433,-0.00986596266041051,-0.023737088905910753,0.02081450522829864,0.04401737492460468,0.04373723248824765,-0.02940510798094187,-0.04608865584082156,-0.007626194986905976,-0.010944217889439112,-0.01126589019309876,1275
2026-09-18,IE00BJZ2DC62,XRMU.L,USD,58.00341213827055,58.00341213827055,0.00630136771864831,0.011909911955466423,0.02767163652648419,0.21738464799008472,0.10898011998355854,0.12574521905161945,-0.033469853884432466,-0.08608559168927943,0.007484008421730692,0.007308000800235526,0.0813232576807823,1262
2026-09-18,IE00BJZ2DD79,XRSU.L,USD,368.4674014481228,368.4674014481228,-0.007956727887470816,-0.031911641000923585,-0.06035865594766987,0.1663363513490559,0.11920263855432964,0.14183538257673903,-0.06717984934329724,-0.09191930547627514,-0.020447332805059282,-0.03475772144994094,0.04490595896249139,1262
2026-09-18,IE00BKBF6H24,IWLE.DE,EUR,10.762499809265137,10.762499809265137,-0.004900415964413374,-0.010936031999775442,0.027075486182446706,0.16081841238604144,0.08307715044570277,0.09505326522225391,-0.029517160170236978,-0.07851649475827649,-0.007053289488103465,-0.003282870489062506,0.0524007052880493,1275
2026-09-18,IE00BL25JL35,XDEQ.SW,USD,78.70304175589666,78.70304175589666,0.014476047003894488,-0.00025144049993885975,0.027816412671691326,0.1625646419219684,0.0947213022534781,0.10385611311295873,-0.039215467351097044,-0.0645891391851322,0.0027608455547483146,-0.0011705912334701862,0.06409381049960983,1257
2026-09-18,IE00BL25JM42,XDEV.SW,USD,73.98887938764334,73.98887938764334,0.0031617412788529364,0.018575115717432977,0.013551193540532802,0.3383540724521936,0.11182617421286464,0.1476847346708849,-0.04818460102026467,-0.05770898221228993,0.009961886348749616,0.0252657132834746,0.17052798323394613,1247
2026-09-18,IE00BL25JN58,XDEB.DE,EUR,44.78499984741211,44.78499984741211,0.0022378532180344912,-0.006323493440024142,0.03060632747245573,0.05302142329740511,0.07467757406002651,0.09141565593191288,-0.024500063829753338,-0.053087219156055854,-0.006246330280113899,-0.001558361098985328,0.037765412112047425,1274
2026-09-18,IE00BL25JP72,XDEM.SW,USD,85.03797146468487,85.03797146468487,0.003952452611508228,0.013160387590821943,-0.04978772489894412,0.26554076237925384,0.15857192539744058,0.24313250722304133,-0.12784451494966353,-0.12784451494966353,0.01576108564376244,0.011039837424853927,0.09222422582856615,1247
2026-09-18,IE00BM67HK77,XDWH.L,USD,53.78157495194669,53.78157495194669,0.03104609264880498,-0.026008836191472318,0.03622551825942222,0.12939252713502247,0.13977970245710258,0.17184887202617966,-0.06005581801582527,-0.10318579402849182,-0.0034329009675517774,0.004999724747545287,0.06334063070771334,1262
2026-09-18,IE00BM67HM91,XDW0.L,USD,67.65394303075328,67.65394303075328,0.005323293536998452,0.015138490973341412,0.1683005108529747,0.030223545597699575,0.20085444714833436,0.20650474655122597,-0.05429453431446529,-0.15272657622424402,0.017283085435324974,0.052091841266525885,0.16050039105289615,1262
2026-09-18,IE00BM97MR69,XT0D.L,USD,55.60275929466963,55.60275929466963,0.011985236281092826,0.01906714499434714,-0.003117312478532308,0.02147290162261606,0.033117611754980174,0.04165141786061218,-0.0240998227837117,-0.035956034609163745,0.012310071504284092,0.007889535760274402,0.02661061042429158,1262
2026-09-18,IE00BMDFDY08,UEEF.DE,EUR,5.740600109100342,5.740600109100342,-0.00010448358324532947,-0.010207215913229706,-0.006472788096137383,0.018450855343463468,0.04078571856678898,0.03736741482458493,-0.016231714089242955,-0.027595803436302302,-0.006331803071071507,-0.006285008603122977,-0.0014218500982191573,1275
2026-09-18,IE00BMG6Z448,EXCH.AS,USD,8.20230007703488,8.20230007703488,-0.013280347658149227,0.024988621278387857,-0.023757908481396472,0.2964400781170309,0.21240542710362878,0.28536767209422315,-0.1423556297436558,-0.17728773058573388,0.006380008387513625,0.031347063233194916,0.12937700479167868,1281
2026-09-17,IE00BQ3D6V05,0P000166SB,USD,78.11776189825869,78.11776189825869,-0.00031793447429040445,-0.007109052715183917,-0.06400640495110943,0.15394778076003335,0.1379230840001066,0.2197601274967983,-0.12341477579416804,-0.12341477579416804,0.00738255665043086,0.0017574855252810995,0.0812523962718521,1201
2026-09-18,IE00BYVQ9F29,NQSE.DE,EUR,17.049999237060547,17.049999237060547,-0.0003518127863930687,0.003531457725171716,0.0015272009491031913,0.24963347774281153,0.11535269400710244,0.18565450344519316,-0.09087792216740032,-0.11870130610035734,0.0036141453221463227,0.007721288937565962,0.07058309399696228,1275
2026-09-18,IE00BYZK4552,RBOT.L,USD,18.329478265277547,18.329478265277547,0.012630869712573434,-0.0017520612265325974,-0.016693246302677878,0.4090781982270717,0.22428169157592895,0.283110222671269,-0.11458996038263136,-0.1270730588029788,0.005488624556205135,0.011091935879593118,0.13992522805223784,1262
2026-09-18,IE00BZ02LR44,XZW0.L,USD,49.19811426591244,49.19811426591244,0.005612279787347907,0.005829007067048808,0.03369001099677815,0.21222835153444652,0.12073199515212417,0.13327891030715688,-0.03517718499463052,-0.10518426628150501,0.00010677332793518346,0.00639263841080262,0.07309903413697261,1262
2026-09-18,IE00BZ036J45,XDGE.DE,EUR,9.787400245666504,9.787400245666504,-0.0016116699418253777,-0.01069418144142753,-0.036963541584559056,-0.02140024523081019,0.047906670407295425,0.04832598580043599,-0.040096991965742124,-0.051614783222507565,-0.007974778196519927,-0.011955089322985502,-0.02734209000833121,1275
2026-09-18,IE00BZ163G84,VECP.AS,EUR,46.880001068115234,46.880001068115234,-0.0015400219657262237,-0.013690803383045624,-0.023410457770425164,-0.0004996155489662701,0.02836269532881199,0.026773190817387982,-0.02439727378764589,-0.026026535640138904,-0.007176007412941221,-0.011896826178589559,-0.013009241816180017,1280
2026-09-18,IT0000072618,ISP.MI,EUR,6.668000221252441,6.668000221252441,0.000900636715730041,-0.02157004178045041,0.1058043099909558,0.3511911882276255,0.16720767053808241,0.17871308066274194,-0.03816682751964695,-0.18962136424504183,-0.010535659996753322,0.0021823447735627166,0.13768692522766512,1270
2026-09-18,IT0003128367,ENEL.MI,EUR,8.869000434875488,8.869000434875488,-0.007164354507224302,-0.06632268529157848,-0.09561454077534359,-0.03214213755419071,0.17377136039090665,0.16055177049248562,-0.12972914566103333,-0.12972914566103333,-0.028831681030940248,-0.07103917723348974,-0.04614008597452568,1270
2026-09-18,IT0003132476,ENI.MI,EUR,23.68000030517578,23.68000030517578,-0.004364946374650125,-0.024439882365199228,0.1694336199661466,-0.01331175651018146,0.2383247211330941,0.286605175789248,-0.07494912450458358,-0.18371762343297826,0.013713730503336574,0.032327621420502606,0.14637935591885132,1270
2026-09-18,IT0003242622,TRN.MI,EUR,9.326000213623049,9.326000213623049,0.012155466513289692,-0.051078535972142625,-0.0874755411005157,-0.03107048113063393,0.18190079795937958,0.1598614012307219,-0.13442623614171878,-0.13442623614171878,-0.01792293998823946,-0.05221841902958679,-0.026781710825092175,1270
2026-09-18,LU0029874905,TEP6.F,EUR,68.19200134277344,68.19200134277344,,,,,,,,,,,,1
2026-09-18,LU0048574536,FPGK.MU,EUR,61.4630012512207,61.4630012512207,,,,,,,,,,,,1
2026-09-18,LU0050427557,FJRC.F,EUR,34.266998291015625,34.266998291015625,,,,,,,,,,,,1
2026-09-18,LU0052474979,JPJX.F,EUR,167.44400024414062,167.44400024414062,,,,,,,,,,,,1
2026-09-18,LU0053696224,JPJW.F,EUR,57.25600051879883,57.25600051879883,,,,,,,,,,,,1
2026-09-18,LU0055114457,FPGL.F,EUR,16.775999069213867,16.775999069213867,,,,,,,,,,,,1
2026-09-18,LU0058908533,JPJV.F,EUR,93.88600158691406,93.88600158691406,,,,,,,,,,,,1
2026-09-18,LU0070212591,IH5Y.MU,EUR,2479.050048828125,2479.050048828125,,,,,,,,,,,,1
2026-09-18,LU0073232471,MSJ6.F,EUR,206.7100067138672,206.7100067138672,,,,,,,,,,,,1
2026-09-18,LU0088087324,SESG.PA,EUR,4.757999897003174,4.757999897003174,0.0303161250672197,-0.07341778287724732,-0.28181133630140776,-0.20158633746514232,0.3788859556721695,0.5351737655006793,-0.44092010864959486,-0.5328275241689141,-0.007467995272251726,-0.16541252354328162,-0.25873738494703435,1280
2026-09-18,LU0090841262,0P00000DWT,USD,83.87032544951556,83.87032544951556,-0.030528828342882175,0.04760427304708603,0.07952386182091087,0.06752709194371787,0.4240713506105754,0.46388170614313945,-0.18889554501415962,-0.35059423030144754,-0.01807042988928398,0.10235026633691247,0.0776454634600443,1006
2026-09-18,LU0099161993,C5Q1.F,EUR,333.3380126953125,333.3380126953125,,,,,,,,,,,,1
2026-09-18,LU0099574567,FJ2P.F,EUR,95.0,95.0,,,,,,,,,,,,1
2026-09-18,LU0107398884,JPJF.F,EUR,27.381999969482425,27.381999969482425,,,,,,,,,,,,1
2026-09-18,LU0113257694,ZPJS.F,EUR,24.33799934387207,24.33799934387207,,,,,,,,,,,,1
2026-09-18,LU0114722498,FJRQ.F,EUR,77.51300048828125,77.51300048828125,,,,,,,,,,,,1
2026-09-18,LU0119750205,IUGL.F,EUR,31.465999603271484,31.465999603271484,,,,,,,,,,,,1
2026-09-17,LU0131510165,0P00001UFS.F,EUR,916.8099975585938,916.8099975585938,0.0026685066815796965,-0.037388952343014537,-0.015823080272156953,0.04848986827264179,0.09179809741566775,0.10390743713238165,-0.04711697064897058,-0.07983177414353115,-0.018482474073295285,-0.020641510322344625,0.004400171051565538,1077
2026-09-17,LU0138007074,0P000026CA.F,EUR,9226.349609375,9226.349609375,-0.013911186918031837,-0.0703836566369821,-0.028213021690543072,-0.014649397741651082,0.1825224887478419,0.17917498345538263,-0.08837743317072166,-0.18821294351051976,-0.04431531613712647,-0.04664138176415378,-0.052558360590266084,1075
2026-09-17,LU0141799501,0P000013Y8.F,EUR,40.745399475097656,40.745399475097656,-0.0022625998282733706,-0.00972643238428228,-0.0067597154694756245,0.025175592610363173,0.022737057686461157,0.016870812836017948,-0.015948518828761693,-0.02912220284095368,-0.005508409192232833,-0.0071834970697243206,0.0013258934326023653,1071
2026-09-18,LU0147396450,0P00000SKL,USD,75.81877606783058,75.81877606783058,0.00726839007950475,-0.011330462437333044,-0.016863475616463064,0.09793153192044057,0.09529797788701813,0.08601301606262746,-0.03174749447867875,-0.05847591595879342,-0.0005509581655924745,-0.004266748775267004,0.03588210458711538,995
2026-09-18,LU0147409709,0P00000LM2,USD,63.25347134792758,63.25347134792758,0.0024273396228007282,0.060123738172657815,0.016343738245881978,0.025228457832981332,0.30152095997366696,0.2280489605766447,-0.08322682207633625,-0.1619830152579782,0.010185663986926885,0.01610625541693489,0.001097974789722178,1006
2026-09-18,LU0154236920,0P00000S3T,USD,78.27606741507674,78.27606741507674,0.013864072015120188,-0.002868416470196422,-0.03343742912850678,0.1793931557687527,0.14418207791772347,0.154713464234235,-0.06427779643773479,-0.07975715410368611,0.006672860203558617,-0.003193666515596383,0.07204463822081264,1006
2026-09-18,LU0173614495,FJRH.F,EUR,57.10699844360352,57.10699844360352,,,,,,,,,,,,1
2026-09-18,LU0202403266,FJ2E.HM,EUR,546.9970092773438,546.9970092773438,,,,,,,,,,,,1
2026-09-18,LU0227384020,XE67.F,EUR,17.673999786376953,17.673999786376953,,,,,,,,,,,,1
2026-09-18,LU0231205187,TESU.F,EUR,61.53499984741211,61.53499984741211,,,,,,,,,,,,1
2026-09-18,LU0246036288,0P000026OM.F,EUR,296.1224975585937,296.1224975585937,0.003715260268375209,-0.028313309295208144,-0.029744681757373326,0.10181749762594672,0.114798330575565,0.11552562766656019,-0.053226897145107865,-0.11572868599376362,-0.021905046909002523,-0.02442539761236706,0.013077928757384338,1105
2026-09-18,LU0248178732,0P00002A0A.F,EUR,489.0779113769531,489.0779113769531,0.001464943769980076,-0.04739757451155524,-0.020217345744239834,0.12633255632873364,0.10835426877681179,0.14062659753826853,-0.07194186720603224,-0.07648822010872047,-0.018257338126843492,-0.03485605772179634,0.039614375653309386,1073
2026-09-18,LU0260869739,FLX6.MU,EUR,34.7760009765625,34.7760009765625,,,,,,,,,,,,1
2026-09-18,LU0261952419,FJR3.F,EUR,39.56700134277344,39.56700134277344,,,,,,,,,,,,1
2026-09-18,LU0261953904,IPGU.MU,EUR,31.825000762939453,31.825000762939453,0.005211652442279835,0.005211652442279835,-0.002288543249808095,0.033279271145096656,0.01849953099018808,0.014125157635281703,-0.007461309937927263,-0.018100128537090643,0.004426444212619174,0.0019488270162890675,,184
2026-09-18,LU0266009793,XRUG.MU,EUR,137.18800354003906,137.18800354003906,,,,,,,,,,,,1
2026-09-17,LU0266012235,0P00006CAL.F,EUR,168.1199951171875,168.1199951171875,-0.005501377804090102,-0.03645117357913674,-0.012742957628162799,-0.0017220387068201948,0.08182005960531416,0.11338686212714666,-0.08674704856088555,-0.08674704856088555,-0.01953982938352883,-0.04052598921223871,-0.0007988186623414384,1077
2026-09-18,LU0274211480,DBXD.DE,EUR,236.25,236.25,-0.010263916965082442,-0.03215897544954027,0.025613170133075736,0.11176470588235299,0.12267960139512704,0.13009399886024972,-0.04680252498630488,-0.12282175414505347,-0.02213392047015994,-0.017740951449029985,0.01985424158270499,1275
2026-09-18,LU0278272843,TGD0.MU,EUR,60.83399963378906,60.83399963378906,,,,,,,,,,,,1
2026-09-18,LU0278937759,AEF5.F,EUR,33.073001861572266,33.073001861572266,,,,,,,,,,,,1
2026-09-18,LU0280435388,P3IA.F,EUR,212.72000122070312,212.72000122070312,,,,,,,,,,,,1
2026-09-18,LU0284394235,5L42.F,EUR,195.5030059814453,195.5030059814453,,,,,,,,,,,,1
2026-09-18,LU0289089384,JP5D.F,EUR,38.67900085449219,38.67900085449219,,,,,,,,,,,,1
2026-09-18,LU0290356871,DBXP.DE,EUR,173.30999755859375,173.30999755859375,-0.0012966035599004666,-0.0053945620740674105,-0.007132394772001449,0.002545279422886404,0.014320229699181891,0.012437984862546093,-0.00804327248802128,-0.01239343130496584,-0.0032609423170351093,-0.004169846821311829,-0.003111297948757641,1275
2026-09-18,LU0290357259,0MUJ.IL,EUR,245.4499969482422,245.4499969482422,0.0,,,,,,-0.0033611609635348927,-0.0033611609635348927,,,,6
2026-09-18,LU0290357846,DBXG.DE,EUR,234.52999877929688,234.52999877929688,0.0014517969782918971,-0.02457995176384853,-0.08920388823574033,-0.06951003396283728,0.10124713319782797,0.0932237243778422,-0.09149513614987859,-0.10713333948320569,-0.013800823724500089,-0.03223464315755864,-0.059448114812535424,1275
2026-09-18,LU0290357929,XGIN.DE,EUR,215.4900054931641,215.4900054931641,0.0006501016284214955,-0.006866947477710883,-0.018224064421578312,-0.01467760173694821,0.03273959408959853,0.031562715707472766,-0.021519543502577898,-0.03486801804596307,-0.005328984743922516,-0.007275080259929956,-0.014107810660386022,1275
2026-09-18,LU0290358497,XEON.DE,EUR,150.2259979248047,150.2259979248047,0.0002796049239321974,0.0015733877124992635,0.004983878240008233,0.009678346653041903,0.0013907896083686568,0.0013125095284434744,-0.00011318309784169589,-0.00028315894672692465,0.000793089924424617,0.002028640603371601,0.008059306995653381,1275
2026-09-18,LU0292096186,XGSD.DE,EUR,38.91999816894531,38.91999816894531,-0.0024349922386088796,-0.002946117046659147,0.06299465931515047,0.1374987777844301,0.0953750378811246,0.07941862811523108,-0.019756808215319777,-0.03695373235385879,-0.004883584970769683,0.003282586120119113,0.09230369370864189,1275
2026-09-18,LU0292097747,XASX.L,GBP,588.430416372251,588.430416372251,-0.0018055090307407262,-0.013790111993095211,0.01670689304081896,0.10197866160668356,0.13211489948351146,0.1261022589297001,-0.04665860878822725,-0.11277113453442278,-0.019990902480473527,-0.023669344123120495,0.026585091457993926,1262
2026-09-18,LU0292103222,DXSE.DE,EUR,222.9499969482422,222.9499969482422,0.029079174840724642,-0.048442193579521065,-0.041899441890274836,0.011340440166061505,0.1773325630372378,0.18016465266313839,-0.09954285785315797,-0.12667634179434772,-0.014030022017031074,-0.024818054938402945,-0.017178992654878322,1275
2026-09-18,LU0292105359,DXSK.DE,EUR,136.1999969482422,136.1999969482422,-0.00014685268155689712,-0.029638099487173775,-0.055609514662170456,0.04383814690373922,0.15457289061818952,0.17963009144347705,-0.07898301020361831,-0.16959672496210454,-0.020517377778200174,-0.038122023949895834,-0.02161570464149354,1275
2026-09-17,LU0304955437,0P00009UZB.F,EUR,630.4299926757812,630.4299926757812,-0.0003330298867466608,-0.06082593405810044,-0.02246788844871872,-0.004814655375078858,0.17152751975286912,0.17238402271879574,-0.08590083828824024,-0.1709681485622948,-0.03244174616126716,-0.04097303708608735,-0.031926416279804304,1072
2026-09-18,LU0329355670,FHQV.F,EUR,405.5559997558594,405.5559997558594,,,,,,,,,,,,1
2026-09-18,LU0352312184,ALW3.F,EUR,258.76300048828125,258.76300048828125,,,,,,,,,,,,1
2026-09-18,LU0386882277,PBFH.MU,EUR,410.0090026855469,410.0090026855469,,,,,,,,,,,,1
2026-09-18,LU0390135415,FT94.F,EUR,93.50499725341795,93.50499725341795,,,,,,,,,,,,1
2026-09-17,LU0392098371,0P0000JND6.F,EUR,152.0,152.0,-0.006535947712418277,-0.018848426306853905,-0.02049228525500213,-0.0070551464471931835,0.046579344559233085,0.033584217549717924,-0.031650450944724184,-0.031650450944724184,-0.011240636927985603,-0.01761315928026641,-0.01620128553190714,1109
2026-09-17,LU0413543058,0P0000JC7Q.F,EUR,63.119998931884766,63.119998931884766,0.021689870169387726,0.045898931695109946,-0.029818608968772198,0.16479056157005334,0.18116980791605702,0.2513544329262881,-0.11164011004042118,-0.1483880728068636,0.020805864373662608,0.026031137907271296,0.07571501608853914,1140
2026-09-18,LU0478205379,D5BG.DE,EUR,160.49000549316406,160.49000549316406,-0.0021140106573385165,-0.015459107408080985,-0.024317586883211728,-0.001710533371868217,0.03158292040317063,0.029785267026050097,-0.02563869612932279,-0.02681097757087425,-0.008277199656864354,-0.01315624415033756,-0.014366241392878898,1275
2026-09-18,LU0496786574,LYPS.DE,EUR,68.66000366210938,68.66000366210938,0.006331811807961385,0.011610118974352712,0.03025038345024389,0.19629233817728675,0.09178093456253485,0.10571850962294466,-0.031373690344112415,-0.07117796160306766,0.006741971031072547,0.0075131176091907115,0.07852519932294122,1275
2026-09-18,LU0514695690,LU0514695690-USD.LU,USD,15.554133415769796,15.554133415769796,-0.010505482986791548,-0.014131022492055667,0.03466852744522897,-0.013616137885655855,0.10351891384313351,0.16699574066196587,-0.05969434439344401,-0.21207412036516404,-0.01456594755942675,-0.01874763952696512,-0.053388010244940665,1305
2026-09-18,LU0533033667,TNOW.MI,EUR,1212.8599853515625,1212.8599853515625,0.008363764645036964,0.04015294905885547,0.05987732804746693,0.40202057773991995,0.1788736568922489,0.22765149695410591,-0.06768876615972874,-0.15633227391759896,0.021097390584752018,0.030690756457308455,0.1520576110887084,1271
2026-09-18,LU0568621618,LU0568621618-USD.LU,USD,114.4470466223072,114.4470466223072,0.014369055730028224,0.01987064144854811,-0.002719391787668224,0.02924116490713602,0.04065307485929312,0.04391293304519931,-0.02485952922150525,-0.036101772405168986,0.013036006202786776,0.008342521823431426,0.027059886934119204,1070
2026-09-17,LU0571100824,0P0000ZJKU.F,EUR,185.47000122070312,185.47000122070312,-0.009981825310889647,-0.023070870381875497,-0.045641634683195376,0.03585589533382749,0.06033457628677355,0.07093446265789588,-0.05433553960763726,-0.05433553960763726,-0.012514594803696544,-0.021527751208365142,0.012904476287247002,1061
2026-09-17,LU0616241476,LU0616241476.LU,EUR,128.42999267578125,128.42999267578125,0.0012472783814716504,-0.017368051457261058,-0.035086500477711224,-0.012684572048334064,0.04129725176284239,0.03743224321987421,-0.04015912344316708,-0.05218294214237407,-0.00978807436929463,-0.01713195121158806,-0.026374298486646852,1120
2026-09-18,LU0616856935,FP7X.F,EUR,193.71499633789065,193.71499633789065,,,,,,,,,,,,1
2026-09-17,LU0641745681,0P0000V07V.F,EUR,120.47000122070312,120.47000122070312,-0.006514934039336562,-0.010838325682744343,-0.0414544802022736,-0.0011607610392170287,0.0529330905811093,0.06314482177380251,-0.049570363954534624,-0.09149679928668508,-0.0065599750796998535,-0.007642632462722787,-0.022447108549062622,1106
2026-09-18,LU0702159772,FJR9.MU,EUR,42.06600189208984,42.06600189208984,,,,,,,,,,,,1
2026-09-17,LU0740858229,0P0000VOBL.F,EUR,175.36000061035156,175.36000061035156,-0.002105475025226511,-0.012779396554982503,-0.011777945189259342,0.053972806010337715,0.045637369997782826,0.051081840412149686,-0.02138502614230353,-0.04437875007878134,-0.00801573903744257,-0.006234826175670172,0.01934465097364524,1009
2026-09-18,LU0772926084,O7Z0.MU,EUR,146.26699829101562,146.26699829101562,,,,,,,,,,,,1
2026-09-18,LU0823410724,9XQ0.MU,EUR,617.5009765625,617.5009765625,-0.009206800253996894,-0.04338313120499582,-0.023669119282637596,0.14658852848894766,0.06006396037887091,0.06981224192059218,-0.05734106855480414,-0.07647265690006522,-0.026194636752189027,-0.03581123344924608,,192
2026-09-18,LU0823425839,ZSRD.F,EUR,179.3179931640625,179.3179931640625,,,,,,,,,,,,1
2026-09-18,LU0839027447,XDJP.DE,EUR,37.2400016784668,37.2400016784668,-0.007462653941384456,0.015405656527875511,-0.04561899970612604,0.2803389128288878,0.18920110660779252,0.2602624571937915,-0.13223249120377267,-0.1601806331877259,0.007616693819533449,0.009416920249557093,0.10736523184038749,1273
2026-09-18,LU0840617350,AH8J.F,EUR,236.4530029296875,236.4530029296875,,,,,,,,,,,,1
2026-09-17,LU0870553459,0P0000XTFE.F,EUR,270.5,270.5,0.005277291134965223,-0.023148328255886974,-0.010208966510618978,0.09098974484331213,0.11386962935988228,0.1158855203624002,-0.06344841088475339,-0.09784224955302956,-0.011653713109820996,-0.014673888245526845,0.011894720468129671,1110
2026-09-18,LU0914729966,TC60.MU,EUR,346.8099975585937,346.8099975585937,,,,,,,,,,,,1
2026-09-17,LU0914731947,0P000100RL.F,EUR,189.50999450683597,189.50999450683597,-0.004935691554049604,-0.020670766955443676,-0.027305893723862495,0.13438284015518565,0.1177121562275098,0.13398842145536663,-0.054549129873747715,-0.11271244330571528,-0.011142999309814994,-0.012962609877557596,0.037487991256313524,1097
2026-09-17,LU0914733059,0P00011IV8.F,EUR,212.3800048828125,212.3800048828125,-0.01333331064895471,-0.029075616945389293,-0.0506883438048239,0.14731783362619644,0.17137943610538942,0.18132039125564442,-0.0781443828767796,-0.11810523160610065,-0.015236505657514887,-0.01951367936655679,0.04037161339570483,1097
2026-09-18,LU0922334643,FPG6.MU,EUR,41.72999954223633,41.72999954223633,,,,,,,,,,,,1
2026-09-17,LU0935222066,0P00010URS.F,EUR,112.18000030517578,112.18000030517578,-0.0033759529287495926,-0.006025166591337117,-0.004613989859336254,0.005107066496793378,0.015298617067395433,0.01186589630282083,-0.009551621420090473,-0.01584492251204206,-0.0040572743283651125,-0.005048369980506395,-0.0027544670633415924,1085
2026-09-18,LU0941349275,I4G0.MU,EUR,138.34500122070312,138.34500122070312,,,,,,,,,,,,1
2026-09-17,LU0992632538,0P00013N23.F,EUR,139.7899932861328,139.7899932861328,0.0007158053044526991,-0.011246368239961613,-0.004061038199915101,0.012677485403614464,0.026508129848623718,0.02328005741723915,-0.017441048622119038,-0.034728582145374776,-0.00453975258611361,-0.00735100182267856,0.0018454028151613233,1095
2026-09-17,LU1033933703,0P00012DVG.F,EUR,318.5199890136719,318.5199890136719,0.013910537011270652,-0.017368517627090907,-0.006983478874407978,0.11460265688862514,0.0954135121704764,0.11060621770385384,-0.04620943451539339,-0.07255281524046797,0.0007555960215708257,-0.006168581029563525,0.04470341476028716,1108
2026-09-18,LU1100076550,1SCD.MU,EUR,230.68600463867188,230.68600463867188,,,,,,,,,,,,1
2026-09-18,LU1109942653,XHYG.DE,EUR,15.565999984741213,15.565999984741213,0.0014475528821875638,-0.005589779969201625,-0.005355751503562822,0.029799069062218075,0.032892255533663144,0.0289039146220832,-0.015033699611703089,-0.028147873491851882,-0.003303969532543194,-0.004715699038098542,0.004463553656567143,1275
2026-09-17,LU1159238036,LU1159238036.LU,EUR,25.60420036315918,25.60420036315918,0.00011331757963195521,-0.02833680323805321,-0.005465136316874286,0.1163713704764795,0.11665092263038455,0.12523825618067627,-0.04215985623890417,-0.10213260250245715,-0.007749898697757995,-0.006806743982397334,0.05771883715778703,1071
2026-09-17,LU1160356009,0P0001678E.F,EUR,1492.9000244140625,1492.9000244140625,0.00870258828450976,-0.003424500699241939,0.1174986446836006,0.1093194964366151,0.21546381709661688,0.1850874278218025,-0.07070805382953571,-0.1200729496753532,-0.021587452555059228,0.0025193096809552618,0.06494918359620128,1069
2026-09-17,LU1161083644,0P00016MO1,USD,20.092480911214725,20.092480911214725,-0.01720300809522457,-0.014776089726149855,0.037172939001153704,0.04861390769234597,0.10365496303395795,0.09146978842605087,-0.0345736647868119,-0.07086191472608194,-0.012005216807237207,-0.0032591990438834983,0.06178487082021267,1012
2026-09-18,LU1161527038,EDNN.MU,EUR,235.13699340820312,235.13699340820312,,,,,,,,,,,,1
2026-09-17,LU1183791794,0P00016RHQ.F,EUR,175.72799682617188,175.72799682617188,-0.011175302114382113,-0.021548181053148485,-0.08435895800911086,0.1045406830566109,0.16586309836484447,0.17794951707639742,-0.10652983119589832,-0.10652983119589832,-0.013470706793507703,-0.028447439214919323,0.009733479472834983,1104
2026-09-18,LU1291097779,EEMK.PA,EUR,17.1205997467041,17.1205997467041,-0.011569736660121288,0.007378586253177444,-0.010352782930587279,0.22417660574622622,0.17142951182257776,0.22497634679771425,-0.09670322314642421,-0.13262607355357947,-0.00038069864019252275,0.017025785223841794,0.0866056415799843,1281
2026-09-18,LU1291098827,EEMU.PA,EUR,20.295000076293945,20.295000076293945,-0.014087880547804299,-0.02964383514672042,-0.0046591131043742795,0.13825014936262137,0.11689025649404677,0.12281363075909038,-0.04754060668318072,-0.10277607011442924,-0.01715557998323114,-0.01993450955530296,0.040046272117240767,1281
2026-09-18,LU1291102447,0E4H.IL,EUR,9.553000450134276,9.553000450134276,0.0,0.0,,,0.0,0.0,0.0,0.0,0.0,,,43
2026-09-18,LU1301026388,2QJ0.MU,EUR,210.7469940185547,210.7469940185547,,,,,,,,,,,,1
2026-09-17,LU1303940784,0P00018KOU.F,EUR,28.40999984741211,28.40999984741211,-0.0035075545656582108,-0.006295918300633141,0.003177971523931067,0.10889925514390386,0.09112846781448186,0.0907363773639616,-0.031023771507394104,-0.10474171860749526,-0.007614930163810429,-0.004178184047103017,0.02368970875524079,1101
2026-09-17,LU1329694266,0P00018EGL.F,EUR,235.7700042724609,235.7700042724609,0.004644672024451291,-0.010533802751781951,-0.006824192768662085,0.10919273137208796,0.10465825312102969,0.1085935263799606,-0.04326888593482081,-0.08607298754556802,0.0006239044015416972,-0.0018661072215726549,0.03694192728675505,1108
2026-09-17,LU1379103812,0P00018FWZ.F,EUR,637.739990234375,637.739990234375,-0.0026585953342620483,-0.024414902362892454,0.0009259449073317771,0.18819520697801995,0.1258754666602299,0.13534222487647238,-0.049243678720523265,-0.07933928105110122,-0.01407070142671929,-0.017746621745259872,0.06606370649133364,1071
2026-09-17,LU1435385593,0P00019846.F,EUR,312.57000732421875,312.57000732421875,0.004595978043508975,0.009593027009534572,0.06312709411964978,0.09793109924381915,0.16973417692809764,0.17527363758571804,-0.06464263345394483,-0.18107797123110614,-0.007098037064348306,0.015204214231398616,0.022998759090781418,1119
2026-09-17,LU1486845537,0P00018X0B.F,EUR,116.552001953125,116.552001953125,-0.0016274761206453991,-0.0025673110353371387,8.57522168096203e-06,0.01327537845676563,0.006898296199232571,0.005455727467527492,-0.004112752003585296,-0.00857780195084168,-0.0020241592049046186,-0.0015246987778509968,0.005088756984722664,1089
2026-09-17,LU1530899142,0P00019MC0.F,EUR,2480.080078125,2480.080078125,0.010866527989071395,-0.03391692247470912,0.010965419265591692,0.21714553452954588,0.17748043151000556,0.22686437548495827,-0.09865184137446215,-0.170881689258088,0.0039562123277361305,0.004315851779540303,0.10292900810975136,1053
2026-09-18,LU1582988058,0P0001CGZV.F,EUR,12.727499961853027,12.727499961853027,0.0008965188235576793,0.0021259342730985953,-0.0081128016631552,0.034302019499584,0.05415514237552718,0.05805926600674156,-0.020613728201645976,-0.056615818138602614,-0.002472752940408718,-0.0027314682935988266,0.0139155566416862,1089
2026-09-18,LU1598757687,MT.AS,EUR,63.119998931884766,63.119998931884766,-0.02411875952273579,0.032047074711619494,0.1652047849189886,0.46993054964548153,0.27602813070338894,0.3536923111136064,-0.08532426013240335,-0.2619465623536297,-0.021061464923440743,0.015067675838660088,0.20407589261222614,1280
2026-09-17,LU1623762843,0P0001FE3K.F,EUR,157.07000732421875,157.07000732421875,-0.004815272749280286,-0.012883282151052056,-0.013503290290169945,-0.004436818972466616,0.024710877618779742,0.019412891384186476,-0.021259263754091595,-0.02571631111241912,-0.007672852073326686,-0.011408374289789691,-0.0093614164356558,1104
2026-09-18,LU1670631289,0P0001DFNP.F,EUR,11.63230037689209,11.63230037689209,-0.006974506837447714,-0.007406679829793372,-0.0069829955311042635,0.021004189872351864,0.04113521688462001,0.03773968308010216,-0.018111575959527948,-0.05265460607611028,-0.007000801105122467,-0.006960116149024476,-0.00010569661556358856,1087
2026-09-18,LU1670707527,0P0001DFNB.F,EUR,22.93160057067871,22.93160057067871,-0.0034807992004480814,-0.012535129285049962,0.02761328157586318,0.12260124806064332,0.08483108695809688,0.09663622713663327,-0.03591621679747248,-0.092062237404823,-0.01231928220624301,-0.012704077671170877,0.051230722441642174,1090
2026-09-18,LU1670719613,AN0B.MU,EUR,13.440999984741213,13.440999984741213,,,,,,,,,,,,1
2026-09-18,LU1681043912,CC1.PA,EUR,263.0,263.0,0.019182377218334157,-0.029878295540955335,-0.05361638799472057,-0.05156865640991326,0.14119830386711651,0.18238874907430838,-0.10567550422538807,-0.21151187688867035,-0.00812731718888171,-0.029717209508620557,-0.08580485881967159,1281
2026-09-18,LU1681044480,AASI.PA,EUR,58.040000915527344,58.040000915527344,-0.005483202389950925,0.011678612447562964,-0.021247864042901132,0.25883566844389283,0.19969302772264436,0.25957692726895715,-0.12027836419513571,-0.16060702050246078,0.004117519628429767,0.019852345445334985,0.09453069568448469,1281
2026-09-17,LU1694789535,0P0001CH1E.F,EUR,129.0800018310547,129.0800018310547,-0.004626703258895359,-0.0030122760946268423,-0.0007740428115483589,0.014779912955323882,0.020138378371334288,0.016979788312917944,-0.007852831451643172,-0.021087619460482876,-0.0032509217798680767,-0.0030153428553996164,0.0024307629504838335,1109
2026-09-18,LU1819480192,EHQ6.MU,EUR,298.1889953613281,298.1889953613281,,,,,,,,,,,,1
2026-09-18,LU1829219390,BNKE.PA,EUR,395.0,395.0,-0.027692307692307683,-0.005663939584644395,0.07967744542892397,0.3494170446972711,0.17167900800346633,0.18765272660266025,-0.03777279349247642,-0.17132240226421158,-0.015011723112010045,4.55698425365636e-05,0.14257887089172683,1281
2026-09-18,LU1829221024,UST.PA,EUR,104.56999969482422,104.56999969482422,0.011315262588777575,0.023089723427167863,0.0003826740265424622,0.26929981897043187,0.11879943053132362,0.18165398750678927,-0.08746628286134306,-0.1004836368906451,0.015528630639872976,0.015323543276362761,0.0945025502255854,1281
2026-09-18,LU1861137484,EUSRI.PA,EUR,89.83999633789062,89.83999633789062,-0.0010008224950487365,-0.02980563911134193,-0.019213997440488018,0.11624664583538524,0.10113926244771823,0.10135787867279065,-0.049525021546992454,-0.1023277887365529,-0.01654602663776672,-0.022243356907668876,0.01916725404050057,1281
2026-09-18,LU1861138961,MSRU.L,USD,71.29849229360345,71.29849229360345,0.0034209075838393943,0.04053443433400972,0.0001403693759718383,0.19072613861117294,0.1606890835705295,0.2095455541763764,-0.09379195170588517,-0.11701396963064925,0.010111064352367638,0.023745275734509352,0.0801793506186661,1262
2026-09-17,LU1876459212,0P0001FKPX.F,EUR,4582.919921875,4582.919921875,-0.00250960897329211,-0.013010093022375435,0.04987869563325531,0.14249954626585004,0.10642939103020774,0.10395803333181436,-0.03084936615430267,-0.09673177833130864,-0.0070158122169740045,-0.0009301746245538034,0.08856939109899975,1024
2026-09-18,LU1900066462,CEC.PA,EUR,48.470001220703125,48.470001220703125,-0.01573759220207538,0.018170395689203644,0.12694729393738058,0.282614449495489,0.14391730654642848,0.14670739118022624,-0.022164674489976388,-0.09557020854051512,0.003493718128234624,0.02900186923963921,0.15495648370771065,1281
2026-09-17,LU1951200481,0P0001H0TE.F,EUR,277.6199951171875,277.6199951171875,0.011513531153871659,-0.030825682365347107,0.016215793536336953,0.2268870276420909,0.2311268345665921,0.231149827077723,-0.08981197493712922,-0.16763490233573852,0.0037493138225972444,0.005884124222168996,0.10714900908133229,1088
2026-09-17,LU1951204046,0P0001H0TH.F,EUR,174.17999267578125,174.17999267578125,0.003225420886665553,-0.016432343567036045,0.03162755539987083,0.0714152969705435,0.1008316738787219,0.09711275382014335,-0.037086682521467296,-0.13027168506338482,-0.004153682383470136,-0.0023278248303760796,0.027308747752416318,1088
2026-09-17,LU1951225553,0P0001H0TF.F,EUR,189.8300018310547,189.8300018310547,0.03585074495881657,-0.026762374463116356,0.07515861155388337,0.16883195339365953,0.23088884505849752,0.17882684742170002,-0.07629518509617128,-0.1521618507592264,0.0055061096117487995,0.005368185056859209,0.09363631702996722,1088
2026-09-17,LU1951229035,0P0001H0TG.F,EUR,183.1699981689453,183.1699981689453,0.00903431609473171,-0.02884259807964662,0.020218363699208597,0.031246499292470586,0.1195010622787686,0.12275391717949251,-0.06752966028252883,-0.08892292793840006,-0.011249430088297707,-0.021942626124031972,0.007355940055850496,1089
2026-09-18,LU1953136527,REUSE.PA,EUR,22.23390007019043,22.23390007019043,-0.006665762832492428,-0.025200931100066937,-0.03313213489043432,0.11202301856960628,0.09128230234106371,0.10293911564800447,-0.05256775728678653,-0.07680804811696162,-0.015284987865213706,-0.02268373814043434,0.0241630842657119,1281
2026-09-17,LU2095319849,0P0001JAB0.F,EUR,121.52999877929688,121.52999877929688,0.008463999875407247,-0.0276822077254838,0.029391845607831257,0.030177142678277757,0.1992437464549485,0.18040127728613978,-0.06511233426265506,-0.2169341651746023,-0.026322867309771292,-0.01970591741235861,-0.00406512712739282,1088
2026-09-17,LU2147879543,0P0001L9PD.F,EUR,773.2000122070312,773.2000122070312,-0.000994817015179894,-0.010151949901055168,0.006901924240740653,0.06397323392923338,0.0493891888324643,0.05401797513009588,-0.024167137184382792,-0.06462585851593328,-0.0056967833205924245,-0.004293423406474539,0.02132621028552384,1048
2026-09-17,LU2181906426,0P0001L535.F,EUR,264.82000732421875,264.82000732421875,-0.0375082022780483,-0.03778792911255191,-0.1089801321021705,0.3495388732103699,0.24720604742142824,0.3819899878264609,-0.22199790594022362,-0.22199790594022362,-0.012562008939638991,-0.0035774917563115016,0.13767908892656555,1099
2026-09-17,LU2210151341,0P0001KKA7.F,EUR,12.149999618530272,12.149999618530272,-0.010586328767734132,-0.014598564986988416,-0.03264337479209578,-0.0065412859117268685,0.06031382350935019,0.06766119881491921,-0.03264337479209578,-0.06790124319835567,-0.013238065350229089,-0.01514172259094404,-0.026773764867300875,1139
2026-09-18,LU2244387457,ASRE.DE,EUR,9.62619972229004,9.62619972229004,-0.0037877337354841334,-0.01395148280418379,-0.024206797199049057,-0.010464634886736768,0.030917305917931327,0.0268390145289542,-0.024206797199049057,-0.030398943811505652,-0.00876607171660193,-0.01298050748460855,-0.017132864101696343,1275
2026-09-16,LU2257980289,0P0001LZLW.F,EUR,181.0500030517578,181.0500030517578,-0.026665187901480536,-0.04544733062900852,-0.08472774234715508,0.03227096004222596,0.09829904281369334,0.11745138540787647,-0.08654767366910421,-0.08654767366910421,-0.02295422000149494,-0.03776651824535093,-0.022175877552537693,1025
2026-09-17,LU2358392376,0P0001OOS9.F,EUR,487.4100036621094,487.4100036621094,-0.016822988074413736,-0.026620575213148867,-0.05371983480172171,0.05662380418682722,0.15094572091397127,0.15967098475502725,-0.07893923370449607,-0.08943559868933093,-0.011375836008279738,-0.020588906333032564,0.006024056708229697,1040
2026-08-13,LU2459590019,0P0001OS4A,USD,32.7232286283375,32.7232286283375,0.004499105658849034,0.005475125287047744,0.060352602796345245,0.1042763861843663,0.087369021677686,0.09641785958015908,-0.022372601723535612,-0.07641815975661459,0.005937655254111496,0.011429412807712813,0.06785466354049907,971
2026-09-18,LU2533811910,BJLL.DE,EUR,10.08899974822998,10.08899974822998,0.00024781443927079927,0.00034703136416514013,0.004430225070738647,0.011317799177893662,0.00982578902667159,0.011099000952576231,-0.0014882030882035213,-0.003047524042999572,-0.0001065668778518214,0.0009256015027463427,0.007620798040469001,770
2026-09-18,LU2611731824,GLDU.AS,USD,67.82037826037457,67.82037826037457,-0.0169036695728767,-0.0759762289429432,0.1939735350691374,0.04308270525854163,0.33712128440847977,0.500427078242287,-0.12324617440953567,-0.3623354744639051,-0.03471910024129099,0.07232461795884815,0.05654866345818066,1244
2026-09-18,LU2616774076,BJLJ.DE,USD,9.985143154407982,9.985143154407982,0.011138558083153338,0.011394177782378723,-0.037555135843907905,-0.011661959387814225,0.05829160798603252,0.06482733602738718,-0.050071814819599214,-0.050071814819599214,0.005025275321885125,-0.00306563648080449,-0.003311203677086927,747
2026-09-16,LU2638914734,0P0001RNZQ.F,EUR,311.760009765625,311.760009765625,-0.03890497233868251,0.09297440905624454,0.05538258702494625,0.16012353298897475,0.42190308856169445,0.37494441956971786,-0.09354630872537983,-0.3124012853622107,-0.028645835574244383,0.03979202351859845,0.10317069716101912,694
2026-09-17,LU2707622630,0P0001T0AG.F,EUR,134.35000610351562,134.35000610351562,-0.03185125050704107,-0.0011151962563894502,-0.019056662400756874,-0.05340651703957333,0.20793706162296227,0.22060370281561067,-0.08716871695058914,-0.23394246327931445,-0.010225540230242691,0.012705787047704087,-0.01604569636582165,544
2026-09-17,LU2798962978,0P0001UBP6.F,EUR,149.49000549316406,149.49000549316406,0.013903981401333088,0.004434614351873645,0.02615330181861153,0.14639580130528174,0.11386933551283543,0.10733625495449384,-0.030106550021525624,-0.08982159224906872,0.006717540736897121,0.016847503616599813,0.069376068772947,419
2026-09-18,LU3038520774,DEFS.PA,EUR,5.824999809265137,5.824999809265137,0.014454842351011354,-0.06785089747100803,0.059476110528387194,0.008134290814884704,0.1647809326076183,0.21690513486782972,-0.13799880329444303,-0.2196261406823472,-0.01757407342794426,-0.038572660878688825,-0.02302232189988085,349
2026-09-17,LU3103551860,0P0001XEZ8.F,EUR,113.5500030517578,113.5500030517578,0.0036238612720629337,0.001764486813666588,0.0006168460764319761,0.1055399091024225,0.0652057123421351,0.07164755351590799,-0.022633513904820934,-0.047610174847362186,0.0041741312033605205,0.003441152867189601,0.047043685510792965,248
2026-09-18,NL0000226223,STMPA.PA,EUR,43.3650016784668,43.3650016784668,-0.004239212611543697,0.010816423742318726,-0.33207806734828205,0.5587553569092645,0.4046448287082011,0.6040369448237797,-0.3585152110786952,-0.3985444317360619,-5.752283368198885e-05,-0.08127992316234733,0.07344497208256962,1280
2026-09-18,NL0000235190,AIR.PA,EUR,193.3800048828125,193.3800048828125,-0.012258626578039222,-0.05576170897838906,-0.008714357864905264,0.23729902381741796,0.1933669546110794,0.26948940819927547,-0.10222836414867376,-0.2771117091213976,-0.028209438398409725,-0.04879485896164637,0.02776777692541832,1280
2026-09-18,NL0006294274,ENX.PA,EUR,157.0,157.0,-0.020586419144934753,-0.03146209692465285,0.11505679401361313,0.1864973544924735,0.1790804388850312,0.21016339637166856,-0.05021175377207321,-0.14425246056218832,-0.024905284461911315,-0.001577125802059265,0.12958325191336062,1280
2026-09-18,NL0010273215,ASML.AS,EUR,1446.0,1446.0,-0.019128986640827295,-0.039457966952792134,-0.09175569017862673,0.3048044533480465,0.33953114711644106,0.4688875144751393,-0.2077144161694917,-0.2077144161694917,-0.012173636966478218,-0.03416512280892081,0.107307129039244,1280
2026-09-18,NL0010832176,ARGX.BR,EUR,871.4000244140625,871.4000244140625,0.018228601125976684,-0.01558968323843768,0.11460736508072333,0.4215334819152732,0.2991681179235459,0.4670127933797468,-0.13071735337218138,-0.273723521535453,-0.008115800684258212,0.06852072998627756,0.1910668979048762,1280
2026-09-18,NL0011794037,AD.AS,EUR,31.600000381469727,31.600000381469727,0.021331604266962012,0.021331604266962012,-0.08677341508963865,-0.19373083483588704,0.1930020329547811,0.22504759312494912,-0.14600071359196543,-0.25714308631402005,0.014153222801687848,-0.033565769905082754,-0.1084232105085643,1280
2026-09-18,NL0011821202,INGA.AS,EUR,31.71500015258789,31.71500015258789,0.0025288422041171987,0.06640889027133534,0.1709711610624307,0.5166432405562067,0.1632991430664014,0.20224193269713134,-0.037540448599762355,-0.16877161691741893,0.016066770126130336,0.05010961738009079,0.2398228630126895,1280
2026-09-18,NL0012969182,ADYEN.AS,EUR,879.0999755859375,879.0999755859375,-0.043416783910840584,-0.1728453752375535,0.06959477974544792,0.017005958765259566,0.35260912918142073,0.496200079662993,-0.19378213875377448,-0.4839642318575442,-0.12534327683082525,-0.07193533136393215,-0.13720469732975238,1280
2026-09-18,NL00150001Q9,STLAM.MI,EUR,4.203499794006348,4.203499794006348,-0.07544273538910817,-0.05909354301145675,-0.18012484633231585,-0.2985984027029418,0.4289858637439301,0.4091267016453518,-0.20523732903756153,-0.5963606709603685,-0.08121729892022123,-0.11801059320005736,-0.35171568584372304,1270
