date,asset_id,symbol,quote_currency,close_eur,close,ret_5d,ret_20d,ret_60d,ret_120d,vol_20d_ann,vol_60d_ann,drawdown_60d,drawdown_252d,sma20_ratio,sma50_ratio,sma200_ratio,observations
2026-10-02,AT0000A09ZL0,N550.MU,EUR,358.4530029296875,358.4530029296875,-0.00810772147945793,,,,0.02472407934583868,,-0.00810772147945793,-0.00810772147945793,,,,11
2026-10-02,BE0003470755,SOLB.BR,EUR,24.65999984741211,24.65999984741211,-0.005645136853037691,-0.05805960427980472,-0.05444785584539813,-0.04831986371237462,0.22348309660530968,0.17576764426685743,-0.10081539508910731,-0.14035087843632954,-0.02787085483445917,-0.04556221475283717,-0.03778865494440631,1291
2026-10-02,BE0974293251,ABI.BR,EUR,64.87999725341797,64.87999725341797,-0.04137120329687238,-0.06025497692561266,-0.06861909499570451,0.02580114638522435,0.2096967036383128,0.20974948609040514,-0.1414893593276555,-0.14298171470367416,-0.03801675831069118,-0.05941028906041268,-0.01166600995655298,1291
2026-10-02,DE0005140008,DBK.DE,EUR,30.940000534057617,30.940000534057617,-0.02581863000361484,-0.13016584763818007,-0.013078144893881705,0.143083131462159,0.2663084996603768,0.2479813556976858,-0.13482516628878938,-0.2676722440208219,-0.06489658957869582,-0.06628358294110448,0.03692054057971106,1285
2026-10-02,DE0005190003,BMW.DE,EUR,54.31999969482422,54.31999969482422,-0.025125654975016842,-0.13503184148499126,-0.06570346981297615,-0.29071014451028,0.23718567543632474,0.2547017357507034,-0.14725276225699047,-0.41025993162000385,-0.08718156628393037,-0.08792950995308246,-0.23700424134628184,1285
2026-10-02,DE0005552004,DHL.DE,EUR,56.720001220703125,56.720001220703125,-0.008391600276818956,0.032023329067480066,0.007460070858510859,0.2160649579597913,0.21747531101976042,0.17682058192599107,-0.05845729999922167,-0.14333072083959342,0.008086758223333712,0.010417728174517693,0.1312759241970307,1285
2026-10-02,DE0005557508,DTE.DE,EUR,26.559999465942383,26.559999465942383,-0.016296316076208073,-0.06478873863742396,0.01684527613215403,-0.08759880078815219,0.2298745652726833,0.2863969404821816,-0.10657986901391259,-0.27769587398998596,-0.03372505267942949,-0.051062572452272414,-0.06308440094418988,1285
2026-10-02,DE0005810055,DB1.DE,EUR,287.29998779296875,287.29998779296875,0.008778090263884986,0.021329542340456475,0.15381521201995474,0.1264234274635292,0.17612166680513758,0.18928001920994345,-0.06009615132693824,-0.1180042995028453,0.021202440961513913,0.032175972181735846,0.16397867848933778,1285
2026-10-02,DE0006048432,HEN3.DE,EUR,72.30000305175781,72.30000305175781,-0.019528001813507334,-0.05391252572499716,-0.02953016037908973,0.1484024261796082,0.1854357807810482,0.1860644890911768,-0.09874692457970924,-0.2432210362584949,-0.019607805609450635,-0.04029431811697193,0.017945432616598866,1285
2026-10-02,DE0007030009,RHM.DE,EUR,956.9000244140624,956.9000244140624,-0.02595683974581442,-0.07456477329394351,-0.03538303990517899,-0.3544851073949755,0.31577949558490326,0.3334028018837329,-0.22092258007168963,-0.5132464241675239,-0.04038908059562052,-0.11780918758742365,-0.2829571321239285,1285
2026-10-02,DE0007100000,MBG.DE,EUR,39.72499847412109,39.72499847412109,-0.037786154270479155,-0.16692885959794534,-0.09695392229169741,-0.20310933420100807,0.24126529760988233,0.23313989569358573,-0.17600084570597707,-0.3135133645661471,-0.0962502426127324,-0.12449092418566121,-0.1951380836348814,1285
2026-10-02,DE0007164600,SAP.DE,EUR,183.9199981689453,183.9199981689453,-0.010757315080127117,-0.009478643775633344,0.3368221814300827,0.23329504881404106,0.27272512345443517,0.4096867324998979,-0.08811820486724142,-0.460752560270804,-0.0006683363343426008,0.02266407508324697,0.11843375342146745,1285
2026-10-02,DE0007236101,SIE.DE,EUR,276.1000061035156,276.1000061035156,-0.007905072892384513,0.0126536302375313,0.011911306312256453,0.15233722483392076,0.27538177144622195,0.24743633240307836,-0.10953941463317052,-0.20503662867365802,0.02257368327169673,0.0002826078407185406,0.07690417976304542,1285
2026-10-02,DE0007664039,VOW3.DE,EUR,67.4800033569336,67.4800033569336,-0.05911876452318843,-0.1699876897424718,-0.049309662362225115,-0.19519129670837632,0.3208264014033534,0.3375654234957928,-0.18796625034899206,-0.33718144146195184,-0.11246723162679328,-0.10553798254666535,-0.1882642803650071,1285
2026-10-02,DE0008430026,MUV2.DE,EUR,508.6000061035156,508.6000061035156,-0.0035266218936002014,-0.03601207422597219,0.00992851457387034,-0.048756725447408056,0.20396095198681344,0.16976534317685688,-0.06060606060606055,-0.1969919530344898,0.003967724945528328,-0.010605912230651104,0.00994317077637863,1285
2026-10-02,DE000A0F5UK5,EXV6.DE,EUR,82.72000122070312,82.72000122070312,-0.003613532094599692,-0.06393574007326186,0.06605897018296569,0.026163473844996954,0.25697060604938005,0.23813982888435478,-0.10370042531379975,-0.18396071944220127,-0.020497081011962792,-0.02085418405376871,0.03788009920115054,1284
2026-10-02,DE000A0Q4R28,EXV5.DE,EUR,37.57500076293945,37.57500076293945,-0.036538441975911495,-0.09956862748324413,-0.0463800131782689,-0.09812247658978501,0.16560678939028387,0.17208414964417498,-0.09956862748324413,-0.21131735768449988,-0.059107786669228446,-0.07107767632619377,-0.09738178353565519,1284
2026-10-02,DE000A0Q4R85,4BRZ.DE,USD,46.57357064798421,46.57357064798421,0.017014472283105153,0.0027255635258032207,0.05548964968811321,-0.04943849666429567,0.22157498090646943,0.21360379591452977,-0.08221780748007512,-0.1777901213915941,0.005049865724091829,0.04165563741447964,0.05621140385634882,1285
2026-10-02,DE000A1EWWW0,ADS.DE,EUR,144.0500030517578,144.0500030517578,-0.016723528656943265,-0.034193704682724646,-0.2078636336709313,0.034567100290574304,0.24444199559853716,0.3485535352731375,-0.22712424194321823,-0.328630068972118,-0.0035451530514999385,-0.05951710191308446,-0.06688866732761234,1285
2026-10-01,DE000A2JJ1W5,0P0001FAJ5.F,EUR,124.38999938964844,124.38999938964844,0.0009656614615247694,-0.005039171895169892,-0.00424270562812612,0.0077776803216325074,0.048472720907040474,0.04158603102679153,-0.02422855115623168,-0.04542575052266418,-0.0006106102378584666,-0.006509325949982991,-0.0027650670405745537,1248
2026-10-02,DE000BASF111,BAS.DE,EUR,49.92499923706055,49.92499923706055,-0.00981751189728608,-0.06437408796851929,0.04994742456586465,-0.025181561488012205,0.21875152308884507,0.21740601678074958,-0.07956021592594587,-0.13370372630931704,-0.033103040034667686,-0.03077073750714676,0.023634330295971395,1285
2026-10-02,DE000BAY0017,BAYN.DE,EUR,44.93999862670898,44.93999862670898,-0.10155941192651907,-0.08004094103469583,-0.10335196359871501,0.10761286753503096,0.30364639808889243,0.2444010309559905,-0.11535434445590453,-0.3065455353648504,-0.07688518304640668,-0.0751259792419593,0.04718111525519286,1285
2026-10-02,DE000DTR0CK8,DTG.DE,EUR,40.68000030517578,40.68000030517578,-0.043723567708543465,-0.11043077383800004,-0.02842127196241173,0.0007437059717854133,0.19939823658086306,0.22858046315442007,-0.17983867829349498,-0.17983867829349498,-0.057897174208688895,-0.10216116380623641,-0.026140450254764747,1226
2026-10-02,ES0113211835,BBVA.MC,EUR,23.729999542236328,23.729999542236328,-0.058333380007868585,-0.0653800664559645,0.055604983338698455,0.21257025612076674,0.22154402133731876,0.23026198434695508,-0.06611571488643209,-0.18701772533483707,-0.04784833871692651,-0.040553125396986744,0.13001194077825606,1289
2026-10-02,ES0113900J37,SAN.MC,EUR,11.80799961090088,11.80799961090088,-0.06076996232258092,-0.08237491584572698,-0.027187340283312933,0.13534318369628506,0.24333981509006578,0.23463855844554857,-0.08832613365165665,-0.171891814315276,-0.06194144528158807,-0.0629315388604953,0.06541402567876031,1289
2026-10-02,ES0148396007,ITX.MC,EUR,53.2400016784668,53.2400016784668,-0.000375453317622787,-0.07311972577745196,-0.031295440950831366,0.019843717779470138,0.21554957736740277,0.20697554719362624,-0.12453463596749692,-0.14986185286846476,-0.0062157925660306645,-0.04988968260065296,-0.01650832380096645,1289
2026-10-02,FI0009000681,NOKIA.HE,EUR,9.407999992370604,9.407999992370604,0.030674816500236624,0.08687613714312392,-0.1322631160391241,0.08655088322296534,0.5806357746931995,0.5756495741851946,-0.3030803462537395,-0.4829458829898745,0.025909441664789146,0.06841100864202465,0.09632612976799071,1267
2026-10-01,FR0000003196,0P00000QEY.F,EUR,475.7699890136719,475.7699890136719,-0.00460282486644048,-0.01852503555714935,-0.03698085016446351,-0.0348709890039276,0.044944280683040475,0.036768312032488204,-0.03698085016446351,-0.05328822889222562,-0.009886181085754342,-0.02113037763106307,-0.03215424114100551,1249
2026-10-01,FR0000003998,0P00000I2M.F,EUR,3324.919921875,3324.919921875,-0.012817402411780976,-0.05057084101990805,-0.03336357220623365,0.07584829409018878,0.12559805250123612,0.11623565783363254,-0.06593405688973897,-0.1083091867769127,-0.02160181466946176,-0.03616491699808644,0.014703750236845892,1247
2026-10-01,FR0000027609,0P00000H0V.F,EUR,5094.419921875,5094.419921875,0.00612428475436122,-0.009126010592751865,-0.011103341087139063,0.005600047034920452,0.03394531786490251,0.022585489059306633,-0.01824339485090609,-0.01824339485090609,-0.0003869494165494869,-0.00520672236217079,-0.0036724039123984253,1245
2026-10-02,FR0000045072,ACA.PA,EUR,16.885000228881836,16.885000228881836,-0.07148744983442201,-0.10210050758496902,-0.03459116924834871,0.04419429419479548,0.18255433849091654,0.20225555784164706,-0.16410893113130887,-0.16688568702410778,-0.06915845116771369,-0.10029198353822921,-0.012608341463802075,1291
2026-10-02,FR0000051807,TEP.PA,EUR,69.0,69.0,-0.04643450223894685,-0.020442964104154915,0.3238680240606986,0.29608726865623836,0.32295596107096736,0.4775765536578153,-0.06377201007949684,-0.35422847770430843,-0.01888294676707336,-0.003137945250676344,0.19858198886480327,1291
2026-10-02,FR0000052292,RMS.PA,EUR,1299.5,1299.5,-0.035621521335807094,-0.10809883321894298,-0.20834602497715504,-0.20849941419090012,0.24840572871693312,0.3503795778893395,-0.23827667057444313,-0.4166246166728408,-0.052687211824096525,-0.12909149398171726,-0.2484108874534523,1291
2026-10-02,FR0000054470,UBI.PA,EUR,4.978000164031982,4.978000164031982,-0.06744092708294902,0.025334736246194423,-0.15483866267008572,0.049104380209157084,0.40379188661568927,0.5749006574339052,-0.19779286727694811,-0.6144309093982276,-0.050787960367075,-0.06188042726376519,-0.012340745209678317,1291
2026-10-02,FR0000073272,SAF.PA,EUR,330.1000061035156,330.1000061035156,-0.018435866531371747,-0.010194884247329505,-0.01785182948836972,0.11941316254031187,0.2571907340459152,0.2376132936787045,-0.11551154921609863,-0.23617513957875091,0.0010007168905503683,-0.029688402377176848,0.046903394932166664,1291
2026-10-01,FR0000097156,0P00000QGO.F,EUR,675.6699829101562,675.6699829101562,0.001096395540878703,0.016809605583380405,0.03359281669146341,0.16837281198775655,0.09932462685807793,0.09569334988042741,-0.033817453515913254,-0.07356647804504624,0.010764792493397346,0.014027703046718631,0.0892875699211686,1244
2026-10-02,FR0000120073,AI.PA,EUR,170.16000366210938,170.16000366210938,0.015880618878264974,-0.0016427996672502276,-0.023752147545396674,0.025806777426191863,0.19972656571536812,0.1629488822406988,-0.08604078110433389,-0.10528746423158142,0.014548066119774772,0.004984783486321254,0.05866269393378887,1291
2026-10-02,FR0000120172,CA.PA,EUR,15.324999809265137,15.324999809265137,-0.05401240200408175,-0.0658336380479122,-0.0583590345439271,-0.018743881433166187,0.22492478343521413,0.2166929525048912,-0.08834025602950824,-0.08834025602950824,-0.06137074716387403,-0.04528437559869025,0.008868894075562572,1291
2026-10-02,FR0000120271,TTE.PA,EUR,74.45999908447266,74.45999908447266,-0.05828160596238963,-0.021550583738922713,0.08891491774300686,-0.022445953234842997,0.2009582336063029,0.2261509310704445,-0.07491612547316417,-0.17510288938050222,-0.047859122242846386,-0.03036882941382768,0.052230665992051284,1291
2026-10-02,FR0000120321,OR.PA,EUR,372.75,372.75,-0.023831362990861638,-0.02904400644374816,-0.021653543307086576,0.08623262379988161,0.20026977564709433,0.199659359463213,-0.060913705583756306,-0.14438105060176987,-0.022089884287162964,-0.02713072229519453,-1.4140225284897667e-05,1291
2026-10-02,FR0000120404,AC.PA,EUR,44.20000076293945,44.20000076293945,-0.03682716603152114,-0.05756931076963023,-0.09777507147203779,0.00789053288280206,0.21538293972487468,0.22334727146583858,-0.10165346369282768,-0.2065086535708529,-0.034955556499121965,-0.04210821920157892,-0.023523891882601733,1291
2026-10-02,FR0000120503,EN.PA,EUR,40.70000076293945,40.70000076293945,-0.056560006055412004,-0.08559869023294342,-0.12847965528860394,-0.19219405524185396,0.19175545721398277,0.23088169517964677,-0.1769464077856543,-0.23207545730302914,-0.06175797789158732,-0.10334646277429305,-0.137473241709821,1291
2026-10-02,FR0000120578,SAN.PA,EUR,70.80999755859375,70.80999755859375,-0.013650972899230451,-0.07146609526578374,-0.07110068948785975,-0.07521360980847458,0.21766182486947333,0.2616714744273761,-0.11398899923763328,-0.17327540125886287,-0.037096496735523066,-0.06068101668717574,-0.06301747412956449,1291
2026-10-02,FR0000120644,BN.PA,EUR,59.119998931884766,59.119998931884766,-0.007387549215261857,-0.0721908694396538,-0.1836509192672663,-0.09332184878659322,0.22329238319840777,0.2046593519410027,-0.2127426536565704,-0.2513954887883294,-0.027743533449180457,-0.08170811530500843,-0.11775481310412439,1291
2026-10-02,FR0000120693,RI.PA,EUR,58.619998931884766,58.619998931884766,-0.00711385462617975,-0.05084196041102618,-0.05263329541042372,-0.08732085407521195,0.2140463133482627,0.25813632577770856,-0.1663822641313324,-0.31613160066066215,-0.021662954560711767,-0.08714340530234332,-0.11022734462046191,1291
2026-10-02,FR0000120966,BB.PA,EUR,64.9000015258789,64.9000015258789,-0.029895365536372065,-0.038518495912905126,0.09075632816603196,0.1729884176230394,0.1061133863911501,0.21994045183291067,-0.05942026774088538,-0.14495416219181756,-0.02618347671174659,-0.024998463811238714,0.13277638794656976,1291
2026-10-02,FR0000121014,MC.PA,EUR,378.5499877929688,378.5499877929688,-0.04611318641575979,-0.11780474852370937,-0.22729129922594726,-0.2052005582415889,0.22861142876786228,0.25206030841413724,-0.24756512979433354,-0.41002499289898786,-0.0630530591102807,-0.13588253157572483,-0.22790047872961217,1291
2026-10-02,FR0000121147,FRVIA.PA,EUR,8.593999862670898,8.593999862670898,-0.013997217319146493,-0.13471609705623622,-0.053732650073237354,-0.1615609890077172,0.3662351311733531,0.4764224556641734,-0.1518324959236952,-0.4321537064566676,-0.06508710695839204,-0.06032961450792884,-0.19638984388948344,1291
2026-10-02,FR0000121220,SW.PA,EUR,53.900001525878906,53.900001525878906,-0.06015687951236781,-0.0714900562570926,0.01794146835224164,0.3044530959333591,0.23418089960306276,0.21792095387929908,-0.0917586720678718,-0.2701083367043837,-0.04580656736660482,-0.053655427556032365,0.10465989108161478,1291
2026-10-02,FR0000121329,HO.PA,EUR,222.6999969482422,222.6999969482422,-0.029206613454687225,-0.04666099687704317,-0.0026869955007414736,-0.15581456741276878,0.24625753086139093,0.2483726030922097,-0.1809488711021201,-0.18830932219925633,-0.03753485390407618,-0.09029265111424545,-0.07751984240113097,1291
2026-10-02,FR0000121485,KER.PA,EUR,210.3000030517578,210.3000030517578,-0.058428487553788266,-0.14233276643902737,-0.15372232172330857,-0.1362286361499504,0.3105572043121132,0.4782514903052634,-0.2818849285684437,-0.3810414074053782,-0.08833760157514636,-0.162865112558221,-0.18464653656972485,1291
2026-10-02,FR0000121667,EL.PA,EUR,142.8000030517578,142.8000030517578,-0.007644134061033037,-0.046728971010644216,-0.16686109605114274,-0.293499758197322,0.2842155042276956,0.26322516699606124,-0.1932675708760998,-0.5563296695825171,-0.016884376160902104,-0.08607998225375002,-0.25890671462758663,1291
2026-10-02,FR0000121964,LI.PA,EUR,34.41999816894531,34.41999816894531,-0.05750280017786602,-0.09325608537686614,-0.04759272965554573,0.00624388940479248,0.1511594825447392,0.1427916589406072,-0.13906957070915493,-0.13906957070915493,-0.05405781542905874,-0.09055363762710511,0.0001431203998791819,1291
2026-10-02,FR0000121972,SU.PA,EUR,303.0,303.0,0.04123711340206193,0.05208333333333326,0.12367886837897846,0.14936108366600287,0.37488736106236553,0.36023149971366847,-0.12524119680717438,-0.17762918089750313,0.044557442040851436,0.037017768758117464,0.1419495203526695,1291
2026-10-02,FR0000124141,VIE.PA,EUR,30.729999542236328,30.729999542236328,-0.020089319383089443,-0.036677118817716736,-0.1529768308654864,-0.0898668482786219,0.10275978332180742,0.17846912948483512,-0.18656716190288725,-0.18656716190288725,-0.02144667110845133,-0.06881046531508739,-0.06747662679661282,1291
2026-10-02,FR0000125007,SGO.PA,EUR,67.0999984741211,67.0999984741211,-0.03895733647367461,-0.11454210141195142,-0.11477578136370492,-0.11198210581944557,0.2539848462785042,0.2883046027474101,-0.22469021527932065,-0.25153917647952817,-0.04551923029849825,-0.1226739952469047,-0.1292669322319735,1291
2026-10-02,FR0000125338,CAP.PA,EUR,108.9000015258789,108.9000015258789,0.04210527775960671,0.023496240264544888,0.22414571320388688,0.031692858436652704,0.4526670208898842,0.44026588432718106,-0.09201077073251984,-0.41502642376831267,0.03237428718212754,0.022771470578968334,0.028862761191167596,1291
2026-10-02,FR0000125486,DG.PA,EUR,106.8000030517578,106.8000030517578,-0.040431265737767896,-0.06274676689751946,-0.10252098275833788,-0.18294608193226558,0.18700732379459145,0.20155690605989937,-0.16719246109941488,-0.23610971910707668,-0.035600580107488566,-0.08106896457326618,-0.1288666486514698,1291
2026-10-02,FR0000130452,FGR.PA,EUR,100.0999984741211,100.0999984741211,-0.056105652111417714,-0.08080810769930602,-0.17477332270627255,-0.25899944448849677,0.20391011065835013,0.23272903503907538,-0.20732485057229255,-0.29346406254991264,-0.05374556515366302,-0.1165843965858806,-0.18916457548817367,1291
2026-10-02,FR0000130577,PUB.PA,EUR,94.23999786376952,94.23999786376952,-0.0369916485183337,-0.06785361734805129,0.08122985204437283,0.22558790833499676,0.2210773905065013,0.2679890901638391,-0.0947166258873936,-0.23345260324938366,-0.030612266719869163,-0.042001894037576704,0.13086883012364847,1291
2026-10-02,FR0000130809,GLE.PA,EUR,66.30000305175781,66.30000305175781,-0.08311429552968741,-0.10622805636289756,-0.10719093530148283,-0.06352793502555665,0.3072409171536924,0.2969631086685084,-0.2154814294493893,-0.2154814294493893,-0.08085172905495497,-0.12726177499885383,-0.07436629832308539,1291
2026-10-02,FR0000131104,BNP.PA,EUR,92.05999755859376,92.05999755859376,-0.0729104256863955,-0.11938017263858591,-0.085799400709905,0.04809279754152018,0.22907115161184266,0.23441472458537307,-0.18847519114405864,-0.18847519114405864,-0.07172523488898297,-0.11897975410321893,-0.015347579518611099,1291
2026-10-02,FR0000131906,RNO.PA,EUR,24.68000030517578,24.68000030517578,-0.06159691934902989,-0.15305419278961996,-0.04378144843659115,-0.15560708856768057,0.31853260823229806,0.3384398864173331,-0.16958274308956722,-0.2899423181587555,-0.1055378293328133,-0.11950222811508893,-0.1280329039805661,1291
2026-10-02,FR0000133308,ORA.PA,EUR,13.979999542236328,13.979999542236328,-0.012711886095724712,-0.08865714451261775,-0.1190926500914824,-0.20762341597298795,0.3020135447163409,0.2780553806845937,-0.212356308955846,-0.24994611057160776,-0.0561707026034568,-0.10305272702566481,-0.1403788846330688,1291
2026-10-02,FR0000172041,XED2.F,EUR,460.8380126953125,460.8380126953125,-0.038434377890525284,,,,0.10102348281449279,,-0.05337084392179159,-0.05337084392179159,,,,11
2026-10-01,FR0000172124,0P00000GPO.F,EUR,55.720001220703125,55.720001220703125,-0.0014336562267243114,-0.037152198909011114,-0.05703162841737064,-0.02570374962938593,0.06600181264996142,0.05373129357722201,-0.059062475367314016,-0.06538919305080049,-0.015408523508632865,-0.03021102953998145,-0.04115197285138472,1237
2026-10-02,FR0000284689,CL54.F,EUR,33.6609992980957,33.6609992980957,0.0025315428857475286,,,,0.1637595779374957,,-0.008782696045668725,-0.008782696045668725,,,,11
2026-10-01,FR0000292302,0P00000PYA.F,EUR,567.3200073242188,567.3200073242188,-0.007070810226337265,-0.01225708302613493,-0.005033401330957976,0.04673521198959807,0.07825142848595665,0.0759606020973968,-0.030280271035459383,-0.06867224362644508,-0.007226346669353068,-0.012613994893213132,0.019970175792463074,1249
2026-10-01,FR0000295230,0P00000PM8.F,EUR,226.58999633789065,226.58999633789065,-0.003649643117304313,-0.025838390403782996,-0.03241095129932314,0.010524910383618913,0.12268280532183498,0.11887909850237804,-0.06315477183689933,-0.16301981420780265,-0.0016104574207553846,-0.017441413656971383,-0.01819029377387671,1269
2026-10-01,FR0000299356,0P00000JPU.F,EUR,287.239990234375,287.239990234375,-0.013734377606526516,-0.04511155691085511,-0.038108650019723744,0.03219775583722151,0.11306222614152264,0.10692527366194028,-0.06594692866744101,-0.10168187143662966,-0.025705678333483695,-0.03769425348245403,-0.013671248900338218,1237
2026-10-01,FR0000422859,0P00000PLK.F,EUR,890.3499755859375,890.3499755859375,-0.008783860364955265,-0.039121520564553536,-0.03998147286876297,-0.0015699741116484978,0.12615639401905182,0.11564976796093455,-0.0637947074712647,-0.11875263294966842,-0.019354115801207605,-0.034466226671757916,-0.019216003644786483,1247
2026-10-01,FR0000438905,0P00000QF5.F,EUR,496.1300048828125,496.1300048828125,0.003499213203247642,0.024004138045020662,0.039843246898415785,0.23317258861301116,0.11200131841784267,0.10096458222866966,-0.0324187350522257,-0.08915819628885746,0.011948488576986271,0.017618245274894306,0.09770306180495414,1195
2026-10-01,FR0000447807,0P00000RUS.F,EUR,218.5200042724609,218.5200042724609,0.014108077803963726,0.02528972583007283,0.04992071852157265,0.17743417524841654,0.12113656167349256,0.10840775169288226,-0.04078916959911527,-0.08659418215219217,0.021799534574039825,0.024931963165104154,0.09882431130482283,1248
2026-10-02,FR0000974149,ODAB.HM,EUR,733.4609985351562,733.4609985351562,-0.008828476792678841,,,,0.09598923786548166,,-0.013827315342687885,-0.013827315342687885,,,,11
2026-10-01,FR0000975880,0P00000MML.F,EUR,415.4700012207031,415.4700012207031,-0.027821940608403484,-0.04758959549501429,-0.06968359204723895,-0.05020229939137877,0.1351270120151144,0.12492414683088852,-0.10466771491647553,-0.12650891219419702,-0.03137137465952933,-0.06071242603051907,-0.053683693472470484,1248
2026-10-01,FR0000980427,0P00001O87.F,EUR,2554.739990234375,2554.739990234375,-0.0057288188673523255,-0.021528547842240786,-0.021483622530849233,-0.004586001802628803,0.04650163930348168,0.04156317603275202,-0.03547763707199736,-0.04381792125829931,-0.009434408560692442,-0.020493888996856446,-0.01148359221339057,1251
2026-09-30,FR0000987950,0P00000NYV.F,EUR,669.1400146484375,669.1400146484375,-0.0045225654742301336,0.031906857971961244,-0.001953907874923333,0.11905677897495859,0.1482044585777881,0.22056302413174164,-0.10217496300435924,-0.10217496300435924,0.007646135075155547,0.023981896067252206,0.11983213350446542,1126
2026-10-01,FR0000987968,0P00000NZ3.F,EUR,514.6799926757812,514.6799926757812,0.07516185408658216,0.0897080208680765,0.03584438129413159,0.2948575486818239,0.23999331594150758,0.287337419034654,-0.13604509813721777,-0.16322176981876269,0.07375435728751167,0.08646501911410542,0.20044220699725201,1164
2026-10-01,FR0000988057,0P00000NZ7.F,EUR,872.52001953125,872.52001953125,0.006726761671902226,0.02856339474887104,0.040125926575912185,0.1989282302043971,0.11797121774220701,0.10955903125914646,-0.03313392419228933,-0.07747073986381181,0.02012912718268245,0.02577126739176605,0.09602300055961432,1206
2026-10-01,FR0000989915,0P00000QLD.F,EUR,1485.050048828125,1485.050048828125,-0.03976592936426515,-0.09218444784571289,-0.1588882487391997,-0.11147205757965306,0.1429994037597005,0.13101754211116826,-0.16996896371813686,-0.21394730775274584,-0.05801987803511033,-0.11082780916265789,-0.1316726925789904,1248
2026-10-02,FR0006174348,BVI.PA,EUR,26.56999969482422,26.56999969482422,-0.011900323617984543,-0.023161803325153718,-0.023161803325153718,-0.04660348437931605,0.1953060321558858,0.23057298264304835,-0.0922446436868195,-0.13772048651286128,-0.026615142131747316,-0.03608252104439458,-0.0023785328578547205,1291
2026-10-01,FR0007023692,0P00000C3O.F,EUR,377.2200012207031,377.2200012207031,-0.018806114596856216,-0.023353327572834814,0.0034848701706040597,0.07522166194023883,0.08867128711787718,0.07815160732279118,-0.033364056323013425,-0.057652550446265716,-0.014379829928014232,-0.015310944149636185,0.031839538721397664,1229
2026-10-01,FR0007028543,0P00000PY3.F,EUR,106.5500030517578,106.5500030517578,0.0006573975640249419,-0.01905726056418633,-0.03957093287398339,0.03286156717047084,0.09958420705101799,0.08420070221333607,-0.045613735348593254,-0.07215834198969395,-0.006494359651776249,-0.020698123354492504,-0.0066031971682095625,1210
2026-10-02,FR0007052782,CAC.PA,EUR,80.0,80.0,-0.02284112231399804,-0.042718675456035915,-0.04852523480259663,-0.01948763830440603,0.12225065390154943,0.10807302096810505,-0.09702333119556572,-0.10850611902089558,-0.02365203085607681,-0.05055554320607636,-0.027211331349258905,1291
2026-10-02,FR0007054358,MSE.PA,EUR,71.06999969482422,71.06999969482422,-0.010442773645041536,-0.02389778769556017,-0.004063914140231661,0.07049254930262117,0.1331825063427387,0.11597968509208051,-0.05759446612430452,-0.10843727157026495,-0.008420127207954153,-0.021936588207083774,0.035649537615183746,1291
2026-10-01,FR0007061882,0P00000O6Y.F,EUR,681.7999877929688,681.7999877929688,-0.01145429066875392,-0.03557539285634426,-0.02297125217359508,0.0482457576755404,0.13020328931484723,0.11963536283110728,-0.05814422910075656,-0.12151241584563843,-0.022284698440188766,-0.03268746946247947,0.005447134051782987,1248
2026-10-01,FR0007062567,0P00000K4N.F,EUR,583.8200073242188,583.8200073242188,0.007698187802787082,0.016682950077951952,0.030010073638241597,0.18824420100471428,0.17131721350472986,0.14701728078128118,-0.07313298381321787,-0.17320314463395015,0.02421956866674435,0.023461692717027027,0.07001652145611592,1203
2026-10-01,FR0007064324,0P00000H22.F,EUR,503.0199890136719,503.0199890136719,-0.04031295319314632,-0.08065436065300191,-0.04397898987368054,0.025274130732324762,0.11577054600812813,0.1158408783546838,-0.09569440177317412,-0.11572468910534484,-0.047838097968714965,-0.06717347119009276,-0.056653594787805295,1241
2026-10-01,FR0007072160,0P00000IK7.F,EUR,172.9199981689453,172.9199981689453,0.0007523866419580916,-0.009735408291022596,-0.012111489936599829,0.003307177518098614,0.023180992757933467,0.019971820607108014,-0.015104931135409005,-0.025147919362124238,-0.0024834212657207644,-0.008003901679662695,-0.005836383733125672,1250
2026-10-01,FR0007076930,0P00000NME.F,EUR,537.530029296875,537.530029296875,-0.03426149321869343,-0.054509936624442035,-0.04364297115658289,0.016893783812681473,0.10907637619645821,0.10607509308852793,-0.09380102705181681,-0.09380102705181681,-0.03782947574916529,-0.060005822890791816,-0.005361165111066768,1241
2026-10-01,FR0007374145,0P00000QRC.F,EUR,504.7799987792969,504.7799987792969,-0.060752087418726064,-0.08496333465143746,0.17480853446663702,0.1017307636587923,0.4008343229102155,0.4529209294576564,-0.1443246314709533,-0.3714610457589358,-0.05775845373966593,-0.012135870704072849,0.007442654581289343,1176
2026-10-01,FR0007382965,0P00000MUL.F,EUR,3556.639892578125,3556.639892578125,-0.00384280980936047,-0.00791907919508228,-0.007575819506289272,0.035167786322224615,0.04971821078436504,0.04622460752217641,-0.024007435772887664,-0.05346302661329583,-0.004033300202689327,-0.009299460611184918,0.013656185882366945,1247
2026-10-01,FR0007390174,0P00000FNC.F,EUR,100.77999877929688,100.77999877929688,-0.04807786752843457,-0.10377944406985373,0.18606563883091498,-0.06277318029040657,0.3290629350774086,0.42108223589485544,-0.13671406010386655,-0.33703705023274577,-0.05587642971811502,-0.02846358294137452,0.001011129579001624,1253
2026-10-01,FR0010004085,0P00001NLH.F,EUR,993.6900024414062,993.6900024414062,-0.0046776543317805785,0.0007251294193433289,0.019786362853672523,0.16130052740875667,0.10549969612338303,0.11117452257956187,-0.0345192340392364,-0.0930771863389761,-0.00012577793622847722,0.002257294614780969,0.06026946494396723,1213
2026-10-01,FR0010058529,0P00000QIF.F,EUR,1153.1300048828125,1153.1300048828125,-0.011800513534280133,-0.027181820868725448,-0.042537099448547,0.047405005044961035,0.15296442432118013,0.14198897846489678,-0.07672122846149532,-0.16355001019165538,-0.01628072083950005,-0.034526555786594804,-0.006747365061287813,1250
2026-10-01,FR0010086512,0P00000G8V.F,EUR,331.07000732421875,331.07000732421875,-0.029034794442448053,-0.06932224693029099,-0.06437755655324984,0.036180392492471514,0.14188394369951504,0.1307843769757711,-0.1016957854026691,-0.11388989985918296,-0.03634339799192421,-0.06211930942627697,-0.04332998782844977,1242
2026-10-01,FR0010097683,0P00000CGO.F,EUR,585.969970703125,585.969970703125,-0.013385662102286755,-0.01145495470449287,0.0025149199369118858,0.0780226163349329,0.08328212922707011,0.0781193600540571,-0.024798944578964477,-0.08550661982129948,-0.005645754829445626,-0.004998739911098671,0.012709764761786646,1238
2026-09-30,FR0010128587,0P000015L9.F,EUR,692.1400146484375,692.1400146484375,-0.016329591055868398,-0.018978660145453907,-0.06559740674943881,0.017389156608454526,0.14682573209692298,0.131413649241528,-0.07241498930465418,-0.09552951169543256,-0.010489247372251875,-0.020917281203492677,-0.011413698386987803,1234
2026-10-02,FR0010135103,Y9U6.F,EUR,848.5260009765625,848.5260009765625,0.003994529332044472,,,,0.0830906285530362,,-0.010894342592280948,-0.010894342592280948,,,,11
2026-10-01,FR0010147603,0P000018HU.F,EUR,442.0799865722656,442.0799865722656,0.007291245109942057,-0.0021443518715411614,0.01993351809291588,0.07603931095521199,0.07510428964263363,0.1118898309040531,-0.03379935819021429,-0.06154886324087783,0.007079009659227475,0.011024087753264133,0.04164295138193652,1250
2026-10-02,FR0010149120,Y9U4.F,EUR,1910.6669921875,1910.6669921875,0.0017443279262261413,,,,0.023715641538497728,,-0.004180880996284775,-0.004180880996284775,,,,11
2026-10-02,FR0010149302,Y9U3.F,EUR,1928.362060546875,1928.362060546875,-0.006556092287009041,,,,0.20457407822929136,,-0.023815523583374132,-0.023815523583374132,,,,11
2026-10-01,FR0010156604,0P00001BB3.F,EUR,249.8600006103516,249.8600006103516,0.0007209545812671969,-0.013736463952962352,-0.007349751913592328,0.013384178635764687,0.044081481995270594,0.03200957100088776,-0.015730978957441466,-0.02863110837153171,-0.005088832101823981,-0.008628176458287062,0.0073190514464600565,1250
2026-10-01,FR0010158048,0P00001BW0.F,EUR,321.1300048828125,321.1300048828125,-0.007663485618516375,-0.028703618578819756,-0.03787034349077323,0.04982179706614631,0.10646123175790262,0.10546460881222518,-0.06212029612390213,-0.12274891322971371,-0.01374362312726607,-0.02976477926398835,0.0017704977129575639,1250
2026-10-01,FR0010174144,0P0000M6PZ.F,EUR,250.3500061035156,250.3500061035156,-0.018697041019779093,-0.052888363707944364,-0.051021536634859976,-0.032949623835020314,0.06159469897776541,0.08267128222840221,-0.07803639159825959,-0.08074462264107607,-0.030130447179327113,-0.048970314407683735,-0.03719497974347885,1058
2026-10-01,FR0010177899,0P00000PNB.F,EUR,88.98999786376953,88.98999786376953,-0.002801434401440095,-0.013195857589035187,-0.023054106472145675,0.005082414090683329,0.04836061385384546,0.04528483179885225,-0.02955288085780705,-0.046937452596716,-0.006963225103597481,-0.01580857326781082,-0.003732524262452741,1248
2026-10-02,FR0010208488,ENGI.PA,EUR,22.780000686645508,22.780000686645508,-0.024411121435208294,-0.051228635173303894,-0.15252970990063697,-0.1538314881205497,0.15879434675597162,0.20378150943807283,-0.18963657013840252,-0.1988986334149726,-0.035501803832861833,-0.08208080289083375,-0.10897852504980254,1291
2026-10-02,FR0010220475,ALO.PA,EUR,15.074999809265137,15.074999809265137,0.036438620157521306,-0.08636364792332507,-0.03797066139960914,-0.33997374305809447,0.26126665512942704,0.2711901067240995,-0.1409157685505299,-0.5127345882204348,-0.017531292329825088,-0.05166015655348455,-0.2496061448658825,1291
2026-10-02,FR0010221234,ETL.PA,EUR,1.5210000276565552,1.5210000276565552,-0.10922398556558754,-0.14980436083431836,-0.35468818199520025,-0.4347825952132708,0.4092084553423591,0.41128917304717827,-0.35468818199520025,-0.6627494566594165,-0.13192362046535333,-0.19862167233541705,-0.3402732466114612,1291
2026-10-01,FR0010229187,0P00000FV4.F,EUR,318.75,318.75,-0.006483142659101548,-0.02908921153841504,0.00040802487227664663,0.12003234162015852,0.10472014932648101,0.11096411504715642,-0.040434204459219525,-0.07929475665366614,-0.013345762486400514,-0.01583858952332473,0.03105955509731828,1244
2026-10-02,FR0010230490,0PP1.MU,EUR,684.1090087890625,684.1090087890625,-0.012326573571014188,-0.03731907714765659,-0.05515811231272294,-0.04942748243740658,0.06951870319548656,0.04668895103583667,-0.05515811231272294,-0.06956858838666835,-0.018534900354069683,-0.03637145585306745,-0.050189024569142315,219
2026-10-02,FR0010261198,MEU.PA,EUR,242.6999969482422,242.6999969482422,-0.010397565960276522,-0.025496912369826208,-0.00999386909745037,0.046210886361485404,0.10784171174734428,0.08591188039156189,-0.04558065739555639,-0.09773398341024497,-0.008993387993072477,-0.02077871151675237,0.02651707535324177,1291
2026-10-01,FR0010286013,0P00000EUQ.F,EUR,488.25,488.25,-0.012099651687265789,-0.022326780201754604,-0.00456684189070744,0.030541604242444453,0.06296851696790556,0.05719681677097972,-0.03196065442680052,-0.06016847910817125,-0.014095455102022036,-0.0172018353780492,-0.007490220872365061,1231
2026-10-02,FR0010307819,LR.PA,EUR,144.5500030517578,144.5500030517578,0.07193175016096132,0.025904963189388175,0.02736322805274738,-0.004413453640187526,0.4346131792502889,0.32107249078732863,-0.0944234578808334,-0.18306531519533542,0.04150155277058443,0.052367212770022764,0.03871658296877589,1291
2026-10-02,FR0010313833,AKE.PA,EUR,53.84999847412109,53.84999847412109,-0.04690268187396307,-0.09190557897230778,-0.011926633502365336,-0.06680505043460339,0.1788013521264057,0.2534455643150721,-0.13632718858089465,-0.22841862264948765,-0.051602702598132155,-0.08301407094078317,-0.037323583106952385,1291
2026-10-02,FR0010315770,WLD.PA,EUR,438.0400085449219,438.0400085449219,0.008402573202421326,0.02102470691863867,0.03126471059887326,0.12780642489316696,0.09515049348642762,0.09382203829778282,-0.030554849535535222,-0.06579517880427155,0.01769656228140004,0.021149877639613512,0.08742767248217587,1291
2026-10-02,FR0010321828,EHQ1.HM,EUR,368.1549987792969,368.1549987792969,-0.0033487447412009486,,,,0.10438344881376152,,-0.01188245815572242,-0.01188245815572242,,,,11
2026-10-02,FR0010340141,ADP.PA,EUR,107.5,107.5,-0.029783420224422485,-0.01736747257201321,-0.036738338084044364,0.007523476541763552,0.310414787556701,0.32531186238880294,-0.1520324955141642,-0.23520484593542768,-0.010948570714115924,-0.030413449476969445,-0.008574897576422824,1291
2026-10-01,FR0010363366,0P00006A6D.F,EUR,347.0899963378906,347.0899963378906,-0.005387296547658016,-0.0077189517741313995,-0.021592681218067344,0.024771136192729193,0.047388033243608296,0.0484533149999684,-0.026040348251668233,-0.06620432661115794,-0.006436463866382525,-0.012626021489483663,0.0054051739902354345,1247
2026-10-01,FR0010375600,0P00006TTL.F,EUR,285.0899963378906,285.0899963378906,-0.001645893068781934,-0.016422320736212193,-0.032806395397473986,0.016943711429156405,0.13646491744334552,0.12586284995354158,-0.07005546642478755,-0.11891872079739285,-0.0020128579034405236,-0.019058677903155075,-0.0010274020264086081,1250
2026-10-01,FR0010380675,0P00007ZHT.F,EUR,3125.909912109375,3125.909912109375,-0.024753166801536497,-0.012544210488972252,0.026702862376142944,0.19941292712549274,0.08750543574654326,0.12696023438951445,-0.0328478637587033,-0.08934768111999025,-0.018118560478664114,0.002006215106584719,0.10478471039687198,1213
2026-10-01,FR0010400762,0P0000KOPQ.F,EUR,258.5,258.5,0.0006193530400926406,-0.00427558805205186,-0.022092745777395284,0.03082504125629182,0.0677001448566192,0.06714309652481805,-0.02931830259274737,-0.05504625658299789,-0.0032831887965375506,-0.005288706456508807,0.010434446058168012,1223
2026-10-02,FR0010411983,SCR.PA,EUR,31.71999931335449,31.71999931335449,-0.04342583053932081,-0.06430684703244705,-0.005018815922963382,0.0337334293651661,0.23835807168196727,0.19895591093269363,-0.09515574150432382,-0.18987342828689058,-0.02499001958841751,-0.05076550626606424,0.044351139381848315,1291
2026-10-02,FR0010415448,0P00008IB9.F,EUR,573.4400024414062,573.4400024414062,0.03423146794465559,0.03814473543181629,-0.00026155338663214067,0.2936293178590137,0.23196950111512213,0.2770040083955761,-0.11651619158153215,-0.15046376283067087,0.0495192540371594,0.04704050554004713,0.15134931502911275,1172
2026-10-02,FR0010451203,RXL.PA,EUR,35.380001068115234,35.380001068115234,-0.02561278628482433,-0.020487206136551195,-0.07696323042044273,-0.047772196870744965,0.3992468193149543,0.29872829227211983,-0.1297709560592487,-0.16975636676009265,-0.02232781170098519,-0.025703983787548346,-0.00450324181611339,1291
2026-10-02,FR0010533075,GET.PA,EUR,18.43000030517578,18.43000030517578,-0.02124267765007737,-0.009672235318232913,-0.0027055864880447533,-0.016186658659830266,0.12371264292355864,0.12859887353081437,-0.0618556123292201,-0.07211297161310692,-0.004778990554599627,-0.011128142121603402,0.040166945159087364,1291
2026-10-01,FR0010546903,0P00000PUS.F,EUR,75.12000274658203,75.12000274658203,-0.01235859640000092,-0.029582751675391705,-0.01996084473371229,0.07698928668934801,0.13815204772418846,0.11494996714489945,-0.05318872934322583,-0.11959289705296672,-0.021970471047059736,-0.032133334238734435,-0.006787967557895458,1245
2026-10-01,FR0010546929,0P00000MHU.F,EUR,39.36000061035156,39.36000061035156,-0.03149603342816265,-0.04950493225342667,-0.03149603342816265,0.14318908688579546,0.13983686734162903,0.11948632572964384,-0.0655270273391173,-0.09560373294814584,-0.039730641805073574,-0.04881583831919867,0.03356188862819276,1240
2026-10-01,FR0010557967,0P0000ADK9.F,EUR,196.1300048828125,196.1300048828125,-0.005678048756337151,-0.01223807768764762,-0.009344332178249481,0.05896008732301228,0.0768341348554088,0.08744058667793678,-0.03502118244865027,-0.07679091971778229,-0.008988953277862088,-0.014764692630262366,0.024278394937776726,1250
2026-09-30,FR0010564351,0P0000J3CO.F,EUR,203.4499969482422,203.4499969482422,-0.0036241024747351025,-0.009590114099226721,-0.011562963910217605,0.06876442685396156,0.07187836252351512,0.07063836901084901,-0.03237068132455978,-0.06353414906261601,-0.0033263396313328863,-0.009667256506901367,0.013677784060040832,1241
2026-10-01,FR0010592022,0P0000D2MT.F,EUR,131.00999450683594,131.00999450683594,-0.0017525981156721882,-0.007199243397215005,-0.005616739986065045,0.06089559294803992,0.10444155478962816,0.09444254732135114,-0.05379817857654812,-0.08556696470410918,0.0014829542264089834,-0.012144463770980218,0.026902754287858377,1251
2026-10-01,FR0010601971,0P0000KWR3.F,EUR,334.5299987792969,334.5299987792969,-0.020782735714186207,-0.03643641385838081,-0.05478643171558506,0.0200639924602648,0.08106047163434422,0.07093380188400528,-0.0672262293229462,-0.0711168777125627,-0.024909938826789157,-0.0437481084331478,-0.0229992281501753,1246
2026-10-01,FR0010611293,0P0000GBJZ.F,EUR,1864.9300537109373,1864.9300537109373,-0.0014403044587673053,-0.014109568240526449,-0.026349571922222537,-0.014505517444195926,0.05037453925695283,0.04365220680357019,-0.029465792552069048,-0.046674149360825035,-0.005720364231000641,-0.015981352101895663,-0.013805413608950268,1246
2026-09-30,FR0010616177,0P0000HR6L.F,EUR,179.91000366210938,179.91000366210938,-0.02440214690437925,-0.037039009265775635,-0.05110760616809151,0.008803450467971041,0.10513343760854983,0.08621863775760917,-0.056185036876608585,-0.09792365079112963,-0.021326695594179546,-0.034926303349912535,-0.010965340232525378,1241
2026-10-01,FR0010651224,0P0000HR5T.F,EUR,4493.31982421875,4493.31982421875,-0.02726831168405608,-0.07259770366543006,-0.07433630544032377,-0.033688471836859635,0.10968809987370881,0.1310659895966781,-0.11432705818944777,-0.1305381968790127,-0.040443848052157616,-0.07003716793734249,-0.04313773810572896,1251
2026-10-01,FR0010657122,0P0000HX49.F,EUR,1304.9599609375,1304.9599609375,-0.024649821302207497,-0.04044236711357685,-0.07007773424703245,-0.07538829605372355,0.12103493423299581,0.1076081218039195,-0.08575914766208714,-0.11219361897821434,-0.028154255663566108,-0.05180006706084972,-0.05675177545396903,1248
2026-09-30,FR0010668145,0P0000IT7S.F,EUR,678.9299926757812,678.9299926757812,-0.009324132638979576,-0.011588495687668954,-0.05387482090449136,0.034496968423147534,0.10893709073600988,0.12276239681393379,-0.06995667126656246,-0.10189111228019454,-0.003641714809938801,-0.02474894616390022,-0.01021061399530121,1241
2026-10-01,FR0010679902,0P0000IKS1.F,EUR,411.8999938964844,411.8999938964844,-0.008855076747400936,-0.06083267247167268,-0.05661674109557979,-0.01609980058311722,0.10931417973765963,0.10721779109942184,-0.09552042288759421,-0.13823713827402528,-0.028060946035996293,-0.05992087338596008,-0.053318042567678026,1251
2026-10-01,FR0010687749,0P0000HRVB.F,EUR,349.20001220703125,349.20001220703125,-0.00529819792769759,-0.022888781028651883,-0.03883731646907651,0.03947136294951292,0.1350982431879868,0.11603627845917994,-0.05663693095460853,-0.10297291465046632,-0.014220646568443018,-0.028259469710354757,0.00851420958496929,1249
2026-10-01,FR0010689141,0P0000IKSO.F,EUR,1944.760009765625,1944.760009765625,-0.003162616688166753,-0.0393115570498751,-0.0009144580954688619,0.020453557005281064,0.09571874540327768,0.10940527822492793,-0.054095843227893514,-0.11447905426548899,-0.01574844595930891,-0.02953404729546416,-0.011344151665559132,1251
2026-10-01,FR0010697482,0P0000J0GI.F,EUR,142.6300048828125,142.6300048828125,0.0016152457597387038,-0.0007005594319321462,-0.0011904633425231514,0.005924336246948991,0.01069981582833274,0.008501787204573561,-0.003987738313159794,-0.009263859031025667,0.0006525052081187699,-0.00048489859329370333,0.002702401721334624,1249
2026-10-01,FR0010697532,0P0000JC17.F,EUR,217.25999450683597,217.25999450683597,-0.0007818524337568356,-0.007401363029226338,-0.0118257349963512,-0.007219895163108836,0.014139947115048184,0.011438606730197446,-0.014409737214374663,-0.016377015249790627,-0.002291540672991643,-0.006811448140688792,-0.007174089302765196,1250
2026-10-01,FR0010700823,0P0000IVLV.F,EUR,1458.3399658203125,1458.3399658203125,0.002784813654106655,0.026233871679888,0.031919776664092625,0.15830435484906213,0.11621459464605072,0.10911121284500667,-0.038700809851986206,-0.10079621358980673,0.01638872574231942,0.0191933841309746,0.07144109000639509,1212
2026-10-01,FR0010702084,0P0000KU3M.F,EUR,246.07000732421875,246.07000732421875,-0.01121109571361456,-0.03766128173232908,-0.05814132233644609,0.010305509076962593,0.11754529006607291,0.10218486969195796,-0.07118856253713468,-0.11380472679777409,-0.01652444998139202,-0.038653840918905225,-0.019606056861194432,1250
2026-10-01,FR0010751008,0P0000KM3H.F,EUR,1502.56005859375,1502.56005859375,0.005655589832765262,-0.015011801640258393,-0.032684554407157784,-0.022311818028376007,0.05389510713949546,0.0388073099677356,-0.04044211343777804,-0.0431709631640359,-0.0028754136331736735,-0.015920004138246013,-0.022484933860905443,1250
2026-10-01,FR0010752543,0P0000KTWR.F,EUR,416.3800048828125,416.3800048828125,-0.0022285415667537833,-0.015789705276628263,-0.02594333241214941,-0.009043714263427427,0.03448538036424346,0.02639293851052051,-0.026738701296327827,-0.027921170966893616,-0.007817024016394947,-0.015969273388602767,-0.015454825489684576,1251
2026-10-01,FR0010784348,0P00001NRR.F,EUR,1117.02001953125,1117.02001953125,-0.03361102524510007,-0.062422879328171144,-0.07791747796802273,-0.044792204369123345,0.12472194469079641,0.12192322632476349,-0.11579199211823721,-0.11998356423860601,-0.044983287963150986,-0.07483374988469338,-0.04981260013191069,1250
2026-10-02,FR0010836163,69X3.MU,EUR,3002.56689453125,3002.56689453125,-0.01039293434958144,,,,0.05539462448902532,,-0.01039293434958144,-0.01039293434958144,,,,11
2026-10-02,FR0010858498,0PP0.MU,EUR,548.27001953125,548.27001953125,0.0,,,,0.03854799592898624,,0.0,0.0,,,,11
2026-10-02,FR0010859769,EHQ8.MU,EUR,513.8499755859375,513.8499755859375,0.005715035233817556,,,,0.08802406805949137,,-0.0064036680561671,-0.0064036680561671,,,,11
2026-10-01,FR0010896944,0P0000P2U7.F,EUR,141.4499969482422,141.4499969482422,-0.02983543218425999,-0.043675252206907156,-0.037755122801073515,0.03157819417477459,0.128246296500964,0.10878000547731811,-0.061442567534388925,-0.09251694310225123,-0.035859626336422035,-0.04494338462212655,0.013616985242724589,1251
2026-10-02,FR0010908533,EDEN.PA,EUR,27.100000381469727,27.100000381469727,-0.013109931354895465,-0.11001643013247464,0.149766683595701,0.45058890527856454,0.2808279726089487,0.29102441814092084,-0.1208647379975889,-0.41323413035555057,-0.037949503999468504,-0.05502474410072822,0.25149908354845096,1291
2026-10-02,FR0010909531,ROY2.MU,EUR,294.95001220703125,294.95001220703125,0.0,,,,0.027019152006051417,,0.0,0.0,,,,11
2026-10-01,FR0011034131,0P0000VH9P.F,EUR,488.1499938964844,488.1499938964844,-0.011862139943117356,-0.02568758811903671,-0.013280254099303668,0.038086942910114274,0.10320604179893579,0.09783969665680681,-0.04443576771227731,-0.08317117171309074,-0.012831280995673766,-0.023672673373357545,0.021335256312160267,1251
2026-10-01,FR0011069137,0P0000TV0S.F,EUR,296.1199951171875,296.1199951171875,-0.007308054860847846,-0.002089354780586916,0.014874207814269624,0.13230348561121574,0.1127329506392729,0.11646834381389101,-0.03883555398547767,-0.10720976035915342,-0.00439939429951175,-0.0020463374484734898,0.04212525245419951,1214
2026-10-01,FR0011153014,0P0000UUVR.F,EUR,263.0799865722656,263.0799865722656,-0.01740495940867892,-0.029260997408241174,-0.01941936638234476,0.0332665093343143,0.08848041553024817,0.07895534689879723,-0.04719133486862548,-0.07922510462060839,-0.024346875076447394,-0.0316813078234115,0.015887772727603888,1248
2026-10-01,FR0011169341,0P0000V0BE.F,EUR,602.52001953125,602.52001953125,-0.0037862767424274857,-0.016390195356142834,-0.03273338763601763,0.0352755711289936,0.13126557301552208,0.12188706963180927,-0.05687711868348344,-0.1248088989990811,-0.009929918434381624,-0.023905945571848886,0.009655625441455484,1250
2026-09-30,FR0011170182,0P0000VOSS.F,EUR,1256.22998046875,1256.22998046875,-0.039895195844927955,-0.05412915618523928,0.004076295481711512,-0.12347891203765615,0.2740761587444886,0.28251315250239223,-0.11457842692700382,-0.3734400146634508,-0.052130455075034554,-0.046452648643302896,-0.12852313334384602,1192
2026-10-01,FR0011198332,0P0000VG0E.F,EUR,118.61000061035156,118.61000061035156,0.0017736408932964576,0.0002529834612385873,0.002620435761596207,0.009275051041702564,0.0070380638863998994,0.004310503819586589,-0.001938765344887683,-0.001938765344887683,0.0010592176193995329,0.0008590193968383009,0.007337406676399372,1249
2026-10-01,FR0011261197,0P00017SX2.F,EUR,3357.389892578125,3357.389892578125,-0.0121459365710046,-0.027142432883012213,-0.0026320408234311587,-0.0010830420100446103,0.10375456799634386,0.10461151440240365,-0.04791632439583271,-0.09957122066905022,-0.011934613632882285,-0.02088978874980485,-0.026338942586025316,1248
2026-10-01,FR0011271550,0P0000WJFT.F,EUR,305.3599853515625,305.3599853515625,-0.014395526006133474,-0.05399802575033452,-0.04026158197048757,0.015294505374973788,0.1023847905521983,0.10100371733436835,-0.08054560591330362,-0.1080676260275274,-0.024902764342479067,-0.05057372154760387,-0.024192629860821824,1252
2026-10-01,FR0011288513,0P0000XP79.F,EUR,134.07000732421875,134.07000732421875,-0.0014895132336211203,-0.01440852365409584,-0.02402262437407532,-0.01121018552050157,0.03079713867855137,0.022940545175952582,-0.02562414747608488,-0.029187461979047202,-0.0059647520383852015,-0.014138932094991286,-0.01595155481824717,1250
2026-10-01,FR0011350685,0P0000XRPO.F,EUR,1318.1600341796875,1318.1600341796875,-0.0005913136770511196,-0.008924606855277295,-0.013973199573789397,-0.003861634644584999,0.01944688669052022,0.014169496388568025,-0.0160377771120076,-0.01867545607765031,-0.003646660307679239,-0.008610932240333269,-0.007623635092001146,1248
2026-10-01,FR0011363746,0P0000YA5J.F,EUR,200.2700042724609,200.2700042724609,-0.0010474434335259186,-0.010328109960401788,-0.019101699228391333,-0.002738786135336957,0.03587978961435203,0.02969460287880616,-0.020540895599197362,-0.031872118869212596,-0.0044243130645372775,-0.0112974613313086,-0.008355452252104989,1239
2026-10-01,FR0011400712,0P0000Y520.F,EUR,933.8400268554688,933.8400268554688,-0.004466810561008394,0.008488354556801303,-9.633036846234955e-05,0.13587877988783492,0.12127251214819844,0.13371876946976888,-0.07302708876997388,-0.12448297538646003,0.011336738315667505,0.001834752038975207,0.036375150323585626,1195
2026-10-02,FR0011550193,ETZ.PA,EUR,20.84000015258789,20.84000015258789,-0.010915972736953883,-0.02753150462836873,-0.01255623764019076,0.03836574337179699,0.11157437150076989,0.08798807789280409,-0.04919538826778014,-0.09410045263958577,-0.010234854171532692,-0.023182990938151238,0.021868932098729532,1291
2026-10-01,FR0011586544,0P000115CR.F,EUR,3333.550048828125,3333.550048828125,0.006017588297907439,0.0075439870985689605,0.03227613809172625,0.16384744656650962,0.11502818552462823,0.10793399734110858,-0.03778567595914151,-0.11714410061051672,0.011007811719302651,0.011310689270908503,0.08009578109677373,1253
2026-10-01,FR0011631050,0P00011S1H.F,EUR,218.9900054931641,218.9900054931641,-0.013602941707108185,-0.032216693147692266,-0.038800843904859494,-0.01253550401650072,0.12797338276290138,0.11101406223266967,-0.06622035858934383,-0.1151385532086443,-0.022154322257791903,-0.03858815591072973,-0.034179029006156436,1250
2026-10-01,FR0011694256,0P00014KUO.F,EUR,151.69000244140625,151.69000244140625,-0.03419072456806915,-0.07832056900133177,-0.13131367149788853,-0.10194778785956526,0.1328441951048584,0.12137907312929197,-0.14843093087433812,-0.17317128044157837,-0.04999293813044925,-0.09493486136011697,-0.10030321618158333,1250
2026-10-02,FR0011726835,GTT.PA,EUR,210.0,210.0,-0.0402193918145245,-0.028677137075660775,0.116427395990792,0.08485144871672379,0.22339710956806602,0.2262075166590544,-0.077533066535311,-0.15003473389952182,-0.04004388303859163,0.004467488442368328,0.09181903775838518,1291
2026-10-02,FR0011950732,ELIOR.PA,EUR,1.7899999618530271,1.7899999618530271,-0.01810202589097676,-0.13191080000300637,-0.11122144185711769,-0.297488267850725,0.29195746517575355,0.22358325891310396,-0.17750928358982165,-0.40763051183395593,-0.0534859961516736,-0.11302712649698587,-0.2367094045325966,1291
2026-10-02,FR0012333284,ABVX.PA,EUR,83.5,83.5,0.01953600054104432,-0.14446719973934985,-0.32058585058343136,-0.1908914489418282,0.4559254686105903,0.3624357252498513,-0.337266103035065,-0.4844771430760161,-0.08128180442855182,-0.1571956323269581,-0.18037212142545933,1291
2026-10-01,FR0012355139,0P0001572S.F,EUR,127.5999984741211,127.5999984741211,0.001412653490522775,-0.016570339313132232,-0.04031293598894703,0.002356601847380402,0.08103838616658657,0.06600056519616551,-0.04443611776022083,-0.05565120950851987,-0.00747120801244483,-0.020963371175931167,-0.025030966350870987,1248
2026-10-02,FR0012435121,ELIS.PA,EUR,21.299999237060547,21.299999237060547,-0.040540607880580004,-0.09052095782780523,-0.1718507073986959,-0.18082484736928084,0.3521424462432687,0.26877319725348686,-0.1949347669920357,-0.2560284051549274,-0.044414572347173276,-0.09985296549653166,-0.14503703416039326,1291
2026-10-02,FR0012757854,SPIE.PA,EUR,41.29999923706055,41.29999923706055,-0.04970087190323558,-0.05009941603280266,-0.1342979407870838,-0.1117352097149894,0.2681531680844674,0.23090654717926873,-0.1523797411535872,-0.21585082940225453,-0.04656745055114431,-0.07608502890515578,-0.1182353368660437,1291
2026-10-02,FR0013176526,FR.PA,EUR,14.095000267028809,14.095000267028809,-0.051161177962117055,-0.02926998466502262,0.13715205699733013,0.32988410771071464,0.3768288873166288,0.3552457895865632,-0.10293644910028732,-0.2740685965690174,-0.03650281204521766,-0.028252695070160705,0.12176224473003816,1291
2026-10-01,FR0013202132,0P0001AC1I.F,EUR,115.18000030517578,115.18000030517578,-0.002943181680840512,-0.014544806538250188,-0.021991987872261753,0.0005211740545716381,0.03956001052876387,0.02668000768159,-0.023180740471726802,-0.027311290746644623,-0.005688930441697937,-0.01265089145640963,-0.013353310013243469,1242
2026-10-02,FR0013227113,SOI.PA,EUR,170.6999969482422,170.6999969482422,0.19328901297877055,0.33047539273541315,0.7418367035534916,0.9969582387059661,0.9884471361675216,0.9794287811237806,-0.19213484289047866,-0.5504682471501512,0.17388162377555116,0.34274537246221914,0.8385857085798967,1291
2026-10-01,FR0013254331,0P0001BGYT.F,EUR,417.3200073242188,417.3200073242188,-0.007184633962941223,-0.0037955559045876885,0.01644055795500332,0.11687411786719504,0.10995062384291421,0.11341217453415575,-0.036921992311737206,-0.11598420067942472,-0.0033649294111419703,-0.004246223245107483,0.03480607093666421,1212
2026-10-02,FR0013269123,RUI.PA,EUR,34.7599983215332,34.7599983215332,0.005205219229250213,0.029011236756969705,0.10841829225154243,0.08221052957872876,0.252343746366945,0.19355812114282475,-0.044751350766358944,-0.11528145624745234,-0.009855922158530928,0.01570895636326508,0.05838628499817422,1291
2026-10-02,FR0013280286,BIM.PA,EUR,76.75,76.75,-0.012226473430558826,0.03367003367003374,0.09957015249825507,-0.1459508296134815,0.23773628019874715,0.26823400782060713,-0.07805201750923207,-0.4118945926191766,0.03419235304025592,0.03960664393545388,-0.06769749368522449,1291
2026-10-02,FR0013326246,URW.PA,EUR,87.5199966430664,87.5199966430664,-0.045791588767322144,-0.09903235337684357,-0.14614637421398624,-0.1206894014269283,0.1635054389092271,0.13725013093618632,-0.17356000583551412,-0.17356000583551412,-0.053950370149466464,-0.1110298870625187,-0.09289361603328916,887
2026-10-01,FR0013333838,0P0001DXTL.F,EUR,117.93000030517578,117.93000030517578,-0.0010165416643775904,-0.006486913756216572,-0.005061996796594026,0.020420529692683376,0.01994766415721723,0.02797283954700602,-0.014128092314013574,-0.033081040146226814,-0.002659740321011128,-0.006353001534973757,0.008841156504239667,1249
2026-10-01,FR0013334380,0P0001DXU9.F,EUR,101.73999786376952,101.73999786376952,-0.010696212692452467,-0.030863072866820218,-0.05560201714018187,0.04199097193517343,0.18174254136139711,0.15914845830578705,-0.07188473531632189,-0.1084672057823034,-0.021589667872317975,-0.03862510287227927,-0.000553084880317245,1249
2026-10-01,FR0013342755,0P0001E0HL.F,EUR,184.5399932861328,184.5399932861328,-0.0018390933995009462,-0.010668554689257537,-0.05620623721053131,0.0036438689657782852,0.17316003651591577,0.14863296883651553,-0.07626430686469654,-0.11584945799770097,-0.006650543030521261,-0.02462387213425321,-0.008482792797727456,1250
2026-10-01,FR0013351285,0P0001EPLY.F,EUR,158.07000732421875,158.07000732421875,-0.02250942575303405,-0.037039212904873886,-0.05085857033368413,0.00025317057034057733,0.06793251897320407,0.06501260320090878,-0.06267784691464184,-0.09545535463958221,-0.024229100419480343,-0.04248045448636073,-0.032276978561536884,1246
2026-09-30,FR0013433067,0P0001ILL4.F,EUR,95.12999725341795,95.12999725341795,-0.03909093683416209,-0.05465567077527855,-0.06358892919915626,-0.025606883850572637,0.1728127718747212,0.2246771464157189,-0.11316681697844033,-0.20466606893546202,-0.015074677558829519,-0.04941296774001547,-0.0839968360007769,1177
2026-10-02,FR0013451333,FDJU.PA,EUR,20.59000015258789,20.59000015258789,-0.026016993989596227,-0.07626741557265804,-0.10594878251447515,-0.14801738708779222,0.1350558312958594,0.14589806820667403,-0.11900687559972067,-0.20586134726568295,-0.049224228265065006,-0.06594204032043749,-0.07874913826159702,1291
2026-10-02,FR0014000MR3,ERF.PA,EUR,74.86000061035156,74.86000061035156,-0.03231644235102904,0.02942793390711862,0.08555686781044902,0.0939661030554968,0.28396339825422023,0.2500800679058335,-0.07004213550513194,-0.20375860905809895,0.00040091790292784424,0.03454948328291274,0.12170017648368203,1291
2026-10-02,FR0014003TT8,DSY.PA,EUR,20.6299991607666,20.6299991607666,-0.02088279736262655,-0.018553819624348544,0.13134074418705866,0.12346424311645698,0.24842907218750082,0.35553875770377485,-0.1264616741878486,-0.47274530078621,-0.005399694697314161,-0.03421223155809816,0.0369591189638514,1291
2026-10-02,FR0014004L86,AM.PA,EUR,282.0,282.0,-0.03622695106768237,0.01658257463852797,-0.017421602787456414,-0.12071087806961256,0.18292090077861473,0.23055943412320937,-0.14044944087776323,-0.20795749519430162,-0.013744613336021727,-0.044909569251029846,-0.07053077222820181,1291
2026-10-01,FR00140081Y1,0P0001P1UF.F,EUR,127.77999877929688,127.77999877929688,0.0007831960673720939,-0.0028872035490409287,-0.004518555845253847,0.004322843730659276,0.011746301694706035,0.012536084501424401,-0.0075439509013045525,-0.012880632916910884,-0.0006999446420735689,-0.0027409461200695873,0.00029746916348338814,1094
2026-09-30,FR0014008NN3,0P0001P5RF.F,EUR,1119.4599609375,1119.4599609375,-0.031952397635842456,-0.03181841216216219,0.02942637076257304,-0.015296666246110924,0.22372357453520342,0.19621482233186616,-0.070756199625855,-0.21793387774801054,-0.03315589685050446,-0.02625155645940891,-0.04592380371964877,1020
2026-10-02,FR001400AJ45,ML.PA,EUR,33.02000045776367,33.02000045776367,-0.02307688748234149,-0.06086460178997832,-0.053054159185232264,0.11038590486401523,0.17807767489410428,0.16978850046606525,-0.06113158439342947,-0.17488391923233015,-0.017115630814837024,-0.034824635540941506,0.04457346305181775,1291
2026-09-30,FR001400C7W0,0P0001Q63A.F,EUR,120.20899963378906,120.20899963378906,-0.0021416921540298173,-0.004488574168000081,-0.003646962957323363,0.010193598222842715,0.008908166810748519,0.006573026746098163,-0.00527253258887761,-0.010383330479376118,-0.0021863982904289925,-0.0031943515784391696,0.0024535286656603983,948
2026-10-02,FR001400J770,AF.PA,EUR,11.345000267028809,11.345000267028809,-0.030756058011426668,-0.031996586301705654,-0.1489122031536645,0.1571807814973949,0.3179953551287608,0.3484939311175297,-0.15716431200446324,-0.3487062871159111,-0.019277304324816558,-0.041815507469705304,0.005803005372788661,1291
2026-10-01,FR001400KAV4,0P0001RSZC.F,EUR,118.62999725341795,118.62999725341795,-0.0009263989584854526,-0.012075321081996604,-0.018857053507855714,-0.004531349532806206,0.025927556782190754,0.01944799341927913,-0.020097595166455928,-0.023963510996798165,-0.005165817176269072,-0.011616014764519345,-0.010066255656104417,728
2026-10-01,FR001400L7X7,0P0001S005.F,EUR,1085.0,1085.0,0.0006547703215220579,-0.0046601682990973226,-0.006191845923241179,0.006073577008379072,0.013589561584207198,0.01013797668805321,-0.00821875904603675,-0.011346908589593308,-0.0012105223020746347,-0.004000341048126188,-0.0011930947114131563,689
2026-10-01,FR001400MCQ6,0P0001SCG2.F,EUR,111.06999969482422,111.06999969482422,-0.0033201968635684365,-0.013237365814564028,-0.01647038524152311,-0.001887123353489173,0.023324014561284696,0.016628469185752715,-0.017166643701746365,-0.023477096143128984,-0.006156169986906379,-0.011612912651882357,-0.00827258584679813,624
2026-10-01,FR001400TS43,0P0001UK5Q.F,EUR,241.8600006103516,241.8600006103516,-0.037641279795377125,0.0039017202745748047,-0.15329947215753026,-0.18417321870900727,0.2763051165193074,0.3993579401001725,-0.19733938848819021,-0.4031498049663377,-0.011147379041656191,-0.0465497798996537,-0.15128890745530976,417
2026-10-01,FR001400U4T1,0P0001UJXE.F,EUR,100.37000274658205,100.37000274658205,-0.0031780682000718263,-0.017713814378429338,-0.02647910541166787,-0.00911931002505717,0.03201352899209052,0.023743290003940397,-0.026867087139304968,-0.02752734698356818,-0.008632589325072826,-0.017067377364738956,-0.01524496793044905,425
2026-10-01,FR001400Y4C3,0P0001VF8D.F,EUR,102.4990005493164,102.4990005493164,0.001191690020790226,-0.009566213597100082,-0.015190250325942456,0.004449040996790776,0.02781973310453647,0.019831976064869992,-0.018998010653424435,-0.018998010653424435,-0.0024923270940815367,-0.008185014726642126,-0.006960831262238121,330
2026-10-01,FR0014010443,0P0001X7LU.F,EUR,120.13999938964844,120.13999938964844,-0.008582281836179595,-0.012980626151899433,-0.017340117041874326,0.020730692478090784,0.13111415437609283,0.11184891261780844,-0.06508550861145868,-0.07909845364679069,-0.009056569212464893,-0.022837340298293207,0.023367336143286677,263
2026-10-02,FR00140182K6,WLN.PA,EUR,10.472000122070312,10.472000122070312,-0.1123919457445175,-0.2801759774243767,0.024256665249773768,-0.09879516134208077,0.4083073022991234,0.7292942650079334,-0.2821497183660163,-0.7017656489674762,-0.16561091969975228,-0.16534224865063152,-0.1783582162538374,1291
2026-10-02,IE0000MMQ5M5,XZME.DE,EUR,11.465999603271484,11.465999603271484,0.0,-0.0008714037145431952,0.0346507699143197,0.10483708967791383,0.11274247910372247,0.13365095784370068,-0.034831229676225206,-0.12315044752045123,0.007406596567047341,0.008897555647412903,0.06608892616830464,1143
2026-10-02,IE0002EI5AG0,XDEE.DE,EUR,11.894000053405762,11.894000053405762,-0.004019455210968914,-0.04080641779765504,-0.020586297669678233,0.043699556770736114,0.08451763775566264,0.09187045780510918,-0.06861037817093696,-0.07195734552495425,-0.011830782075884505,-0.031360652081263485,0.01634926568743289,1253
2026-10-02,IE0003UN5CT1,JSEE.L,EUR,31.395000457763672,31.395000457763672,-0.008056845618958808,-0.024318271459427,-0.022647704394908708,0.03298512911324125,0.1207138563874118,0.09813292463954781,-0.049569186207256144,-0.10927735477485356,-0.0066562841466161204,-0.021070583018239164,0.02184169804276248,457
2026-10-02,IE00069JGT58,JSEU.L,USD,38.15914878476488,38.15914878476488,0.009479295296884294,0.03372518633348287,0.04603223781128052,0.1770910521094251,0.13042459233589332,0.13057444954777547,-0.033805521724557974,-0.09540032619128536,0.02477620612184328,0.030424091968686895,0.10774939054993937,797
2026-10-02,IE0006YM7D84,XZHY.L,USD,33.790933812254856,33.790933812254856,0.0048062829467439006,0.007452268312262866,-0.009148218567476163,0.02946089990583567,0.07710629262313978,0.06564956614944473,-0.024689854285575796,-0.03299643726822499,0.006007758238101291,0.0037385239149150262,0.017649445650400608,1074
2026-10-02,IE000ANHU3J3,JSEM.SW,USD,37.33080995908271,37.33080995908271,0.010780151577906683,0.035283429522873666,0.024773796665471526,0.1945108120508443,0.2480232986959875,0.2348882556399366,-0.08255381152159003,-0.13277301158653176,0.025747465447395035,0.047662320127213276,0.1304915813129055,395
2026-10-02,IE000I8KRLL9,SEMI.AS,USD,19.69805240463221,19.69805240463221,0.051433490726341624,0.16200852965011459,0.03404876497600373,0.5309826887862221,0.3882127186466738,0.446013958010186,-0.19984215509692194,-0.28230899511903307,0.09843889166183661,0.14015105706260855,0.32461380638077086,1291
2026-10-02,IE000R85HL30,WEBD.DE,EUR,127.87999725341795,127.87999725341795,0.025336722272179424,-0.09708400166173525,-0.07454042530260296,0.013055286818195233,0.5281269122869808,0.3217927560720829,-0.18689110265098707,-0.18689110265098707,0.031074108868143213,-0.05048866055647938,-0.020921356995371676,1283
2026-10-02,IE000RDRMSD1,BLKC.AS,USD,15.525708428284608,15.525708428284608,-0.03591503743129476,-0.0022228389319910447,0.01656011374008859,0.10051395349357795,0.42909768559430506,0.48831067664165695,-0.12479567170263195,-0.4311174525246234,-0.011205834834954409,0.033979562710483524,0.05348778816564925,1027
2026-10-02,IE000U58J0M1,INRA.AS,USD,22.47132655049431,22.47132655049431,0.01203560316264407,0.0007146969565370309,-0.09437573797856513,-0.07272178497840842,0.2937504877557584,0.2567439032136177,-0.12348955520336957,-0.26848004196481356,-0.0008594290857152354,-0.006654124550577456,-0.06329257308185754,1178
2026-10-02,IE000UX5WPU4,XYPL.DE,EUR,9.817399978637695,9.817399978637695,0.0072020648332595805,-0.01538496559874536,-0.02484232758482685,-0.016982124647242247,0.045076223813969016,0.03607800301373678,-0.03239188740138765,-0.04029930153085548,-0.0025177432792530263,-0.013125297698176164,-0.01850110762519319,1097
2026-10-02,IE000VA628D5,SP20.AS,USD,6.182568216666808,6.182568216666808,0.011145710760769978,0.06413319005278195,0.07722971588125671,0.17569977390060387,0.15136238102308694,0.16909385082029668,-0.044330093330838816,-0.1284309111272145,0.03548619049816515,0.05806288397696835,0.1299363080522482,478
2026-10-02,IE0030351732,WYZ1.F,EUR,52.75,52.75,-0.016115164670782223,,,,0.14884264412842746,,-0.03674082391942335,-0.03674082391942335,,,,11
2026-10-02,IE00B3ZW0K18,IUSE.L,EUR,158.3699951171875,158.3699951171875,-6.320094277312283e-05,0.0012011787217343084,0.024253008138810594,0.10694056762223125,0.11118232647091794,0.11339821171446521,-0.026802918883324978,-0.08666481270306314,0.006456742486228961,0.007299817419740728,0.06286500697437658,1272
2026-10-02,IE00B4L5Y983,IWDA.L,USD,130.11818405157442,130.11818405157442,0.007461782888321222,0.021713158864187898,0.034104937280022396,0.13676977687165848,0.13206233369093637,0.12142022419870067,-0.0314395943389254,-0.06426178066922439,0.018574020062368746,0.02204038264678254,0.08957551521115237,1272
2026-10-02,IE00B6R51Z18,IOGP.L,USD,30.29547198902095,30.29547198902095,-0.0031718269028694346,-0.02629842521862147,0.09383977471281146,0.056737223979736795,0.22713129218908099,0.24731017182635306,-0.08562153816997653,-0.1893189566400566,-0.021234332356086738,-0.006119080170491897,0.0714867165158588,1272
2026-10-02,IE00B6R52143,ISAG.L,USD,49.02527722948417,49.02527722948417,-0.006147942045891752,-0.05239150075138388,0.012876688204268794,-0.03111399970480433,0.11917146439877568,0.14952330098891273,-0.07721369534247513,-0.0928890168616453,-0.02732199486973841,-0.014918755185003407,0.006620660998964967,1272
2026-10-02,IE00BDQYWQ65,TIP5.L,USD,4.314029209694772,4.314029209694772,0.01187777743398355,0.02429569840357182,0.0071544688008760016,0.037182061994571525,0.04067772869570718,0.04572361562787274,-0.023758590358265108,-0.0393317021918399,0.016032240755243787,0.017358821243427913,0.02651244722999424,1272
2026-10-02,IE00BF4G6Z54,JREM.L,USD,46.085006311259455,46.085006311259455,0.002448814518094977,0.011878569173477516,0.01908904711158499,0.15115770087301916,0.21519213654758249,0.221623127823878,-0.08317521735587285,-0.13277031521209293,0.014799818194670689,0.03381910741014105,0.10839368192268917,1271
2026-10-02,IE00BFMNHK08,XZEU.DE,EUR,36.625,36.625,-0.004078899242828005,-0.022159973047084947,-0.00866151569813245,0.07609813909797403,0.11774383364961699,0.09261439337831605,-0.04838921969104015,-0.10329516595899846,-0.001676365342842323,-0.016361303775419334,0.0419504149761587,1282
2026-10-02,IE00BG0J4B71,EH1Y.DE,EUR,4.714399814605713,4.714399814605713,-0.006218514035883582,-0.021502704155688446,-0.025574448377679415,-0.006459292399124128,0.04291739424078718,0.03428518150624412,-0.028129774050570933,-0.03306860401077327,-0.009990637089983934,-0.017695432261151667,-0.012576811924872922,1145
2026-10-02,IE00BG0J4C88,LOCK.L,USD,11.842815753581322,11.842815753581322,0.03020110243299512,0.10523249379706168,0.11131419523130526,0.39376436167010787,0.24073118722474338,0.2442163678270425,-0.06918210405872405,-0.12423833383261185,0.05591007733857567,0.08317218432644813,0.2394372380794545,1272
2026-10-02,IE00BG370F43,XZEM.L,USD,60.67977262522979,60.67977262522979,0.0068082468109518235,0.022317338585809976,0.006223958804947971,0.052903440069262064,0.19390447366100202,0.20844490534025595,-0.08180541545851416,-0.13248037332383544,0.018201815239127228,0.036187176440495294,0.04963978568586369,1272
2026-10-02,IE00BHZPJ015,EDM4.DE,EUR,10.3100004196167,10.3100004196167,-0.007890663701148326,-0.015845686826676864,-0.007699703663385127,0.057978505971547634,0.13144910223703457,0.11067342512443996,-0.053667599266246535,-0.10782747063876086,-0.005191105725869671,-0.017290320462837627,0.03304961063157896,1285
2026-10-02,IE00BHZPJ239,EDM2.SW,USD,8.551664224053946,8.551664224053946,0.009266122564441481,0.03165711640315738,0.03323095124063635,0.15297668411352228,0.2170952983566045,0.2204176755782244,-0.07918007696076579,-0.1345260918002107,0.024483300338727698,0.04382471515982567,0.11448372712266153,1267
2026-10-02,IE00BJ5JPH63,3SUD.DE,EUR,5.04580020904541,5.04580020904541,-0.013490218116549157,-0.0399557765678773,-0.049361244990797526,-0.04105051711885166,0.06476906441089055,0.054497042900287604,-0.05373217756152204,-0.05996626709503183,-0.022728332803383378,-0.03407329211762711,-0.039280583824292226,1285
2026-10-02,IE00BJZ2DC62,XRMU.L,USD,59.97801479122015,59.97801479122015,0.010643808221687534,0.0373215239870921,0.0439185162719542,0.17684701907800093,0.13206353529511225,0.13474337538856004,-0.033469853884432466,-0.08608559168927943,0.026903029679257395,0.03453667038998409,0.10955030974527524,1272
2026-10-02,IE00BJZ2DD79,XRSU.L,USD,373.3835839482223,373.3835839482223,0.010840114715641391,-0.014185845758416082,-0.03722515577607688,0.09725800668357709,0.1655147052145164,0.14541466685152088,-0.07449764261992065,-0.09191930547627514,0.0065949116797270335,-0.01405970911316734,0.051495473243956535,1272
2026-10-02,IE00BKBF6H24,IWLE.DE,EUR,10.85099983215332,10.85099983215332,-0.0015183319585093669,-0.005316762532393771,0.014729684957595746,0.08009062127173538,0.11024882027385885,0.10054919050194684,-0.029517160170236978,-0.07851649475827649,0.0033333297913920035,0.0011615926164052492,0.05510544661340733,1285
2026-10-02,IE00BL25JL35,XDEQ.SW,USD,81.09291021068594,81.09291021068594,0.01274897491435345,0.026086759075627075,0.032941325815215805,0.1335919339180085,0.09172354638429299,0.10126153730177688,-0.039215467351097044,-0.0645891391851322,0.02547906958499735,0.02509543118473445,0.08838346984203294,1267
2026-10-02,IE00BL25JM42,XDEV.SW,USD,74.50172564235066,74.50172564235066,-0.005820374418691876,0.005372412706582175,0.0419675446401071,0.27534596493797325,0.15506168072502732,0.140831278144995,-0.03157630572934933,-0.05770898221228993,0.006023232734485795,0.02158076066157455,0.15781255588506138,1257
2026-10-02,IE00BL25JN58,XDEB.DE,EUR,45.09000015258789,45.09000015258789,0.006473234831831043,-0.0034257660063208295,0.024423509663668685,0.06507620474062303,0.06918069588961559,0.08737050386613779,-0.024500063829753338,-0.053087219156055854,0.005065447553049829,0.0015370702930468383,0.041114681663205754,1284
2026-10-02,IE00BL25JP72,XDEM.SW,USD,89.55840837660853,89.55840837660853,0.020337308564259526,0.06614783672671232,0.031695347700376075,0.19406409481632436,0.18140012531991334,0.21501890445604824,-0.08598625480094368,-0.12784451494966353,0.04029637796600771,0.05768290400024845,0.1370211253394784,1257
2026-10-02,IE00BM67HK77,XDWH.L,USD,53.82209872673517,53.82209872673517,-0.01494281870575287,-0.010184693471508077,0.013783621542841518,0.10256695599395615,0.14371414577473565,0.1560630829877925,-0.05875719335444407,-0.10318579402849182,0.0003001803132298697,-0.0018955079692791754,0.059006474700359135,1272
2026-10-02,IE00BM67HM91,XDW0.L,USD,67.01335614987758,67.01335614987758,0.005885925204376585,0.01254196217353254,0.1388625436043016,0.13152197424698286,0.16092877273528636,0.197909152177639,-0.05429453431446529,-0.15272657622424402,-4.2002744385483126e-05,0.025412810687435394,0.1305067286594337,1272
2026-10-02,IE00BM97MR69,XT0D.L,USD,56.7801360521166,56.7801360521166,0.011527033931792774,0.03537273502214888,0.02302265136327586,0.06297213526816203,0.03664099858046123,0.043191293772588644,-0.0240998227837117,-0.035956034609163745,0.019941828482550328,0.026723796682118994,0.04544687443034201,1272
2026-10-02,IE00BMDFDY08,UEEF.DE,EUR,5.650400161743164,5.650400161743164,-0.002823625958508824,-0.02525530833804468,-0.02171128872588679,-0.017184948825349267,0.06631470395585047,0.048173157069537134,-0.036452485144036206,-0.036452485144036206,-0.01160103118646072,-0.018858100683965318,-0.016823112505346738,1285
2026-10-02,IE00BMG6Z448,EXCH.AS,USD,8.543669679692993,8.543669679692993,0.010524404802183529,0.036391207695674055,0.04006858024536575,0.21181855638750102,0.2694992267660836,0.27530345148641977,-0.11316628814460838,-0.17728773058573388,0.026884067217549434,0.059260729578916704,0.15502025016796495,1291
2026-10-01,IE00BQ3D6V05,0P000166SB,USD,82.27093572677863,82.27093572677863,0.03446461324086325,0.05554290740821455,0.00020409407539645485,0.265517412652591,0.14166854948412436,0.2037543952485897,-0.10729351560408851,-0.12341477579416804,0.04457361501208035,0.05343406224103364,0.1256521073774468,1211
2026-10-02,IE00BYVQ9F29,NQSE.DE,EUR,17.851999282836914,17.851999282836914,0.009728448794810385,0.046056445493874776,0.03429890186006279,0.16163451635779813,0.16406587543123397,0.17962551301250715,-0.07844728120495814,-0.11870130610035734,0.031472239130097446,0.04532877041286443,0.1116902058588678,1285
2026-10-02,IE00BYZK4552,RBOT.L,USD,20.11555450132579,20.11555450132579,0.038626632564424224,0.09495599093173701,0.09802034769750878,0.3613406872417584,0.2445803386557773,0.25775556168101027,-0.07714870408643226,-0.1270730588029788,0.07569678615213205,0.08973674034096946,0.2308961369039142,1272
2026-10-02,IE00BZ02LR44,XZW0.L,USD,50.65086790406885,50.65086790406885,0.009091995955350596,0.021743679944114636,0.052171387433632255,0.16086265229563157,0.13882254117540424,0.1428032392790148,-0.03517718499463052,-0.10518426628150501,0.02150588508428375,0.027273797114217846,0.09722920919684341,1272
2026-10-02,IE00BZ036J45,XDGE.DE,EUR,9.583600044250488,9.583600044250488,-0.005024909196976957,-0.03001966865122785,-0.04207301844526001,-0.053550851449195025,0.05950841279176541,0.05273711428473641,-0.04705451703237762,-0.07225724865496508,-0.015396365323383288,-0.026401555420983436,-0.04531116589576656,1285
2026-10-02,IE00BZ163G84,VECP.AS,EUR,46.83000183105469,46.83000183105469,0.004289100543817259,-0.011007554355615179,-0.019795944325398662,-0.012606193742170091,0.035280641333078074,0.02718733871875645,-0.02544735439129464,-0.03007659148121422,-0.0012229770970387799,-0.00968351603543327,-0.013536170583086427,1290
2026-10-02,IT0000072618,ISP.MI,EUR,6.328000068664551,6.328000068664551,-0.06776665157759476,-0.060570069577449814,0.011024164575028195,0.13981712976860328,0.2265655711621414,0.18989219588250655,-0.08515248862539637,-0.18962136424504183,-0.05408939334782148,-0.059069826374626544,0.06768240052706287,1281
2026-10-02,IT0003128367,ENEL.MI,EUR,8.798999786376953,8.798999786376953,-0.012790342092271367,-0.029450716833624768,-0.10771763962698355,-0.06869866707634253,0.19574522141855266,0.1747114272721504,-0.1369971620497238,-0.1369971620497238,-0.006683100292464439,-0.05512675779284215,-0.056370054035466355,1281
2026-10-02,IT0003132476,ENI.MI,EUR,24.190000534057617,24.190000534057617,0.004151115850407505,0.06027365995739675,0.17879150171443747,0.057463613573726535,0.19212657466566188,0.27763737945881795,-0.07494912450458358,-0.18371762343297826,0.013839647146022926,0.030107705428189746,0.14510471585290663,1281
2026-10-02,IT0003242622,TRN.MI,EUR,9.154000282287598,9.154000282287598,-0.0021800201171850997,-0.030296537161931814,-0.10649093367090334,-0.07603356890374324,0.1747036121646754,0.1568913315802856,-0.13442623614171878,-0.13442623614171878,-0.008781691113802448,-0.04776763070111767,-0.047829464060913485,1281
2026-10-02,LU0029874905,TEP6.F,EUR,70.39399719238281,70.39399719238281,0.01385525401592047,,,,0.19263113719905983,,-0.02363170189880326,-0.02363170189880326,,,,11
2026-10-02,LU0048574536,FPGK.MU,EUR,60.61100006103516,60.61100006103516,-0.006311861953934739,,,,0.03934109616515358,,-0.015543800677113584,-0.015543800677113584,,,,11
2026-10-02,LU0050427557,FJRC.F,EUR,33.82400131225586,33.82400131225586,-0.002124103032389524,,,,0.16038361883831595,,-0.03541801664949307,-0.03541801664949307,,,,11
2026-10-02,LU0052474979,JPJX.F,EUR,173.0959930419922,173.0959930419922,0.009847779767381049,,,,0.190980881728361,,-0.025892593144885345,-0.025892593144885345,,,,11
2026-10-02,LU0053696224,JPJW.F,EUR,60.560001373291016,60.560001373291016,0.03585113311136179,,,,0.2214922922047144,,-0.026301934376576797,-0.026301934376576797,,,,11
2026-10-02,LU0055114457,FPGL.F,EUR,15.777000427246094,15.777000427246094,-0.025449303215076657,,,,0.13788366343907466,,-0.059549278576264686,-0.059549278576264686,,,,11
2026-10-02,LU0058908533,JPJV.F,EUR,93.36599731445312,93.36599731445312,0.007303933604704271,,,,0.16747883338309624,,-0.04001178913472303,-0.04001178913472303,,,,11
2026-10-02,LU0070212591,IH5Y.MU,EUR,2479.405029296875,2479.405029296875,-0.0007838750207849188,,,,0.0064241599504374315,,-0.0007842682730768713,-0.0007842682730768713,,,,11
2026-10-02,LU0073232471,MSJ6.F,EUR,214.24200439453125,214.24200439453125,-0.0011934689497822282,,,,0.25917725317700907,,-0.034247322862720475,-0.034247322862720475,,,,11
2026-10-02,LU0088087324,SESG.PA,EUR,4.164000034332275,4.164000034332275,-0.06803937001571492,-0.1277754738306902,-0.4595716968768744,-0.3529137418245768,0.4002242817771219,0.47904694426982464,-0.4595716968768744,-0.578755696720576,-0.09866227142770856,-0.1778062932057587,-0.3476852521337461,1291
2026-10-02,LU0090841262,0P00000DWT,USD,80.51551383817761,80.51551383817761,-0.023724477255378185,-0.0483931962345846,0.20385937990135927,-0.009648661893200683,0.2838757145372184,0.4129933003794702,-0.12249627186583179,-0.35059423030144754,-0.02905680311969039,0.008498109981237567,0.022721893853752784,1018
2026-10-02,LU0099161993,C5Q1.F,EUR,333.9020080566406,333.9020080566406,-0.010135764454800245,,,,0.1081741915800018,,-0.015857386028741538,-0.015857386028741538,,,,11
2026-10-02,LU0099574567,FJ2P.F,EUR,98.16000366210938,98.16000366210938,0.029157423787643078,,,,0.1892513573734692,,-0.014109108664772774,-0.014109108664772774,,,,11
2026-10-02,LU0107398884,JPJF.F,EUR,26.30299949645996,26.30299949645996,-0.027543656831824026,,,,0.12080305552297113,,-0.0423432652592407,-0.0423432652592407,,,,11
2026-10-02,LU0113257694,ZPJS.F,EUR,24.194000244140625,24.194000244140625,-0.0011971815681282028,,,,0.03492592761977881,,-0.009802326336384115,-0.009802326336384115,,,,11
2026-10-02,LU0114722498,FJRQ.F,EUR,75.5770034790039,75.5770034790039,-0.010098445251539245,,,,0.08067354405442317,,-0.026696690355944463,-0.026696690355944463,,,,11
2026-10-02,LU0119750205,IUGL.F,EUR,31.02400016784668,31.02400016784668,-0.015236146097433512,,,,0.0938454352254894,,-0.027825820480744223,-0.027825820480744223,,,,11
2026-10-01,LU0131510165,0P00001UFS.F,EUR,886.0900268554688,886.0900268554688,-0.024129926370629162,-0.055119538512845234,-0.05298872140846289,0.009777685717950346,0.10144078464289577,0.10042661227053555,-0.07592110323482704,-0.07983177414353115,-0.02928125679698579,-0.049857648211038774,-0.03221561530954897,1087
2026-10-01,LU0138007074,0P000026CA.F,EUR,9318.2197265625,9318.2197265625,-0.008152357232659946,-0.028546619007520535,-0.06264479393152134,0.03623161807027375,0.1695375645445148,0.17292006436263802,-0.09038874185237777,-0.18821294351051976,-0.00640370538041346,-0.02838033400919382,-0.03809524568471312,1086
2026-10-02,LU0141799501,0P000013Y8.F,EUR,40.09090042114258,40.09090042114258,-0.01672199342104197,-0.024834656152160517,-0.025926927945340017,0.005374130989396653,0.031562326829344074,0.022414623659378317,-0.027245683291759026,-0.02912220284095368,-0.015296809838380998,-0.020945516466462255,-0.014926248721289559,1079
2026-10-02,LU0147396450,0P00000SKL,USD,77.51306218920224,77.51306218920224,0.009147157914517923,0.016659031842212402,0.011490485836264108,0.09311582141894759,0.0938789648789265,0.08696165906821489,-0.02794189737695174,-0.05847591595879342,0.016117587544870027,0.01664195905402166,0.05368826293753415,1006
2026-10-02,LU0147409709,0P00000LM2,USD,64.36621908965377,64.36621908965377,0.014619977458322886,0.009005703899331197,0.05311344984255517,-0.01633439554603544,0.2567989390195523,0.22645785256033793,-0.08322682207633625,-0.1619830152579782,0.005362086337799443,0.028925425163648377,0.015039820902425394,1016
2026-10-02,LU0154236920,0P00000S3T,USD,81.30610031937515,81.30610031937515,0.01218861970205154,0.047310329924153294,0.026798642537078754,0.2115830115792463,0.1552001714161446,0.15814556218095308,-0.05760712843206328,-0.07975715410368611,0.02809853548218255,0.033514654155743395,0.10313934413278458,1016
2026-10-02,LU0173614495,FJRH.F,EUR,56.77799987792969,56.77799987792969,-0.0008271163111082114,,,,0.22253116292647437,,-0.028788400803904657,-0.028788400803904657,,,,11
2026-10-02,LU0202403266,FJ2E.HM,EUR,544.0490112304688,544.0490112304688,-0.0023051625567728218,,,,0.12882824819579258,,-0.01854672404959934,-0.01854672404959934,,,,11
2026-10-02,LU0227384020,XE67.F,EUR,17.617000579833984,17.617000579833984,-0.0014736195505887784,,,,0.06892852654954579,,-0.010616142300232778,-0.010616142300232778,,,,11
2026-10-02,LU0231205187,TESU.F,EUR,60.979000091552734,60.979000091552734,-0.01757692296818969,,,,0.11013158088993324,,-0.02958645580591801,-0.02958645580591801,,,,11
2026-10-02,LU0246036288,0P000026OM.F,EUR,300.9345092773437,300.9345092773437,0.004252865439378306,-0.0042024159827328544,-0.0022330058480694026,0.04361101092354858,0.1159183038734312,0.10036039010544064,-0.053226897145107865,-0.11572868599376362,0.005777844752421268,-0.009097641065780149,0.02640527803749748,1116
2026-10-02,LU0248178732,0P00002A0A.F,EUR,504.1643981933594,504.1643981933594,0.02317837194795369,0.017091213493396484,-0.0076882800610290625,0.1059474958650295,0.09982077253543999,0.1199477537225459,-0.07194186720603224,-0.07648822010872047,0.022172799326820147,0.0011743448779524268,0.06284894606734959,1083
2026-10-02,LU0260869739,FLX6.MU,EUR,36.55699920654297,36.55699920654297,0.012659300602172907,,,,0.09839904571135134,,0.0,0.0,,,,11
2026-10-02,LU0261952419,FJR3.F,EUR,39.59600067138672,39.59600067138672,-0.008761790457316732,,,,0.08865118818838516,,-0.015832799208103987,-0.015832799208103987,,,,11
2026-10-02,LU0261953904,IPGU.MU,EUR,31.825000762939453,31.825000762939453,0.0,0.005211652442279835,-0.002288543249808095,0.02943554327876652,0.01849953099018808,0.014125157635281705,-0.007461309937927263,-0.018100128537090643,0.0018179200160584053,0.0024095871690004156,,194
2026-10-02,LU0266009793,XRUG.MU,EUR,135.61900329589844,135.61900329589844,-0.005601814992980514,,,,0.031523162520628964,,-0.01143686185128212,-0.01143686185128212,,,,11
2026-10-01,LU0266012235,0P00006CAL.F,EUR,164.8800048828125,164.8800048828125,-0.01257630194309689,-0.03871268204436806,-0.06572977745667763,0.012278978020899167,0.08475856494842221,0.0989727395248661,-0.09704271976123413,-0.09704271976123413,-0.018159371571535465,-0.04749247146623803,-0.0224461189703673,1087
2026-10-02,LU0274211480,DBXD.DE,EUR,235.5,235.5,-0.00737618545837726,-0.03126287911436498,0.006625360427342519,0.042035398230088505,0.12813193431511596,0.11228658102262018,-0.06092396906058184,-0.12282175414505347,-0.009401223416184434,-0.023538731782805078,0.014230449421199998,1285
2026-10-02,LU0278272843,TGD0.MU,EUR,60.402000427246094,60.402000427246094,-0.010646624696997509,,,,0.05825540610555693,,-0.010646624696997509,-0.010646624696997509,,,,11
2026-10-02,LU0278937759,AEF5.F,EUR,34.516998291015625,34.516998291015625,0.010302864512095056,,,,0.15848260491204932,,-0.011048817574366931,-0.011048817574366931,,,,11
2026-10-02,LU0280435388,P3IA.F,EUR,227.73899841308597,227.73899841308597,0.027295093899630363,,,,0.1575951941704109,,-0.012331635359758786,-0.012331635359758786,,,,11
2026-10-02,LU0284394235,5L42.F,EUR,194.10400390625,194.10400390625,-0.006663060059996284,,,,0.08709641619036874,,-0.010224270041426897,-0.010224270041426897,,,,11
2026-10-02,LU0289089384,JP5D.F,EUR,38.323001861572266,38.323001861572266,-0.01851660979857217,,,,0.1112975414652018,,-0.023415142924872456,-0.023415142924872456,,,,11
2026-10-02,LU0290356871,DBXP.DE,EUR,173.74000549316406,173.74000549316406,0.0026547017376949977,-0.002296967370427949,-0.0031555901896549443,0.0010082853645387857,0.01648000818088879,0.013064672695960957,-0.007166403773139596,-0.01239343130496584,0.0015059762760183393,-0.001046990154399241,-0.000636144489638446,1285
2026-10-02,LU0290357259,0MUJ.IL,EUR,242.3500061035156,242.3500061035156,-0.004313836562441997,,,,0.0551287643387761,,-0.01818738487304261,-0.01818738487304261,,,,16
2026-10-02,LU0290357846,DBXG.DE,EUR,231.47000122070312,231.47000122070312,0.0002592695114485011,-0.03170885477635199,-0.06957953872308753,-0.06657792883009728,0.13451368024291835,0.10446458261832572,-0.0889541160519296,-0.134956736579534,-0.008865694208536778,-0.03321573771077213,-0.06830247669151013,1285
2026-10-02,LU0290357929,XGIN.DE,EUR,212.7700042724609,212.7700042724609,-0.002858752443494428,-0.02111702394645687,-0.024930123614998134,-0.026268776617426104,0.03578265896998789,0.035031783333340644,-0.028482466716863275,-0.04792673151720628,-0.009086199788748694,-0.01611613094498554,-0.025637392070284037,1285
2026-10-02,LU0290358497,XEON.DE,EUR,150.38600158691406,150.38600158691406,0.0004058183263617732,0.0018386581536224966,0.005213686380618698,0.009925570009124973,0.0012119827686123859,0.001315855197736733,-0.00011318309784169589,-0.00028315894672692465,0.0009324770920100534,0.002242600999735611,0.008308162746294645,1285
2026-10-02,LU0292096186,XGSD.DE,EUR,38.209999084472656,38.209999084472656,-0.011895503135608276,-0.032168198391314684,0.029962787129837798,0.08081381384168074,0.09029652519640938,0.08143885624880247,-0.033941240327379885,-0.03695373235385879,-0.016549579066667874,-0.01902012813887133,0.06163282669428738,1285
2026-10-02,LU0292097747,XASX.L,GBP,582.1329298896965,582.1329298896965,-0.008866044356390379,-0.039854830866836055,-0.004693244149778009,0.021251324262287596,0.14085735317582027,0.12223199807741295,-0.06465785014607517,-0.11277113453442278,-0.015308518996923759,-0.032146231891943544,0.010493165417356343,1272
2026-10-02,LU0292103222,DXSE.DE,EUR,217.6000061035156,217.6000061035156,-0.024871108871924785,-0.04978163273573977,-0.057396576346887995,-0.0266159555670622,0.16132493067079237,0.15908887412935618,-0.08951461788163362,-0.12667634179434772,-0.018648365139314005,-0.04235044276476496,-0.040919562027815104,1285
2026-10-02,LU0292105359,DXSK.DE,EUR,134.27999877929688,134.27999877929688,-0.01956781398360552,-0.036175770025571485,-0.06307569134064828,0.010231723059632936,0.1584666066656256,0.16713461977305927,-0.09250748906460371,-0.16959672496210454,-0.02052606760728548,-0.04123243925551878,-0.03574937697301017,1285
2026-10-01,LU0304955437,0P00009UZB.F,EUR,650.5,650.5,0.004121425126532685,0.003068557469289024,-0.044113352538736716,0.07345007423045091,0.1758657616053205,0.1717216476263228,-0.08999620876453229,-0.1709681485622948,0.014984469686953883,-0.002600448625185936,0.002345765283887191,1083
2026-10-02,LU0329355670,FHQV.F,EUR,419.3760070800781,419.3760070800781,-0.0031044820901234838,,,,0.1886655180737805,,-0.02135821290936435,-0.02135821290936435,,,,11
2026-10-02,LU0352312184,ALW3.F,EUR,259.7799987792969,259.7799987792969,0.003263371999422171,,,,0.08646278067333239,,-0.01610441567353138,-0.01610441567353138,,,,11
2026-10-02,LU0386882277,PBFH.MU,EUR,417.6969909667969,417.6969909667969,0.0,,,,0.04780818880639836,,0.0,0.0,,,,11
2026-10-02,LU0390135415,FT94.F,EUR,94.3030014038086,94.3030014038086,-0.0067199679334162266,,,,0.10779268699179338,,-0.015523535833662505,-0.015523535833662505,,,,11
2026-10-01,LU0392098371,0P0000JND6.F,EUR,151.17999267578125,151.17999267578125,0.004318035619181648,-0.015498859863581127,-0.027155736077532744,-0.017801491201660413,0.05798054730405367,0.03941835926287071,-0.03812145616632312,-0.03812145616632312,-0.003835002160116674,-0.017014707407475682,-0.02049875729388051,1120
2026-10-01,LU0413543058,0P0000JC7Q.F,EUR,63.81999969482422,63.81999969482422,0.029686998486245786,0.03603898174828335,0.028028315277837557,0.09168663520857301,0.22731763070119368,0.24352625074216386,-0.09311808051660309,-0.1483880728068636,0.013208864753768035,0.03193801217087344,0.07662110531762689,1150
2026-10-02,LU0478205379,D5BG.DE,EUR,160.3800048828125,160.3800048828125,0.0022184721129110407,-0.011555883908506925,-0.02111811238046246,-0.013440762315254706,0.03780497960826799,0.030833587264222185,-0.02545164954926782,-0.02992194790383662,-0.0017598687990743045,-0.010466639573304293,-0.014477253279185365,1285
2026-10-02,LU0496786574,LYPS.DE,EUR,70.76200103759766,70.76200103759766,0.01215811939229372,0.033897309390547026,0.03960860151271972,0.1520252878955588,0.08712268403866057,0.10352587568921044,-0.031373690344112415,-0.07117796160306766,0.024562178708164684,0.03155876241158406,0.10284556371763265,1285
2026-10-02,LU0514695690,LU0514695690-USD.LU,USD,15.669611921079609,15.669611921079609,0.012140553849201652,-0.01187013155352279,0.0003184508206477421,-0.03435797519612993,0.1816241554883178,0.15935769457469096,-0.05969434439344401,-0.20339320201876643,-0.002823505126440251,-0.010706064807613602,-0.04188826377883503,1315
2026-10-02,LU0533033667,TNOW.MI,EUR,1307.5,1307.5,0.032731418328036055,0.09283446695823083,0.10725327267015339,0.3300712704933402,0.16516726154851044,0.2045342365837066,-0.06477536674074169,-0.15633227391759896,0.06141643626496318,0.09077810063281366,0.22443488833543768,1281
2026-10-02,LU0568621618,LU0568621618-USD.LU,USD,116.8203315740874,116.8203315740874,0.011111230901351687,0.035541594523782916,0.02364677284564687,0.05401468669840348,0.037031293547576186,0.045069122758677686,-0.02485952922150525,-0.036101772405168986,0.01961206424804951,0.026899866226540503,0.045382076681877104,1081
2026-10-01,LU0571100824,0P0000ZJKU.F,EUR,186.82000732421875,186.82000732421875,0.004678732940333052,-0.0053771734919344505,-0.036761999155515146,0.04380384279712768,0.0728754489112038,0.0682352277659939,-0.049703529473223096,-0.05433553960763737,0.0012622054130797533,-0.00990724650033925,0.01595640628966355,1071
2026-10-01,LU0616241476,LU0616241476.LU,EUR,127.05999755859376,127.05999755859376,-0.0009435661762389191,-0.02050573263242328,-0.03427840324209519,-0.033028892994543146,0.052376265722968184,0.04049737449154022,-0.03937309221821428,-0.05959529091455673,-0.008548231249316474,-0.021697306470810807,-0.034866658155157215,1130
2026-10-02,LU0616856935,FP7X.F,EUR,198.66200256347656,198.66200256347656,0.022297278993556935,,,,0.2180656600751827,,-0.03851045224174454,-0.03851045224174454,,,,11
2026-10-01,LU0641745681,0P0000V07V.F,EUR,121.87000274658205,121.87000274658205,0.009191790251041665,0.009275385064861696,-0.018997026053125587,0.006358416863444516,0.05885424704925772,0.06056810342474984,-0.03847706898113523,-0.09149679928668508,0.00659529573216644,0.005474981129040879,-0.008802979630732954,1116
2026-10-02,LU0702159772,FJR9.MU,EUR,41.65399932861328,41.65399932861328,-0.00979419352791,,,,0.0357567022467821,,-0.00979419352791,-0.00979419352791,,,,11
2026-10-01,LU0740858229,0P0000VOBL.F,EUR,173.47000122070312,173.47000122070312,-0.008289486413335712,-0.019832718903664004,-0.017055726312929842,0.020591869005491814,0.051871617329250386,0.050056650609202696,-0.02888654493120857,-0.04437875007878134,-0.011493719173658379,-0.01589699448160875,0.005465820180211356,1019
2026-10-02,LU0772926084,O7Z0.MU,EUR,145.58599853515625,145.58599853515625,-0.009187714793494006,,,,0.03782872250331501,,-0.009187714793494006,-0.009187714793494006,,,,11
2026-10-02,LU0823410724,9XQ0.MU,EUR,615.7479858398438,615.7479858398438,-0.002838846883149504,-0.03146207496682063,-0.042971996129546386,0.09069204850309531,0.0511444961430413,0.05931088292335427,-0.0600171329242104,-0.07647265690006522,-0.009554718665248041,-0.03090150266162306,0.03379541393997232,202
2026-10-02,LU0823425839,ZSRD.F,EUR,177.63400268554688,177.63400268554688,-0.015168778098946234,,,,0.19573908622761796,,-0.037130542946548384,-0.037130542946548384,,,,11
2026-10-02,LU0839027447,XDJP.DE,EUR,40.59000015258789,40.59000015258789,0.06479541683924706,0.08674703643459925,0.05379612414609003,0.24732755506133342,0.23407329866866597,0.2558190602897741,-0.1113980434045646,-0.1601806331877259,0.07146392523297096,0.09040439805163092,0.18895880974632728,1283
2026-10-02,LU0840617350,AH8J.F,EUR,240.0059967041016,240.0059967041016,-0.004062509715419771,,,,0.12041203699455218,,-0.017007782055625476,-0.017007782055625476,,,,11
2026-10-01,LU0870553459,0P0000XTFE.F,EUR,270.3699951171875,270.3699951171875,-0.013140147050682227,-0.012094408240192367,-0.027655910626934843,0.016428553072133534,0.12549563137025715,0.11231621750627863,-0.05973221599170342,-0.09784224955302956,-0.004290431995436883,-0.015168252674576443,0.009078781452133367,1120
2026-10-02,LU0914729966,TC60.MU,EUR,350.6600036621094,350.6600036621094,0.0013421320352564603,,,,0.03967183194819938,,0.0,0.0,,,,11
2026-10-01,LU0914731947,0P000100RL.F,EUR,186.9900054931641,186.9900054931641,-0.0073786991911010125,-0.021558239255033196,-0.02746137547183214,0.05150988903892473,0.13286723773732786,0.12325709224872636,-0.054549129873747715,-0.11271244330571528,-0.013994606963758649,-0.02400957672469617,0.018517893283598985,1107
2026-10-01,LU0914733059,0P00011IV8.F,EUR,209.72999572753903,209.72999572753903,-0.0029000695111343067,-0.021736105580372533,-0.033145871759626466,0.047497724747054715,0.18119050167090062,0.16169733020887647,-0.0781443828767796,-0.11810523160610065,-0.013299985392819957,-0.02876340652656928,0.019846702995491405,1107
2026-10-02,LU0922334643,FPG6.MU,EUR,41.55799865722656,41.55799865722656,-0.004121756216068917,,,,0.01532298154367546,,-0.004121756216068917,-0.004121756216068917,,,,11
2026-10-01,LU0935222066,0P00010URS.F,EUR,112.27999877929688,112.27999877929688,0.002858160927482478,-0.004080176451914497,-0.006986830438308611,0.0069051800584283285,0.01842732490040039,0.012889251741008585,-0.01008224456288398,-0.01584492251204206,0.00029399272975050295,-0.002875577601223256,-0.0017989584542132953,1095
2026-10-02,LU0941349275,I4G0.MU,EUR,138.34500122070312,138.34500122070312,0.0,,,,0.0,,0.0,0.0,,,,11
2026-10-01,LU0992632538,0P00013N23.F,EUR,137.69000244140625,137.69000244140625,-0.007997122377134569,-0.020488046757868417,-0.023821343762173597,-0.0035460288055210176,0.030509936138449097,0.024818934664567468,-0.027750266991107164,-0.034728582145374776,-0.011312900062082965,-0.019416516895345404,-0.013726438604596214,1105
2026-10-01,LU1033933703,0P00012DVG.F,EUR,323.7300109863281,323.7300109863281,0.0007728452810351616,0.021552594576807582,0.006998879939990044,0.11129042497490493,0.09546349710735193,0.10390359394718748,-0.04620943451539339,-0.07255281524046797,0.010107988200078522,0.008451928560092137,0.05683171439339163,1118
2026-10-02,LU1100076550,1SCD.MU,EUR,230.74899291992188,230.74899291992188,-0.00857169399737534,,,,0.06546291057388497,,-0.00857169399737534,-0.00857169399737534,,,,11
2026-10-02,LU1109942653,XHYG.DE,EUR,15.37950038909912,15.37950038909912,-0.006395966971576406,-0.01756680944113531,-0.019560845066346588,-0.003203345201008956,0.03857004080843563,0.03147484439078513,-0.02180746865767802,-0.028147873491851882,-0.009146984218635579,-0.014636710639338024,-0.00797941562400828,1285
2026-10-01,LU1159238036,LU1159238036.LU,EUR,25.054800033569336,25.054800033569336,-0.014649588169972083,-0.02465346838270943,-0.034575263433500814,0.09374262858475091,0.12300793905886026,0.12174377091275938,-0.051532949150173146,-0.10213260250245715,-0.018374044265517586,-0.027544293698623545,0.027173900022186892,1082
2026-10-01,LU1160356009,0P0001678E.F,EUR,1497.68994140625,1497.68994140625,-0.00349315355548252,-0.023803795087429802,0.02369049945340662,0.1488435648819173,0.17967373303768477,0.16337212110505595,-0.07070805382953571,-0.1200729496753532,-0.0039034459364839513,-0.0028157694389225885,0.06300098809700816,1079
2026-10-01,LU1161083644,0P00016MO1,USD,19.79428603662553,19.79428603662553,-0.010496723231563476,-0.03140894322671972,0.028642163159887657,0.07728212689522529,0.11398849931990929,0.09563252542500633,-0.04095702247337407,-0.07086191472608194,-0.01757024541511909,-0.023105603733643676,0.03882348777523936,1023
2026-10-02,LU1161527038,EDNN.MU,EUR,233.7469940185547,233.7469940185547,-0.0049339387325590955,,,,0.013477848751578961,,-0.0059114449389737755,-0.0059114449389737755,,,,11
2026-10-01,LU1183791794,0P00016RHQ.F,EUR,173.44200134277344,173.44200134277344,-0.009960757090702876,-0.024373464786807797,-0.06275427193339189,0.0489005442672914,0.1780200743577011,0.15623647436055804,-0.07573178620439225,-0.10652983119589832,-0.014352635961842108,-0.032991316713009256,-0.009844430539113658,1114
2026-10-02,LU1291097779,EEMK.PA,EUR,17.702299118041992,17.702299118041992,0.010307174168122435,0.019435848858477378,0.031091719706586973,0.14194385453758018,0.20100612239106505,0.20850973917907473,-0.07948283564073788,-0.13262607355357947,0.020534827437211245,0.04047799223558912,0.10899519243821021,1291
2026-10-02,LU1291098827,EEMU.PA,EUR,20.325000762939453,20.325000762939453,-0.010226398151111815,-0.02048189094267694,-0.0078105854354357795,0.06335672398258851,0.13908058956902095,0.115045841465019,-0.05365974356149783,-0.10277607011442924,-0.007386563626882503,-0.01865635139103683,0.03535466471884963,1291
2026-10-02,LU1291102447,0E4H.IL,EUR,9.553000450134276,9.553000450134276,0.0,0.0,,,0.0,0.0,0.0,0.0,0.0,0.0,,53
2026-10-02,LU1301026388,2QJ0.MU,EUR,210.7469940185547,210.7469940185547,0.0,,,,0.0,,0.0,0.0,,,,11
2026-10-01,LU1303940784,0P00018KOU.F,EUR,28.26000022888184,28.26000022888184,-0.002822862500893364,-0.016016681597159854,-0.00807299207034351,0.05212209928211009,0.09042421462776833,0.08420386385302393,-0.031023771507394104,-0.10474171860749526,-0.00690526696699334,-0.01039331347133432,0.014408484394121679,1111
2026-10-01,LU1329694266,0P00018EGL.F,EUR,236.4499969482422,236.4499969482422,0.0011855814941259535,0.008702671619225999,0.00531462591929821,0.05341704479969733,0.09437370062494108,0.10108652062967727,-0.03642784744532068,-0.08607298754556802,0.004669610497187948,0.0012406904842272581,0.03331629929278468,1119
2026-10-01,LU1379103812,0P00018FWZ.F,EUR,644.9400024414062,644.9400024414062,0.005738690421575265,-0.0024593240583086207,-0.016349893454243092,0.12104991504623253,0.12421201968921668,0.13865887778361727,-0.049243678720523265,-0.07933928105110122,0.002467543056062782,-0.005200277087016314,0.06933022013542156,1081
2026-10-01,LU1435385593,0P00019846.F,EUR,309.2699890136719,309.2699890136719,-0.019280218716241082,-0.012610983307697388,0.016499553044114545,0.07857292162450502,0.17059398258889338,0.1733661298760513,-0.06464263345394483,-0.18107797123110614,-0.013530620869014354,-0.002687526980230115,0.012593289463505464,1129
2026-10-01,LU1486845537,0P00018X0B.F,EUR,116.31099700927734,116.31099700927734,-0.0010907652733674889,-0.004297522669123421,-0.002521387069097547,0.006046063561834014,0.008449539288742022,0.0063871197337712895,-0.005497933871493332,-0.00857780195084168,-0.0019581668733062996,-0.00324726580168766,0.002287048935601055,1100
2026-10-01,LU1530899142,0P00019MC0.F,EUR,2600.47998046875,2600.47998046875,0.013216102916206562,0.04428980987699971,0.053440029306052184,0.39257464164941847,0.16798308838611598,0.20584656303550822,-0.09073716251650632,-0.170881689258088,0.03668529786672736,0.04470226159243751,0.14489522784356268,1063
2026-10-02,LU1582988058,0P0001CGZV.F,EUR,12.549500465393066,12.549500465393066,-0.0066647065328693245,-0.02101581576169076,-0.01138331305880158,-0.002543384165390794,0.05015608767283247,0.053690491312624156,-0.027457318706906708,-0.056615818138602614,-0.010011860729137512,-0.015028321807881828,-0.0026248715852346116,1100
2026-10-02,LU1598757687,MT.AS,EUR,57.27999877929688,57.27999877929688,-0.07283910794617876,-0.1481261064976822,-0.01076297687743022,0.12772443511292053,0.28296715477028844,0.2709490884886679,-0.15990522787478445,-0.2619465623536297,-0.08894263198475916,-0.08904153759922073,0.06630099295058622,1291
2026-10-01,LU1623762843,0P0001FE3K.F,EUR,155.10000610351562,155.10000610351562,-0.004365083329758157,-0.019285412018195114,-0.02947244557307016,-0.018043627095861603,0.03011238076120889,0.02204504223152008,-0.02947244557307016,-0.03189563944952545,-0.009976798192437797,-0.019250720361438822,-0.021324795935743435,1115
2026-10-02,LU1670631289,0P0001DFNP.F,EUR,11.32069969177246,11.32069969177246,-0.015771059129781273,-0.0362326912447366,-0.03476182007996542,-0.016104630658400954,0.04835712862067842,0.044170370747730045,-0.04054548512708245,-0.05265460607611028,-0.021922884767263007,-0.029471909182237632,-0.027180905585127535,1098
2026-10-02,LU1670707527,0P0001DFNB.F,EUR,22.2632999420166,22.2632999420166,-0.023886242639140853,-0.043413842280875414,-0.014614831403078732,0.061547269233322766,0.08864623352567622,0.08519940794350589,-0.06401272041532369,-0.092062237404823,-0.02916837523892757,-0.04100925794658716,0.013721204427482148,1100
2026-10-02,LU1670719613,AN0B.MU,EUR,13.484000205993652,13.484000205993652,0.0,,,,0.010875835791965287,,0.0,0.0,,,,11
2026-10-02,LU1681043912,CC1.PA,EUR,255.1999969482422,255.1999969482422,-0.018272802599470617,-0.05094829772854559,-0.08905942349390605,-0.13608665463388359,0.13508681457525032,0.16835531252812064,-0.1014084614498515,-0.21657713906909537,-0.01848042384744053,-0.05052813238542042,-0.10845760882456479,1291
2026-10-02,LU1681044480,AASI.PA,EUR,60.45000076293945,60.45000076293945,0.01171549394040916,0.031042122832468877,0.02753695192016159,0.17614552356257396,0.2212441889062892,0.2390515616487736,-0.0973993401086195,-0.16060702050246078,0.02748458475347859,0.05035447586519548,0.12371399035832975,1291
2026-10-01,LU1694789535,0P0001CH1E.F,EUR,129.08999633789062,129.08999633789062,0.004904169321948482,-0.0033969153520642115,-0.0004645571926378267,0.004825991369941551,0.03111320167335384,0.02144262161170455,-0.011394223839352846,-0.021087619460482876,0.0002479207390457816,-0.0020008179919304148,0.002201727050537894,1120
2026-10-02,LU1819480192,EHQ6.MU,EUR,314.7760009765625,314.7760009765625,0.004707952185448061,,,,0.12788328675100644,,0.0,0.0,,,,11
2026-10-02,LU1829219390,BNKE.PA,EUR,376.5499877929688,376.5499877929688,-0.05886032979578071,-0.07116429831738524,-0.0018555658238069705,0.15070908443349218,0.21747070146238665,0.19319252625857963,-0.07310772235576912,-0.17132240226421158,-0.05334744178328121,-0.05426044448921341,0.07619615368397081,1291
2026-10-02,LU1829221024,UST.PA,EUR,111.47000122070312,111.47000122070312,0.021442353396667668,0.07982173395149927,0.052298696304796,0.22540286516186714,0.1459366189330358,0.16901547206660028,-0.0741999489068964,-0.1004836368906451,0.04954429636332902,0.07049293052886862,0.15389505508775336,1291
2026-10-02,LU1861137484,EUSRI.PA,EUR,90.23999786376952,90.23999786376952,-0.004413079529704933,-0.01881051792945032,-0.025380695183799484,0.03783784969521897,0.12185446973437937,0.09715700190666549,-0.04830604529024518,-0.1023277887365529,-0.0011567111088851556,-0.015395385721961197,0.019690542626190632,1291
2026-10-02,LU1861138961,MSRU.L,USD,73.63341155341698,73.63341155341698,0.011059718446506883,0.02181798468391527,0.045229736861555736,0.13400889351782008,0.20280738800017753,0.20314560967783696,-0.07339244238486986,-0.11701396963064925,0.023385429458853135,0.04600909523050989,0.10396393314594787,1272
2026-10-01,LU1876459212,0P0001FKPX.F,EUR,4357.169921875,4357.169921875,-0.026415622154100316,-0.06039590324087396,-0.03549088613724405,0.11404941364516041,0.13339244436343603,0.11097169819111143,-0.07023836365826308,-0.09673177833130864,-0.04281140016401752,-0.04952737614774161,0.025919966155651952,1034
2026-10-02,LU1900066462,CEC.PA,EUR,46.560001373291016,46.560001373291016,-0.04619476220130725,-0.039207547401511,0.040446958062368976,0.08582090050161306,0.17816476727420347,0.16233357476968738,-0.060816930776576905,-0.09557020854051512,-0.04103308748454226,-0.02546840417808638,0.09279423976724366,1291
2026-10-01,LU1951200481,0P0001H0TE.F,EUR,301.7300109863281,301.7300109863281,0.0323674079729539,0.06306600874078194,0.06788187585204586,0.39806320427489283,0.20154339286478035,0.2191819163921596,-0.0817907851707137,-0.16763490233573852,0.06603687495855293,0.0807947576484469,0.1890863605498887,1098
2026-10-01,LU1951204046,0P0001H0TH.F,EUR,177.75,177.75,0.008510638297872353,0.012878194974607737,0.024909228545576756,0.10795990846438164,0.10058621283692303,0.09804308154116183,-0.037086682521467296,-0.13027168506338482,0.014004960414303769,0.01457796158202429,0.046137764387790936,1099
2026-10-01,LU1951225553,0P0001H0TF.F,EUR,194.57000732421875,194.57000732421875,0.006518078638137359,0.03754070597103354,0.03203738706853021,0.2285787290720358,0.16905481943412648,0.1724254712066921,-0.07629518509617139,-0.1521618507592264,0.029097955451722113,0.025340282517579693,0.11172283976641739,1099
2026-10-01,LU1951229035,0P0001H0TG.F,EUR,183.0200042724609,183.0200042724609,-0.0019086592902122224,-0.02222453555987658,-0.031127526807892214,0.02901160263354363,0.12085624241025168,0.11328246906157194,-0.06752966028252883,-0.08892292793840006,-0.0006415669378970756,-0.0190981405149917,0.0035036800466026197,1099
2026-10-02,LU1953136527,REUSE.PA,EUR,22.658700942993164,22.658700942993164,0.007801421207350945,-0.004179455643903762,-0.011547149452708738,0.08100362382405879,0.10551803687915222,0.09850793824942507,-0.05256775728678653,-0.07680804811696162,0.009241177525307176,-0.003370923811965465,0.03860844295938315,1291
2026-10-01,LU2095319849,0P0001JAB0.F,EUR,121.55999755859376,121.55999755859376,0.005542213353693759,-0.038062871594883974,-0.0002467207846070796,0.03702436693989819,0.1881993085260317,0.16422201015197777,-0.06511233426265506,-0.2139037077183793,-0.001773767194334419,-0.01801598820454986,-4.9788170826015055e-05,1099
2026-10-01,LU2147879543,0P0001L9PD.F,EUR,767.9199829101562,767.9199829101562,-0.007380817621624125,-0.011355160587981805,-0.006713148891805076,0.05811997856444351,0.05659146629776832,0.055505407102633075,-0.025803702589855426,-0.06462585851593328,-0.007229381800666346,-0.011722370251335046,0.012193568303865865,1059
2026-10-01,LU2181906426,0P0001L535.F,EUR,293.70001220703125,293.70001220703125,0.03682007836296419,0.09024090068935586,0.09581383570629654,0.43478268971978773,0.24605089337774003,0.3474773600842024,-0.16904443577572315,-0.22199790594022362,0.06540433319609251,0.09113122971244958,0.23652802321879363,1109
2026-10-01,LU2210151341,0P0001KKA7.F,EUR,12.119999885559082,12.119999885559082,0.0024813674600963065,-0.02179180389685631,-0.017031633369536503,-0.018623521360837003,0.04617857559389224,0.06437504300268598,-0.035115689525953786,-0.06790124319835567,-0.005987045844281447,-0.013832393363784945,-0.027127264590492195,1149
2026-10-02,LU2244387457,ASRE.DE,EUR,9.630599975585938,9.630599975585938,0.0021227495218083536,-0.011597347729082386,-0.018647552234846265,-0.014409446913036583,0.0360261055331827,0.027957267002071393,-0.02201023196105456,-0.033279658736767526,-0.0013873943128466237,-0.009430700349885357,-0.015847546473734764,1285
2026-09-30,LU2257980289,0P0001LZLW.F,EUR,183.91000366210935,183.91000366210935,-0.005085217259229391,0.0006529755719055785,-0.032561821371197563,-0.002549089967764484,0.09647464732317601,0.10089186874987177,-0.06649098615167881,-0.0865476736691041,-9.241868151577126e-05,-0.015991525823221275,-0.009542377125947632,1036
2026-10-01,LU2358392376,0P0001OOS9.F,EUR,509.4400024414063,509.4400024414063,0.019063428836159746,0.0436349964227154,0.015184717639733947,0.11229010628413838,0.1585845139323114,0.15116462703397485,-0.06165635942660652,-0.08943559868933093,0.02657210894324047,0.024710196869510925,0.04654640117057274,1051
2026-08-13,LU2459590019,0P0001OS4A,USD,32.7232286283375,32.7232286283375,0.004499105658849034,0.005475125287047744,0.060352602796345245,0.1042763861843663,0.087369021677686,0.09641785958015901,-0.022372601723535612,-0.07641815975661459,0.005937655254111496,0.011429412807712813,0.06785466354049907,971
2026-10-02,LU2533811910,BJLL.DE,EUR,10.102999687194824,10.102999687194824,0.0003960501130877425,0.001189186839275047,0.004623800557704838,0.011078495767099739,0.009270637269070988,0.010690780665239085,-0.0014882030882035213,-0.003047524042999572,0.0010230005487181781,0.0016258924644756423,0.008211155651859814,780
2026-10-02,LU2611731824,GLDU.AS,USD,64.03844022940793,64.03844022940793,-0.04414167228074384,-0.09544228366096363,0.17324856517921505,-0.0715623025224481,0.28229158503742774,0.4723094504177421,-0.14533322586468989,-0.3623354744639051,-0.047411681206644074,-0.026195382220175478,-0.008849714716235746,1254
2026-10-02,LU2616774076,BJLJ.DE,USD,10.012473420702625,10.012473420702625,0.007781708720088654,0.008298052992219196,-0.01673460860360032,0.009639886665315789,0.06916853307954542,0.06986183735491652,-0.03316929517072831,-0.050071814819599214,0.006661285956917284,0.0033481060643962834,-0.0006175334123463827,757
2026-09-30,LU2638914734,0P0001RNZQ.F,EUR,335.92999267578125,335.92999267578125,-0.025527276506529306,0.05738111352942066,0.1592186851525179,0.3805531177738586,0.39871870306011176,0.3766591187527028,-0.09354630872537983,-0.3124012853622107,0.009977077100105092,0.08144874937275204,0.17500993190053626,704
2026-10-01,LU2707622630,0P0001T0AG.F,EUR,128.5399932861328,128.5399932861328,-0.038162272723795465,-0.06434714865689783,0.007287772677165849,-0.041318678917550034,0.19923434437274382,0.18142457939802045,-0.07371918045230097,-0.23394246327931445,-0.03951345455824118,-0.03694440899895335,-0.06322985029375716,554
2026-09-30,LU2798962978,0P0001UBP6.F,EUR,146.89999389648438,146.89999389648438,-0.013365608847617616,-0.02249138215509583,0.0007493740403485827,0.0891161668040803,0.11455804850348723,0.09717175645584432,-0.030106550021525624,-0.08982159224906872,-0.008223214827247527,-0.005481065675722929,0.04332530288295677,428
2026-10-02,LU3038520774,DEFS.PA,EUR,5.739999771118164,5.739999771118164,-0.01661814696681896,-0.02081204668644132,-0.003126107364881725,-0.05045497126987142,0.1716042602326852,0.17844808000682272,-0.13799880329444303,-0.2196261406823472,-0.012005708799001646,-0.055607324313802886,-0.03956044343051279,359
2026-10-01,LU3103551860,0P0001XEZ8.F,EUR,114.0999984741211,114.0999984741211,0.0033415164380845574,0.0104498788904539,0.00902013288424186,0.07783863419856973,0.07604236827004496,0.07366948593825541,-0.023314487832326813,-0.047610174847362186,0.004963150077766931,0.006552726858193303,0.046331087306249685,259
2026-10-02,NL0000226223,STMPA.PA,EUR,50.34000015258789,50.34000015258789,0.11606253549452994,0.1258671161832452,-0.18637944612416824,0.4452476074772067,0.48078513652153926,0.5887562790248488,-0.3268548449199338,-0.3985444317360619,0.11818738379002403,0.11883051951533807,0.20645675341846692,1291
2026-10-02,NL0000235190,AIR.PA,EUR,189.3000030517578,189.3000030517578,-0.01611221903881377,-0.04855248962673109,-0.04035279162903116,0.12235342417371187,0.1979289472132876,0.2492927369499337,-0.13834720815864976,-0.2771117091213976,-0.02576347335478557,-0.06303361626600712,0.005746742928605553,1291
2026-10-02,NL0006294274,ENX.PA,EUR,160.5,160.5,0.006269592476489061,0.0012476415747642022,0.08445945945945943,0.10804427361694469,0.15338901079874898,0.20417780112803224,-0.05021175377207321,-0.13907785679286322,0.0076278426877034455,0.0055508938328951984,0.13801376379273234,1291
2026-10-02,NL0010273215,ASML.AS,EUR,1653.0,1653.0,0.08564299652236707,0.12648219469673805,0.05480601486798187,0.3566579992309713,0.34821809062318226,0.39599383313147596,-0.14951881917374388,-0.2077144161694917,0.10160342097547459,0.10768314831884673,0.2339843880472623,1291
2026-10-02,NL0010832176,ARGX.BR,EUR,815.4000244140625,815.4000244140625,-0.035257912165847505,-0.08751113843820213,0.067557001107311,0.1474810757511078,0.21444057819107196,0.4496635606356418,-0.10631301776026658,-0.273723521535453,-0.04411330717452333,-0.021574761083264282,0.10706671595436257,1291
2026-10-02,NL0011794037,AD.AS,EUR,31.5,31.5,-0.008186405132497465,-0.00505369071962225,-0.10943682248874953,-0.22094704123438813,0.20845228488259226,0.21974639498719556,-0.1452948608359106,-0.25714308631402005,-0.00396832007043868,-0.01575329009921622,-0.1087464252617163,1291
2026-10-02,NL0011821202,INGA.AS,EUR,30.684999465942383,30.684999465942383,-0.03491116866450861,-0.041243604378063736,0.09426665161190262,0.2856559705394659,0.2164772602006588,0.21466098427137995,-0.06375739045910134,-0.16877161691741893,-0.032423372077271306,-0.007309761822889227,0.17549463985591562,1291
2026-10-02,NL0012969182,ADYEN.AS,EUR,859.4000244140625,859.4000244140625,-0.018389463833166753,-0.16286767499331445,0.015119358843904918,-0.10292273025671972,0.3642360037236583,0.5054985728764306,-0.22643068496512253,-0.4839642318575442,-0.04939408722313454,-0.10181452881495645,-0.13480751028306792,1291
2026-10-02,NL00150001Q9,STLAM.MI,EUR,3.882499933242798,3.882499933242798,-0.03719773459472975,-0.1888645248494274,-0.19683495151185681,-0.44280999291382206,0.3497801694145828,0.3948310003675738,-0.27235772577617223,-0.6304493780603615,-0.0910474572472385,-0.14623046003970464,-0.3692207437212066,1281
