date,asset_id,symbol,quote_currency,close_eur,close,ret_5d,ret_20d,ret_60d,ret_120d,vol_20d_ann,vol_60d_ann,drawdown_60d,drawdown_252d,sma20_ratio,sma50_ratio,sma200_ratio,observations
2026-10-06,AT0000A09ZL0,N550.MU,EUR,358.4530029296875,358.4530029296875,-0.006367282246188544,,,,0.02275711082769352,,-0.00810772147945793,-0.00810772147945793,,,,13
2026-10-05,BE0003470755,SOLB.BR,EUR,24.600000381469727,24.600000381469727,-0.002433068382548198,-0.052388241562627,-0.0688871949117541,-0.06427568360372571,0.22253264060139052,0.173382163309485,-0.10081539508910731,-0.14035087843632954,-0.027629530951500336,-0.04668897032468766,-0.04016676039678302,1292
2026-10-05,BE0974293251,ABI.BR,EUR,65.9000015258789,65.9000015258789,-0.02457069408972601,-0.031167233487413015,-0.05370473717042368,0.0351519724392344,0.21489908173351302,0.21256080231460966,-0.1414893593276555,-0.14298171470367416,-0.021354928945442442,-0.043174723347712884,0.0030156962017331423,1292
2026-10-05,DE0005140008,DBK.DE,EUR,31.280000686645508,31.280000686645508,-0.00902898281609732,-0.1194933330584389,0.009032280214371191,0.12146685090939124,0.2731591922534679,0.24791525115701413,-0.13482516628878938,-0.2676722440208219,-0.04851709489993783,-0.056193853950908035,0.048184520737849734,1286
2026-10-05,DE0005190003,BMW.DE,EUR,54.220001220703125,54.220001220703125,-0.017397591141053548,-0.13717375733535508,-0.06388116479993255,-0.3190844276120407,0.2362722625178092,0.25464234188593565,-0.14882259699676137,-0.4113455926527245,-0.08221472267408714,-0.0886108079651492,-0.2365771439908949,1286
2026-10-05,DE0005552004,DHL.DE,EUR,55.91999816894531,55.91999816894531,-0.01860304285375247,0.007567534575591228,-0.01791360172750711,0.16304607145750194,0.22210733642170957,0.17764391062188842,-0.05845729999922167,-0.14333072083959342,-0.006502531938737066,-0.003428863027303941,0.11408459996188935,1286
2026-10-05,DE0005557508,DTE.DE,EUR,26.82999992370605,26.82999992370605,0.005999244355245681,-0.04992917347167114,0.0033657499386030576,-0.0932747622389064,0.2344901604781669,0.28301183890980114,-0.10657986901391259,-0.27769587398998596,-0.021392229954985353,-0.041251558000203414,-0.0536537819093158,1286
2026-10-05,DE0005810055,DB1.DE,EUR,289.70001220703125,289.70001220703125,0.009056099088267544,0.04021548368772443,0.12987526951342665,0.12887292748694135,0.1728204922241166,0.18102099483797057,-0.06009615132693824,-0.1180042995028453,0.027687658598615217,0.03883534564881841,0.17189048758086556,1286
2026-10-05,DE0006048432,HEN3.DE,EUR,71.66000366210938,71.66000366210938,-0.032928405698468,-0.06007337788550282,-0.03992491629029071,0.1079247010086497,0.18670410275762114,0.1867934053366942,-0.10200500098187815,-0.2432210362584949,-0.02525942167224371,-0.047940386108279,0.008686274237050817,1286
2026-10-05,DE0007030009,RHM.DE,EUR,980.2000122070312,980.2000122070312,0.01438479208285015,-0.039772703831743916,0.0010212418173343174,-0.33788269361686407,0.3288278125565935,0.3361579444957425,-0.22092258007168963,-0.505945745170963,-0.015017906945413051,-0.09515377339827535,-0.2640314309835976,1286
2026-10-05,DE0007100000,MBG.DE,EUR,40.20000076293945,40.20000076293945,-0.02968862015872753,-0.16424112186681283,-0.0923459035457821,-0.23661221269610355,0.24468098246976866,0.23416708635401515,-0.17600084570597707,-0.3135133645661471,-0.07715086218949019,-0.11202017933931585,-0.1841969129768244,1286
2026-10-05,DE0007164600,SAP.DE,EUR,185.0399932861328,185.0399932861328,0.005542815943867074,0.012253775694635927,0.3149516179716263,0.20443243510602072,0.2675144386451665,0.4080390939653061,-0.08811820486724142,-0.460752560270804,0.0048056961770814866,0.025043281537325157,0.12587971867890135,1286
2026-10-05,DE0007236101,SIE.DE,EUR,275.0,275.0,-0.012390059456941716,0.01701185727569432,0.010657823709791181,0.11043814567969523,0.2739397204254932,0.2475146468548173,-0.10953941463317052,-0.20503662867365802,0.017632804528172397,-0.0038650042257805106,0.07162741491738012,1286
2026-10-05,DE0007664039,VOW3.DE,EUR,68.54000091552734,68.54000091552734,-0.033013493630994595,-0.15403599413265445,-0.04059352501082891,-0.2112965142504667,0.3322840483306416,0.3389216110677242,-0.18796625034899206,-0.33718144146195184,-0.0910657990637912,-0.09095730620846088,-0.17403988693910755,1286
2026-10-05,DE0008430026,MUV2.DE,EUR,510.3999938964844,510.3999938964844,-0.0070039029251276474,-0.005068238018548943,0.0007843017578124112,-0.05316491512682997,0.18004316031657186,0.1679144962289473,-0.06060606060606055,-0.1969919530344898,0.00777948484506763,-0.006725623956006399,0.013657969906498924,1286
2026-10-05,DE000A0F5UK5,EXV6.DE,EUR,83.97000122070312,83.97000122070312,0.02452418446416571,-0.05268499775611102,0.08189258628287499,0.022598292113467977,0.2643047363534213,0.2398343484216255,-0.10370042531379975,-0.18396071944220127,-0.0029388082474045563,-0.007519532064043988,0.05219506252823858,1285
2026-10-05,DE000A0Q4R28,EXV5.DE,EUR,37.810001373291016,37.810001373291016,-0.02072000063232482,-0.09393717258438383,-0.04136209718220374,-0.1317895506570005,0.1696393220049622,0.17264669911522443,-0.09956862748324413,-0.21131735768449988,-0.04855366798245453,-0.06440530089248797,-0.0908391820910649,1285
2026-10-05,DE000A0Q4R85,4BRZ.DE,USD,54.2625256911453,54.2625256911453,0.20224134827416518,0.1735657609449326,0.22857809898403825,0.10405895586113956,0.6220579457507135,0.39708585271381197,-0.08221780748007512,-0.1777901213915941,0.16087460553197075,0.20837094450134863,0.2281121270757871,1286
2026-10-05,DE000A1EWWW0,ADS.DE,EUR,142.3000030517578,142.3000030517578,-0.037538064407464655,-0.03590787826960373,-0.2249455429128494,-0.009764242551018154,0.2453552419035321,0.3478727192132754,-0.22712424194321823,-0.328630068972118,-0.013842901265707308,-0.06638933864113894,-0.07763728916228929,1286
2026-10-05,DE000A2JJ1W5,0P0001FAJ5.F,EUR,125.0999984741211,125.0999984741211,0.007246389275306964,-0.002869445344959476,-0.0027104907578741066,0.013283649779766593,0.04946830556301186,0.04180124536365042,-0.02422855115623168,-0.04542575052266418,0.005521924026203884,-0.000971087297601203,0.0028449912700900803,1250
2026-10-05,DE000BASF111,BAS.DE,EUR,50.2400016784668,50.2400016784668,-0.0007954873071029933,-0.05261167575058123,0.028454518889741154,-0.007133648519786373,0.22099774700067293,0.2106513627171615,-0.07956021592594587,-0.13370372630931704,-0.024366529478513477,-0.025423531399049404,0.02927607122542608,1286
2026-10-05,DE000BAY0017,BAYN.DE,EUR,43.959999084472656,43.959999084472656,-0.1346456743172123,-0.09751591232351642,-0.11939101168037114,0.07265109018754412,0.31009453445146595,0.24781804919188083,-0.1346456743172123,-0.3065455353648504,-0.09258859767376426,-0.09407523782642646,0.023277741406675156,1286
2026-10-05,DE000DTR0CK8,DTG.DE,EUR,41.08000183105469,41.08000183105469,-0.04487320543586848,-0.09595063660700787,-0.025385519717413763,-0.01874510915937133,0.20689587201378196,0.22908611180177707,-0.17983867829349498,-0.17983867829349498,-0.04380612201367051,-0.09121876394991879,-0.01716108078183909,1227
2026-10-05,ES0113211835,BBVA.MC,EUR,24.0,24.0,-0.048751469066705466,-0.054373491189860235,0.07190713060474274,0.1816839306296063,0.2274415017544371,0.2309893962314727,-0.06611571488643209,-0.18701772533483707,-0.03434123166074887,-0.03026384814758165,0.1415501633039844,1290
2026-10-05,ES0113900J37,SAN.MC,EUR,12.342000007629396,12.342000007629396,-0.012797940270938835,-0.042216334429893365,0.027643611358904252,0.13123280405335724,0.29982507639256006,0.2515186019434408,-0.08832613365165665,-0.171891814315276,-0.017395800118669924,-0.02068759204820758,0.1123458590912032,1290
2026-10-05,ES0148396007,ITX.MC,EUR,53.0,53.0,-0.006374206067027766,-0.07922170369174009,-0.03284670186351446,-0.020182075782397613,0.2144683408011556,0.2070826138947815,-0.12453463596749692,-0.14986185286846476,-0.00646734024373119,-0.05333476200398379,-0.02078796064643451,1290
2026-10-05,FI0009000681,NOKIA.HE,EUR,9.16800022125244,9.16800022125244,0.03827862972444085,-0.001307198641003704,-0.12757383933505262,0.08464594514029922,0.5506995291198813,0.574620323128666,-0.2809716280641248,-0.4829458829898745,-0.0001962771102073102,0.03823628921535316,0.0658893917941612,1268
2026-10-05,FR0000003196,0P00000QEY.F,EUR,477.260009765625,477.260009765625,0.0018472750195066556,-0.018770954599904077,-0.03041261379147997,-0.02548286992609583,0.047068426739866165,0.03619315017534286,-0.03434210831129392,-0.05328822889222562,-0.0050118243017553965,-0.017124417033740347,-0.028852676341518113,1251
2026-10-05,FR0000003998,0P00000I2M.F,EUR,3348.830078125,3348.830078125,-0.011240315721290028,-0.026904546917236982,-0.03370512173041407,0.09968609162629072,0.127046906121464,0.11651400512856096,-0.06593405688973897,-0.1083091867769127,-0.01159200755783496,-0.02870011468466871,0.021148206892584787,1249
2026-10-05,FR0000027609,0P00000H0V.F,EUR,5090.60009765625,5090.60009765625,0.005802960407023328,-0.008356852506817947,-0.012546300141892175,0.0018519591588808115,0.03392394732542428,0.022560472398191537,-0.01824339485090609,-0.01824339485090609,-0.00027855040083435423,-0.0056388439151338066,-0.004430252141538138,1247
2026-10-05,FR0000045072,ACA.PA,EUR,16.93000030517578,16.93000030517578,-0.05603563929148936,-0.10257087142427734,-0.03532757600214054,0.018123482483524134,0.18223915892319126,0.20219800034631993,-0.16410893113130887,-0.16688568702410778,-0.06167295303363507,-0.09627618991498998,-0.010112801280870887,1292
2026-10-05,FR0000051807,TEP.PA,EUR,68.66000366210938,68.66000366210938,-0.032139818167895684,-0.015203636546681332,0.23667152550443227,0.288792945424883,0.3214589898889983,0.461221408638427,-0.06838525773172399,-0.35422847770430843,-0.02298109338869625,-0.011301007709966782,0.19147003094736914,1292
2026-10-05,FR0000052292,RMS.PA,EUR,1286.0,1286.0,-0.06912775968150564,-0.12813559322033896,-0.22389861194930594,-0.2556384358031365,0.23958130173733458,0.349573219987006,-0.24618991793669398,-0.4226850765996716,-0.05602554456535702,-0.13380841404766075,-0.2545048865413885,1292
2026-10-05,FR0000054470,UBI.PA,EUR,5.070000171661377,5.070000171661377,-0.031333593404232696,0.038508849519490296,-0.13687434301963253,0.0,0.40807405380308437,0.5764493367878601,-0.19560778918440147,-0.6144309093982276,-0.03497498779793795,-0.04390851374239302,0.007223437282430245,1292
2026-10-05,FR0000073272,SAF.PA,EUR,329.79998779296875,329.79998779296875,-0.00960964626736116,-0.009906989642988306,-0.0009088709633431336,0.057740703881157485,0.2571806285763927,0.23475415008794037,-0.11551154921609863,-0.23617513957875091,0.00059158390920655,-0.03037647832427859,0.04550586498069453,1292
2026-10-05,FR0000097156,0P00000QGO.F,EUR,686.6199951171875,686.6199951171875,0.017214807581018565,0.026828980435944727,0.04902749206905743,0.16087042305960275,0.10276686335301874,0.09749516265195302,-0.033817453515913254,-0.07356647804504624,0.025025506201800995,0.028586554044816914,0.10487549845222621,1246
2026-10-05,FR0000120073,AI.PA,EUR,170.75999450683594,170.75999450683594,0.015099234738444434,0.0,-0.03383507299121036,0.03130512048958889,0.2000183450525723,0.16040394751521725,-0.08604078110433389,-0.10528746423158142,0.018125402380390065,0.00929379226534377,0.06144448860366447,1292
2026-10-05,FR0000120172,CA.PA,EUR,15.5,15.5,-0.060036372641564584,-0.04732639435152841,-0.05477128306483203,0.0059539890835591525,0.22997492648317558,0.21747677856157754,-0.08834025602950824,-0.08834025602950824,-0.048408384836220564,-0.03392482543045905,0.01967587307825447,1292
2026-10-05,FR0000120271,TTE.PA,EUR,75.80000305175781,75.80000305175781,-0.041454034500583936,-0.019404915145936563,0.07639882167996204,0.05030375031688017,0.20356397553848624,0.22106522155113595,-0.07491612547316417,-0.17510288938050222,-0.029793643394509073,-0.01328398113555218,0.06949852273257173,1292
2026-10-05,FR0000120321,OR.PA,EUR,373.4500122070313,373.4500122070313,-0.029999968293425217,-0.02911733229473845,-0.021870025806457805,0.0673764012073177,0.2002531652568937,0.1996485555543325,-0.060913705583756306,-0.14438105060176987,-0.018811880636380174,-0.025196850100154378,0.0017348330119624222,1292
2026-10-05,FR0000120404,AC.PA,EUR,43.70000076293945,43.70000076293945,-0.04793029825280226,-0.06323688459694798,-0.09015194933179671,-0.030982492169027265,0.2173263893713784,0.22113320671404157,-0.09015194933179671,-0.2065086535708529,-0.04278969640943309,-0.05203605240577813,-0.03425205599124492,1292
2026-10-05,FR0000120503,EN.PA,EUR,40.650001525878906,40.650001525878906,-0.05465112730514177,-0.09465478520196569,-0.1321519770824977,-0.19164723315375776,0.1858524572353746,0.2306386730330162,-0.17795751468735566,-0.23301883913436028,-0.05829748903285037,-0.10195512079170399,-0.13834135951851956,1292
2026-10-05,FR0000120578,SAN.PA,EUR,69.98999786376953,69.98999786376953,-0.027916696336534264,-0.07530723204889911,-0.09221790857412349,-0.09896201758323353,0.21911145676353486,0.26122119244192854,-0.12424925591445146,-0.18284910471945748,-0.04454427334198263,-0.06963329907682925,-0.07337582087265904,1292
2026-10-05,FR0000120644,BN.PA,EUR,57.7599983215332,57.7599983215332,-0.02924372568851763,-0.09153827212818344,-0.19999998943297115,-0.12275913460580279,0.23348442367270816,0.2086050477865528,-0.2127426536565704,-0.2513954887883294,-0.04554169941593045,-0.09919466638876107,-0.13693090833619792,1292
2026-10-05,FR0000120693,RI.PA,EUR,58.040000915527344,58.040000915527344,-0.011580386427785583,-0.05039263858282994,-0.06229889902919328,-0.10944741487069498,0.21382498140716646,0.2588000324811459,-0.1746302450595819,-0.31613160066066215,-0.028846781092265683,-0.09426846877304274,-0.11799992126319137,1292
2026-10-05,FR0000120966,BB.PA,EUR,65.0,65.0,-0.02985074626865669,-0.028400620067907334,0.07438016528925617,0.1607142857142858,0.10348135479002983,0.21762756384449491,-0.05942026774088538,-0.14495416219181756,-0.02329074763080352,-0.024756177883691,0.13283568113487698,1292
2026-10-05,FR0000121014,MC.PA,EUR,380.8999938964844,380.8999938964844,-0.04488464003107484,-0.11665124509875124,-0.22502544476808872,-0.22484779789266784,0.2294990151781468,0.252502408660444,-0.24756512979433354,-0.41002499289898786,-0.051331237665272256,-0.1270949053046877,-0.2211959106013771,1292
2026-10-05,FR0000121147,FRVIA.PA,EUR,8.734000205993652,8.734000205993652,-0.010423748629349805,-0.11706429126053719,-0.05455723258948186,-0.20018313690728295,0.3753753952796355,0.47628557195021365,-0.1518324959236952,-0.4321537064566676,-0.043834282718347994,-0.04507623131052907,-0.18150157815780987,1292
2026-10-05,FR0000121220,SW.PA,EUR,53.59999847412109,53.59999847412109,-0.05633804235778128,-0.061295973616991795,0.027804351022360674,0.2540944400834162,0.22946218434042656,0.21589050580513627,-0.0917586720678718,-0.2701083367043837,-0.048168728539470185,-0.05794684375279335,0.09742960721895444,1292
2026-10-05,FR0000121329,HO.PA,EUR,226.8000030517578,226.8000030517578,0.0035398365122027986,-0.020302362627396042,0.025780175445013542,-0.1311751702423931,0.25538263169412195,0.2502943455290793,-0.1809488711021201,-0.18830932219925633,-0.01881893229357745,-0.07228638131213916,-0.060538319788257855,1292
2026-10-05,FR0000121485,KER.PA,EUR,209.25,209.25,-0.08304117967424962,-0.13318141967423058,-0.16417018215098989,-0.1656202193660521,0.30918854253742734,0.4778421835856641,-0.285470392218346,-0.38413179447958146,-0.08652377185208115,-0.16481068777814967,-0.18731928849996338,1292
2026-10-05,FR0000121667,EL.PA,EUR,144.5,144.5,-0.010951444467305338,-0.02726356761060922,-0.14698934352795823,-0.31425559061937447,0.28751468416761583,0.2643032163223145,-0.1932675708760998,-0.5563296695825171,-0.0037918011723304668,-0.07271934131742552,-0.24766432332405908,1292
2026-10-05,FR0000121964,LI.PA,EUR,34.439998626708984,34.439998626708984,-0.05540319551527184,-0.06969210694630401,-0.050193044100153794,0.0005607779697156534,0.13246905320936786,0.14256648439198188,-0.13906957070915493,-0.13906957070915493,-0.050140691292207995,-0.08786578553735813,0.00034320098787921083,1292
2026-10-05,FR0000121972,SU.PA,EUR,272.79998779296875,272.79998779296875,-0.06092947403453097,-0.07681899224037647,0.015825731495755724,-0.005674338382244626,0.5120515366863011,0.41625387389257906,-0.12524119680717438,-0.17762918089750313,-0.05585938821476277,-0.06680171619932218,0.02734572768388932,1292
2026-10-05,FR0000124141,VIE.PA,EUR,30.459999084472656,30.459999084472656,-0.02026378465819323,-0.045440324972519486,-0.17564280228584506,-0.10573014773153488,0.10526865611786197,0.1733281476995114,-0.1881663456064845,-0.1881663456064845,-0.027799973072116457,-0.07385450633950286,-0.07598045390864727,1292
2026-10-05,FR0000125007,SGO.PA,EUR,66.12000274658203,66.12000274658203,-0.06212762061585775,-0.11391047557136869,-0.11698711041867838,-0.1632027991852253,0.2536532994375573,0.2887240675827351,-0.227028267022384,-0.25071542501862887,-0.0537387851790766,-0.1335387748911866,-0.1410143675189509,1292
2026-10-05,FR0000125338,CAP.PA,EUR,108.4000015258789,108.4000015258789,0.052938365606525206,0.031398697427863276,0.1831477655126228,0.011635203400321092,0.4503964057975894,0.4371787058278445,-0.09201077073251984,-0.41502642376831267,0.026029356610306698,0.015542307678353406,0.025721500686785026,1292
2026-10-05,FR0000125486,DG.PA,EUR,106.1500015258789,106.1500015258789,-0.04498425489302271,-0.06558095993231328,-0.11059905418519445,-0.20504626438462858,0.18729252233280572,0.20151391522811607,-0.16719246109941488,-0.23610971910707668,-0.03823501779815308,-0.08481121785618384,-0.13380849767274738,1292
2026-10-05,FR0000130452,FGR.PA,EUR,100.3000030517578,100.3000030517578,-0.053773556115492505,-0.07981648576368994,-0.16798008699598055,-0.27000631347836024,0.20429998248791778,0.2328683284227341,-0.20732485057229255,-0.29346406254991264,-0.0479399438059922,-0.11153390848260003,-0.18699505326448218,1292
2026-10-05,FR0000130577,PUB.PA,EUR,94.18000030517578,94.18000030517578,-0.02038692632531569,-0.058670690330167696,0.07193261610425705,0.22694462152986294,0.21970478781042854,0.26766736238286576,-0.09529297131941261,-0.23345260324938366,-0.028295798669596084,-0.04333533952693591,0.12952712928065724,1292
2026-10-05,FR0000130809,GLE.PA,EUR,65.98999786376953,65.98999786376953,-0.0659804869093834,-0.12095380135829037,-0.1158896248206367,-0.10361232344296467,0.28534815470834074,0.2918992637153336,-0.22435609153642666,-0.22435609153642666,-0.07632031911276249,-0.12748119782038192,-0.07831295409114292,1292
2026-10-05,FR0000131104,BNP.PA,EUR,92.76000213623048,92.76000213623048,-0.055973945455187746,-0.1126841273783381,-0.08085608581814063,0.01304914633248111,0.2333666198222946,0.23502953465438578,-0.18847519114405864,-0.18847519114405864,-0.05907860284107003,-0.10975542533397009,-0.008628233901484483,1292
2026-10-05,FR0000131906,RNO.PA,EUR,25.26000022888184,25.26000022888184,-0.040638043977388905,-0.13493152161346,-0.035141331763546946,-0.16419900491609585,0.33618619899677377,0.3406722885956791,-0.16958274308956722,-0.2899423181587555,-0.07793392376222741,-0.0980117598619189,-0.10620863425993377,1292
2026-10-05,FR0000133308,ORA.PA,EUR,14.029999732971191,14.029999732971191,0.0064562521733888545,-0.08300656483211932,-0.13767674626730597,-0.16048224994430427,0.30331029625954853,0.2725083178204539,-0.212356308955846,-0.24994611057160776,-0.04871683455057074,-0.09708145584103689,-0.13742834790908143,1292
2026-10-06,FR0000172041,XED2.F,EUR,461.2250061035156,461.2250061035156,-0.028314710794895892,,,,0.09956541486939618,,-0.05337084392179159,-0.05337084392179159,,,,13
2026-10-05,FR0000172124,0P00000GPO.F,EUR,55.84000015258789,55.84000015258789,0.004316577069305438,-0.03156433748943033,-0.05275658303819308,-0.024628818295407973,0.06819076912361105,0.05429881038230763,-0.05682785827755987,-0.06538919305080049,-0.01003439990435595,-0.026590940368046767,-0.038651078392940574,1239
2026-10-06,FR0000284689,CL54.F,EUR,34.382999420166016,34.382999420166016,0.031747895964136186,,,,0.15596479934147126,,-0.008782696045668725,-0.008782696045668725,,,,13
2026-10-05,FR0000292302,0P00000PYA.F,EUR,573.0999755859375,573.0999755859375,0.0016778426834729299,-0.005759701992733013,0.012329507046125787,0.05582164420483671,0.08100652519633007,0.07332115541484859,-0.030280271035459383,-0.06867224362644508,0.0037831929775427042,-0.0032700663292839494,0.029785485205462203,1251
2026-10-05,FR0000295230,0P00000PM8.F,EUR,229.17999267578125,229.17999267578125,0.006146254736970391,-0.006114765100404762,-0.010961542083294917,0.026516161939455607,0.12892222507405934,0.11165850463678785,-0.06315477183689933,-0.16301981420780265,0.010723312072422386,-0.006707503604704068,-0.0064347074829536055,1271
2026-10-05,FR0000299356,0P00000JPU.F,EUR,289.8500061035156,289.8500061035156,-0.005148446777334392,-0.04162807907769994,-0.008720888666883808,0.005934585160497496,0.11250399855806638,0.10160431675962171,-0.06594692866744101,-0.10168187143662966,-0.012888451517043875,-0.028442467333714694,-0.005283455645257229,1239
2026-10-05,FR0000422859,0P00000PLK.F,EUR,898.9099731445312,898.9099731445312,-0.005707560407804846,-0.03169136342002521,-0.015130596460988022,0.00323653011383751,0.13227280358732335,0.10875716537611706,-0.0637947074712647,-0.11875263294966842,-0.006783086756109835,-0.02477263307718658,-0.010060922794619787,1249
2026-10-05,FR0000438905,0P00000QF5.F,EUR,505.6400146484375,505.6400146484375,0.021268060851969972,0.028538942891572328,0.0601308782857537,0.22621018675550686,0.11561247475110038,0.10230197692125122,-0.0324187350522257,-0.08915819628885746,0.028517997846108978,0.03519680456655472,0.11696428693284777,1197
2026-10-05,FR0000447807,0P00000RUS.F,EUR,222.67999267578125,222.67999267578125,0.029686480773226664,0.0408039067635555,0.06048193735902907,0.2010787486870773,0.12496983261879731,0.11112013520548071,-0.04078916959911527,-0.08659418215219217,0.0379367724004287,0.04184403237405032,0.11799239614947221,1250
2026-10-06,FR0000974149,ODAB.HM,EUR,743.4199829101562,743.4199829101562,0.007934169866820717,,,,0.09767368253999384,,-0.013827315342687885,-0.013827315342687885,,,,13
2026-10-05,FR0000975880,0P00000MML.F,EUR,415.3500061035156,415.3500061035156,-0.0269871135133527,-0.04827919590288832,-0.05617288342600202,-0.05073701818946763,0.14068951189487502,0.11767646839246546,-0.10492630278600812,-0.12650891219419702,-0.02727310379227077,-0.059011210653390545,-0.0534994285291811,1250
2026-10-02,FR0000980427,0P00001O87.F,EUR,2557.489990234375,2557.489990234375,-0.0051192938009086975,-0.02053537192288024,-0.023590466987635117,-0.0026012113532782877,0.046970336035405465,0.040997055828048544,-0.03547763707199736,-0.04381792125829931,-0.007336236292751708,-0.01905958269603214,-0.010475021617581737,1252
2026-09-30,FR0000987950,0P00000NYV.F,EUR,669.1400146484375,669.1400146484375,-0.0045225654742301336,0.031906857971961244,-0.001953907874923333,0.11905677897495859,0.1482044585777881,0.22056302413174164,-0.10217496300435924,-0.10217496300435924,0.007646135075155547,0.023981896067252206,0.11983213350446542,1126
2026-10-05,FR0000987968,0P00000NZ3.F,EUR,523.97998046875,523.97998046875,0.07138031901716757,0.10928104987294462,0.050628534329597574,0.3535687538333221,0.2441529471603821,0.2894672878255615,-0.13604509813721777,-0.16322176981876269,0.08730180052592984,0.1038254480933396,0.22004072789965057,1165
2026-10-05,FR0000988057,0P00000NZ7.F,EUR,889.0999755859375,889.0999755859375,0.025561138120430593,0.04018716067380823,0.05670374036639236,0.21086242381723452,0.1207515566304154,0.11063602170381195,-0.03313392419228933,-0.07747073986381181,0.034226212900724695,0.04253775985189323,0.11430126128076101,1209
2026-10-05,FR0000989915,0P00000QLD.F,EUR,1488.1199951171875,1488.1199951171875,-0.03289704267026772,-0.09993648223824692,-0.1401728642949549,-0.1460248409568612,0.13476693660682065,0.11657661174336012,-0.17349021612411564,-0.2172819902077544,-0.04572550777325024,-0.1031290735554492,-0.12891103751253652,1250
2026-10-05,FR0006174348,BVI.PA,EUR,26.32999992370605,26.32999992370605,-0.009032735185349638,-0.02661735059748327,-0.04045191649955948,-0.06940801095637106,0.19675473561411844,0.2304630086971754,-0.10044415743347912,-0.13772048651286128,-0.03413363775719802,-0.04427618478032591,-0.011403595442523007,1292
2026-10-05,FR0007023692,0P00000C3O.F,EUR,381.3399963378906,381.3399963378906,0.006306858566753615,-0.01693693707868793,0.014471940754817725,0.09962797930060119,0.09283182441972514,0.07980971857405025,-0.033364056323013425,-0.057652550446265716,-0.0015369496400231553,-0.004449624342282021,0.042124116719938653,1231
2026-10-05,FR0007028543,0P00000PY3.F,EUR,107.58000183105467,107.58000183105467,0.01175585421305736,-0.014383872403813003,-0.013570472773428599,0.050278253544227214,0.10005502648600145,0.08206605713851385,-0.045613735348593254,-0.07215834198969395,0.004345829947876689,-0.010869572643874892,0.0027688592678030144,1212
2026-10-05,FR0007052782,CAC.PA,EUR,79.27999877929688,79.27999877929688,-0.030451240870641105,-0.05393799651378561,-0.06044084664762783,-0.04780210491012826,0.12311189908097832,0.10896610772069018,-0.0992955941501732,-0.10850611902089558,-0.02976308396649996,-0.05784822905889686,-0.035905483242636205,1292
2026-10-05,FR0007054358,MSE.PA,EUR,71.12000274658203,71.12000274658203,-0.00933275052794158,-0.024149212035726286,-0.0032234860891059425,0.048194610847458685,0.13313078234749276,0.11598951158336962,-0.05759446612430452,-0.10843727157026495,-0.00650267453519604,-0.021124512235886628,0.03585742473687814,1292
2026-10-05,FR0007061882,0P00000O6Y.F,EUR,686.75,686.75,-0.012367837618302513,-0.03778788854199411,0.0004079265063672288,0.0528131424984255,0.12676959281695493,0.11116838254623325,-0.05814422910075656,-0.12151241584563843,-0.011295777937744833,-0.025505579468059758,0.012314860528288119,1250
2026-10-05,FR0007062567,0P00000K4N.F,EUR,599.3400268554688,599.3400268554688,0.032970828076654746,0.06386687453751816,0.056329129855849036,0.19376176108418552,0.171132510734451,0.1508642030313669,-0.07313298381321787,-0.17320314463395015,0.04608364300762191,0.047616297751919,0.09786990497819459,1205
2026-10-05,FR0007064324,0P00000H22.F,EUR,503.55999755859375,503.55999755859375,-0.027125152027779986,-0.07713740487900911,-0.05938167456260701,-0.018726709806884734,0.11776396201889061,0.11213881038090288,-0.09982921128862354,-0.11976791296344502,-0.036488525964527674,-0.0631473246366071,-0.055407757392122226,1244
2026-10-02,FR0007072160,0P00000IK7.F,EUR,172.97999572753906,172.97999572753906,5.778173536108433e-05,-0.009335117559789219,-0.008255948036482885,0.0060485824785725395,0.023324577350343958,0.018746883126376016,-0.015104931135409005,-0.025147919362124238,-0.0016679528143772604,-0.0075219261474013255,-0.005504020463546144,1251
2026-10-05,FR0007076930,0P00000NME.F,EUR,537.72998046875,537.72998046875,-0.033902256458640534,-0.05735828037182389,-0.029157984169295714,0.01538948433834797,0.10568420848464027,0.10010306210818963,-0.0974594116765175,-0.0974594116765175,-0.0313893993451263,-0.05790226106481411,-0.005908237871582456,1243
2026-10-05,FR0007374145,0P00000QRC.F,EUR,509.739990234375,509.739990234375,-0.04324493748931735,-0.06512610686038511,0.1286672380561622,0.06257814753873614,0.36739920810009086,0.44587850960085135,-0.1443246314709533,-0.3714610457589358,-0.04337416699953234,-0.009800611903806433,0.015296349735131276,1178
2026-10-05,FR0007382965,0P00000MUL.F,EUR,3574.14990234375,3574.14990234375,0.0009129404332519631,-0.006114887321196472,0.0036222962004210935,0.03734757021097046,0.050047878890319634,0.044282395629869756,-0.024007435772887664,-0.05346302661329583,0.0016381512273058174,-0.004638426685961927,0.018255002028700007,1249
2026-10-02,FR0007390174,0P00000FNC.F,EUR,101.56999969482422,101.56999969482422,-0.04575350089138608,-0.0833859585538177,0.15499200449192085,-0.06636640463225363,0.33025898943507953,0.4159819085879914,-0.13671406010386655,-0.33703705023274577,-0.04433938553047301,-0.023489331408910186,0.008170975304726102,1254
2026-10-02,FR0010004085,0P00001NLH.F,EUR,999.6500244140624,999.6500244140624,-0.0030914740323486622,-0.0033101153434685893,0.028838157930939357,0.16180285778431802,0.10127847343276297,0.1115642147198156,-0.0345192340392364,-0.0930771863389761,0.006039375328859231,0.007491122931232219,0.06602057227541414,1214
2026-10-05,FR0010058529,0P00000QIF.F,EUR,1167.3199462890625,1167.3199462890625,-0.002154157495792952,-0.019734301624047212,-0.025202550071764085,0.06038058970546434,0.16007228081649774,0.13726528636605717,-0.07672122846149532,-0.16355001019165538,-0.0023187853812319803,-0.02207629488685736,0.005381318598741247,1252
2026-10-05,FR0010086512,0P00000G8V.F,EUR,331.70001220703125,331.70001220703125,-0.026901701650225096,-0.061297187124856434,-0.061536283063586605,0.022503139481797607,0.13355821347365018,0.13186580909179507,-0.1016957854026691,-0.11388989985918296,-0.029258301232705675,-0.058040778557759576,-0.0412748568123561,1244
2026-10-05,FR0010097683,0P00000CGO.F,EUR,591.5700073242188,591.5700073242188,0.012078488718139546,-0.001249329299564672,0.006276795282639025,0.08552918282490296,0.08907694668775036,0.07945241413552104,-0.024798944578964477,-0.08550661982129948,0.005452444045604077,0.004482041698588013,0.021950344763497887,1241
2026-10-02,FR0010128587,0P000015L9.F,EUR,685.5800170898438,685.5800170898438,-0.01405041898198256,-0.023904748414747434,-0.040086254745818506,0.010226338399750068,0.14886103908854892,0.12663729921252023,-0.061466786009790275,-0.10395436576214123,-0.017617043506349517,-0.028261173038376164,-0.021417231875404008,1236
2026-10-06,FR0010135103,Y9U6.F,EUR,855.875,855.875,0.01282665959796514,,,,0.08162898497476535,,-0.010894342592280948,-0.010894342592280948,,,,13
2026-10-05,FR0010147603,0P000018HU.F,EUR,447.9700012207031,447.9700012207031,0.02630074284215289,0.011789951938347087,0.04055652844072899,0.09836948514597976,0.09272793817430784,0.11547960062041401,-0.03333102988071146,-0.06154886324087783,0.01998439201104607,0.02282701505655771,0.054634556392676226,1252
2026-10-06,FR0010149120,Y9U4.F,EUR,1906.905029296875,1906.905029296875,-0.0010445908896710154,,,,0.023286517225271686,,-0.004180880996284775,-0.004180880996284775,,,,13
2026-10-06,FR0010149302,Y9U3.F,EUR,1970.06103515625,1970.06103515625,0.03477692564803814,,,,0.18984993731051863,,-0.023815523583374132,-0.023815523583374132,,,,13
2026-10-05,FR0010156604,0P00001BB3.F,EUR,252.1199951171875,252.1199951171875,0.009893856523494504,-0.00520836218238252,0.0034626671330846293,0.022633252141686322,0.056961004810737674,0.03684138548144233,-0.015730978957441466,-0.02863110837153171,0.004940582680710293,0.0003785166525822614,0.016063063015219647,1252
2026-10-05,FR0010158048,0P00001BW0.F,EUR,324.04998779296875,324.04998779296875,-0.0037507340422108237,-0.021056133925541398,-0.016271563733804006,0.05269142685322947,0.11245819801666093,0.0962206605175296,-0.06212029612390213,-0.12274891322971371,-0.0026269631707237506,-0.021040193475198588,0.010475165577044088,1252
2026-10-05,FR0010174144,0P0000M6PZ.F,EUR,250.69000244140625,250.69000244140625,-0.02012974503674847,-0.050848072558166146,-0.02587916652090727,-0.04089831755186868,0.06324268700905954,0.07183590965863158,-0.07862563685521728,-0.08133213701377529,-0.02361794023721464,-0.04658276655520177,-0.03599344190819409,1060
2026-10-05,FR0010177899,0P00000PNB.F,EUR,89.16000366210938,89.16000366210938,-0.0014558993401843079,-0.014043974773642831,-0.01827786873257875,0.008141126196600235,0.048547173267726236,0.041894271369592936,-0.02955288085780705,-0.046937452596716,-0.0037431900546488484,-0.0134330225131013,-0.002024783685700693,1250
2026-10-05,FR0010208488,ENGI.PA,EUR,22.8700008392334,22.8700008392334,-0.014224134174737113,-0.05417698301939122,-0.15795283624007372,-0.14107301232587433,0.1566436100801787,0.20243388528035627,-0.18963657013840252,-0.1988986334149726,-0.02899839627393508,-0.07537676871356624,-0.1057486266671348,1292
2026-10-05,FR0010220475,ALO.PA,EUR,15.44499969482422,15.44499969482422,0.04889638673697805,-0.05245396210156583,0.012123162723958858,-0.07181488814041748,0.27868731327763063,0.2706054711969296,-0.1409157685505299,-0.5127345882204348,0.009394638612982398,-0.027448085855321547,-0.22938083662284336,1292
2026-10-05,FR0010221234,ETL.PA,EUR,1.5204999446868896,1.5204999446868896,-0.0801573216463517,-0.17453857850753585,-0.3331140509795396,-0.4573519201119087,0.38606339568934434,0.40797615689761574,-0.3515991786200453,-0.6628603397956219,-0.12417381265501082,-0.19396309629102992,-0.34031919046349557,1292
2026-10-05,FR0010229187,0P00000FV4.F,EUR,319.92999267578125,319.92999267578125,-0.00716856265081689,-0.026295810499562422,-0.0037368423653503235,0.11684005522269181,0.10522919225839977,0.10836159801891818,-0.040434204459219525,-0.07929475665366614,-0.0074042382949184304,-0.012231883144268041,0.03398813819479196,1246
2026-10-05,FR0010230490,0PP1.MU,EUR,684.1090087890625,684.1090087890625,-0.005852008351649118,-0.03731907714765659,-0.05515811231272294,-0.04942748243740658,0.06951870319548656,0.04668895103583667,-0.05515811231272294,-0.06956858838666835,-0.01666423876475609,-0.03552817977859457,-0.0499305467112835,220
2026-10-05,FR0010261198,MEU.PA,EUR,243.3500061035156,243.3500061035156,-0.006937347182497944,-0.023866814582456763,-0.006937347182497944,0.0327194310551584,0.10847162451888129,0.08610535625082649,-0.04558065739555639,-0.09773398341024497,-0.005130697246967242,-0.01793423059336363,0.028747894651719896,1292
2026-10-02,FR0010286013,0P00000EUQ.F,EUR,488.2300109863281,488.2300109863281,-0.002451794347323788,-0.026169332716590388,-0.006693477581543927,0.02562866255974683,0.060292611276693796,0.057017924287962325,-0.03200028607393535,-0.06016847910817125,-0.012828175596708569,-0.017013735186014345,-0.007542152368250399,1232
2026-10-05,FR0010307819,LR.PA,EUR,143.10000610351562,143.10000610351562,0.061179085106358944,-0.010031109772602353,0.02764815873260762,-0.0378745878379626,0.4266470659279397,0.3210329708558517,-0.0944234578808334,-0.18306531519533542,0.03159301045339924,0.040114594602685516,0.02758230105746562,1292
2026-10-05,FR0010313833,AKE.PA,EUR,54.400001525878906,54.400001525878906,-0.035460991948418785,-0.07874678698155246,-0.03030297672871396,-0.07316238727416258,0.18653978555442316,0.2469019400480245,-0.13632718858089465,-0.22841862264948765,-0.03797689572163865,-0.07334852176243856,-0.027993925630174554,1292
2026-10-05,FR0010315770,WLD.PA,EUR,441.8800048828125,441.8800048828125,0.019801563193081018,0.030816224697986838,0.03825187628248572,0.12451963648241793,0.09866234253760393,0.09528937710297307,-0.030554849535535222,-0.06579517880427155,0.02504504160936527,0.02907292683299012,0.09603570993859933,1292
2026-10-06,FR0010321828,EHQ1.HM,EUR,372.8590087890625,372.8590087890625,0.014985558410348432,,,,0.1042684671163334,,-0.01188245815572242,-0.01188245815572242,,,,13
2026-10-05,FR0010340141,ADP.PA,EUR,107.0999984741211,107.0999984741211,-0.030769244578089605,-0.010166344779540926,-0.038599667799456006,-0.03216845652645284,0.3082921472632066,0.32537056792549784,-0.1520324955141642,-0.23520484593542768,-0.014129900598579326,-0.033620282581742655,-0.012211844658493787,1292
2026-10-05,FR0010363366,0P00006A6D.F,EUR,348.8500061035156,348.8500061035156,0.000573676209759677,-0.006804419192884548,-0.01435308303164673,0.027147192792593255,0.048075920777760565,0.046489990009149405,-0.026040348251668233,-0.06620432661115794,-0.0006874912951163603,-0.0072453740847950865,0.009978931477294894,1249
2026-10-05,FR0010375600,0P00006TTL.F,EUR,288.0899963378906,288.0899963378906,0.00586569133165904,-0.006586219524515102,-0.01581717977420205,0.028819397331755203,0.14787290112372903,0.12269900556974955,-0.07005546642478755,-0.11891872079739285,0.0088332795902073,-0.009017203340745739,0.009177658919312881,1252
2026-10-05,FR0010380675,0P00007ZHT.F,EUR,3209.93994140625,3209.93994140625,0.006976814184220581,0.015851968353547186,0.05633912467735369,0.2275104938456023,0.12778966690041368,0.13615749710433347,-0.0328478637587033,-0.08934768111999025,0.007894831757005338,0.027731375487775267,0.13133325307509125,1215
2026-10-05,FR0010400762,0P0000KOPQ.F,EUR,259.6199951171875,259.6199951171875,0.0004624089294316125,-0.0016535000806213729,-0.003454605920611864,0.021080786305953447,0.0696401796259331,0.0646866885881947,-0.021829087430467742,-0.05504625658299789,0.0011105238996818034,-0.0013048382674553105,0.014321678485099243,1225
2026-10-05,FR0010411983,SCR.PA,EUR,31.899999618530277,31.899999618530277,-0.04146632245747195,-0.03039519334253027,-0.00870107781199958,0.032639287989076005,0.2188038058314179,0.1983470832880882,-0.09515574150432382,-0.18987342828689058,-0.017947846741320217,-0.04429212197660304,0.04934978259579803,1292
2026-10-05,FR0010415448,0P00008IB9.F,EUR,588.5700073242188,588.5700073242188,0.06934952982749354,0.09730042500896108,0.01028183263871063,0.3280308763328501,0.21679395434880525,0.2804173446423997,-0.11651619158153215,-0.15046376283067087,0.07209018714162285,0.07325416307330457,0.17955231937180027,1173
2026-10-05,FR0010451203,RXL.PA,EUR,35.220001220703125,35.220001220703125,0.0034188818176306146,-0.039803682451623135,-0.09366956594125253,-0.05503447036371589,0.394747227712047,0.29715933041454257,-0.1297709560592487,-0.16975636676009265,-0.024781911729067185,-0.0290887133593567,-0.00948466709788287,1292
2026-10-05,FR0010533075,GET.PA,EUR,18.520000457763672,18.520000457763672,-0.009625684376041055,0.006521784876155179,-0.00483611765911629,-0.011887294784598712,0.11813080422512402,0.1281701737772286,-0.0618556123292201,-0.07211297161310692,-0.00024290135438376215,-0.006277806192136026,0.04416975415663593,1292
2026-10-05,FR0010546903,0P00000PUS.F,EUR,75.11000061035156,75.11000061035156,-0.017784759888082258,-0.04037301863094911,-0.0018604570052948022,0.03800442201221599,0.1333386473489683,0.1069244094703151,-0.05331479610264278,-0.11959289705296672,-0.018381649441862602,-0.03149602841298671,-0.007557929334939151,1247
2026-10-05,FR0010546929,0P00000MHU.F,EUR,39.66999816894531,39.66999816894531,-0.029598895977370088,-0.04822461903823139,-0.01416509656426046,0.13440082311062862,0.1379602593518422,0.11272679547425987,-0.0655270273391173,-0.09560373294814584,-0.026920997284961112,-0.0402713906090324,0.040183495244988654,1242
2026-10-05,FR0010557967,0P0000ADK9.F,EUR,196.63999938964844,196.63999938964844,-0.006517421986903638,-0.014335842658403819,0.0003560668607711648,0.0535226671301392,0.07743855581172254,0.07959681462914803,-0.03502118244865027,-0.07679091971778229,-0.005261028707993609,-0.012415128331257574,0.02619955471958013,1252
2026-10-02,FR0010564351,0P0000J3CO.F,EUR,203.80999755859372,203.80999755859372,0.00039268557763905143,-0.012691930485617453,-0.010486981838655707,0.04614510777331948,0.0725622615720082,0.06755218549985204,-0.03237068132455978,-0.06353414906261601,1.2255995354593097e-05,-0.007926470887648196,0.015075207313241634,1243
2026-10-05,FR0010592022,0P0000D2MT.F,EUR,133.1300048828125,133.1300048828125,0.011933774348996229,0.009019269511797434,0.012626482442353204,0.07701645680328317,0.11401988296852215,0.09504419958631868,-0.05379817857654812,-0.08556696470410918,0.017047590650703492,0.0032479847754085522,0.04258525228568266,1253
2026-10-05,FR0010601971,0P0000KWR3.F,EUR,332.5299987792969,332.5299987792969,-0.02412326110257701,-0.04461874070053806,-0.058388773817256934,-0.011004407953285611,0.07986184679487926,0.07030187236739947,-0.07280285189240632,-0.07280285189240632,-0.026568627214941687,-0.04737377373757534,-0.029007434072623628,1248
2026-10-05,FR0010611293,0P0000GBJZ.F,EUR,1865.9200439453125,1865.9200439453125,0.00025199967071865004,-0.016124416585651224,-0.02108993729400732,-0.01187282072127338,0.049368863127281164,0.04064760940186789,-0.029465792552069048,-0.046674149360825035,-0.0035972792987229996,-0.014909586160932964,-0.013278818008335969,1248
2026-10-02,FR0010616177,0P0000HR6L.F,EUR,177.3800048828125,177.3800048828125,-0.0291187310032458,-0.04782859372180548,-0.04336098244811315,-0.004378080170991616,0.11595313352042545,0.09020627283673943,-0.07444131153545908,-0.09792365079112963,-0.030522294057294563,-0.04627842738010801,-0.025084882442084178,1243
2026-10-05,FR0010651224,0P0000HR5T.F,EUR,4538.52001953125,4538.52001953125,-0.021541708664380543,-0.06438082963384395,-0.03527289907536624,-0.022437406587493824,0.115861578414293,0.1167972158886034,-0.11432705818944777,-0.1305381968790127,-0.023994548416809147,-0.059451397788383376,-0.03374039209414004,1253
2026-10-05,FR0010657122,0P0000HX49.F,EUR,1312.3900146484375,1312.3900146484375,-0.018700470546635706,-0.03711010304107765,-0.0509870623478369,-0.0651228016109896,0.13010943618697407,0.10456261016173908,-0.08575914766208714,-0.11219361897821434,-0.019316401960927765,-0.04459232505181154,-0.05116735803526684,1250
2026-10-02,FR0010668145,0P0000IT7S.F,EUR,687.5399780273438,687.5399780273438,0.005293009719914865,-0.006789570486154584,-0.04582549634052491,0.03507766490353492,0.11234488542607665,0.12410891059776198,-0.06995667126656246,-0.10189111228019454,0.010009871994475672,-0.011285248786734758,0.0019082217770789445,1243
2026-10-05,FR0010679902,0P0000IKS1.F,EUR,401.7099914550781,401.7099914550781,-0.03874133208390662,-0.08022898350296936,-0.07393150309942176,-0.04112763375643036,0.10597984182318566,0.1115066442917012,-0.11789636179400209,-0.13823713827402528,-0.044022208663889506,-0.0807194065506095,-0.07597997123096345,1253
2026-10-05,FR0010687749,0P0000HRVB.F,EUR,353.69000244140625,353.69000244140625,-5.651243717952337e-05,-0.022010207630078216,-0.013224312505183078,0.04191955265576919,0.13670256769665595,0.11010073946804456,-0.05663693095460853,-0.10297291465046632,0.0005431512169360442,-0.015204198276375536,0.020346791550276855,1251
2026-10-05,FR0010689141,0P0000IKSO.F,EUR,1930.949951171875,1930.949951171875,-0.013850370957679714,-0.049939729114351294,-0.003648088403692018,0.005498849943442741,0.09334360049602877,0.10539072646608133,-0.06081286320130852,-0.11447905426548899,-0.01794499101606406,-0.03586844734383321,-0.018427856845787294,1253
2026-10-05,FR0010697482,0P0000J0GI.F,EUR,142.5399932861328,142.5399932861328,0.0011940589644987565,-0.0022400064598316893,-0.0013312018993467678,0.0061409975889885615,0.010472408388397367,0.007875846196245706,-0.003987738313159794,-0.009263859031025667,0.00023504423511311323,-0.0011156750247290903,0.0019998752635519423,1251
2026-10-02,FR0010697532,0P0000JC17.F,EUR,216.97000122070312,216.97000122070312,-0.0015186462329505046,-0.008771520737809069,-0.013458789404143356,-0.0076381182473803655,0.014446159465193953,0.011620153306438731,-0.014409737214374663,-0.016377015249790627,-0.0031838070066677604,-0.007932142674821785,-0.008482297619253454,1251
2026-10-05,FR0010700823,0P0000IVLV.F,EUR,1489.510009765625,1489.510009765625,0.02206747501866002,0.037328226915384954,0.06050421044489318,0.1716248251381971,0.12552598481111574,0.11298795157667765,-0.038700809851986206,-0.10079621358980673,0.034683011031007904,0.03885030525619304,0.093102909429994,1214
2026-10-05,FR0010702084,0P0000KU3M.F,EUR,247.5500030517578,247.5500030517578,-0.007736061843968467,-0.03084989958100004,-0.04306312298316073,0.013220348848683505,0.12495638266042965,0.0990342162800817,-0.07118856253713468,-0.11380472679777409,-0.007692324230401892,-0.03187706000754276,-0.013804926647969618,1252
2026-10-05,FR0010751008,0P0000KM3H.F,EUR,1500.8299560546875,1500.8299560546875,0.006923768523154905,-0.019078223228415903,-0.030790923797873404,-0.018789588736430107,0.052438042294946446,0.03711223125702811,-0.037995840227485145,-0.0431709631640359,-0.002180719168963896,-0.01616919513663373,-0.023424869476227128,1252
2026-10-05,FR0010752543,0P0000KTWR.F,EUR,415.4599914550781,415.4599914550781,-0.0013941377702407776,-0.020557313808452604,-0.026250438548022448,-0.009701349929829184,0.032202287240133465,0.02507144110352366,-0.02695742027008452,-0.029276382778100074,-0.008008348537478449,-0.01735535765212104,-0.017538351992727463,1253
2026-10-05,FR0010784348,0P00001NRR.F,EUR,1118.4200439453125,1118.4200439453125,-0.03080663072727241,-0.06919339075380115,-0.0615786165918355,-0.036749884273484024,0.11944729013014206,0.1125628276674531,-0.11579199211823721,-0.11998356423860601,-0.03706423689919636,-0.07099699214682997,-0.04852220561267295,1252
2026-10-06,FR0010836163,69X3.MU,EUR,3002.56689453125,3002.56689453125,-0.01039293434958144,,,,0.05029881589755234,,-0.01039293434958144,-0.01039293434958144,,,,13
2026-10-06,FR0010858498,0PP0.MU,EUR,548.27001953125,548.27001953125,0.0,,,,0.03557877640104757,,0.0,0.0,,,,13
2026-10-06,FR0010859769,EHQ8.MU,EUR,527.8900146484375,527.8900146484375,0.031095598159610605,,,,0.1096117602197932,,-0.0064036680561671,-0.0064036680561671,,,,13
2026-10-05,FR0010896944,0P0000P2U7.F,EUR,142.83999633789062,142.83999633789062,-0.024050316054808674,-0.0413423064571099,-0.018551580821733138,0.03823226077068309,0.12798009094069984,0.10343873951618135,-0.061442567534388925,-0.09251694310225123,-0.02191516771221158,-0.03449956273003685,0.02252428577197163,1253
2026-10-05,FR0010908533,EDEN.PA,EUR,27.25,27.25,-0.03231533566559086,-0.08032396990135537,0.10862490173235839,0.43197978548640426,0.27171483186390777,0.27870931174159,-0.1208647379975889,-0.41323413035555057,-0.028520499108734443,-0.05000627473308905,0.25569548987451585,1292
2026-10-06,FR0010909531,ROY2.MU,EUR,294.95001220703125,294.95001220703125,0.0,,,,0.024671289953744468,,0.0,0.0,,,,13
2026-10-05,FR0011034131,0P0000VH9P.F,EUR,492.8599853515625,492.8599853515625,-0.010480246870842258,-0.014693841044907785,0.013948319137983889,0.04841518602966177,0.10447629116744044,0.0914080236440951,-0.04443576771227731,-0.08317117171309074,-0.001377826549317951,-0.01457132018619589,0.030438961903904715,1253
2026-10-05,FR0011069137,0P0000TV0S.F,EUR,300.69000244140625,300.69000244140625,0.01079061226478717,-0.0018589130575725754,0.037255466719218866,0.14369935815698942,0.11231643655055457,0.11786502411083172,-0.03883555398547767,-0.10720976035915342,0.01107274894496002,0.011867556384313804,0.05735823663177597,1216
2026-10-05,FR0011153014,0P0000UUVR.F,EUR,265.2200012207031,265.2200012207031,-0.009855836165280296,-0.029600074677678778,-0.005512022225227953,0.04085398438778154,0.08775376412959536,0.07316621766329721,-0.04719133486862548,-0.07922510462060839,-0.013434056331856792,-0.023212055579602597,0.022993048364203794,1250
2026-10-05,FR0011169341,0P0000V0BE.F,EUR,610.5900268554688,610.5900268554688,0.005086463959619314,-0.008653650153554127,-0.013570434920483376,0.050369044777909044,0.14030206315457638,0.11601222759675504,-0.05687711868348344,-0.1248088989990811,0.003977540279729741,-0.01091537990775071,0.0224226312078748,1252
2026-10-02,FR0011170182,0P0000VOSS.F,EUR,1246.8800048828125,1246.8800048828125,-0.05113840361254118,-0.09561833872952175,-0.013466270434752459,-0.177514355032092,0.2373455392225848,0.2824815634512933,-0.12028615733485948,-0.3734400146634508,-0.05189744013382758,-0.0537282098250258,-0.1349787112813844,1194
2026-10-05,FR0011198332,0P0000VG0E.F,EUR,118.62000274658205,118.62000274658205,0.001604343839539446,-8.424940628259936e-05,0.002704984670915289,0.0092742617085535,0.006959984575161924,0.004303230863631616,-0.001938765344887683,-0.001938765344887683,0.0011478573588479257,0.000860652970497533,0.007252547172357238,1251
2026-10-05,FR0011261197,0P00017SX2.F,EUR,3407.64990234375,3407.64990234375,0.010716199993830333,-0.014497777917734878,0.009677039696081247,-0.004891367970351834,0.11770955875871436,0.10804234509740725,-0.04791632439583271,-0.09957122066905022,0.005049172218979603,-0.00654943662080143,-0.01132850251805595,1250
2026-10-02,FR0011271550,0P0000WJFT.F,EUR,304.9100036621094,304.9100036621094,-0.02134418394079518,-0.051041032090803906,-0.039713989001868955,0.0019058821523854075,0.10224148828217086,0.10097726881323639,-0.0819005235890754,-0.1080676260275274,-0.023783473097458874,-0.05094769967184831,-0.02577784510190384,1253
2026-10-05,FR0011288513,0P0000XP79.F,EUR,133.85000610351562,133.85000610351562,0.0,-0.017398290236010472,-0.023634038375705213,-0.01108237851761007,0.029752661933921485,0.021802066263756123,-0.024203485527065638,-0.029187461979047202,-0.005911757972030585,-0.015036743219324022,-0.017427492866326277,1252
2026-10-05,FR0011350685,0P0000XRPO.F,EUR,1315.9300537109375,1315.9300537109375,0.00040294152884112755,-0.011611894912387677,-0.014446995562858,-0.004599024220524162,0.018768076191196456,0.013580058738022194,-0.015971554580839764,-0.01867545607765031,-0.004216379779775736,-0.009848882099343537,-0.009259699158753909,1250
2026-10-05,FR0011363746,0P0000YA5J.F,EUR,200.75,200.75,0.0018965159059380898,-0.010206129816915599,-0.01477225455429143,0.001296795349954527,0.0360111481119722,0.027882396999457503,-0.020540895599197362,-0.031872118869212596,-0.0010126663208472886,-0.00855090809657355,-0.00601392591855221,1241
2026-10-02,FR0011400712,0P0000Y520.F,EUR,941.3099975585938,941.3099975585938,0.004664114143702269,0.01035788237364299,0.01042295215448985,0.11604994573679828,0.12260529107245667,0.13459796520078918,-0.07302708876997388,-0.12448297538646003,0.01889420486716209,0.009129343157339598,0.04436165319543228,1196
2026-10-05,FR0011550193,ETZ.PA,EUR,20.905000686645508,20.905000686645508,-0.007595530185409816,-0.024270644990995183,-0.00877190443830711,0.02576062549058311,0.11265721286132419,0.08824197359820293,-0.04919538826778014,-0.09410045263958577,-0.005920231605334725,-0.019860624670010485,0.024572117733801413,1292
2026-10-05,FR0011586544,0P000115CR.F,EUR,3380.739990234375,3380.739990234375,0.01880147987464942,0.02024041921514752,0.04827194806056023,0.1833802526103565,0.11590713099144974,0.10717662343220495,-0.03778567595914151,-0.11714410061051672,0.024021370323640268,0.023540453796830674,0.09411336209958332,1255
2026-10-05,FR0011631050,0P00011S1H.F,EUR,219.1199951171875,219.1199951171875,-0.012750627934068559,-0.04289336603257887,-0.02634973496626214,-0.01656120677635131,0.12193438158208895,0.10681087662338622,-0.06622035858934383,-0.1151385532086443,-0.01750265865791456,-0.036933398235211135,-0.0334868021200303,1252
2026-10-05,FR0011694256,0P00014KUO.F,EUR,152.72999572753906,152.72999572753906,-0.021839398459325476,-0.08204116332901679,-0.11188001021452454,-0.0962722146299464,0.12611508456178536,0.10935924031638679,-0.14843093087433812,-0.17317128044157837,-0.03495776659784944,-0.08378237409671874,-0.09360989485087023,1252
2026-10-05,FR0011726835,GTT.PA,EUR,213.0,213.0,-0.0273972602739726,-0.03181818181818186,0.1216430060345739,0.12297863864351544,0.21997683734009674,0.22709202528307001,-0.077533066535311,-0.15003473389952182,-0.02476992743551898,0.016716149146214887,0.1056948600867047,1292
2026-10-05,FR0011950732,ELIOR.PA,EUR,1.7769999504089355,1.7769999504089355,-0.014966779001376551,-0.13401563802762306,-0.11592041848747492,-0.31653845554272786,0.29185977928593476,0.22385677787326225,-0.17750928358982165,-0.40763051183395593,-0.05347824041386495,-0.11676411345059756,-0.24067629303997706,1292
2026-10-05,FR0012333284,ABVX.PA,EUR,80.9000015258789,80.9000015258789,-0.03518183663596197,-0.17406836093494404,-0.32639464984413735,-0.22731610426052518,0.46147836844884776,0.3644707368727797,-0.32639464984413735,-0.4844771430760161,-0.10146052845871567,-0.1780793943249812,-0.20514834481001631,1292
2026-10-05,FR0012355139,0P0001572S.F,EUR,128.32000732421875,128.32000732421875,0.009678267540884411,-0.018810150466735953,-0.029202493307973643,-0.009111912554295332,0.07872894726851572,0.06342862001020735,-0.04443611776022083,-0.05565120950851987,2.3429186253753898e-05,-0.014723808820998774,-0.01938976787150859,1250
2026-10-05,FR0012435121,ELIS.PA,EUR,21.420000076293945,21.420000076293945,-0.02636363289572974,-0.0646288020476099,-0.16523771614697735,-0.1895553391531063,0.3474109558611577,0.2693523497415765,-0.1949347669920357,-0.2560284051549274,-0.03583003245158456,-0.09175711935710751,-0.13990647236342424,1292
2026-10-05,FR0012757854,SPIE.PA,EUR,42.34000015258789,42.34000015258789,-0.01443200523970345,-0.025734540903486702,-0.10580000177241966,-0.09733529071577918,0.2855375393182383,0.23738483405092037,-0.1523797411535872,-0.21585082940225453,-0.02129504223962919,-0.05031114131052805,-0.09552231544191958,1292
2026-10-05,FR0013176526,FR.PA,EUR,14.34000015258789,14.34000015258789,-0.01948716905381942,-0.009668466441596024,0.14628296484608638,0.27728351066468515,0.38247495748664007,0.356303662498705,-0.10293644910028732,-0.2740685965690174,-0.019285992345220992,-0.012110928021427214,0.13978963820376422,1292
2026-10-05,FR0013202132,0P0001AC1I.F,EUR,114.83000183105467,114.83000183105467,-0.0018254440438232322,-0.016866448366702147,-0.020639643231943117,-0.006403027305733278,0.03882998712952344,0.026105584306371533,-0.023139099532864305,-0.027311290746644623,-0.007180485145994009,-0.014989169198783903,-0.016211128270715802,1244
2026-10-05,FR0013227113,SOI.PA,EUR,167.4499969482422,167.4499969482422,0.17467550588156455,0.16811991502339763,0.7111178817071195,0.711817598350516,0.919552631320647,0.9810560447838853,-0.19213484289047866,-0.5504682471501512,0.1420679092968853,0.30478212421964956,0.789686901775327,1292
2026-10-05,FR0013254331,0P0001BGYT.F,EUR,424.1099853515625,424.1099853515625,0.00805757777387206,-2.36012584651224e-05,0.040377754695263945,0.12897295750716076,0.11219226874655205,0.11468176987319183,-0.036921992311737206,-0.11598420067942472,0.012827777628455328,0.010496882553353348,0.05091590030390525,1214
2026-10-05,FR0013269123,RUI.PA,EUR,35.099998474121094,35.099998474121094,-0.002274071357609375,0.03662131841162597,0.10586007332175096,0.10839806088094672,0.2540285001722119,0.19308440719062542,-0.044751350766358944,-0.11528145624745234,-0.0019336256455735334,0.02419547770193886,0.06790501386974568,1292
2026-10-05,FR0013280286,BIM.PA,EUR,78.1500015258789,78.1500015258789,-0.01944787304533857,0.07718812182717638,0.10303462539133634,-0.13180162860557876,0.22568318016812666,0.26899136635133536,-0.07805201750923207,-0.4118945926191766,0.049098924132212174,0.05643800643296948,-0.04900038006368801,1292
2026-10-05,FR0013326246,URW.PA,EUR,88.58000183105469,88.58000183105469,-0.03402393916052715,-0.07381846093317612,-0.13326805796369223,-0.13008558315286234,0.16964027236738574,0.14051523908773672,-0.17356000583551412,-0.17356000583551412,-0.03882460135444732,-0.09721498586618171,-0.0819311965172741,888
2026-10-05,FR0013333838,0P0001DXTL.F,EUR,118.13999938964844,118.13999938964844,0.0007623577769089174,-0.006224746642549572,0.0003387037768345369,0.025164887015245663,0.019704337009594217,0.024529159755263107,-0.014128092314013574,-0.033081040146226814,-0.00022003448619845045,-0.004637279371577097,0.010358434708254372,1251
2026-10-05,FR0013334380,0P0001DXU9.F,EUR,102.76000213623048,102.76000213623048,-0.008777814688796237,-0.03475480913076412,-0.04052284220096691,0.04441511102440154,0.1847406384525537,0.1521784155991819,-0.07188473531632189,-0.1084672057823034,-0.008892550832794832,-0.028130842367302678,0.008428783241295035,1251
2026-10-05,FR0013342755,0P0001E0HL.F,EUR,186.50999450683597,186.50999450683597,0.005011276358472649,-0.007608853442556018,-0.04152321282243299,0.0009659886975392773,0.185175501736391,0.14652968819593043,-0.07626430686469654,-0.11584945799770097,0.004161763487727788,-0.013285312685064166,0.0011500208819410496,1252
2026-10-05,FR0013351285,0P0001EPLY.F,EUR,155.2100067138672,155.2100067138672,-0.03199444768111892,-0.05463507346859109,-0.07182151907166123,-0.009382091081379551,0.0746216559282379,0.06615309111354467,-0.07963705363133211,-0.09545535463958221,-0.036928761211137195,-0.05726613305709838,-0.04953369732381563,1248
2026-09-30,FR0013433067,0P0001ILL4.F,EUR,95.12999725341795,95.12999725341795,-0.03909093683416209,-0.05465567077527855,-0.06358892919915626,-0.025606883850572637,0.1728127718747212,0.2246771464157189,-0.11316681697844033,-0.20466606893546202,-0.015074677558829519,-0.04941296774001547,-0.0839968360007769,1177
2026-10-05,FR0013451333,FDJU.PA,EUR,20.8700008392334,20.8700008392334,0.0024015919856910095,-0.06580122217162143,-0.09770853452371242,-0.14934460710438835,0.14738577436520076,0.1487737971328221,-0.11900687559972067,-0.20586134726568295,-0.0330128221726802,-0.05156191418174194,-0.06606691792106756,1292
2026-10-05,FR0014000MR3,ERF.PA,EUR,75.54000091552734,75.54000091552734,-0.04039634471371745,0.05502796823145628,0.08690648799319911,0.09441958897168634,0.2777484860085679,0.2502288402926221,-0.07004213550513194,-0.20375860905809895,0.006837550074479726,0.04146561892778844,0.13066078402067194,1292
2026-10-05,FR0014003TT8,DSY.PA,EUR,21.399999618530277,21.399999618530277,0.015662075390875385,0.040856039611253614,0.14683814541928664,0.11909373834876136,0.2698284409190783,0.36020554686693007,-0.1264616741878486,-0.47274530078621,0.029638183005920027,0.0009073568503419338,0.07619985814561359,1292
2026-10-05,FR0014004L86,AM.PA,EUR,288.3999938964844,288.3999938964844,-0.008253074268328442,0.04720406785806386,0.01692520341913073,-0.1018566759456111,0.195720511971584,0.23394305927607478,-0.14044944087776323,-0.20795749519430162,0.0063507455527576084,-0.02214749713848807,-0.04972181990828195,1292
2026-10-05,FR00140081Y1,0P0001P1UF.F,EUR,127.72000122070312,127.72000122070312,0.0008620061893693798,-0.004210145869794402,-0.004365431586550117,0.004561914691199043,0.011354301605658187,0.01208524251974559,-0.0075439509013045525,-0.012880632916910884,-0.0007510729895534585,-0.0031111667551931843,-0.0002219068677170588,1096
2026-10-02,FR0014008NN3,0P0001P5RF.F,EUR,1103.8499755859375,1103.8499755859375,-0.04848720039976684,-0.06332734210141422,0.004285132808131253,-0.06331938612968313,0.21143793020450863,0.19622802762780614,-0.08371377079233333,-0.21793387774801054,-0.04160638401201966,-0.0395483351155681,-0.05978935998535928,1022
2026-10-05,FR001400AJ45,ML.PA,EUR,33.310001373291016,33.310001373291016,-0.01420537227673635,-0.033652445788583174,-0.040886789163887105,0.07418544990838916,0.1714893408237395,0.17079283692174707,-0.06113158439342947,-0.17488391923233015,-0.0067686051246169665,-0.025436334473456057,0.052713066843527834,1292
2026-10-05,FR001400C7W0,0P0001Q63A.F,EUR,120.12999725341795,120.12999725341795,-0.0005158753383152082,-0.005019238730046172,-0.004235720789997788,0.006097023697818615,0.008579327404421617,0.006394228031496713,-0.005669868593683125,-0.010383330479376118,-0.002138120778389152,-0.003660262094301925,0.0016333301543580703,951
2026-10-05,FR001400J770,AF.PA,EUR,11.220000267028809,11.220000267028809,-0.036909816788106564,-0.03275862947797359,-0.12955779920975985,0.06552711790648114,0.3182933272422643,0.34313005186436113,-0.14220180944391325,-0.3487062871159111,-0.028487301905882445,-0.0512991610491591,-0.005082744943569084,1292
2026-10-05,FR001400KAV4,0P0001RSZC.F,EUR,118.48999786376952,118.48999786376952,8.435606475987178e-05,-0.014881949897687097,-0.018635083980527045,-0.004536679165464963,0.024699478748329035,0.018546601769122695,-0.019529899474326817,-0.023963510996798165,-0.004871106002891867,-0.012212932240880492,-0.011191604311617143,730
2026-10-05,FR001400L7X7,0P0001S005.F,EUR,1084.27001953125,1084.27001953125,0.0005721359324684094,-0.006150397860295254,-0.0062779305819630205,0.00192210077493149,0.013132441501917565,0.009668678138182082,-0.00821875904603675,-0.011346908589593308,-0.0012826202066704706,-0.00448072774913999,-0.0018935227191814175,691
2026-10-05,FR001400MCQ6,0P0001SCG2.F,EUR,110.91000366210938,110.91000366210938,-0.0017999905241973257,-0.015271185592223624,-0.016755313284709805,-0.0032353104324414073,0.02272940943698357,0.016184418197128504,-0.01858241248053083,-0.023477096143128984,-0.006084805981526276,-0.012502401511919725,-0.009665796510240798,626
2026-10-02,FR001400TS43,0P0001UK5Q.F,EUR,249.2899932861328,249.2899932861328,-0.008708455855784836,0.026180384481547803,-0.11445424802591353,-0.18396673784671302,0.2956440760962928,0.40425768247295524,-0.18553518231842958,-0.4031498049663377,0.01790695658560182,-0.01765303011794761,-0.12542638569142361,418
2026-10-05,FR001400U4T1,0P0001UJXE.F,EUR,100.22000122070312,100.22000122070312,-0.0010963880030300244,-0.02119345816857865,-0.026328563843756148,-0.009555471376714086,0.03019761802893286,0.023032887871850257,-0.027084757379556068,-0.028593554333610216,-0.008027235921041598,-0.017703289261773003,-0.016641713107729328,427
2026-10-02,FR001400Y4C3,0P0001VF8D.F,EUR,102.8000030517578,102.8000030517578,0.004995665023572071,-0.006993537816589068,-0.011946947171559197,0.004809051110262086,0.028751543798759684,0.020447420020047097,-0.018309725716360914,-0.018998010653424435,0.001261831821335102,-0.004889949472253852,-0.0040407749188282605,332
2026-10-05,FR0014010443,0P0001X7LU.F,EUR,121.77999877929688,121.77999877929688,0.002387035316705921,-0.0025390905716453638,0.010035656361742529,0.036425521525930815,0.1402748956115632,0.11185201644370414,-0.06508550861145868,-0.07909845364679069,0.004607261477502345,-0.009738369568184524,0.03653932005510252,264
2026-10-05,FR00140182K6,WLN.PA,EUR,10.420000076293944,10.420000076293944,-0.08628552978220971,-0.2668167636781338,0.08293497788470616,-0.14421810256557666,0.40918948646193565,0.7185569363907769,-0.28571429505341295,-0.6923202289695345,-0.15701930287232102,-0.17031610416362708,-0.18089561186181613,1292
2026-10-05,IE0000MMQ5M5,XZME.DE,EUR,11.517999649047852,11.517999649047852,0.010528153013608321,0.007698980010720113,0.039718322590364785,0.09278934447195986,0.11281233593587002,0.13387663837882507,-0.03448275565216474,-0.12315044752045123,0.011584277263138931,0.012051809063668983,0.07032968240073934,1144
2026-10-05,IE0002EI5AG0,XDEE.DE,EUR,11.93000030517578,11.93000030517578,0.0055630464395328705,-0.034164501558870075,-0.020364603037583362,0.03379552379652928,0.08609726366795876,0.09190465943841433,-0.06861037817093696,-0.07195734552495425,-0.0070992632222453,-0.028045704767583057,0.01898666015536743,1254
2026-10-05,IE0003UN5CT1,JSEE.L,EUR,31.434999465942383,31.434999465942383,-0.007890168982603862,-0.02254354430689054,-0.022315548813946817,0.03925944362234257,0.12101754792685879,0.09815459837388876,-0.049569186207256144,-0.10927735477485356,-0.004248623582033262,-0.019464125499906726,0.022627258419253504,458
2026-10-05,IE00069JGT58,JSEU.L,USD,38.371168465700016,38.371168465700016,0.018456476353082785,0.04067408814119888,0.05137651041928626,0.17370607005947147,0.13115041724118287,0.1310967142365354,-0.033805521724557974,-0.09540032619128536,0.028354198269898934,0.034891049030793875,0.11291746175393236,798
2026-10-05,IE0006YM7D84,XZHY.L,USD,33.670844050776,33.670844050776,0.005455813474320337,0.0030860154209346735,-0.009908238289928928,0.028332058250780223,0.08029566803732638,0.06655689565078737,-0.024689854285575796,-0.03299643726822499,0.002234880450067145,0.00031912240511067225,0.013825514057853372,1075
2026-10-05,IE000ANHU3J3,JSEM.SW,USD,37.65590155953885,37.65590155953885,0.03229752207311032,0.03732338152111381,0.060882431428049166,0.20053341956797888,0.24854278043948813,0.22900030001000293,-0.06438650831226733,-0.13277301158653176,0.03271277461795452,0.05531212784719908,0.13850401046199567,396
2026-10-05,IE000I8KRLL9,SEMI.AS,USD,19.68538234737097,19.68538234737097,0.07477491569956896,0.13209199966042373,0.06575428230565805,0.4956634334062109,0.3832184112921682,0.44120774391602213,-0.19026407285336466,-0.28230899511903307,0.09069714748828206,0.135129831144847,0.31911844377316756,1292
2026-10-05,IE000R85HL30,WEBD.DE,EUR,128.86000061035156,128.86000061035156,0.03601868030118882,-0.0871351851279345,-0.06602885069036701,0.005446216764046774,0.5298926735808797,0.32228792420345587,-0.18689110265098707,-0.18689110265098707,0.044153284107043556,-0.04242717339092439,-0.013599703241111372,1284
2026-10-05,IE000RDRMSD1,BLKC.AS,USD,15.311148950809851,15.311148950809851,-0.021967896175736357,-0.015590957284119189,0.022218535656067573,0.0423516708981595,0.43251876515557125,0.4876323104046916,-0.12479567170263195,-0.4311174525246234,-0.024158092825267707,0.018461705234775083,0.0384547442452321,1028
2026-10-05,IE000U58J0M1,INRA.AS,USD,22.64960688469733,22.64960688469733,0.04046464652258619,-0.00777972834396079,-0.07226815344659965,-0.06678552168002894,0.2886574419064929,0.2555409540632943,-0.12308070495053736,-0.2681388228480649,0.0074225880146119305,0.001355553459121639,-0.0562450301908507,1179
2026-10-05,IE000UX5WPU4,XYPL.DE,EUR,9.821200370788574,9.821200370788574,0.005549316199808585,-0.01284551042183213,-0.022425703537105046,-0.02081748432118502,0.044929928912213896,0.03594502248396452,-0.03239188740138765,-0.04029930153085548,-0.0014833268166782876,-0.012354486312499247,-0.018055584318924178,1098
2026-10-05,IE000VA628D5,SP20.AS,USD,6.230372303939118,6.230372303939118,0.02201137442076062,0.06929990398392372,0.08297561146497179,0.16469582391588622,0.1525268856931128,0.1696836383452526,-0.044330093330838816,-0.1284309111272145,0.039930284099366276,0.0638679812841072,0.13762803448521255,479
2026-10-06,IE0030351732,WYZ1.F,EUR,53.80400085449219,53.80400085449219,0.009190863301193675,,,,0.16614035385606016,,-0.03674082391942335,-0.03674082391942335,,,,13
2026-10-05,IE00B3ZW0K18,IUSE.L,EUR,159.11000061035156,159.11000061035156,0.01002984728812395,0.006834157054971701,0.023544572106540373,0.10516079225726416,0.11227553237088148,0.11327762556688895,-0.026802918883324978,-0.08666481270306314,0.010812662978231025,0.01121674323384303,0.06714456246961187,1273
2026-10-05,IE00B4L5Y983,IWDA.L,USD,130.6761108679635,130.6761108679635,0.016649381133347463,0.025107704955692256,0.03589617841622794,0.13986906251037823,0.1331037449102588,0.12179026959646135,-0.0314395943389254,-0.06426178066922439,0.02161727619978926,0.025545563318926767,0.09326304518831918,1273
2026-10-05,IE00B6R51Z18,IOGP.L,USD,30.82310383353621,30.82310383353621,0.016651377946388823,-0.01055986941531828,0.1298911524769566,0.07570069806072643,0.23700400880027592,0.24706214770927803,-0.08562153816997653,-0.1893189566400566,-0.0037003041597036823,0.0107787392462384,0.0884726582540376,1273
2026-10-05,IE00B6R52143,ISAG.L,USD,49.48223344231901,49.48223344231901,0.0054417459093571985,-0.05088929986992252,0.02416806917920633,-0.0033098128327380127,0.12192813899760827,0.15080753815097425,-0.07721369534247513,-0.0928890168616453,-0.015706257186781536,-0.005365575452372373,0.015283873041787022,1273
2026-10-05,IE00BDQYWQ65,TIP5.L,USD,4.3173673625113285,4.3173673625113285,0.013521518411101274,0.02267782579234434,0.008833274108055011,0.03974237932048519,0.04130086604274555,0.04593211012734151,-0.023758590358265108,-0.0393317021918399,0.015629318399451586,0.018036361578763982,0.027044697255994565,1273
2026-10-05,IE00BF4G6Z54,JREM.L,USD,47.105416420047206,47.105416420047206,0.03951677963932143,0.030674748537923735,0.03987131275004874,0.178075644780872,0.2273144946654309,0.22575347098072035,-0.08317521735587285,-0.13277031521209293,0.0356262072772231,0.05499028389089555,0.13108713700630603,1272
2026-10-05,IE00BFMNHK08,XZEU.DE,EUR,36.619998931884766,36.619998931884766,-0.00543185129269752,-0.020462737033421496,-0.007991384974298965,0.055179282518190265,0.11775311994225768,0.09260343856403801,-0.04838921969104015,-0.10329516595899846,-0.0007708710712993616,-0.016305399660063835,0.041269736526819534,1283
2026-10-05,IE00BG0J4B71,EH1Y.DE,EUR,4.712600231170654,4.712600231170654,-0.003446832187481541,-0.02159191505277347,-0.02515077404676136,-0.013100260948722187,0.04289629378118122,0.03427580842970924,-0.028129774050570933,-0.03306860401077327,-0.009286705081022917,-0.017647109329334332,-0.012952331360640001,1146
2026-10-05,IE00BG0J4C88,LOCK.L,USD,11.895638977074029,11.895638977074029,0.05231279017304846,0.11236648287444462,0.1281326421315716,0.378796758667842,0.23953567555411293,0.24297388941758713,-0.06918210405872405,-0.12423833383261185,0.05492160949984215,0.08465709313861391,0.2427778684611488,1273
2026-10-05,IE00BG370F43,XZEM.L,USD,61.890554767738486,61.890554767738486,0.03661509165869048,0.03722467449444067,0.026279715561732253,0.07266741099652418,0.20396528823836219,0.21210993702373548,-0.08180541545851416,-0.13248037332383544,0.03654204418960938,0.05523604517271963,0.06963913708966496,1273
2026-10-05,IE00BHZPJ015,EDM4.DE,EUR,10.305999755859377,10.305999755859377,-0.008275639036113391,-0.018663121489954748,-0.007511562979839015,0.03661228651322168,0.13090231088756418,0.11067065006835992,-0.053667599266246535,-0.10782747063876086,-0.004635912723933822,-0.01761546482071097,0.03207790934894961,1286
2026-10-05,IE00BHZPJ239,EDM2.SW,USD,8.676495573136563,8.676495573136563,0.039122063081509006,0.03416246897626651,0.07415049184685207,0.17163566396043173,0.21849477625869965,0.21600181530554685,-0.06363902700016055,-0.1345260918002107,0.03761147711371238,0.05687426516271232,0.12909499267530422,1268
2026-10-05,IE00BJ5JPH63,3SUD.DE,EUR,5.044000148773193,5.044000148773193,-0.005128209469007494,-0.041356216369300536,-0.04661091038352472,-0.049700379911965076,0.06403563171820005,0.05427393289192033,-0.051373066040586335,-0.05996626709503183,-0.021014010952529083,-0.0336483217067457,-0.039456887874704805,1286
2026-10-05,IE00BJZ2DC62,XRMU.L,USD,60.3000852876116,60.3000852876116,0.021408644612049832,0.0427709719603202,0.04626357778690515,0.17526491868214933,0.1328553360417202,0.13511764203502158,-0.033469853884432466,-0.08608559168927943,0.0301909457256464,0.03885222072800931,0.11443719460826585,1273
2026-10-05,IE00BJZ2DD79,XRSU.L,USD,374.4798383560379,374.4798383560379,0.02152514263824412,-0.01068926566326922,-0.028349019932346398,0.1029368913260833,0.16688361684606964,0.14543334537586955,-0.07449764261992065,-0.09191930547627514,0.01005785220872002,-0.010641476714059794,0.05369206371847901,1273
2026-10-05,IE00BKBF6H24,IWLE.DE,EUR,10.902000427246094,10.902000427246094,0.007625163639389365,0.0008722059771935076,0.02006921415618046,0.07161708628956065,0.11149890051053413,0.10094233081714771,-0.029517160170236978,-0.07851649475827649,0.008004804671919219,0.0051910352620112565,0.05938444981194535,1286
2026-10-05,IE00BL25JL35,XDEQ.SW,USD,81.38934493775868,81.38934493775868,0.016489400722948355,0.029802392959419333,0.03248216952698235,0.1377160990393298,0.09252557615545422,0.10136533114251793,-0.039215467351097044,-0.0645891391851322,0.02765218163490979,0.027929952798517066,0.09147807254440044,1268
2026-10-05,IE00BL25JM42,XDEV.SW,USD,74.46769556940815,74.46769556940815,0.006653425285729764,-0.0015382336951159647,0.049510424672021935,0.2775150362175909,0.153661492324163,0.13988137445741733,-0.03157630572934933,-0.05770898221228993,0.005598490867704697,0.02004424480532041,0.15527600207671677,1258
2026-10-05,IE00BL25JN58,XDEB.DE,EUR,45.42499923706055,45.42499923706055,0.01463030539646315,0.010454841215937538,0.02493230031238869,0.07020849484420455,0.07004193119382106,0.08753557063130855,-0.024500063829753338,-0.053087219156055854,0.01200254245444965,0.008693511551444821,0.048377074850479485,1285
2026-10-05,IE00BL25JP72,XDEM.SW,USD,89.9547734158557,89.9547734158557,0.032318004528194555,0.059353538197924216,0.04714254910049065,0.20042209913300657,0.17936819196134615,0.2139541587105276,-0.08598625480094368,-0.12784451494966353,0.04180485184689253,0.060418666420083866,0.14052870376715187,1258
2026-10-05,IE00BM67HK77,XDWH.L,USD,53.83603170682415,53.83603170682415,-0.018656625794516546,-0.0026295480472997568,0.023323666918107167,0.11601088975661766,0.14200219691043442,0.1550139245146848,-0.05875719335444407,-0.10318579402849182,0.0006479724034222922,-0.0018815239142236928,0.05881702341023387,1273
2026-10-05,IE00BM67HM91,XDW0.L,USD,67.88369193250374,67.88369193250374,0.015681740292055935,0.01886926523510768,0.1603256231403296,0.15076134379963224,0.1664768623163412,0.1986537066075751,-0.05429453431446529,-0.15272657622424402,0.011952363189463577,0.037562190664743644,0.1430148849676356,1273
2026-10-05,IE00BM97MR69,XT0D.L,USD,56.79483478226238,56.79483478226238,0.011683988419828761,0.0343657653959597,0.023982320208464802,0.06566832263907307,0.03848060848418333,0.04355619342019475,-0.0240998227837117,-0.035956034609163745,0.0184354313263817,0.02659806999107661,0.045342123892448294,1273
2026-10-05,IE00BMDFDY08,UEEF.DE,EUR,5.634600162506104,5.634600162506104,-0.004241277282508338,-0.02515571661321203,-0.02353387697264253,-0.02404123591794527,0.06628250545621109,0.048418237546447626,-0.036452485144036206,-0.036452485144036206,-0.013109816863947299,-0.021235891003664298,-0.01950886701723975,1286
2026-10-05,IE00BMG6Z448,EXCH.AS,USD,8.683603297787649,8.683603297787649,0.044483012367423136,0.04024082251959604,0.08921911390527826,0.1974408950967872,0.2714045584484638,0.2696130020568311,-0.09431093998598683,-0.17728773058573388,0.041555062207454974,0.07372625333943761,0.17160380354304539,1292
2026-10-05,IE00BQ3D6V05,0P000166SB,USD,83.09532087504327,83.09532087504327,0.04202968537234453,0.07791659996449352,0.04040746074308599,0.20573974868585454,0.12398186520769018,0.20037488514732835,-0.09062458852934518,-0.12341477579416804,0.04740568452120364,0.06152725731416875,0.13397731597612528,1213
2026-10-05,IE00BYVQ9F29,NQSE.DE,EUR,17.937999725341797,17.937999725341797,0.024677207456898387,0.04802527114473132,0.04900580848993208,0.15149567635607042,0.16429798297857018,0.1786282833515873,-0.07555499734560822,-0.11870130610035734,0.03398583738324534,0.04816974892397807,0.11587687897671484,1286
2026-10-05,IE00BYZK4552,RBOT.L,USD,20.142974745461174,20.142974745461174,0.06055399714494114,0.09471428885873268,0.10245482310647058,0.3624259644698564,0.2447075083880944,0.257624354021916,-0.07714870408643226,-0.1270730588029788,0.07211871650557189,0.08792683424113679,0.23007179131300792,1273
2026-10-05,IE00BZ02LR44,XZW0.L,USD,50.8416866186576,50.8416866186576,0.016894796598181383,0.026734871036502073,0.051163917828882965,0.15766475877828334,0.1393861370733677,0.14286955425643003,-0.03517718499463052,-0.10518426628150501,0.02394267551155016,0.029715398944449634,0.10046125946884676,1273
2026-10-05,IE00BZ036J45,XDGE.DE,EUR,9.539199829101562,9.539199829101562,-0.0024887479790640654,-0.03269247339404724,-0.04462432506958336,-0.061823244621551754,0.060525189234042334,0.05328773011340184,-0.04773330832690326,-0.0729180878261746,-0.01833218933876224,-0.030173366026250314,-0.049465741062491575,1286
2026-10-05,IE00BZ163G84,VECP.AS,EUR,46.81999969482422,46.81999969482422,0.005584156225612702,-0.01017640089527494,-0.017763292258424435,-0.01690320852582361,0.03524799147564537,0.026882180077072364,-0.025139970010020662,-0.03007659148121422,-0.0009234609471600042,-0.009584253740290039,-0.01370388999256722,1291
2026-10-05,IT0000072618,ISP.MI,EUR,6.426000118255615,6.426000118255615,-0.049689435299855256,-0.04573805736802605,0.015968428780429145,0.12209825052810563,0.2358214024071303,0.19130101407503222,-0.08515248862539637,-0.18962136424504183,-0.03722402208651687,-0.04427620056890369,0.08349598762322241,1282
2026-10-05,IT0003128367,ENEL.MI,EUR,8.75,8.75,0.00424649388156606,-0.0274535676027593,-0.1211967380497645,-0.07683645356220847,0.1950216390534268,0.17320498631979792,-0.1369971620497238,-0.1369971620497238,-0.010835593878594452,-0.05792826129624007,-0.06190404663010396,1282
2026-10-05,IT0003132476,ENI.MI,EUR,24.40999984741211,24.40999984741211,-0.006916195151407845,0.06369342577924364,0.14509856063102577,0.14774944477348084,0.19310763193377853,0.2677342769738602,-0.07494912450458358,-0.18371762343297826,0.01993607156195365,0.03747699569194607,0.15298269635218187,1282
2026-10-05,IT0003242622,TRN.MI,EUR,9.09000015258789,9.09000015258789,-0.009803937864484191,-0.029468291449626705,-0.11360311544146096,-0.06485611289513804,0.17431997022052143,0.15713285256078338,-0.13442623614171878,-0.13442623614171878,-0.014238765005784026,-0.05197946697956901,-0.05470005710851522,1282
2026-10-06,LU0029874905,TEP6.F,EUR,72.08499908447266,72.08499908447266,0.04386294223995035,,,,0.23214434362702205,,-0.02363170189880326,-0.02363170189880326,,,,13
2026-10-06,LU0048574536,FPGK.MU,EUR,60.77299880981445,60.77299880981445,-0.0024948777866152794,,,,0.040403035513599556,,-0.015543800677113584,-0.015543800677113584,,,,13
2026-10-06,LU0050427557,FJRC.F,EUR,38.45700073242188,38.45700073242188,0.15649723749047006,,,,0.4467901691718857,,-0.03541801664949307,-0.03541801664949307,,,,13
2026-10-06,LU0052474979,JPJX.F,EUR,173.40499877929688,173.40499877929688,0.030002225999089305,,,,0.2020686261631322,,-0.025892593144885345,-0.025892593144885345,,,,13
2026-10-06,LU0053696224,JPJW.F,EUR,61.32500076293945,61.32500076293945,0.05678101073505659,,,,0.2020047427763457,,-0.026301934376576797,-0.026301934376576797,,,,13
2026-10-06,LU0055114457,FPGL.F,EUR,16.104000091552734,16.104000091552734,0.007948917391343624,,,,0.16069813805784697,,-0.059549278576264686,-0.059549278576264686,,,,13
2026-10-06,LU0058908533,JPJV.F,EUR,92.3949966430664,92.3949966430664,0.013992469908394423,,,,0.1679158644014128,,-0.04001178913472303,-0.04001178913472303,,,,13
2026-10-06,LU0070212591,IH5Y.MU,EUR,2479.405029296875,2479.405029296875,-0.0007838750207849188,,,,0.005811551770600544,,-0.0007842682730768713,-0.0007842682730768713,,,,13
2026-10-06,LU0073232471,MSJ6.F,EUR,222.0,222.0,0.05529857516843162,,,,0.2525324344925389,,-0.034247322862720475,-0.034247322862720475,,,,13
2026-10-05,LU0088087324,SESG.PA,EUR,4.0879998207092285,4.0879998207092285,-0.04575165799421854,-0.16023011604735304,-0.46492148008508927,-0.36521742478467734,0.38980911830456455,0.47935620090673786,-0.46666668740322503,-0.5864441349465045,-0.10757949830678726,-0.18312868523296466,-0.3591583994017207,1292
2026-10-05,LU0090841262,0P00000DWT,USD,78.54605170895104,78.54605170895104,-0.02127820353647214,-0.08159064124120297,0.16468450721626304,-0.07976214603475373,0.29082527565968586,0.4170108408891749,-0.12582951694431388,-0.35059423030144754,-0.04885752870977211,-0.01907084998993236,-0.002958648348923232,1019
2026-10-06,LU0099161993,C5Q1.F,EUR,334.10699462890625,334.10699462890625,-0.0037629997203662002,,,,0.10390417126690071,,-0.015857386028741538,-0.015857386028741538,,,,13
2026-10-06,LU0099574567,FJ2P.F,EUR,98.8000030517578,98.8000030517578,0.030100205154369064,,,,0.1722696135028982,,-0.014109108664772774,-0.014109108664772774,,,,13
2026-10-06,LU0107398884,JPJF.F,EUR,26.503999710083008,26.503999710083008,-0.01913327412442034,,,,0.12159059213980877,,-0.0423432652592407,-0.0423432652592407,,,,13
2026-10-06,LU0113257694,ZPJS.F,EUR,24.17799949645996,24.17799949645996,0.0014496892648336868,,,,0.03593363355636361,,-0.009802326336384115,-0.009802326336384115,,,,13
2026-10-06,LU0114722498,FJRQ.F,EUR,76.53099822998047,76.53099822998047,0.001635997210896356,,,,0.09191262683161537,,-0.026696690355944463,-0.026696690355944463,,,,13
2026-10-06,LU0119750205,IUGL.F,EUR,31.09499931335449,31.09499931335449,-0.007215600980779557,,,,0.08656706081205448,,-0.027825820480744223,-0.027825820480744223,,,,13
2026-10-02,LU0131510165,0P00001UFS.F,EUR,881.0,881.0,-0.019629678581960963,-0.05230093519132906,-0.0510044453397569,-0.02224094215133221,0.09969149333994867,0.09990235821408486,-0.08122935212438809,-0.08363754838274706,-0.0322802103499884,-0.05450149693090989,-0.037915361958643534,1088
2026-10-05,LU0138007074,0P000026CA.F,EUR,9496.16015625,9496.16015625,0.01686973418830373,-0.02600090628158913,-0.0436223758933153,0.03304466219017099,0.1735727955878346,0.17452606551439367,-0.09038874185237777,-0.18821294351051976,0.0156548670971004,-0.010023249040293836,-0.018683654717529086,1088
2026-10-05,LU0141799501,0P000013Y8.F,EUR,40.02180099487305,40.02180099487305,-0.00964820079132045,-0.024833687342986854,-0.02609846960220652,-0.006959863534388933,0.03047105598938061,0.02196721995254707,-0.02892229230975707,-0.02912220284095368,-0.014251431755876287,-0.02155749869693313,-0.016575220551681813,1082
2026-10-06,LU0147396450,0P00000SKL,USD,78.30044218933458,78.30044218933458,0.025078949467429945,0.02655215383432652,0.02241156100280728,0.09988049652315945,0.10085575548973859,0.0897772997633916,-0.02794189737695174,-0.05847591595879342,0.024188842973434488,0.02583334951287175,0.06328976824335131,1008
2026-10-02,LU0147409709,0P00000LM2,USD,64.40969343649816,64.40969343649816,0.015594058896664098,0.00968720833690262,0.053824745612797154,-0.015670006363763256,0.25693509630941697,0.2265027402834601,-0.08322682207633625,-0.1619830152579782,0.005998020434384799,0.029602321834345302,0.015721006413947025,1016
2026-10-06,LU0154236920,0P00000S3T,USD,82.60638857738483,82.60638857738483,0.04233474279331473,0.05003597755003142,0.03029604825382881,0.18949932392447888,0.15896948758783083,0.1590144690500197,-0.05760712843206328,-0.07975715410368611,0.03995236261796009,0.048015424511951066,0.11848392570893274,1018
2026-10-06,LU0173614495,FJRH.F,EUR,57.52799987792969,57.52799987792969,0.00319118760713355,,,,0.24107499320413864,,-0.028788400803904657,-0.028788400803904657,,,,13
2026-10-06,LU0202403266,FJ2E.HM,EUR,551.5380249023438,551.5380249023438,0.006877013999385007,,,,0.1279983922907601,,-0.01854672404959934,-0.01854672404959934,,,,13
2026-10-06,LU0227384020,XE67.F,EUR,17.850000381469727,17.850000381469727,0.013398436286013116,,,,0.07680436546825997,,-0.010616142300232778,-0.010616142300232778,,,,13
2026-10-06,LU0231205187,TESU.F,EUR,61.07099914550781,61.07099914550781,0.004027865238949158,,,,0.10441793019910804,,-0.02958645580591801,-0.02958645580591801,,,,13
2026-10-06,LU0246036288,0P000026OM.F,EUR,302.6119079589844,302.6119079589844,0.0009268376636060172,-0.003346873333423095,0.011394935348564506,0.044415964165405164,0.11740982302696051,0.10040444661592864,-0.053226897145107865,-0.11572868599376362,0.011915685086670402,-0.0034903049066797864,0.03145233596284425,1118
2026-10-06,LU0248178732,0P00002A0A.F,EUR,512.5549926757812,512.5549926757812,0.03535835209663518,0.027850627595038757,0.0012928560373861586,0.12852212092307203,0.10643541791882508,0.11962612739930682,-0.07194186720603224,-0.07648822010872047,0.03673667968615035,0.01768495985975771,0.07855716481658792,1085
2026-10-06,LU0260869739,FLX6.MU,EUR,37.56700134277344,37.56700134277344,0.04063720029528528,,,,0.10626355202274199,,0.0,0.0,,,,13
2026-10-06,LU0261952419,FJR3.F,EUR,39.87699890136719,39.87699890136719,-0.007516412720632304,,,,0.08575809083135613,,-0.015832799208103987,-0.015832799208103987,,,,13
2026-10-05,LU0261953904,IPGU.MU,EUR,31.834999084472656,31.834999084472656,0.00031416563373176665,0.005527455398103953,-0.0019750965977166635,0.02975895654860672,0.01847443263772127,0.014143410263801304,-0.007461309937927263,-0.018100128537090643,0.0018567056698128859,0.0027643074647654142,,195
2026-10-06,LU0266009793,XRUG.MU,EUR,135.61900329589844,135.61900329589844,0.0,,,,0.029382662285478,,-0.01143686185128212,-0.01143686185128212,,,,13
2026-10-05,LU0266012235,0P00006CAL.F,EUR,164.6999969482422,164.6999969482422,-0.00968072054588498,-0.03554492693303535,-0.061163975235235646,0.004513236180005764,0.08353050081170545,0.09378108655011276,-0.09928808475797424,-0.09928808475797424,-0.01531140917095375,-0.045167586922569614,-0.023860898491189775,1089
2026-10-05,LU0274211480,DBXD.DE,EUR,235.75,235.75,-0.0052742616033755185,-0.029036256026137575,0.006403415154749181,0.019018775795993204,0.1284670676580533,0.11227785475516042,-0.06092396906058184,-0.12282175414505347,-0.00687708528186759,-0.022417027386157584,0.015060133370517148,1286
2026-10-06,LU0278272843,TGD0.MU,EUR,61.14300155639648,61.14300155639648,0.0014905886906830812,,,,0.07929084185101856,,-0.010646624696997509,-0.010646624696997509,,,,13
2026-10-06,LU0278937759,AEF5.F,EUR,35.263999938964844,35.263999938964844,0.039561317697745624,,,,0.177247356295626,,-0.011048817574366931,-0.011048817574366931,,,,13
2026-10-06,LU0280435388,P3IA.F,EUR,233.51300048828125,233.51300048828125,0.046913479574371975,,,,0.16004577136286527,,-0.012331635359758786,-0.012331635359758786,,,,13
2026-10-06,LU0284394235,5L42.F,EUR,194.25,194.25,-0.0025162035500778668,,,,0.07966012389712214,,-0.010224270041426897,-0.010224270041426897,,,,13
2026-10-06,LU0289089384,JP5D.F,EUR,38.59700012207031,38.59700012207031,-0.004641934734314956,,,,0.10459027306974661,,-0.023415142924872456,-0.023415142924872456,,,,13
2026-10-05,LU0290356871,DBXP.DE,EUR,173.6649932861328,173.6649932861328,0.0021640026229374776,-0.002298044694010737,-0.002183371466059736,-0.0016671469165544517,0.01648028330009406,0.012783202421081575,-0.007166403773139596,-0.01239343130496584,0.0011890039180122436,-0.001437522432608862,-0.001073939675621527,1286
2026-10-05,LU0290357259,0MUJ.IL,EUR,242.7749938964844,242.7749938964844,0.0015470297419237777,,,,0.054245977940113516,,-0.01818738487304261,-0.01818738487304261,,,,17
2026-10-05,LU0290357846,DBXG.DE,EUR,230.4499969482422,230.4499969482422,0.00584870295631279,-0.028866439171606584,-0.06877603017943923,-0.0840255959988846,0.1332548794099814,0.10433583453197844,-0.08774402624081823,-0.134956736579534,-0.011783988840154636,-0.036089457483084786,-0.07206039330693259,1286
2026-10-05,LU0290357929,XGIN.DE,EUR,212.3000030517578,212.3000030517578,-0.001082180063332605,-0.022064550955528284,-0.023054597409790212,-0.02793036179120878,0.03601028350988514,0.03438009443687662,-0.028482466716863275,-0.04792673151720628,-0.010171037853793252,-0.017850773936421982,-0.02767306344615328,1286
2026-10-05,LU0290358497,XEON.DE,EUR,150.39999389648438,150.39999389648438,0.0004655894670202443,0.0018918475519724698,0.005226628483488316,0.010060315986949231,0.001196376378252515,0.0013158477230838406,-0.00011318309784169589,-0.00028315894672692465,0.0009310079026125795,0.0022467495942326554,0.00831821500509311,1286
2026-10-05,LU0292096186,XGSD.DE,EUR,38.32500076293945,38.32500076293945,-0.011095350105139179,-0.027531060357106396,0.02921933902005902,0.07749118925935305,0.09177162217060227,0.08132961718288,-0.033941240327379885,-0.03695373235385879,-0.012210423317714714,-0.016019911657125907,0.06380435594163703,1286
2026-10-05,LU0292097747,XASX.L,GBP,583.3529515418502,583.3529515418502,-0.009650684814186516,-0.034156846773364724,-0.012019242412853126,0.02296884092754614,0.1407956184819385,0.12045508495083286,-0.06465785014607517,-0.11277113453442278,-0.011559321218841512,-0.029595196131989465,0.012237265979010425,1273
2026-10-05,LU0292103222,DXSE.DE,EUR,217.8500061035156,217.8500061035156,-0.026151054646997185,-0.038614297282952514,-0.05158898999635919,-0.044098236341040264,0.1589600196835283,0.15891889388173233,-0.08951461788163362,-0.12667634179434772,-0.015578554879208006,-0.03988962073367763,-0.03977747142336352,1286
2026-10-05,LU0292105359,DXSK.DE,EUR,134.3000030517578,134.3000030517578,-0.02227720985000592,-0.03018481228151848,-0.06358942430360626,-0.007977557926590051,0.15779229566571332,0.1671141655882605,-0.09250748906460371,-0.16959672496210454,-0.018884441673929442,-0.03990778578636911,-0.03549560515697803,1286
2026-10-05,LU0304955437,0P00009UZB.F,EUR,664.25,664.25,0.03046805835272015,0.010834987086698611,-0.021924808327109746,0.0845783113078924,0.1842435819395946,0.1742312574555084,-0.08999620876453229,-0.1709681485622948,0.036020114364516465,0.017579418551468162,0.024069604550267076,1085
2026-10-06,LU0329355670,FHQV.F,EUR,425.89599609375,425.89599609375,0.031714835502749006,,,,0.18146107506981773,,-0.02135821290936435,-0.02135821290936435,,,,13
2026-10-06,LU0352312184,ALW3.F,EUR,261.0,261.0,0.01091869752927721,,,,0.07948608116763912,,-0.01610441567353138,-0.01610441567353138,,,,13
2026-10-06,LU0386882277,PBFH.MU,EUR,425.9200134277344,425.9200134277344,0.01968657337440849,,,,0.06874218460365042,,0.0,0.0,,,,13
2026-10-06,LU0390135415,FT94.F,EUR,97.34500122070312,97.34500122070312,0.0283320743001767,,,,0.15145526712195354,,-0.015523535833662505,-0.015523535833662505,,,,13
2026-10-05,LU0392098371,0P0000JND6.F,EUR,150.9499969482422,150.9499969482422,0.005461879962434857,-0.020695487569986848,-0.030694143135146734,-0.016612397731321282,0.05658405284346185,0.03944242179164015,-0.03812145616632312,-0.03812145616632312,-0.003419889630161599,-0.01760439524624091,-0.021835223092506406,1122
2026-10-05,LU0413543058,0P0000JC7Q.F,EUR,65.08999633789062,65.08999633789062,0.03399516360627364,0.034159481380561685,0.020379297753652326,0.12534571518285786,0.22294659317615156,0.24242851940241217,-0.09311808051660309,-0.1483880728068636,0.029945755574840804,0.0496727417788132,0.09557538967657297,1152
2026-10-05,LU0478205379,D5BG.DE,EUR,160.73500061035156,160.73500061035156,0.006670022256024533,-0.007931142008541392,-0.01649019265867624,-0.01636988551379659,0.038905735877144146,0.03094445723973773,-0.02458846620350119,-0.02992194790383662,0.0008499490920805819,-0.007994181830652258,-0.012256834617056844,1286
2026-10-05,LU0496786574,LYPS.DE,EUR,71.47599792480469,71.47599792480469,0.024774858045440773,0.04598001445625899,0.0478815259370895,0.15068575931333972,0.09108594032248418,0.1052771423364785,-0.031373690344112415,-0.07117796160306766,0.03255144034668023,0.040606881048159016,0.11287342033269687,1286
2026-10-05,LU0514695690,LU0514695690-USD.LU,USD,15.353798688189254,15.353798688189254,-0.008439068623627866,-0.03297738540206785,-0.02232397296950106,-0.08351612230033456,0.19612802601253207,0.16524865439080244,-0.06497211750149956,-0.20339320201876643,-0.021332355176328588,-0.030054595776823234,-0.060693945113236114,1316
2026-10-05,LU0533033667,TNOW.MI,EUR,1320.0,1320.0,0.048018276431412765,0.09845306556806199,0.12353813769987765,0.3193930502063351,0.16613858777774765,0.2046384157269787,-0.06163001521082834,-0.15633227391759896,0.0664426028426921,0.09768589759213375,0.2338487911262881,1282
2026-10-06,LU0568621618,LU0568621618-USD.LU,USD,117.29465487381748,117.29465487381748,0.014645866545815789,0.03928959130119303,0.022921451167880802,0.0693924212926571,0.03780126385088517,0.04554072714077284,-0.02485952922150525,-0.036101772405168986,0.019996894609831672,0.030230295366205917,0.04885717040950088,1083
2026-10-05,LU0571100824,0P0000ZJKU.F,EUR,187.8800048828125,187.8800048828125,0.007615564291619803,0.002400961556935588,-0.021509242967435505,0.04925727378798039,0.07543870127263207,0.06656625325232408,-0.04120063645098815,-0.05433553960763737,0.006821849735209717,-0.003980235377491925,0.02126653729090866,1072
2026-10-05,LU0616241476,LU0616241476.LU,EUR,127.30999755859376,127.30999755859376,0.0034680760028877877,-0.02189617411900302,-0.03604156509160805,-0.025116769057946353,0.05166493833638018,0.04017239841931009,-0.03937309221821428,-0.05959529091455673,-0.004433967695360641,-0.018770628284126012,-0.032608727030345785,1132
2026-10-06,LU0616856935,FP7X.F,EUR,225.0,225.0,0.1812697416028517,,,,0.4367117237036301,,-0.03851045224174454,-0.03851045224174454,,,,13
2026-10-05,LU0641745681,0P0000V07V.F,EUR,122.19000244140624,122.19000244140624,0.01268024807608481,0.006093087787226503,-0.006019668607601836,-0.004237606119681048,0.07265725329253442,0.0647050461427182,-0.02917753527773337,-0.09149679928668508,0.008846723811950508,0.007804131394560043,-0.005759639956601226,1118
2026-10-06,LU0702159772,FJR9.MU,EUR,42.42499923706055,42.42499923706055,0.01850962502699338,,,,0.07629441160814741,,-0.00979419352791,-0.00979419352791,,,,13
2026-10-05,LU0740858229,0P0000VOBL.F,EUR,174.35000610351562,174.35000610351562,-0.0005731776811450651,-0.01636103749779616,-0.010162332759937609,0.021562125587694103,0.05324487847474013,0.049456676146650454,-0.02888654493120857,-0.04437875007878134,-0.0049963825082448565,-0.010616189812420407,0.010091976641232403,1021
2026-10-06,LU0772926084,O7Z0.MU,EUR,145.58599853515625,145.58599853515625,-0.0035658531959628093,,,,0.03433727910326191,,-0.009187714793494006,-0.009187714793494006,,,,13
2026-10-05,LU0823410724,9XQ0.MU,EUR,622.9240112304688,622.9240112304688,0.010202204017355276,-0.02017457926784305,-0.031818638890469986,0.10340314787069738,0.06942106111040736,0.0645010946068575,-0.0600171329242104,-0.07647265690006522,0.0030227523706638504,-0.019149978373507626,0.0452676039386124,203
2026-10-06,LU0823425839,ZSRD.F,EUR,180.4129943847656,180.4129943847656,0.013550413810874629,,,,0.20102258353756275,,-0.037130542946548384,-0.037130542946548384,,,,13
2026-10-05,LU0839027447,XDJP.DE,EUR,40.8650016784668,40.8650016784668,0.08309043663573412,0.07596108928390466,0.08117201001226948,0.23613611105950505,0.2295680521746954,0.2527424632989734,-0.09907093790628774,-0.1601806331877259,0.07463122056182314,0.09445008566336943,0.19474788616668293,1284
2026-10-06,LU0840617350,AH8J.F,EUR,241.1479949951172,241.1479949951172,-0.0001493081685802755,,,,0.11361029600279463,,-0.017007782055625476,-0.017007782055625476,,,,13
2026-10-05,LU0870553459,0P0000XTFE.F,EUR,273.2900085449219,273.2900085449219,0.0012090309941925614,0.003119975392374519,-0.008309667388503361,0.026325709019681787,0.12900634722428142,0.10901954907656987,-0.05973221599170342,-0.09784224955302956,0.006124255702424586,-0.004888680167209558,0.019617094096940457,1122
2026-10-06,LU0914729966,TC60.MU,EUR,357.42999267578125,357.42999267578125,0.02067446295982256,,,,0.06398801441288152,,0.0,0.0,,,,13
2026-10-05,LU0914731947,0P000100RL.F,EUR,188.72999572753903,188.72999572753903,-0.004063347084226732,-0.01327970140735546,-0.017082437753937807,0.055654978275983646,0.13944123077730752,0.11867967218639747,-0.054549129873747715,-0.11271244330571528,-0.0037163505363709826,-0.01455019883020392,0.027050036666238952,1109
2026-10-05,LU0914733059,0P00011IV8.F,EUR,211.05999755859372,211.05999755859372,-4.7423912814203995e-05,-0.014060866364461022,-0.021602093620154195,0.04268352666635855,0.18745219622089956,0.15743214645494386,-0.0781443828767796,-0.11810523160610065,-0.006112332115543295,-0.02198745367997168,0.024916840544718655,1109
2026-10-06,LU0922334643,FPG6.MU,EUR,41.55799865722656,41.55799865722656,-0.004121756216068917,,,,0.014092606586904727,,-0.004121756216068917,-0.004121756216068917,,,,13
2026-10-05,LU0935222066,0P00010URS.F,EUR,112.22000122070312,112.22000122070312,0.0025909132023287373,-0.004259057147619205,-0.0053181924813338055,0.0006241613363515697,0.018271417684868382,0.012507669978328282,-0.009293707032744347,-0.01584492251204206,0.00017381274544314707,-0.0032720830095018805,-0.002323484278737742,1097
2026-10-06,LU0941349275,I4G0.MU,EUR,138.34500122070312,138.34500122070312,0.0,,,,0.0,,0.0,0.0,,,,13
2026-10-05,LU0992632538,0P00013N23.F,EUR,137.66000366210938,137.66000366210938,-0.005490496437576486,-0.019585499097469983,-0.02153670286955034,-0.011205268962185322,0.028720392022669603,0.02394924035762905,-0.028597570488669177,-0.034728582145374776,-0.009626008394057584,-0.018756646395828525,-0.013961096721589406,1107
2026-10-05,LU1033933703,0P00012DVG.F,EUR,330.6000061035156,330.6000061035156,0.019866739784834886,0.0361687727487765,0.02801707101659434,0.1328513905874762,0.10668901537618855,0.10761253524655871,-0.04620943451539339,-0.07255281524046797,0.027901998708478315,0.028576781119473482,0.07817803884305641,1120
2026-10-06,LU1100076550,1SCD.MU,EUR,230.74899291992188,230.74899291992188,-0.00857169399737534,,,,0.05921382442234787,,-0.00857169399737534,-0.00857169399737534,,,,13
2026-10-05,LU1109942653,XHYG.DE,EUR,15.399999618530272,15.399999618530272,-0.0006489441259479589,-0.015565615394711907,-0.017914110429448016,-0.007548572014367871,0.03936483903542758,0.03165810207591138,-0.02180746865767802,-0.028147873491851882,-0.007047411706402884,-0.013045460633022254,-0.006668791630436877,1286
2026-10-05,LU1159238036,LU1159238036.LU,EUR,25.33060073852539,25.33060073852539,-0.008753891400036684,-0.020619415799197238,0.003692958997000062,0.06647975106400805,0.12737856555111246,0.11682456888998032,-0.051532949150173146,-0.10213260250245715,-0.005581225940102241,-0.01633662924788204,0.03726919723426625,1084
2026-10-05,LU1160356009,0P0001678E.F,EUR,1504.6199951171875,1504.6199951171875,-0.007048144503919884,-0.028261802417770765,0.02718456100606992,0.1263221725293684,0.17874425756540163,0.16413018120058512,-0.07070805382953571,-0.1200729496753532,0.003528906062080228,3.655217101772301e-05,0.06729228608470916,1081
2026-10-05,LU1161083644,0P00016MO1,USD,20.02080119512814,20.02080119512814,-0.002063303201284339,-0.02998225067997362,0.032639694535313124,0.09095362719319189,0.11492084406774021,0.09694266649671554,-0.04095702247337407,-0.07086191472608194,-0.0036812910388765996,-0.012239747612399876,0.049071868023531806,1025
2026-10-06,LU1161527038,EDNN.MU,EUR,233.7469940185547,233.7469940185547,-0.0021856520395054924,,,,0.01272886707959552,,-0.0059114449389737755,-0.0059114449389737755,,,,13
2026-10-05,LU1183791794,0P00016RHQ.F,EUR,175.27200317382812,175.27200317382812,0.0028838104644166584,-0.008423794840027532,-0.04781773475866069,0.00985819676901678,0.18937144514211227,0.15461607585329715,-0.07573178620439225,-0.10652983119589832,-0.0035075948366964926,-0.02112658944216661,-0.0005356044534975402,1116
2026-10-05,LU1291097779,EEMK.PA,EUR,18.09720039367676,18.09720039367676,0.04735835268767841,0.036447368766008736,0.07984960638103078,0.14408904899352648,0.21435781186537925,0.2068465106880839,-0.061303198524784386,-0.13262607355357947,0.04139047914304461,0.06140693424630861,0.13208615710852856,1292
2026-10-05,LU1291098827,EEMU.PA,EUR,20.34000015258789,20.34000015258789,-0.008530306715429536,-0.022115341410832823,-0.005865050696694962,0.044255030462935885,0.13866338289824912,0.11503473436441235,-0.05365974356149783,-0.10277607011442924,-0.005537006545549228,-0.017851527760867847,0.035588039438249064,1292
2026-10-05,LU1291102447,0E4H.IL,EUR,9.553000450134276,9.553000450134276,0.0,0.0,,,0.0,0.0,0.0,0.0,0.0,0.0,,54
2026-10-06,LU1301026388,2QJ0.MU,EUR,210.7469940185547,210.7469940185547,0.0,,,,0.0,,0.0,0.0,,,,13
2026-10-05,LU1303940784,0P00018KOU.F,EUR,28.25,28.25,-0.0038787238358312104,-0.017049400661811487,-0.0038787238358312104,0.039749721040610586,0.0835989388399221,0.07828470844935868,-0.031023771507394104,-0.10474171860749526,-0.005929234368840519,-0.01057719275527802,0.01337838730354024,1113
2026-10-05,LU1329694266,0P00018EGL.F,EUR,239.1300048828125,239.1300048828125,0.015974889933412895,0.006397055126284412,0.007839172996413568,0.05955072132579531,0.09376622037225811,0.10198654346452275,-0.03642784744532068,-0.08607298754556802,0.01553262074242423,0.011882973024618826,0.04383174436631965,1121
2026-10-05,LU1379103812,0P00018FWZ.F,EUR,651.219970703125,651.219970703125,0.014440312048945358,-0.006453644709934259,0.003250582180490902,0.131061483356959,0.12149556072460774,0.13742327307218463,-0.049243678720523265,-0.07933928105110122,0.012707391582509553,0.004195795571211303,0.07800635084125629,1083
2026-10-05,LU1435385593,0P00019846.F,EUR,316.42999267578125,316.42999267578125,0.021598768813623437,-0.017145579505989716,0.04453023742542617,0.10342785088538431,0.16571612046487957,0.17377419328212101,-0.06464263345394483,-0.18107797123110614,0.010964904273228937,0.017297538567012882,0.03611891956421931,1131
2026-10-05,LU1486845537,0P00018X0B.F,EUR,116.2689971923828,116.2689971923828,-0.00041270106550617136,-0.00475073886413957,-0.0032576779573953996,0.00590031074798314,0.008407492701431629,0.0063904618331988815,-0.005891230541061776,-0.00857780195084168,-0.001843201987394294,-0.0035149646758856345,0.0018235996400504106,1102
2026-10-05,LU1530899142,0P00019MC0.F,EUR,2662.6201171875,2662.6201171875,0.04417704827061675,0.08891267405382419,0.07998645324587361,0.3684498063846817,0.1583558197372139,0.20163106092011113,-0.09017191817630299,-0.170881689258088,0.05315476192085611,0.06610374152941234,0.1696173358425499,1065
2026-10-06,LU1582988058,0P0001CGZV.F,EUR,12.65250015258789,12.65250015258789,0.006251038135898446,-0.011392109830186348,-0.006236308894925324,0.008079003208168123,0.055983370185053866,0.05329647608466307,-0.027457318706906708,-0.056615818138602614,-0.00044752343244747195,-0.0065360782513298465,0.00513408149749961,1102
2026-10-05,LU1598757687,MT.AS,EUR,57.59999847412109,57.59999847412109,-0.06035890389868925,-0.14717208034744145,-0.005579282321616974,0.0830954269174442,0.2836426792930652,0.2711934834884659,-0.15990522787478445,-0.2619465623536297,-0.0765531278516296,-0.08382331507741381,0.07028573958418805,1292
2026-10-05,LU1623762843,0P0001FE3K.F,EUR,154.7899932861328,154.7899932861328,-0.0024489584797104946,-0.02303716926931554,-0.02916463299091021,-0.017144022559250294,0.02810837142744567,0.02154319808611695,-0.03044159596713014,-0.033830679736593705,-0.009667293753648276,-0.02022223987690175,-0.02310898543418538,1117
2026-10-06,LU1670631289,0P0001DFNP.F,EUR,11.404600143432615,11.404600143432615,0.0003596198218696056,-0.02827926971289907,-0.030427177184785936,-0.015359404903956708,0.05863096860639466,0.046690964002574054,-0.04070649056400644,-0.05265460607611028,-0.011413122122470698,-0.02135653136293325,-0.019921964362118127,1100
2026-10-06,LU1670707527,0P0001DFNB.F,EUR,22.472900390625,22.472900390625,-0.018582039549680962,-0.039968398399191196,-0.013662988763200268,0.0490766344275817,0.09110645952905928,0.08278269729490856,-0.06401272041532369,-0.092062237404823,-0.015664096937019867,-0.031155583739855053,0.022123778315173315,1102
2026-10-06,LU1670719613,AN0B.MU,EUR,13.534000396728516,13.534000396728516,0.003708112575720568,,,,0.018551869377675365,,0.0,0.0,,,,13
2026-10-05,LU1681043912,CC1.PA,EUR,258.70001220703125,258.70001220703125,0.009167177872298149,-0.025795427982764463,-0.04661873451979437,-0.13100436144046246,0.14148984802260006,0.15926376674591575,-0.1014084614498515,-0.21657713906909537,-0.0037066906198630623,-0.0364810775278529,-0.09573905872292388,1292
2026-10-05,LU1681044480,AASI.PA,EUR,61.41999816894531,61.41999816894531,0.041193361948411944,0.04048787801240228,0.07716586593928287,0.16801808369949756,0.22648065477844206,0.23199271572175773,-0.073136714512962,-0.16060702050246078,0.041855697552618754,0.06481462406743477,0.13994243791541816,1292
2026-10-05,LU1694789535,0P0001CH1E.F,EUR,129.5399932861328,129.5399932861328,0.008799856645100856,-0.002694634730620482,7.715978483857633e-05,0.009664771667033945,0.03377683637259929,0.02253190874274882,-0.011394223839352846,-0.021087619460482876,0.004170428545496652,0.0014409628989358048,0.005566896849612979,1122
2026-10-06,LU1819480192,EHQ6.MU,EUR,325.0039978027344,325.0039978027344,0.03735386456219114,,,,0.14040818934323346,,0.0,0.0,,,,13
2026-10-05,LU1829219390,BNKE.PA,EUR,381.7999877929688,381.7999877929688,-0.04394645810021014,-0.060184645432692196,0.013673155396093817,0.1287576091399003,0.225498882654601,0.19524352671148426,-0.07310772235576912,-0.17132240226421158,-0.03718977253809963,-0.04084814548673821,0.0902415713232303,1292
2026-10-05,LU1829221024,UST.PA,EUR,112.51000213623048,112.51000213623048,0.039449412017128704,0.0872632246459224,0.06857252500639288,0.22321406723744808,0.14707241868446932,0.16925240055499938,-0.06998575122804684,-0.1004836368906451,0.05485213792554999,0.0778348041368584,0.16316950949201892,1292
2026-10-05,LU1861137484,EUSRI.PA,EUR,89.8499984741211,89.8499984741211,-0.006523705786799283,-0.022306888114474455,-0.029173468272353786,0.011790109047683517,0.1224465446612176,0.09748724939601693,-0.04830604529024518,-0.1023277887365529,-0.004343894454704955,-0.01939172712507542,0.014957413037648637,1292
2026-10-05,LU1861138961,MSRU.L,USD,74.70537896637177,74.70537896637177,0.032572447239262114,0.03523217871721385,0.05195753687440052,0.14619252846142738,0.20804650249607054,0.2044753083554945,-0.07339244238486986,-0.11701396963064925,0.03640771838471624,0.05934622979239057,0.11861225069396131,1273
2026-10-05,LU1876459212,0P0001FKPX.F,EUR,4413.2998046875,4413.2998046875,-0.016135874216922752,-0.058260999307743866,-0.025406669203491328,0.10161470510016302,0.1275605059948152,0.11181817117654021,-0.07023836365826308,-0.09673177833130864,-0.02501963902869553,-0.035986098146906786,0.03773656122652391,1036
2026-10-05,LU1900066462,CEC.PA,EUR,47.32500076293945,47.32500076293945,-0.02069322264277962,-0.026935285366582296,0.06109870811765905,0.081590666385007,0.1889449224193184,0.16525429257220295,-0.060816930776576905,-0.09557020854051512,-0.02396014278151759,-0.010307844398102173,0.10936408924435415,1292
2026-10-05,LU1951200481,0P0001H0TE.F,EUR,310.4599914550781,310.4599914550781,0.06911386684882559,0.1369662133995262,0.12379635300262204,0.43240741712018615,0.16764840387427174,0.21797555524378048,-0.07554165871031926,-0.16763490233573852,0.08449303921687656,0.10610811331048553,0.22017861865948163,1100
2026-10-05,LU1951204046,0P0001H0TH.F,EUR,182.1199951171875,182.1199951171875,0.03061506534873426,0.03166598525205577,0.05277755554718566,0.11929191569301345,0.11885336172746198,0.104617608993413,-0.037086682521467296,-0.13027168506338482,0.03629180569420121,0.03773851190559241,0.07133379064063039,1101
2026-10-05,LU1951225553,0P0001H0TF.F,EUR,198.42999267578125,198.42999267578125,0.03797664160889913,0.049894141141699766,0.05117332301045896,0.23233130922055567,0.15942108862881038,0.17211741192017094,-0.07629518509617139,-0.1521618507592264,0.04407439112370892,0.04257186876804164,0.13189773558358397,1101
2026-10-05,LU1951229035,0P0001H0TG.F,EUR,187.8800048828125,187.8800048828125,0.020366045188488613,0.020089110403780586,0.01732733557472632,0.05361146907767855,0.12957230083986623,0.11541542428179803,-0.06752966028252883,-0.08892292793840006,0.02477114552534121,0.006776528033272777,0.029562974047056656,1101
2026-10-05,LU1953136527,REUSE.PA,EUR,22.69079971313477,22.69079971313477,0.012530114575395102,-0.001750971962715453,-0.008594256395315636,0.06419656586010647,0.10561782163217821,0.09851764375918133,-0.05256775728678653,-0.07680804811696162,0.010760480626089919,-0.0021406965350528884,0.03950755188350086,1292
2026-10-05,LU2095319849,0P0001JAB0.F,EUR,123.77999877929688,123.77999877929688,0.0299550546262235,-0.023509019459710623,0.022890642047489473,0.06012330005677602,0.1947798688348312,0.16733396379331736,-0.06511233426265506,-0.21018025004565766,0.0192939489364774,-0.0011926421135731724,0.018832924039904997,1101
2026-10-05,LU2147879543,0P0001L9PD.F,EUR,770.8499755859375,770.8499755859375,-0.002290931560710585,-0.01090652500965239,0.00046721613015754393,0.045518043861636714,0.056677396204794755,0.053383394510361594,-0.025803702589855426,-0.06462585851593328,-0.0023148203189167216,-0.00819820355705081,0.01577622517976862,1061
2026-10-05,LU2181906426,0P0001L535.F,EUR,300.2300109863281,300.2300109863281,0.06980471534834876,0.12987358726135745,0.08712023894255827,0.4616133860753622,0.23975565151469522,0.34588492926153597,-0.16904443577572315,-0.22199790594022362,0.07662574990218718,0.10960652455521513,0.25861759214202684,1111
2026-10-05,LU2210151341,0P0001KKA7.F,EUR,12.140000343322754,12.140000343322754,0.0016502028013631875,-0.021756608171567327,-0.018593334225074032,-0.017004051146594645,0.046333812542583806,0.06493838350927693,-0.035115689525953786,-0.06790124319835567,-0.002137073931535949,-0.011336215505206915,-0.025048358289593287,1151
2026-10-05,LU2244387457,ASRE.DE,EUR,9.632399559020996,9.632399559020996,0.003479485570248908,-0.009542234941105288,-0.01623878071032636,-0.018624204878690542,0.035779215170983064,0.027676788165234893,-0.02183085873843771,-0.033279658736767526,-0.0007200091024751609,-0.008945499799695278,-0.01558709187434748,1286
2026-10-02,LU2257980289,0P0001LZLW.F,EUR,186.7899932861328,186.7899932861328,0.011479910858330333,0.009730189413045043,-0.023932706003624404,0.005598887139342201,0.10233089549331413,0.10325061304549783,-0.06649098615167881,-0.0865476736691041,0.01503336503093955,-3.9210978797221685e-08,0.0054262197501593334,1038
2026-10-05,LU2358392376,0P0001OOS9.F,EUR,516.0399780273438,516.0399780273438,0.026455002687907125,0.042315501917665754,0.013930574025467157,0.08345749179971063,0.16001738823565553,0.15151917541704407,-0.06165635942660652,-0.08943559868933093,0.03486166471474417,0.03671906633021771,0.058979083827628065,1053
2026-08-13,LU2459590019,0P0001OS4A,USD,32.7232286283375,32.7232286283375,0.004499105658849034,0.005475125287047744,0.060352602796345245,0.1042763861843663,0.087369021677686,0.09641785958015901,-0.022372601723535612,-0.07641815975661459,0.005937655254111496,0.011429412807712813,0.06785466354049907,971
2026-10-05,LU2533811910,BJLL.DE,EUR,10.102999687194824,10.102999687194824,0.0010403720090603752,0.0012387700724794115,0.004224396563189403,0.009589696579774154,0.009264571534542581,0.010670889533523555,-0.0014882030882035213,-0.003047524042999572,0.0009610158819426395,0.0015633359882318842,0.008129034869139407,781
2026-10-05,LU2611731824,GLDU.AS,USD,64.12431908667263,64.12431908667263,-0.002140641694605927,-0.08863561128429687,0.19597560983349815,-0.1012200804099922,0.28160236674504296,0.47005463919599416,-0.14533322586468989,-0.3623354744639051,-0.041727911877980195,-0.02780759997989901,-0.00790255698114739,1255
2026-10-06,LU2616774076,BJLJ.DE,USD,10.068600136202138,10.068600136202138,0.01838308128671362,0.014023047789605725,-0.012242540803970914,0.006664838679422136,0.07719007051176036,0.07273617586583045,-0.03316929517072831,-0.050071814819599214,0.01128673128296187,0.009485527242260039,0.004859575873850552,759
2026-10-02,LU2638914734,0P0001RNZQ.F,EUR,340.0299987792969,340.0299987792969,-0.015033898450420913,0.014348778536716678,0.2118393500024418,0.39356556876761006,0.33756338339986547,0.3723434555993134,-0.09354630872537983,-0.3124012853622107,0.017592311537380834,0.08792471169724636,0.1869602953307179,706
2026-10-05,LU2707622630,0P0001T0AG.F,EUR,128.77999877929688,128.77999877929688,-0.01604527830966951,-0.04444613269473696,-0.004406705043079717,-0.070448931570815,0.19435327782221423,0.18049406036040455,-0.07948408207176472,-0.23394246327931445,-0.03301984944438008,-0.03507103698660663,-0.0621987071432778,556
2026-10-02,LU2798962978,0P0001UBP6.F,EUR,145.86000061035156,145.86000061035156,-0.009305135889039806,-0.015124952065149744,-0.0010272851320280996,0.045366601350489866,0.11265579258659753,0.09788376812282144,-0.035532390673450376,-0.08982159224906872,-0.01331943480104869,-0.01298426728219848,0.03457705109413345,430
2026-10-05,LU3038520774,DEFS.PA,EUR,5.804999828338623,5.804999828338623,0.0017255827287361303,-0.006673517325247014,0.02290742435850479,-0.060223444176936036,0.17682309550245873,0.1773544894569527,-0.13799880329444303,-0.2196261406823472,-0.00048212869476094156,-0.0443249101579376,-0.02880706615791384,360
2026-10-05,LU3103551860,0P0001XEZ8.F,EUR,115.37000274658205,115.37000274658205,0.01531290623270487,0.015044862127192804,0.01934972994788131,0.09076303685545173,0.07837711673293304,0.07114251360423174,-0.023314487832326813,-0.047610174847362186,0.014812756819337025,0.016787552601494893,0.05683671508469179,261
2026-10-05,NL0000226223,STMPA.PA,EUR,50.869998931884766,50.869998931884766,0.10972946689689111,0.09307547374269287,-0.1719367842960854,0.37176048252091953,0.4637039165088308,0.5893045610354669,-0.3220435610344977,-0.3985444317360619,0.12455009139686735,0.1280626910966629,0.21496010710501912,1292
2026-10-05,NL0000235190,AIR.PA,EUR,189.0800018310547,189.0800018310547,-0.02081825036455931,-0.04822310306280242,-0.03174926765157016,0.0729541085808294,0.1979536759641401,0.2485149212051819,-0.13834720815864976,-0.2771117091213976,-0.024490904702274552,-0.06228270793183632,0.004663470583073259,1292
2026-10-05,NL0006294274,ENX.PA,EUR,161.8000030517578,161.8000030517578,0.007471960788524079,0.016331696943191032,0.08372404383452436,0.13387395130781177,0.1535675169968252,0.20407738728797614,-0.05021175377207321,-0.13907785679286322,0.014960974006466232,0.012388958582870702,0.14568422456483154,1292
2026-10-05,NL0010273215,ASML.AS,EUR,1656.199951171875,1656.199951171875,0.07755364422373123,0.10383892576825016,0.07619053209267324,0.33590117419691135,0.3430745549177267,0.393973683335965,-0.14951881917374388,-0.2077144161694917,0.09803554428556782,0.10647016252288655,0.23288099499267134,1292
2026-10-05,NL0010832176,ARGX.BR,EUR,812.4000244140625,812.4000244140625,-0.038124499292740865,-0.06556245502571212,0.06951033507787607,0.1317916386596245,0.19711872489556834,0.4495587163992153,-0.10960104923738823,-0.273723521535453,-0.044437618409606805,-0.025702989463353032,0.10242036604463545,1292
2026-10-05,NL0011794037,AD.AS,EUR,31.459999084472656,31.459999084472656,-0.027511574393439542,0.011575520854894439,-0.10282262670445808,-0.2194644159514877,0.19804089642727318,0.2192911318333314,-0.1452948608359106,-0.25714308631402005,-0.005799009504184993,-0.015621360487348745,-0.10959791299092025,1292
2026-10-05,NL0011821202,INGA.AS,EUR,31.03499984741211,31.03499984741211,-0.026505625332462257,-0.03332813300360149,0.10655347837860951,0.2747567380134881,0.22103290289466773,0.21557636484220694,-0.06375739045910134,-0.16877161691741893,-0.019733261874468555,0.002624998825073721,0.18702201433688637,1292
2026-10-05,NL0012969182,ADYEN.AS,EUR,862.5,862.5,-0.0045014130934495356,-0.1378448830954706,0.022282787152971606,-0.12427659800991553,0.3609462299705158,0.5054573449666738,-0.22643068496512253,-0.4839642318575442,-0.03863301386492202,-0.09907745370599053,-0.12943025202077507,1292
2026-10-05,NL00150001Q9,STLAM.MI,EUR,3.984499931335449,3.984499931335449,-0.015565213119400845,-0.170932222552174,-0.19178497564406627,-0.46452090585859274,0.3700629038345965,0.39665492760084414,-0.27235772577617223,-0.6304493780603615,-0.05811021567547425,-0.12000178727182464,-0.3494563871371976,1282
