date,asset_id,symbol,quote_currency,close_eur,close,ret_5d,ret_20d,ret_60d,ret_120d,vol_20d_ann,vol_60d_ann,drawdown_60d,drawdown_252d,sma20_ratio,sma50_ratio,sma200_ratio,observations
2026-09-21,AT0000A09ZL0,N550.MU,EUR,360.9100036621094,360.9100036621094,,,,,,,0.0,0.0,,,,2
2026-09-21,BE0003470755,SOLB.BR,EUR,25.36000061035156,25.36000061035156,-0.016291701516963686,-0.008600442299087296,-0.04229603290205275,0.004314886069906487,0.2145411553279329,0.17050137273716176,-0.06819867249098455,-0.14035087843632954,-0.01732085348718826,-0.028575778122079454,-0.009915381044453775,1282
2026-09-21,BE0974293251,ABI.BR,EUR,68.23999786376953,68.23999786376953,-0.011301055016426642,-0.004957771335771466,-0.07181717927614772,0.13967479648898706,0.1827215551241615,0.22441001308761646,-0.1156914534747937,-0.14298171470367416,0.0007625702269780099,-0.0219796927696706,0.049126219117502146,1282
2026-09-21,DE0005140008,DBK.DE,EUR,33.525001525878906,33.525001525878906,-0.018301609723981205,0.014218763163330816,0.13547847448025618,0.3179799571584956,0.2793427541140339,0.2705625659271906,-0.07552449686543927,-0.2676722440208219,-0.028654997974858265,0.01449806720746083,0.12506150055133225,1276
2026-09-21,DE0005190003,BMW.DE,EUR,60.58000183105469,60.58000183105469,-0.03411988756374651,0.0387517515098863,0.05356524923573369,-0.1891485793657618,0.31357529094196024,0.25984000320515827,-0.06289106690748958,-0.38203233061612984,-0.017754330868160584,0.011338779563120571,-0.167243429755787,1276
2026-09-21,DE0005552004,DHL.DE,EUR,58.119998931884766,58.119998931884766,0.0408309235864357,0.02867254746698711,0.11469120852010528,0.30063002297387365,0.1890343758424456,0.19961396043802085,-0.05845729999922167,-0.14333072083959342,0.041203856138211536,0.03522469425992081,0.1724072160150989,1276
2026-09-21,DE0005557508,DTE.DE,EUR,27.61000061035156,27.61000061035156,-0.04562736539577794,-0.05022356724457089,0.11240938556937796,-0.10473409618207452,0.24662193669875931,0.31146302253941455,-0.07093898811430299,-0.27769587398998596,-0.026994622635987064,-0.014386157131581312,-0.025329146554698867,1276
2026-09-21,DE0005810055,DB1.DE,EUR,280.79998779296875,280.79998779296875,-0.004255362436280996,-0.018868009027743327,0.17785232794466777,0.1391291962291792,0.21126361596053045,0.21376398608253736,-0.06009615132693824,-0.11953220395825659,-0.0031595373550721284,0.02798396651604662,0.1521947531595711,1276
2026-09-21,DE0006048432,HEN3.DE,EUR,72.81999969482422,72.81999969482422,-0.004375166769136074,-0.04885054836773206,-0.019391360085939113,0.1381189157451641,0.1571504859479159,0.1818392320306417,-0.09398495881178781,-0.2432210362584949,-0.025715133371318255,-0.03509283323051138,0.029536767359861438,1276
2026-09-21,DE0007030009,RHM.DE,EUR,1016.5999755859376,1016.5999755859376,0.01996585044164001,-0.09651615739303265,0.04706967764209824,-0.35076725039756596,0.3525170528836964,0.3965885352257555,-0.1840197894679262,-0.5192044852564789,-0.038444282628753546,-0.06593237126931661,-0.2530290168558442,1276
2026-09-21,DE0007100000,MBG.DE,EUR,44.06499862670898,44.06499862670898,-0.055513883192666924,-0.02186460881316188,0.022864362901309,-0.10819158612909674,0.27992529675179284,0.24126398983582553,-0.0874299986026228,-0.2555356413480826,-0.04870877484960234,-0.044246851352744976,-0.11999169505125074,1276
2026-09-21,DE0007164600,SAP.DE,EUR,184.5399932861328,184.5399932861328,-0.009234410348058053,-0.01420942150359561,0.35055616298629144,0.26072845508182785,0.372387885520686,0.4323723732078699,-0.10826954296796709,-0.460752560270804,-0.00047125489951105326,0.07869678427187798,0.11562746750097386,1276
2026-09-21,DE0007236101,SIE.DE,EUR,272.0,272.0,0.03896108740500548,-0.030648631206169674,0.010401142890050785,0.26306009886646375,0.2798099927741313,0.28735204918205015,-0.10953941463317052,-0.20503662867365802,-0.0008632214273071037,-0.010210840965887202,0.06955210784376664,1276
2026-09-21,DE0007664039,VOW3.DE,EUR,75.5,75.5,-0.07316473301567605,0.022758064374437614,0.058015686017915735,-0.08997556914368221,0.4511366844981336,0.3478482475514534,-0.09145606033299603,-0.3130182380526333,-0.03598150225914565,-0.0038000702800642383,-0.1059852334962097,1276
2026-09-21,DE0008430026,MUV2.DE,EUR,506.3999938964844,506.3999938964844,-0.008225640730172179,-0.02352484046237957,0.043478274539988204,-0.01816915282293341,0.165909173444771,0.16653228934384923,-0.06060606060606055,-0.1969919530344898,-0.012692292396514815,-0.015835263143469502,0.004247996899269024,1276
2026-09-21,DE000A0F5UK5,EXV6.DE,EUR,85.23999786376953,85.23999786376953,0.015003506268994604,-0.02549449326411779,0.10430694035696364,0.10600761177455165,0.2376663100142572,0.2631876530179331,-0.07666746769953992,-0.18396071944220127,-0.019666503855066297,0.01901883834670559,0.08175322665175244,1275
2026-09-21,DE000A0Q4R28,EXV5.DE,EUR,40.20500183105469,40.20500183105469,-0.018911608585619577,-0.00948505346355999,0.04209615622296359,-0.005522536834211,0.21096623134761863,0.1868248086842165,-0.04433257834687121,-0.20091842125448933,-0.01904326986222027,-0.010093648512703113,-0.042605994018546256,1275
2026-09-21,DE000A0Q4R85,4BRZ.DE,USD,46.91787020211636,46.91787020211636,0.020567940508776417,0.09221587394450892,0.09712384232475801,0.00823832362287713,0.2532184234303288,0.20747528082500685,-0.08221780748007512,-0.1777901213915941,0.027667289039988496,0.05629015601530574,0.07242325808372829,1276
2026-09-21,DE000A1EWWW0,ADS.DE,EUR,142.6999969482422,142.6999969482422,-0.008339103538151704,-0.08083737875528385,-0.21116638052570214,0.06192850436041941,0.20477238744774462,0.34937889260461014,-0.24481107767008126,-0.328630068972118,-0.030076476273726227,-0.10476789526569319,-0.07983264143627822,1276
2026-09-17,DE000A2JJ1W5,0P0001FAJ5.F,EUR,124.4000015258789,124.4000015258789,-0.0024857474209728503,-0.009632983668443229,-0.009238579605527097,0.025133935641608263,0.04409367884567488,0.04123688728937494,-0.02367611097526734,-0.04542575052266418,-0.006107947065486896,-0.0074980036690105445,-0.0024641566078557053,1237
2026-09-21,DE000BASF111,BAS.DE,EUR,51.9900016784668,51.9900016784668,-0.0074455781156109735,-0.008392115661794985,0.10782018624306211,0.06436142064935968,0.190625361715773,0.20227284875990137,-0.03819637240544427,-0.13370372630931704,-0.010326906358427812,0.016716504289933543,0.0745249427543595,1276
2026-09-21,DE000BAY0017,BAYN.DE,EUR,48.75,48.75,-0.01175758786794856,0.005569316425600324,0.05909192467601154,0.21858637145891047,0.1808666271453057,0.3079296480041758,-0.1368065808388388,-0.3065455353648504,-0.003026703836652156,0.007156492365295142,0.1519128421139111,1276
2026-09-21,DE000DTR0CK8,DTG.DE,EUR,43.540000915527344,43.540000915527344,-0.011353314932010194,-0.061030797531709036,0.0713583063344625,0.07565769323199123,0.19820797175834007,0.24559249831888255,-0.12822574579256552,-0.12822574579256552,-0.03476100570448537,-0.04478160258145658,0.04928469890901388,1217
2026-09-21,ES0113211835,BBVA.MC,EUR,25.09000015258789,25.09000015258789,0.0003987332102177721,0.0007977845236193382,0.16426918983084882,0.3732417796081564,0.1901045667259298,0.23015976347636244,-0.03640350664384784,-0.18701772533483707,0.0019167855979502768,0.03144065037574162,0.2106556305946392,1280
2026-09-21,ES0113900J37,SAN.MC,EUR,12.748000144958496,12.748000144958496,-0.0018791236500845798,0.0036215148691209897,0.06964254978163043,0.2918770587188686,0.22066129482232044,0.24646304725834567,-0.07163414468080698,-0.171891814315276,0.0011466051189454873,0.01865674175337073,0.1632560984731184,1280
2026-09-21,ES0148396007,ITX.MC,EUR,52.20000076293945,52.20000076293945,-0.028294870127029692,-0.10647034578840953,-0.05776174503252751,0.03379769897780016,0.20054708377482106,0.22645660954973096,-0.12453463596749692,-0.14986185286846476,-0.06033985201794223,-0.07090323942807697,-0.0363152341569587,1280
2026-09-21,FI0009000681,NOKIA.HE,EUR,9.62399959564209,9.62399959564209,0.12037245921848894,0.1216782845244,-0.13766840426234617,0.39978176903845974,0.5558249043667932,0.6196532559453691,-0.34288707717699163,-0.4829458829898745,0.07188198825725967,0.09408920515773556,0.14516669381159786,1258
2026-09-17,FR0000003196,0P00000QEY.F,EUR,481.8299865722656,481.8299865722656,0.0020588766365419175,-0.01276484657110255,-0.028451054159132405,-0.014501404443973964,0.03449908842646361,0.031923320037475215,-0.035213934951978,-0.0448512159483514,-0.0068801203206566575,-0.013782876831578306,-0.021469991538732636,1239
2026-09-17,FR0000003998,0P00000I2M.F,EUR,3396.780029296875,3396.780029296875,-0.015032124771371724,-0.038259719578123685,-0.0039849304983450295,0.12435203055075039,0.10649809973583826,0.11206163625186108,-0.056545367952327674,-0.1083091867769127,-0.015840574278060293,-0.017145079979392075,0.041485899810367766,1238
2026-09-17,FR0000027609,0P00000H0V.F,EUR,5087.169921875,5087.169921875,-0.006280112094511736,-0.010820892865365694,-0.01038022645746195,-0.001056422228320253,0.021479672054286796,0.017087158640521412,-0.015492782590815102,-0.015492782590815102,-0.0068159854565058575,-0.008757803715438217,-0.005188009682689065,1237
2026-09-21,FR0000045072,ACA.PA,EUR,18.34499931335449,18.34499931335449,-0.005151909867229465,-0.03877389607632853,0.051590692707050634,0.1830645747545414,0.19720409101761788,0.19397427893588576,-0.09950495806760284,-0.16688568702410778,-0.012515169145582705,-0.02544627216125539,0.07734196188758391,1282
2026-09-21,FR0000051807,TEP.PA,EUR,69.30000305175781,69.30000305175781,-0.031852454889260806,-0.03642929899737957,0.33320514932763934,0.4931676977792243,0.26847294085251927,0.5605155951636993,-0.11542901217466739,-0.35422847770430843,-0.011933747089591717,0.046758269630490235,0.21803471496224436,1282
2026-09-21,FR0000052292,RMS.PA,EUR,1333.0,1333.0,-0.05728429985855732,-0.15659601391964573,-0.1748684617765398,-0.19538994048797975,0.250760918958896,0.3658555729322663,-0.21951934349355218,-0.4022590820314641,-0.08715824074232603,-0.1403771248742488,-0.24419384117048493,1282
2026-09-21,FR0000054470,UBI.PA,EUR,5.331999778747559,5.331999778747559,0.0022555651689828426,-0.014782039521975321,0.006037657898321447,0.3735187585430253,0.4579675463712739,0.5867968681911946,-0.21459440385286976,-0.6284035361234737,0.025621261023242026,0.002421417529541392,0.04979224525288206,1282
2026-09-21,FR0000073272,SAF.PA,EUR,328.3999938964844,328.3999938964844,0.021144240248490487,-0.03383348104296313,-0.024071340575083533,0.14277323307325296,0.27058230211624507,0.26317106980456645,-0.11551154921609863,-0.23617513957875091,-0.010664599051874446,-0.03142845390451121,0.04785466849986353,1282
2026-09-17,FR0000097156,0P00000QGO.F,EUR,666.3400268554688,666.3400268554688,0.01579323560959245,-0.0026492022794156744,0.01782584240908136,0.15243862467591573,0.09916696791009445,0.09896334935135544,-0.033817453515913254,-0.07356647804504624,0.002959969450704314,0.0069173251980672035,0.08406826749001461,1234
2026-09-21,FR0000120073,AI.PA,EUR,164.86000061035156,164.86000061035156,-0.01210453147984647,-0.016934981452427444,-0.04550718246179253,0.029082389435648226,0.18383846050412472,0.16407782472195617,-0.09506377759033169,-0.11975581494880227,-0.02155011097309334,-0.0347775157155209,0.03340034962479477,1282
2026-09-21,FR0000120172,CA.PA,EUR,16.399999618530273,16.399999618530273,-0.01264304540063732,0.021170620416825825,0.012298171950951842,0.10336525953100528,0.21184895920521632,0.23627718255840366,-0.06434318236822179,-0.07772792185500088,0.007278169499434828,0.019169248911574455,0.0893770216588674,1282
2026-09-21,FR0000120271,TTE.PA,EUR,79.11000061035156,79.11000061035156,-0.005281003085525593,0.04119501336047704,0.16116240922667302,0.03271005186404308,0.18116593441878248,0.218935942274122,-0.0529877622835736,-0.17510288938050222,0.01821226202354831,0.04192734890211769,0.13507515322783914,1282
2026-09-21,FR0000120321,OR.PA,EUR,381.4500122070313,381.4500122070313,-0.007157730121357009,-0.028152835141321497,-0.014468352312499988,0.08902062363157492,0.18215141792138126,0.20261418629896516,-0.060913705583756306,-0.14438105060176987,-0.0034420141165268925,-0.003138600882961584,0.02536315784647769,1282
2026-09-21,FR0000120404,AC.PA,EUR,46.09000015258789,46.09000015258789,0.007872307324627625,-0.0019488989171315696,-0.08077381903392444,0.1319684561040786,0.20226398418044944,0.2168447469459753,-0.11787818900063174,-0.2065086535708529,-0.0030067775425013377,-0.005132991741014781,0.018515202808625064,1282
2026-09-21,FR0000120503,EN.PA,EUR,43.66999816894531,43.66999816894531,-0.0018286132812499467,-0.04796164844491002,-0.10107047091485832,-0.10776328529487156,0.22466211108585818,0.23821148524893504,-0.12275024471533291,-0.18150941380914654,-0.01538812030201031,-0.058190782221016035,-0.07415157860548649,1282
2026-09-21,FR0000120578,SAN.PA,EUR,73.91999816894531,73.91999816894531,-0.02001858849425009,-0.055697504833184475,-0.020927176570260775,-0.05812894443492311,0.16985655194676003,0.2674804784332108,-0.08946448560677267,-0.16176475958940295,-0.023255837163517645,-0.028919614310528474,-0.025144550082852324,1282
2026-09-21,FR0000120644,BN.PA,EUR,60.34000015258789,60.34000015258789,-0.031149625316850282,-0.08769276217998123,-0.1624097808751923,-0.09578315994159148,0.1859173757952541,0.2059616429406022,-0.18459459253259602,-0.21551241951544764,-0.043967361059829124,-0.09311161647577137,-0.1082486103630591,1282
2026-09-21,FR0000120693,RI.PA,EUR,59.43999862670898,59.43999862670898,-0.028758204481857952,-0.13855074454044958,-0.04944927943277255,-0.03001373445520572,0.2660698670505349,0.29242478911555575,-0.15500571065390922,-0.31613160066066215,-0.040671414799133054,-0.08225296815573502,-0.10591998650633316,1282
2026-09-21,FR0000120966,BB.PA,EUR,67.4000015258789,67.4000015258789,0.004470984479582718,0.007473841384093127,0.17421602324333518,0.2896986120224234,0.1367848000112688,0.2365864984057966,-0.04202900762143347,-0.14495416219181756,0.0033494887774672133,0.028505193523066463,0.19517237622676697,1282
2026-09-21,FR0000121014,MC.PA,EUR,407.7999877929688,407.7999877929688,-0.023116598710929304,-0.11222383286293003,-0.17164331118272447,-0.12025128698929755,0.2587919566906209,0.26773705135255577,-0.19936397752678525,-0.37223105713475246,-0.046756412528405455,-0.10190061369144587,-0.18502377346279608,1282
2026-09-21,FR0000121147,FRVIA.PA,EUR,9.196000099182127,9.196000099182127,-0.02045158126787716,0.036986926875935744,0.0795962054553574,-0.09621622341041258,0.5252825432265052,0.47496822788379656,-0.10287980996565815,-0.42797438225722206,-0.015006261050969694,0.004070444722017008,-0.15565362570907593,1282
2026-09-21,FR0000121220,SW.PA,EUR,57.45000076293945,57.45000076293945,0.018617007245624873,0.007894750227007918,0.13649854856615296,0.2643046324647371,0.19626712881856856,0.25292936042228276,-0.04418009416371382,-0.2701083367043837,0.0002611740924147732,0.015484155132990729,0.19193026434240656,1282
2026-09-21,FR0000121329,HO.PA,EUR,236.6999969482422,236.6999969482422,0.02734376396983884,-0.05697212371218252,0.07346937391493058,-0.09971492428256623,0.22734399606360078,0.2756113715013893,-0.17212206268303964,-0.19597073557214617,-0.0023392661695853523,-0.03094270133219401,-0.019033266283944528,1282
2026-09-21,FR0000121485,KER.PA,EUR,227.9499969482422,227.9499969482422,-0.04222690357881431,-0.10869991418087122,-0.14191604673227554,-0.1242074653582852,0.3172288700662489,0.5041720315076818,-0.2216151879892152,-0.33857798991233146,-0.05943761268058234,-0.10888806344518198,-0.12704916706392744,1282
2026-09-21,FR0000121667,EL.PA,EUR,140.75,140.75,-0.04705482120407656,-0.1295608988474377,-0.13914373088685017,-0.25714647423316694,0.23464555917143884,0.27678019288964084,-0.209778255695675,-0.5563296695825171,-0.06675286544866754,-0.12018052405798818,-0.29135475175389725,1282
2026-09-21,FR0000121964,LI.PA,EUR,36.52000045776367,36.52000045776367,-0.006528777876166125,-0.06502818295506207,0.010657003657937869,0.12060291919812416,0.13794328310175746,0.13500697845573723,-0.08654324972708882,-0.10371167754765254,-0.02230073183966308,-0.04346821780718246,0.06741113320698777,1282
2026-09-21,FR0000121972,SU.PA,EUR,295.79998779296875,295.79998779296875,0.08730013257002556,0.013708019764682167,0.0636461032038409,0.2520473479467489,0.37262311458757386,0.37407444481161267,-0.12524119680717438,-0.17762918089750313,0.020290211807155067,0.02905564804272731,0.12645858393223164,1282
2026-09-21,FR0000124141,VIE.PA,EUR,31.690000534057617,31.690000534057617,0.010845299791092167,-0.06876280720476735,-0.1219174175651746,-0.00014954409811740454,0.17886324101055057,0.1987667722397084,-0.16444562902496562,-0.16444562902496562,-0.013832469535107084,-0.0704618488050116,-0.0343823487261371,1282
2026-09-21,FR0000125007,SGO.PA,EUR,70.08000183105469,70.08000183105469,0.007185972791636797,-0.1266200935095282,-0.096208395620212,0.0006964710065755497,0.2591871418484828,0.29676231456373375,-0.19195695573069294,-0.2782018825349041,-0.05655549411563143,-0.09551316699767609,-0.09820389880532354,1282
2026-09-21,FR0000125338,CAP.PA,EUR,107.4000015258789,107.4000015258789,-0.020966230504531946,-0.035906642237080844,0.18621604196891628,0.09108940958025902,0.441647561158532,0.4269527978526783,-0.09201077073251984,-0.41502642376831267,0.008782245402440658,0.03570982340363038,-0.0012331124780278202,1282
2026-09-21,FR0000125486,DG.PA,EUR,111.9499969482422,111.9499969482422,0.011291779895752363,-0.05646864299597465,-0.11746158222397352,-0.13062908912433624,0.22709646966655603,0.22632969563584326,-0.1356528402434034,-0.20030232855906616,-0.011522693031378761,-0.05072417174972188,-0.08918089029676479,1282
2026-09-21,FR0000130452,FGR.PA,EUR,106.9000015258789,106.9000015258789,0.0037558828721024895,-0.08943781825833663,-0.16874030752509805,-0.1845408784211624,0.3132621683778947,0.24777257211255474,-0.18441364220448975,-0.24989103793071143,-0.019266037614685927,-0.0831510618330199,-0.1381581939729204,1282
2026-09-21,FR0000130577,PUB.PA,EUR,98.18000030517578,98.18000030517578,-0.021624296979983804,-0.0568683790174791,0.1646776373260177,0.4398343401297218,0.28808474887892427,0.28303557189028716,-0.07742553003588604,-0.23345260324938366,-0.014306506898466687,0.013621641099914816,0.18588307041531427,1282
2026-09-21,FR0000130809,GLE.PA,EUR,74.81999969482422,74.81999969482422,0.018790811649536554,-0.010840821013232804,-0.026668439944201316,0.15038396154660072,0.2888286091080356,0.2980570951016014,-0.15671380804415136,-0.20391642461152326,0.015810089556447915,-0.029305079380750554,0.04879658531569664,1282
2026-09-21,FR0000131104,BNP.PA,EUR,101.81999969482422,101.81999969482422,-0.009533106301953809,-0.0466292435827006,0.014547619326360062,0.22790931887024346,0.26223953100620384,0.23149994784340402,-0.10762410515253296,-0.16594331091635783,-0.011878426171503365,-0.04056718516396507,0.0988844979604171,1282
2026-09-21,FR0000131906,RNO.PA,EUR,27.32999992370605,27.32999992370605,-0.06914171132305025,-0.03461672768363333,0.08109173976974948,-0.0210516923536459,0.45131735442107085,0.35375217239259926,-0.08041720877747482,-0.2784341010453456,-0.04813319017058337,-0.02601568207909466,-0.046396262407672806,1282
2026-09-21,FR0000133308,ORA.PA,EUR,15.039999961853027,15.039999961853027,-0.04810127972830669,-0.049905241039829185,-0.10369491380159912,-0.1272869410983073,0.29262387055991124,0.2755305722222627,-0.13620689296079813,-0.17743087773952715,-0.02864339728436105,-0.06042867705124244,-0.07374760468906871,1282
2026-09-21,FR0000172041,XED2.F,EUR,485.6600036621094,485.6600036621094,,,,,,,-0.0023828183818601634,-0.0023828183818601634,,,,2
2026-09-17,FR0000172124,0P00000GPO.F,EUR,56.4900016784668,56.4900016784668,-0.01275776872881651,-0.02637019591908918,-0.040101900711043914,-0.025194116742900285,0.045146616452954286,0.04660833425597073,-0.048714433448081795,-0.05463102888390703,-0.015175918558093748,-0.023883630810249468,-0.029553159366423443,1229
2026-09-21,FR0000284689,CL54.F,EUR,33.012001037597656,33.012001037597656,,,,,,,0.0,0.0,,,,2
2026-09-17,FR0000292302,0P00000PYA.F,EUR,571.0900268554688,571.0900268554688,0.006929356613704529,-0.01115093954377877,0.019566925315756434,0.09540625989984775,0.0722712605043501,0.0739161378505373,-0.030280271035459383,-0.06867224362644508,-0.005623992414985346,-0.004110188194599518,0.029509506001104135,1239
2026-09-17,FR0000295230,0P00000PM8.F,EUR,224.22000122070312,224.22000122070312,-0.0015140556714775544,-0.038177737143527346,-0.011941971279882502,0.053219981509406766,0.10838414813396295,0.11849524894878655,-0.0631547718368991,-0.16301981420780265,-0.028477957800976617,-0.030311096760954448,-0.03138452583004636,1259
2026-09-17,FR0000299356,0P00000JPU.F,EUR,296.70001220703125,296.70001220703125,-0.004996781321224164,-0.009811781797086416,0.011661256962524957,0.0887673904610371,0.12049255718681716,0.11051919014702537,-0.050695879600846094,-0.10168187143662966,-0.01293624756355749,-0.007621908485898388,0.02296468526804385,1227
2026-09-17,FR0000422859,0P00000PLK.F,EUR,907.9600219726562,907.9600219726562,0.0021965973860995636,-0.017391217617079957,-0.014426027709463995,0.09782967822247435,0.12379068346228361,0.11762727024580005,-0.05913649458409431,-0.11875263294966842,-0.01845502371214247,-0.017056315863726135,0.0024058474285044706,1237
2026-09-17,FR0000438905,0P00000QF5.F,EUR,488.7300109863281,488.7300109863281,0.018336045766766063,-0.00551438922679337,0.05284359787641835,0.15911676787562512,0.11580444955633436,0.10480386818156823,-0.0324187350522257,-0.08915819628885746,0.0048667600721590265,0.00864073941823662,0.08972015978770886,1185
2026-09-17,FR0000447807,0P00000RUS.F,EUR,212.1699981689453,212.1699981689453,0.01337346858221311,-0.0031947752646037664,0.03791214200870363,0.16519304978861915,0.11858513548059359,0.10942746251698722,-0.04078916959911505,-0.08659418215219217,-1.8860074446735986e-05,0.001203302566605835,0.07422924763223993,1238
2026-09-21,FR0000974149,ODAB.HM,EUR,731.6500244140625,731.6500244140625,,,,,,,-0.00669711810633189,-0.00669711810633189,,,,2
2026-09-17,FR0000975880,0P00000MML.F,EUR,433.4299926757813,433.4299926757813,0.014369594439542999,-0.037442571563207516,-0.02733330283470159,0.06113206126198856,0.1298608405078554,0.12164097126164067,-0.0816524738184714,-0.12650891219419702,-0.010578386453359179,-0.026196968058017744,-0.013761573468181187,1238
2026-09-17,FR0000980427,0P00001O87.F,EUR,2577.77001953125,2577.77001953125,-0.0009688908451737088,-0.015934273997338044,-0.01691007855281157,0.02988451707517381,0.042756252198235346,0.04391315410219766,-0.030773475000175132,-0.04381792125829931,-0.010032471093514794,-0.015120574293325584,-0.0014967374340016937,1241
2026-09-17,FR0000987950,0P00000NYV.F,EUR,655.7899780273438,655.7899780273438,-0.01307789955579397,0.016192938198478446,-0.029250255529100433,0.1493795233339983,0.137677649386769,0.2387808299946112,-0.10217496300435924,-0.10217496300435924,-0.0017186673895717153,0.005550670043549033,0.10817180564473228,1119
2026-09-17,FR0000987968,0P00000NZ3.F,EUR,473.5700073242188,473.5700073242188,-0.017897147790007173,-0.01777493479869674,-0.04823441856768007,0.17622078651702444,0.215161110840608,0.31005454498862867,-0.16322176981876269,-0.16322176981876269,0.0023547253035738347,-0.0008291642251769815,0.11549655602395759,1156
2026-09-17,FR0000988057,0P00000NZ7.F,EUR,852.739990234375,852.739990234375,0.018574024710784842,0.0015032628998286057,0.017747377521386998,0.1532708797636022,0.11156600821582727,0.10758651300306352,-0.03313392419228933,-0.07747073986381181,0.008463969250713133,0.007540288055337019,0.07873755625053169,1197
2026-09-17,FR0000989915,0P00000QLD.F,EUR,1593.52001953125,1593.52001953125,0.0046908501984157525,-0.062193935191524385,-0.0732762623108908,-0.022464325020010723,0.12558965747064982,0.13155664218199803,-0.11742445460330575,-0.1641868156179701,-0.03181217103489009,-0.06732521085646959,-0.07272016001153303,1238
2026-09-21,FR0006174348,BVI.PA,EUR,27.209999084472656,27.209999084472656,-0.02577877596978395,-0.022629348587006826,0.03224576837783921,0.07347651695153501,0.11979467315784023,0.2173834096839897,-0.07584561619350039,-0.13772048651286128,-0.01077930212924183,-0.014844347499878174,0.02438589519934764,1282
2026-09-17,FR0007023692,0P00000C3O.F,EUR,380.8699951171875,380.8699951171875,-0.005743107434587724,-0.024010853197182436,0.007965939454595894,0.06698230679759054,0.07362741905623499,0.07428969906632919,-0.03241593433027423,-0.057652550446265716,-0.010799226970663045,-0.005652755856692893,0.04453284457344098,1223
2026-09-17,FR0007028543,0P00000PY3.F,EUR,107.41999816894533,107.41999816894533,0.006182053386179831,-0.01782942789308528,-0.03172890026138253,0.03228907062446962,0.0835552622629501,0.07715178125245403,-0.045613735348593254,-0.07215834198969395,-0.010587708134338403,-0.0170025243969818,0.0029232271696177925,1200
2026-09-21,FR0007052782,CAC.PA,EUR,82.37999725341797,82.37999725341797,0.004756670323329493,-0.03411893106897124,-0.023007619170156812,0.04463602099699138,0.13099690068536804,0.1204765620727576,-0.07316513357898446,-0.10850611902089558,-0.010557450385900946,-0.028753090656855385,0.0026416689033759155,1282
2026-09-21,FR0007054358,MSE.PA,EUR,71.94000244140625,71.94000244140625,0.008410514918921308,-0.019356572479975465,0.01524134662365384,0.12265918204987347,0.12779138300142726,0.1293064699672447,-0.04902228077396764,-0.10843727157026495,-0.005989723311412232,-0.009486532197844455,0.053656084463654,1282
2026-09-17,FR0007061882,0P00000O6Y.F,EUR,697.5900268554688,697.5900268554688,0.0037411137680083417,-0.010005091460050242,0.008092655529882808,0.14400274416964054,0.11906186518180638,0.11431552070881686,-0.04486875194663431,-0.12151241584563843,-0.014712397958323797,-0.009027659211866434,0.03170111891514771,1238
2026-09-17,FR0007062567,0P00000K4N.F,EUR,567.280029296875,567.280029296875,0.029210125249528485,-0.028097525330144424,0.04028906830361301,0.09668066556601151,0.18566887453267353,0.1509538846881059,-0.07313298381321787,-0.17320314463395015,-0.0007045685655332479,4.412568885592272e-05,0.041060823258393775,1193
2026-09-17,FR0007064324,0P00000H22.F,EUR,526.3300170898438,526.3300170898438,-0.013199051487320701,-0.05100785813062192,-0.017747852510074047,0.030423477916473818,0.07411587063447471,0.09938709252371287,-0.05765394575140448,-0.10149436880129137,-0.024230594939110506,-0.028872348692277727,-0.012290458486765576,1234
2026-09-17,FR0007072160,0P00000IK7.F,EUR,173.3800048828125,173.3800048828125,0.00034616637467310696,-0.008860617720607422,-0.0073853168812946235,0.007027976573943162,0.019996504446264985,0.019052735912972858,-0.013394927444215443,-0.025147919362124238,-0.005172635082164367,-0.0071693311214835465,-0.0029993712418930896,1240
2026-09-17,FR0007076930,0P00000NME.F,EUR,564.3599853515625,564.3599853515625,0.010239099515140682,-0.031374483106700324,0.010094528465377284,0.13913165067680966,0.10462211596825736,0.10020840249694378,-0.058212602216165754,-0.08584313776124475,-0.008771376894558203,-0.015255575928498577,0.051303847035677475,1231
2026-09-17,FR0007374145,0P00000QRC.F,EUR,539.530029296875,539.530029296875,0.0015966109380596283,0.07215537535887195,0.13277629095171029,-0.06990412804840385,0.458842847084389,0.4650797784560368,-0.16881757435601374,-0.3714610457589358,-0.02308783652872426,0.09616371839780435,0.08979222218137917,1167
2026-09-17,FR0007382965,0P00000MUL.F,EUR,3568.6298828125,3568.6298828125,0.004130596052930979,-0.009377064276701153,0.008537698069903454,0.06422701264430963,0.04672658366717791,0.04506998305759057,-0.024007435772887664,-0.05346302661329583,-0.00503559425338207,-0.005420646727750333,0.019321859717074563,1237
2026-09-17,FR0007390174,0P00000FNC.F,EUR,107.86000061035156,107.86000061035156,0.0025095667037016156,-0.02468573847491584,0.2604885005845754,0.16605406065244943,0.35594316875169385,0.4165486511032678,-0.11099121252261879,-0.33703705023274577,-0.021793344042264184,0.08083950569124632,0.08130272214201395,1243
2026-09-17,FR0010004085,0P00001NLH.F,EUR,989.4400024414062,989.4400024414062,0.00597828795132771,-0.008805564047691838,0.01784811602487224,0.15064539405684108,0.094250760915985,0.1136622268287056,-0.0345192340392364,-0.0930771863389761,-0.0023302174519955754,0.00253003540031993,0.06260155475040041,1203
2026-09-17,FR0010058529,0P00000QIF.F,EUR,1171.4100341796875,1171.4100341796875,0.0018645208790006862,-0.03155634456733203,-0.018508559547811054,0.12093432852627628,0.13967338048097913,0.14656334273536667,-0.07672122846149532,-0.16355001019165538,-0.016049299706561215,-0.022363403611922794,0.009631655884399626,1240
2026-09-17,FR0010086512,0P00000G8V.F,EUR,343.8999938964844,343.8999938964844,-0.011781626734240325,-0.06204827595448692,-0.04067177148797796,0.039538075940632744,0.11613353724114642,0.12321827143018212,-0.07524075807140507,-0.11388989985918296,-0.024628219362984538,-0.03388185184234893,-0.00615124348884033,1233
2026-09-17,FR0010097683,0P00000CGO.F,EUR,587.739990234375,587.739990234375,-0.010172182903578464,-0.012732676537974275,-0.0022069602089187512,0.0495919798991733,0.05520400630247027,0.07173170658956111,-0.023930193073769868,-0.08550661982129948,-0.0073535790059859885,-0.002464066652014596,0.01736859211281594,1230
2026-09-16,FR0010128587,0P000015L9.F,EUR,695.8200073242188,695.8200073242188,-0.022381443871838824,-0.019212072236648337,-0.08170453161458946,0.03196047157480053,0.13242975537882715,0.13956884218496826,-0.09363248747868291,-0.09552951169543256,-0.011405172754080373,-0.020820540399399512,-0.0015062247789083827,1224
2026-09-21,FR0010135103,Y9U6.F,EUR,840.0,840.0,,,,,,,0.0,0.0,,,,2
2026-09-17,FR0010147603,0P000018HU.F,EUR,435.8699951171875,435.8699951171875,-0.011542989016066207,0.003915474668625629,0.015777182282394664,0.062346111383467795,0.07388832295017818,0.11636732803022817,-0.039956885578391055,-0.06154886324087783,-0.010843135494845502,0.0008187947147333396,0.0309696439086391,1240
2026-09-21,FR0010149120,Y9U4.F,EUR,1910.154052734375,1910.154052734375,,,,,,,-0.00018842329571311378,-0.00018842329571311378,,,,2
2026-09-21,FR0010149302,Y9U3.F,EUR,1900.0810546875,1900.0810546875,,,,,,,0.0,0.0,,,,2
2026-09-17,FR0010156604,0P00001BB3.F,EUR,251.1100006103516,251.1100006103516,-0.007627223865749988,-0.004834943176990625,0.002195095215186127,0.03768748671500455,0.033919670131216044,0.026131798373427616,-0.013168255582431398,-0.02863110837153171,-0.005077427253834976,-0.004610082205154131,0.014031524493716585,1239
2026-09-17,FR0010158048,0P00001BW0.F,EUR,324.69000244140625,324.69000244140625,0.0006780325449977642,-0.03357442253270371,-0.01274021642908707,0.13100883944646968,0.08724726017624387,0.10537344812476232,-0.06124416353536166,-0.12274891322971371,-0.019084169781187876,-0.020804686341760692,0.015263512098203647,1240
2026-09-17,FR0010174144,0P0000M6PZ.F,EUR,259.1400146484375,259.1400146484375,-0.004111974335256563,-0.03005576365503637,0.00789556770461175,0.013929152484066787,0.056412645741299304,0.08672311864930143,-0.04566543973733794,-0.07384152486145013,-0.017830531125706983,-0.018086201150294468,-0.0018749443875359928,1048
2026-09-17,FR0010177899,0P00000PNB.F,EUR,89.76000213623047,89.76000213623047,0.001673937337989262,-0.01232389030629466,-0.012215258906144721,0.03864850773030182,0.0431110221994641,0.045154159526487075,-0.026935590768915052,-0.046937452596716,-0.0059635312263294216,-0.00990314399176051,0.006077290562207294,1238
2026-09-21,FR0010208488,ENGI.PA,EUR,23.6200008392334,23.6200008392334,0.0029724672798583374,-0.060087479982515846,-0.13795616174901393,-0.12633668476638993,0.2196919685178012,0.23367007616031818,-0.1525729233098997,-0.162258606199024,-0.02267457756505331,-0.07531374092223309,-0.07198848815415382,1282
2026-09-21,FR0010220475,ALO.PA,EUR,14.94499969482422,14.94499969482422,-0.052915085695616204,-0.06826690512486944,-0.003998695045590361,-0.3993167122613466,0.3330141675055064,0.27741149824800193,-0.11698668428301817,-0.49916221117954296,-0.06482700359284144,-0.06979785650525816,-0.27123246951932933,1282
2026-09-21,FR0010221234,ETL.PA,EUR,1.781499981880188,1.781499981880188,-0.03021231907621813,-0.04477213256277468,-0.20857394969251308,-0.17139539401939785,0.41982383813880897,0.4375568678273384,-0.31803921751955855,-0.614412444666804,-0.026396333031549868,-0.10348541594969907,-0.23160201816495352,1282
2026-09-17,FR0010229187,0P00000FV4.F,EUR,321.82000732421875,321.82000732421875,-0.014364038777165855,-0.029639640443755888,-0.002479659677256385,0.09697655752309231,0.09337835608204396,0.10992351507892172,-0.040434204459219525,-0.07929475665366614,-0.011547084515608486,-0.006471405979913469,0.04535583415916333,1236
2026-09-21,FR0010230490,0PP1.MU,EUR,700.573974609375,700.573974609375,-0.0008301023525950635,-0.026508719283791837,-0.038346810313886426,-0.004286661451944229,0.06380362662240305,0.04365728608117067,-0.047390188329915484,-0.05556809031668952,-0.012276000152381061,-0.021306378331062636,-0.029325427436854068,210
2026-09-21,FR0010261198,MEU.PA,EUR,246.0,246.0,0.008196721311475308,-0.01737569801263328,0.010889639737083678,0.09557320457616902,0.10580364527970294,0.09712796987465748,-0.03686089155476535,-0.09773398341024497,-0.004874501174768731,-0.008284456704935161,0.045918143086889796,1282
2026-09-17,FR0010286013,0P00000EUQ.F,EUR,491.8500061035156,491.8500061035156,-0.015650343454820415,-0.020453256419862398,-0.006303402447608741,0.015568558532615517,0.05591902536476695,0.05279843790387867,-0.026230704833415164,-0.06016847910817125,-0.013554711880705228,-0.011558234036276205,-0.00019533389944270674,1224
2026-09-21,FR0010307819,LR.PA,EUR,139.64999389648438,139.64999389648438,0.05515668648522132,0.04842340162176195,-0.03356405607969293,0.025798108997231894,0.390725242608602,0.2935911378160076,-0.12863913603639465,-0.18306531519533542,0.012873935785924662,0.01923887261035251,0.008244193757763307,1282
2026-09-21,FR0010313833,AKE.PA,EUR,56.650001525878906,56.650001525878906,-0.00526776528606776,-0.043881830786853926,0.04327812747397708,0.018293123195199712,0.17132702982605794,0.2538297323946142,-0.10184440464351752,-0.22841862264948765,-0.02809346949806013,-0.034331076432428054,0.01851521981343285,1282
2026-09-21,FR0010315770,WLD.PA,EUR,431.7200012207031,431.7200012207031,0.0135699834393741,0.015333934210935984,0.034134189183252284,0.1614118148148178,0.0948822738180493,0.09621971490092732,-0.030554849535535222,-0.06579517880427155,0.010121810259599684,0.01143712480268988,0.07926249622624626,1282
2026-09-21,FR0010321828,EHQ1.HM,EUR,366.239990234375,366.239990234375,,,,,,,0.0,0.0,,,,2
2026-09-21,FR0010340141,ADP.PA,EUR,108.0,108.0,-0.008264476705861501,-0.011893897671184872,-0.05676855895196509,0.023332879346884106,0.2625280698361203,0.3211091929830675,-0.13739838638925939,-0.23520484593542768,-0.009492363450823382,-0.023048811645748346,-0.009444099667744399,1282
2026-09-17,FR0010363366,0P00006A6D.F,EUR,349.6199951171875,349.6199951171875,-0.0021976069495661665,-0.01136754712343968,-0.019711198372646788,0.0631918228035282,0.04998153667607301,0.0588329417776793,-0.029809067523080435,-0.06620432661115794,-0.0040706765994500405,-0.007851058025942326,0.015960638577613206,1236
2026-09-17,FR0010375600,0P00006TTL.F,EUR,284.25,284.25,0.006052209964473976,-0.041541649593548335,-0.031153121074654733,0.07146892398651183,0.13652353327761996,0.1340691587889304,-0.0701480804633906,-0.11891872079739285,-0.019874897227808552,-0.023655530280186632,-0.002535682185612287,1240
2026-09-17,FR0010380675,0P00007ZHT.F,EUR,3173.050048828125,3173.050048828125,-0.00809637622941306,0.03339174753614782,0.035090775031884736,0.19476240322694371,0.09377740870664199,0.13727290040167664,-0.03491375153012677,-0.08934768111999025,0.011484136804260192,0.02714974363524103,0.13845199814490705,1203
2026-09-17,FR0010400762,0P0000KOPQ.F,EUR,258.989990234375,258.989990234375,-0.007358910738512248,-0.014235224738553987,-0.010393188298162492,0.030888009548237783,0.07792372094941183,0.07312070368244707,-0.030162190593845284,-0.05504625658299789,-0.004721069111677356,-0.004543947686990735,0.015383021658284424,1212
2026-09-21,FR0010411983,SCR.PA,EUR,32.70000076293945,32.70000076293945,-0.006682789132515521,-0.02620610542377677,0.03612171471128467,0.13375162928433149,0.1845714139513083,0.17874206452065672,-0.07554783474133209,-0.18987342828689058,-0.01565318894225587,-0.023962153167676248,0.08761723138625621,1282
2026-09-18,FR0010415448,0P00008IB9.F,EUR,543.0999755859375,543.0999755859375,0.0164320409892329,-0.013818608855998948,-0.06704692932763712,0.21976412259615374,0.18116192669604847,0.29707196034862826,-0.1471557987796812,-0.15046376283067087,-0.0007911617481679567,-0.008648585326273439,0.10120620146639503,1165
2026-09-21,FR0010451203,RXL.PA,EUR,36.56999969482422,36.56999969482422,0.03715262154425569,0.016680524152324905,-0.019571033704231633,0.09596670648526406,0.3106746492635531,0.2749771997403966,-0.1111959037333462,-0.16975636676009265,0.009217348099111788,-0.004843812220254984,0.034309593848934394,1282
2026-09-21,FR0010533075,GET.PA,EUR,18.63999938964844,18.63999938964844,0.014697797391407752,-0.039175270300310205,-0.007983050482714305,0.02218409364901963,0.14476978363474527,0.1349802603083432,-0.0530927216262963,-0.07211297161310692,0.0018273427224280159,-0.0013287326725939241,0.06257752231425995,1282
2026-09-17,FR0010546903,0P00000PUS.F,EUR,76.94999694824219,76.94999694824219,-0.008376308487888395,-0.011687691433030722,-0.01206833288961584,0.0700875125777316,0.11729051326296784,0.11893253637991581,-0.042979533527988334,-0.11959289705296672,-0.009518690961084597,-0.006948169801003989,0.022752382366686197,1234
2026-09-17,FR0010546929,0P00000MHU.F,EUR,41.5099983215332,41.5099983215332,0.014170486489932355,0.0014474682144611783,0.04506538383229164,0.19901789723346286,0.10533738343374037,0.10678623294480233,-0.028252579698147984,-0.09560373294814584,0.0005543480503131804,0.0038742215883464937,0.09933322783539467,1230
2026-09-17,FR0010557967,0P0000ADK9.F,EUR,197.75,197.75,0.00010116963987871763,-0.010507911130249625,0.006412511942648136,0.10927242531372006,0.07201370568600363,0.09232872068300034,-0.035021182448650046,-0.07679091971778229,-0.007097188840483493,-0.005014427115145326,0.03704220444965456,1240
2026-09-16,FR0010564351,0P0000J3CO.F,EUR,202.69000244140625,202.69000244140625,-0.008753879712115609,-0.02105771816512203,-0.011075352254598436,0.07016900197042997,0.057306762043193696,0.06677969654674376,-0.03237068132455978,-0.06353414906261601,-0.013901883545784366,-0.014603245237680307,0.012145862047565181,1231
2026-09-17,FR0010592022,0P0000D2MT.F,EUR,130.1199951171875,130.1199951171875,0.006419691191551058,-0.032565092065520496,-0.002300284127969343,0.09547058809927478,0.09789655931925406,0.09941576078707723,-0.05379817857654812,-0.08556696470410918,-0.0143059389705541,-0.01827497577370718,0.02354052717708255,1241
2026-09-16,FR0010601971,0P0000KWR3.F,EUR,343.5799865722656,343.5799865722656,0.0024508267544625095,-0.03173263973011331,-0.016431983944811823,0.04083605034688431,0.05863326192623695,0.0693170795001609,-0.0450312953223968,-0.0711168777125627,-0.013796498915635724,-0.024901686587656235,0.006150103476378677,1235
2026-09-17,FR0010611293,0P0000GBJZ.F,EUR,1878.7900390625,1878.7900390625,0.0031127617496327087,-0.015061430640088358,-0.013706748394627044,0.01818194327333189,0.044740603587468175,0.042203192458710126,-0.02966911449211851,-0.046674149360825035,-0.007468305337768211,-0.011644206411774882,-0.006395139464673405,1236
2026-09-16,FR0010616177,0P0000HR6L.F,EUR,184.3000030517578,184.3000030517578,0.0,-0.01722388817023579,-0.010576051836137523,0.06237034580754908,0.09579956669784143,0.09872408620893591,-0.044801141039179426,-0.09792365079112963,-0.008361386028976625,-0.014587085899172791,0.016291281466889407,1232
2026-09-17,FR0010651224,0P0000HR5T.F,EUR,4700.52001953125,4700.52001953125,9.786277872314564e-05,-0.04902638626243305,0.0015853003320629444,0.07592936954626106,0.09612651763080822,0.13090482157730587,-0.07562270216165234,-0.1305381968790127,-0.027654485910829862,-0.031491818936870586,0.0030007687033257735,1241
2026-09-17,FR0010657122,0P0000HX49.F,EUR,1354.1800537109375,1354.1800537109375,0.011367100747942338,-0.0280423084794994,-0.027469961523784003,0.02056691870556482,0.11347692475001311,0.10725288638364625,-0.06587642280455464,-0.10558753610008986,-0.008828919521341905,-0.022927373811045038,-0.021714612354903573,1238
2026-09-15,FR0010668145,0P0000IT7S.F,EUR,671.489990234375,671.489990234375,-0.02750259351687956,-0.055250744262046236,-0.028192224401484944,0.0024033936523364385,0.10709584982881673,0.14065035174334445,-0.07103875073039301,-0.10189111228019454,-0.02794678226312819,-0.044960230629619624,-0.018324000533881835,1230
2026-09-17,FR0010679902,0P0000IKS1.F,EUR,422.6000061035156,422.6000061035156,-0.00879559035139199,-0.06019971649403555,-0.015079127205957943,0.04705042353055755,0.08283431815049812,0.10366437309247621,-0.07202456792396095,-0.13823713827402528,-0.03433524251190834,-0.04261950569998041,-0.03048009855264322,1241
2026-09-17,FR0010687749,0P0000HRVB.F,EUR,353.1499938964844,353.1499938964844,0.0009636811321771521,-0.0196541567163111,-0.02884726743313648,0.12257223054600175,0.1187570323862853,0.11524821273665521,-0.05663693095460853,-0.10297291465046632,-0.01523645491645742,-0.019610584100703377,0.02644052567415378,1239
2026-09-17,FR0010689141,0P0000IKSO.F,EUR,1968.4300537109373,1968.4300537109373,-0.008027742828024764,-0.01804346119700395,0.0013429789529793013,0.07339835256363103,0.08349068890359863,0.1134062498955811,-0.043648280181169286,-0.11447905426548899,-0.02192459910389788,-0.017320412399277507,0.00261636866798165,1241
2026-09-17,FR0010697482,0P0000J0GI.F,EUR,142.5399932861328,142.5399932861328,0.00042109461252715086,-0.0018906538553098429,-0.0007711224329346456,0.008704237129641523,0.008814003994242571,0.0079064981665621,-0.003777868586109956,-0.009263859031025667,-0.0013312339286535302,-0.0013382290800223462,0.002370507008342404,1239
2026-09-17,FR0010697532,0P0000JC17.F,EUR,217.80999755859372,217.80999755859372,2.220446049250313e-16,-0.007473225848507403,-0.011437408666629345,0.0013792609964333735,0.01189103910696379,0.01016576496236275,-0.011885837700140733,-0.011885837700140733,-0.003937429244292079,-0.00634940568771214,-0.00466502874014163,1240
2026-09-17,FR0010700823,0P0000IVLV.F,EUR,1423.97998046875,1423.97998046875,0.016271946419325944,-0.0015635709536653275,0.023062315338483685,0.11040233418536971,0.11781998485183526,0.11002654369724951,-0.038700809851986206,-0.10079621358980673,0.002213466504913608,0.0002433065602482909,0.05198561391381529,1202
2026-09-17,FR0010702084,0P0000KU3M.F,EUR,249.92999267578125,249.92999267578125,-0.0007197150618970527,-0.038545947531134495,-0.02917188352394573,0.08627429888192628,0.1041194910348234,0.1004419022829057,-0.06869738214395071,-0.11380472679777409,-0.020978494321328034,-0.029841909279200718,-0.0034466769294596578,1240
2026-09-17,FR0010751008,0P0000KM3H.F,EUR,1509.0899658203125,1509.0899658203125,-0.00013919234149339932,-0.018529111362428408,-0.02781109071529242,-0.006870587138967821,0.040505213317295743,0.03265879426824933,-0.035981183543515205,-0.035981183543515205,-0.010524622171008802,-0.01732135607216534,-0.019446379000365166,1240
2026-09-17,FR0010752543,0P0000KTWR.F,EUR,420.6400146484375,420.6400146484375,-0.0005226695594290343,-0.011073213559404271,-0.013323307792734274,0.010740805623851823,0.02760180219165554,0.023523181776982045,-0.021285510314327016,-0.027542721463298614,-0.00599156690352276,-0.009658989325212808,-0.0055967910566433465,1241
2026-09-17,FR0010784348,0P00001NRR.F,EUR,1187.3900146484375,1187.3900146484375,0.011508850742349752,-0.03546568575440845,-0.01000508579648085,0.09366313719255581,0.12291262320485664,0.12056208294153486,-0.07089373476778427,-0.11998356423860601,-0.00969008944997507,-0.024469951890280117,0.01149519784361841,1240
2026-09-21,FR0010836163,69X3.MU,EUR,3024.179931640625,3024.179931640625,,,,,,,0.0,0.0,,,,2
2026-09-21,FR0010858498,0PP0.MU,EUR,542.0449829101562,542.0449829101562,,,,,,,0.0,0.0,,,,2
2026-09-21,FR0010859769,EHQ8.MU,EUR,503.1000061035156,503.1000061035156,,,,,,,-0.001983733362214357,-0.001983733362214357,,,,2
2026-09-17,FR0010896944,0P0000P2U7.F,EUR,148.66000366210938,148.66000366210938,0.01315346548604901,-0.00355250868438739,0.023476789412112842,0.1730450542434705,0.10536671244336808,0.10181629308903559,-0.02873068567554027,-0.09251694310225123,0.0022653372091929747,0.0029631704234800438,0.07338687609365513,1240
2026-09-21,FR0010908533,EDEN.PA,EUR,28.309999465942383,28.309999465942383,-0.013588895004514545,-0.054442252472943764,0.26666662115200945,0.7651797070717943,0.24211205020329585,0.2933436409031427,-0.08286932950355896,-0.41323413035555057,-0.03589431164546919,-0.0050608178563740225,0.3357989692359351,1282
2026-09-21,FR0010909531,ROY2.MU,EUR,293.3489990234375,293.3489990234375,,,,,,,0.0,0.0,,,,2
2026-09-17,FR0011034131,0P0000VH9P.F,EUR,495.3200073242188,495.3200073242188,0.010300484271343224,-0.018390801956100433,0.032562006920371145,0.1185836138640406,0.08742877946800316,0.09680913618959172,-0.041049233571808674,-0.08317117171309074,-0.010567094703827551,-0.006221631565695218,0.04045819380714466,1241
2026-09-17,FR0011069137,0P0000TV0S.F,EUR,295.75,295.75,0.0015917137044370033,-0.008747772756749206,0.01863333929305888,0.12060467169149036,0.10029464562477546,0.11942800200418585,-0.03883555398547767,-0.10720976035915342,-0.0057553502545939494,0.0013414459994995909,0.04561626795016527,1204
2026-09-17,FR0011153014,0P0000UUVR.F,EUR,271.7300109863281,271.7300109863281,0.0052160536545793335,-0.000441401929348495,0.012142920068544338,0.12512946530929892,0.06906468338782605,0.08006363035552272,-0.025026161714988282,-0.07922510462060839,-0.00026487108908068713,0.00042269873535305535,0.05626367910803931,1238
2026-09-17,FR0011169341,0P0000V0BE.F,EUR,607.7000122070312,607.7000122070312,0.002028198531380143,-0.024558567885985205,-0.013137540572239148,0.11286099594592969,0.1184154120771695,0.1240792620773671,-0.05687711868348344,-0.1248088989990811,-0.011401312868221436,-0.01775982471564952,0.022245511492500647,1240
2026-09-16,FR0011170182,0P0000VOSS.F,EUR,1327.3599853515625,1327.3599853515625,-0.04158270540504572,-0.018217594109955493,-0.035853322681411504,-0.17047260039728884,0.32133614943072897,0.30767795697461453,-0.12223257661536657,-0.3734400146634508,-0.026152146766146966,0.01904051323056799,-0.07612532506091119,1182
2026-09-17,FR0011198332,0P0000VG0E.F,EUR,118.45999908447266,118.45999908447266,0.00025330388600508513,-0.000843441938092937,0.0025388914443600363,0.0093728567518776,0.005275921995992941,0.0033945552204808563,-0.001938765344887683,-0.001938765344887683,-0.000767611652254363,-0.0001856883953332833,0.006878401669348833,1239
2026-09-17,FR0011261197,0P00017SX2.F,EUR,3389.47998046875,3389.47998046875,0.00597739974379774,-0.021515535199598812,0.0252510527733667,0.025579901771688007,0.1126712507540744,0.10150255646393039,-0.046441660676277974,-0.09957122066905022,-0.016261187387685783,-0.010577016931557548,-0.01865499441221563,1238
2026-09-17,FR0011271550,0P0000WJFT.F,EUR,313.67999267578125,313.67999267578125,0.001500594596358873,-0.03405800914944723,-0.009254264904272724,0.1130114168860763,0.08346121133898962,0.10681997981545402,-0.059257455493090805,-0.1080676260275274,-0.01943899670629934,-0.029701043055713194,0.0050722798228342025,1242
2026-09-17,FR0011288513,0P0000XP79.F,EUR,135.05999755859375,135.05999755859375,-0.0006658996815016582,-0.011780205106620034,-0.015238763623045215,0.006933517050072169,0.024585958603406437,0.020024525177794957,-0.021601579038781793,-0.029187461979047202,-0.006605000244945591,-0.010410270210373551,-0.009274223792073988,1240
2026-09-17,FR0011350685,0P0000XRPO.F,EUR,1324.6600341796875,1324.6600341796875,-0.00043007349476120726,-0.006994022536142341,-0.007775051368572927,0.008849688335082373,0.015753684808492284,0.012256287149317683,-0.011717059603942648,-0.01867545607765031,-0.003940129317427266,-0.00582904612589541,-0.0028077004101847436,1238
2026-09-17,FR0011363746,0P0000YA5J.F,EUR,201.25,201.25,-0.002725485844600084,-0.010278333704785259,-0.013818823065647412,0.01739043771226645,0.02760831309507808,0.02697683840747084,-0.01924949835648182,-0.031872118869212596,-0.006155667641314477,-0.009297104350887042,-0.0033707121745438773,1228
2026-09-17,FR0011400712,0P0000Y520.F,EUR,922.4099731445312,922.4099731445312,0.022876913634627183,-0.02455509196872263,0.026931044989425335,0.03489243436192124,0.13579526851062282,0.1454233875078597,-0.07302708876997388,-0.12448297538646003,-0.002281205648195561,-0.007281107562075451,0.02622642606766079,1185
2026-09-21,FR0011550193,ETZ.PA,EUR,21.19499969482422,21.19499969482422,0.010007104044069903,-0.016929488875671916,0.013145297204941064,0.0910634739802445,0.1081268558438491,0.09839259749839048,-0.03908047730895281,-0.09410045263958577,-0.003713470780571493,-0.007822278525618898,0.04447068241306473,1282
2026-09-17,FR0011586544,0P000115CR.F,EUR,3288.85009765625,3288.85009765625,0.01638214754925693,-0.0007200591476627105,0.03983748711118773,0.18122102053319544,0.11900303694648288,0.10720257244785153,-0.03778567595914151,-0.11714410061051672,-0.0005565401840427198,0.002731277871311555,0.07141444460691626,1243
2026-09-17,FR0011631050,0P00011S1H.F,EUR,223.8300018310547,223.8300018310547,-0.003517021206062565,-0.02483334195336695,-0.015049496893048686,0.0542603005272122,0.10146194982491163,0.11293786776598351,-0.05457957879314623,-0.1151385532086443,-0.015032159328519756,-0.019041535594997328,-0.011364245678816554,1240
2026-09-17,FR0011694256,0P00014KUO.F,EUR,161.3000030517578,161.3000030517578,0.00529763863934396,-0.049946965417066114,-0.034478598054664245,0.02082152179797414,0.11632542935698523,0.13228099341774488,-0.1057655144009797,-0.15234934691037816,-0.02633070478243915,-0.055313065063446354,-0.046031476491385726,1240
2026-09-21,FR0011726835,GTT.PA,EUR,223.1999969482422,223.1999969482422,0.043966294491627256,0.10059168436638521,0.21041217101958654,0.13194288978115942,0.24524826466006738,0.23793485871889986,-0.04761906250095216,-0.15003473389952182,0.0373193125128739,0.09372088726365613,0.1771635289794835,1282
2026-09-21,FR0011950732,ELIOR.PA,EUR,1.930999994277954,1.930999994277954,-0.0030975951726454065,-0.09597375073850045,-0.011770727713536489,-0.23976377036273055,0.20417646278717383,0.2084895180459757,-0.12778809595506047,-0.3768406824452747,-0.03980509013139211,-0.061172104134640026,-0.18987410878314093,1282
2026-09-21,FR0012333284,ABVX.PA,EUR,91.6999969482422,91.6999969482422,-0.07977927201107071,-0.0652395680471618,0.10084025916859951,-0.10098042207605684,0.4040330728029782,0.8969457783516814,-0.33000002260561334,-0.4844771430760161,-0.060234201907842344,-0.12722360993578175,-0.10770543625136819,1282
2026-09-17,FR0012355139,0P0001572S.F,EUR,128.9499969482422,128.9499969482422,0.004205227558078173,-0.015874241398400546,-0.03386531978063567,0.015754234329090844,0.06327699574991523,0.05894495524585962,-0.047182481054466985,-0.05565120950851987,-0.008164695840748748,-0.01628116496157528,-0.01563798232653213,1238
2026-09-21,FR0012435121,ELIS.PA,EUR,22.280000686645508,22.280000686645508,-0.021949077477118717,-0.08912504004184629,-0.1880466380096345,-0.08564568226853653,0.16163016353759188,0.2304424751127806,-0.20992907504009828,-0.20992907504009828,-0.043407298526719984,-0.08370070234046922,-0.1076549077575989,1282
2026-09-21,FR0012757854,SPIE.PA,EUR,43.540000915527344,43.540000915527344,0.006938002437912649,-0.020057578673568166,-0.12363188293050276,0.01401699986007432,0.26003475299817425,0.2457303935303649,-0.1829383895923451,-0.20037918105240293,-0.0032965679480618792,-0.04565431078434867,-0.07366515467339685,1282
2026-09-21,FR0013176526,FR.PA,EUR,14.880000114440918,14.880000114440918,0.04604567419375449,0.05681819567256707,0.20534627724412613,0.40651560946547893,0.40273195163809783,0.3794336912210875,-0.0942581587900383,-0.2740685965690174,0.02917020839164941,0.04388088858866923,0.19930460151739537,1282
2026-09-17,FR0013202132,0P0001AC1I.F,EUR,115.72000122070312,115.72000122070312,-0.0049871179349544326,-0.012459456226918686,-0.0138900492084576,-0.0027576671173690226,0.025820179001310128,0.02068410282707858,-0.020803235272796705,-0.027311290746644623,-0.007904522852382079,-0.010992571614381164,-0.0090764651527937,1232
2026-09-21,FR0013227113,SOI.PA,EUR,150.25,150.25,0.21758507408519145,0.39313863816189953,0.3145231495047571,1.830632909136329,0.9566856881813477,1.0300405606421148,-0.2702702667871647,-0.5504682471501512,0.17598715550699806,0.2805783327331224,0.725170319429894,1282
2026-09-17,FR0013254331,0P0001BGYT.F,EUR,415.6099853515625,415.6099853515625,0.0035979673812982504,-0.010358144089973265,0.019001618884774363,0.10174157211109414,0.10859633179317266,0.11607889648802777,-0.036921992311737206,-0.11598420067942472,-0.009282423965642495,-0.004210230045808228,0.03490036682993014,1202
2026-09-21,FR0013269123,RUI.PA,EUR,35.459999084472656,35.459999084472656,-0.002251036268818285,0.05598562093225845,0.13363165940120103,0.07993514551944814,0.24383511768037527,0.19606256554518364,-0.037569076842227433,-0.11528145624745234,0.026457453205802173,0.050816088796699965,0.08726877007551503,1282
2026-09-21,FR0013280286,BIM.PA,EUR,72.6500015258789,72.6500015258789,0.01537384244869111,-0.02286478793720359,0.04008594291945755,-0.2055277272410989,0.20396301382274323,0.2764997950057847,-0.07805201750923207,-0.42097341181666226,-0.010656030054905119,-0.0014019998250540677,-0.13082152667067393,1282
2026-09-21,FR0013326246,URW.PA,EUR,93.31999969482422,93.31999969482422,0.009301326182859393,-0.0939805854871435,-0.09265920195122601,-0.004188442546115834,0.15028497524405554,0.13603460033369832,-0.12691220252836255,-0.13122940803438632,-0.027911601940877273,-0.07402079135104567,-0.03116314374109208,878
2026-09-17,FR0013333838,0P0001DXTL.F,EUR,118.22000122070312,118.22000122070312,0.0010161113305038327,-0.0059698905461261775,0.004418048308782785,0.03565483697257332,0.021089821614747598,0.02814022193046709,-0.012706940624981566,-0.033081040146226814,-0.004140277618918775,-0.003939743701799059,0.01265086474632704,1239
2026-09-17,FR0013334380,0P0001DXU9.F,EUR,103.70999908447266,103.70999908447266,-0.0038421047308987433,-0.027658020592068455,-0.0479206940794904,0.13171104075964934,0.16502624386664738,0.16206179917637686,-0.07766028315599927,-0.1084672057823034,-0.018083705647051862,-0.025164690182909122,0.025121448053797346,1239
2026-09-17,FR0013342755,0P0001E0HL.F,EUR,185.16000366210935,185.16000366210935,0.0029249732380236537,-0.026856574844210335,-0.06654565894144981,0.09432628251612374,0.1518853814577832,0.15831758406252985,-0.10438913410146156,-0.11584945799770097,-0.014293686502943492,-0.028330374446948414,-0.0002542929653318593,1240
2026-09-16,FR0013351285,0P0001EPLY.F,EUR,162.25,162.25,-0.0015384615384614886,-0.029082643723301604,-0.02223696750100501,0.041265513884890304,0.05001200980129784,0.06287826790721893,-0.04115276604912188,-0.09545535463958221,-0.014932346760208381,-0.025135572392797068,-0.006060733537768592,1235
2026-09-17,FR0013433067,0P0001ILL4.F,EUR,95.25,95.25,-0.0029310036938633433,-0.05972362161397604,-0.04987531172069826,-0.07398406149324588,0.15888991445568584,0.23392157204898364,-0.11316681697844033,-0.20466606893546202,-0.030489944146895875,-0.05431648836800185,-0.08780532205383607,1169
2026-09-21,FR0013451333,FDJU.PA,EUR,21.899999618530277,21.899999618530277,-0.013068990921484724,-0.020572494600394786,0.017185272646752292,-0.07521058621024868,0.07777660685310166,0.14584617032081776,-0.06250004082509775,-0.2279361013111323,-0.014689695150571724,-0.021578896870507402,-0.020265016781866763,1282
2026-09-21,FR0014000MR3,ERF.PA,EUR,77.5199966430664,77.5199966430664,0.07427927811721435,0.05814898147169423,0.13699026541631731,0.20562096230867133,0.21260467232029276,0.2301742097479742,-0.07004213550513194,-0.20375860905809895,0.06056663449679922,0.09186784534179604,0.17670445164730508,1282
2026-09-21,FR0014003TT8,DSY.PA,EUR,20.950000762939453,20.950000762939453,-0.014117611155790466,-0.075463331685236,0.15873898514072038,0.21187099866343528,0.3584787273250335,0.37096609435027444,-0.1264616741878486,-0.47274530078621,-0.023605858503167654,0.002032805338419541,0.04769884170392391,1282
2026-09-21,FR0014004L86,AM.PA,EUR,289.0,289.0,0.020480182002000413,-0.017006802721088454,0.019040880748476985,-0.12464596279033224,0.17774755035937567,0.2677148193097722,-0.14044944087776323,-0.20795749519430162,0.016424586894430826,-0.020856768483693222,-0.04447800936771662,1282
2026-09-17,FR00140081Y1,0P0001P1UF.F,EUR,127.91000366210938,127.91000366210938,7.820278429360172e-05,-0.0031174024167658354,-0.0021842481782060608,0.009948694204895192,0.009685339446052632,0.012026059425713772,-0.0064551393625367215,-0.012880632916910884,-0.0019078234095135649,-0.0023958988086978383,0.0015888250879780852,1084
2026-09-16,FR0014008NN3,0P0001P5RF.F,EUR,1146.780029296875,1146.780029296875,-0.048078296856124414,-0.013980610485888167,-0.03585753048781426,-0.04912812994759608,0.232981503812556,0.22230627627323313,-0.09962754819443853,-0.21793387774801054,-0.017405178302538404,0.007887136096375036,-0.015796931414472137,1010
2026-09-21,FR001400AJ45,ML.PA,EUR,33.41999816894531,33.41999816894531,0.0027001600043949914,-0.04732051241342439,0.0005987018608639705,0.16817418930128514,0.19421332125235607,0.17833449727793738,-0.06027861934200207,-0.17488391923233015,-0.021147028250329214,-0.029052927279991536,0.0675291479579041,1282
2026-09-17,FR001400C7W0,0P0001Q63A.F,EUR,120.50499725341795,120.50499725341795,-0.0012101327130548123,-0.0016735025953608096,-0.00026552269741197954,0.014497025362696814,0.00691387795937952,0.0054407556928981185,-0.0036254068715635412,-0.010383330479376118,-0.0014509651180838468,-0.0011862796238341078,0.005647851665355974,938
2026-09-21,FR001400J770,AF.PA,EUR,11.475000381469728,11.475000381469728,0.0048161387748111295,-0.012903192991851276,-0.15251104772534219,0.23095912203031754,0.25894713807442504,0.35378947743925254,-0.18231442184638846,-0.3487062871159111,-0.012818280289096706,-0.039202194742588015,0.0193616876515168,1282
2026-09-17,FR001400KAV4,0P0001RSZC.F,EUR,119.38999938964844,119.38999938964844,-0.000920507199594689,-0.0093760146439813,-0.010197341476751554,0.010751749183337544,0.021160515738281004,0.017209094861333693,-0.016197000660045924,-0.023963510996798165,-0.005485288621281614,-0.008102014973846439,-0.0037936663161155515,718
2026-09-17,FR001400L7X7,0P0001S005.F,EUR,1086.4100341796875,1086.4100341796875,-0.0024882115374333935,-0.004872950623539984,-0.003339309651286926,0.005051189467091488,0.011317218643684127,0.009112922996998792,-0.006726927585788078,-0.011346908589593308,-0.003324643616762879,-0.0038417121384071162,0.00036015117259324825,678
2026-09-17,FR001400MCQ6,0P0001SCG2.F,EUR,111.87000274658205,111.87000274658205,-0.0009823236922125167,-0.008508367179769105,-0.00701225714404119,0.016722748229561768,0.01910898650666945,0.014366593293668586,-0.013361668062002341,-0.023477096143128984,-0.005051659566320255,-0.006693059163508042,-0.0010411741829086107,614
2026-09-17,FR001400TS43,0P0001UK5Q.F,EUR,247.6699981689453,247.6699981689453,0.04176828655817766,-0.05390022414297402,-0.1703125856201495,-0.13787942348461923,0.2854779033036104,0.442305502833046,-0.2631443756239523,-0.4031498049663377,0.010106365196259626,-0.0344648572736026,-0.12853517424525585,407
2026-09-17,FR001400U4T1,0P0001UJXE.F,EUR,101.44000244140624,101.44000244140624,-0.0013782180264307886,-0.011883900031005257,-0.013325504811988131,0.01310118466894683,0.025787597123907845,0.020558869565782102,-0.02035473986034453,-0.02727006453639813,-0.006901929946263929,-0.010436054097325065,-0.004850126510214325,415
2026-09-17,FR001400Y4C3,0P0001VF8D.F,EUR,102.81800079345705,102.81800079345705,-0.00016529674883980494,-0.009384143528940236,-0.009412759696744155,-0.0004083202084901316,0.022376063446003753,0.017365226586120896,-0.015223396263358002,-0.015223396263358002,-0.005276997695473407,-0.007516256399931587,-0.0038905336212901043,321
2026-09-17,FR0014010443,0P0001X7LU.F,EUR,121.68000030517578,121.68000030517578,0.010379473526799243,-0.023670039422722278,0.0022238418163451623,0.10307318464532256,0.13112744845188967,0.12474351602098392,-0.06508550861145868,-0.07909845364679069,-0.0070140627330738115,-0.007932950512681725,0.04512648159586563,253
2026-09-21,FR00140182K6,WLN.PA,EUR,12.5,12.5,-0.09734254869606662,-0.00888046790835384,0.17348849968377977,0.14763126811889227,0.5397187180662985,0.7339683782276144,-0.14313135830533108,-0.7105567100228656,-0.08362474110145968,0.01709037113642542,-0.03184186725877025,1282
2026-09-21,IE0000MMQ5M5,XZME.DE,EUR,11.425999641418455,11.425999641418455,0.010792616920649145,-0.0006997003524275014,0.0497978524102225,0.18037182656999629,0.10678316533139051,0.13502565630754482,-0.037437036428006,-0.12315044752045123,0.002307057466923945,0.01337445852537833,0.06690019693887184,1134
2026-09-21,IE0002EI5AG0,XDEE.DE,EUR,12.062000274658203,12.062000274658203,-0.006425046660517797,-0.0384246978542403,0.0009958575712361029,0.09874299675265985,0.06415142054840511,0.09313878083224271,-0.048328289432227556,-0.07195734552495425,-0.018455811248352938,-0.020502670424850877,0.03453631456950634,1244
2026-09-21,IE0003UN5CT1,JSEE.L,EUR,31.729999542236328,31.729999542236328,0.0053069161896659445,-0.02150958600346442,-0.00742945614476509,0.1276765413376244,0.11899442165453468,0.1076921982105485,-0.046823814462068625,-0.10927735477485356,-0.006423191624962077,-0.01302847118630146,0.03771018691395778,448
2026-09-18,IE00069JGT58,JSEU.L,USD,37.046720366709295,37.046720366709295,0.008702317155511397,0.007631807764035381,0.046880334982142946,0.22201099921475942,0.11448275861432669,0.12140849557599365,-0.033805521724557974,-0.09540032619128536,0.006368629696308137,0.007925071683055451,0.08306306470674674,787
2026-09-21,IE0006YM7D84,XZHY.L,USD,33.68931028955503,33.68931028955503,0.011175105594836365,0.009887917691887571,-0.014818100451660876,0.026399177329218926,0.047028697276099096,0.05596501922741083,-0.02731335523429157,-0.03299643726822499,0.004275279423381795,-0.0010751910047279711,0.016130832330241374,1065
2026-09-18,IE000ANHU3J3,JSEM.SW,USD,35.84421502953004,35.84421502953004,-0.007158241671330612,0.011569459528282922,-0.03848143029829698,0.24744681880265773,0.19461983879752404,0.23435961772472216,-0.1054794754139683,-0.13277301158653176,0.002891967936239581,0.016699281621103568,0.10148725253580038,385
2026-09-21,IE000I8KRLL9,SEMI.AS,USD,18.07177794227574,18.07177794227574,0.0998583438011651,0.10921904125715254,-0.08996638764439924,0.6232074639159093,0.3263789504310013,0.5057732997897152,-0.27078031155154125,-0.28230899511903307,0.06482248640313326,0.056645780507325716,0.2510307583373852,1282
2026-09-21,IE000R85HL30,WEBD.DE,EUR,122.5999984741211,122.5999984741211,0.015405007812325788,-0.14510846284488688,-0.1098525936452398,0.019915787621715975,0.5250695026244688,0.3253812072998032,-0.18689110265098707,-0.18689110265098707,-0.07216456957748651,-0.10214987636621109,-0.06115471667559502,1274
2026-09-21,IE000RDRMSD1,BLKC.AS,USD,16.775901037011522,16.775901037011522,0.09712707228316231,0.1140915149551911,0.05143798560726398,0.389632284461757,0.5239927608454902,0.5086955385030677,-0.14699635729081217,-0.4311174525246234,0.09674233118255371,0.1322612665525722,0.14326166183304223,1018
2026-09-21,IE000U58J0M1,INRA.AS,USD,22.646335548522604,22.646335548522604,0.015353006774058597,0.02679117388612351,-0.11171072814833416,-0.03449134190307779,0.2347983747601043,0.276652668010188,-0.1781288088620805,-0.2635708296778273,0.007331074901422374,-0.012544593430906081,-0.05319606324059245,1169
2026-09-21,IE000UX5WPU4,XYPL.DE,EUR,9.878199577331545,9.878199577331545,0.005189641174601745,-0.013166897955707024,-0.023555609728920457,-0.0031284198746378555,0.04179410634888794,0.03679624284656632,-0.032422579747981684,-0.032422579747981684,-0.0049540220875367025,-0.010924119188805426,-0.013172494798748269,1088
2026-09-21,IE000VA628D5,SP20.AS,USD,5.998977668796437,5.998977668796437,0.03515038496990841,0.05953161326261691,0.08261450810056337,0.22263450968597542,0.1371681381693657,0.16142532150868572,-0.044330093330838816,-0.1284309111272145,0.032069317656227,0.03948495050803946,0.10431099094373342,469
2026-09-21,IE0030351732,WYZ1.F,EUR,54.29499816894531,54.29499816894531,,,,,,,0.0,0.0,,,,2
2026-09-21,IE00B3ZW0K18,IUSE.L,EUR,157.96499633789062,157.96499633789062,0.010135512249573653,0.0018074814519772886,0.04226048352119216,0.19625136453783543,0.09895906497863508,0.10924964595166896,-0.026802918883324978,-0.08666481270306314,0.0038685772322912815,0.008888458260815968,0.0653288851432492,1263
2026-09-21,IE00B4L5Y983,IWDA.L,USD,128.09945184829368,128.09945184829368,0.01752299257853962,0.01361181406177625,0.03134033282713822,0.18843928017200962,0.10392959268068842,0.11024406779342287,-0.0314395943389254,-0.06426178066922439,0.010316488358906195,0.011076365394673493,0.08000368656506862,1263
2026-09-21,IE00B6R51Z18,IOGP.L,USD,30.77380678313745,30.77380678313745,-0.043716213355687095,-0.019412839593459408,0.128607934572339,-0.06490534370061751,0.24409028217656908,0.2594884844837925,-0.06864735145220024,-0.1893189566400566,-0.01703707578007918,0.018229291311647744,0.10028701066327494,1263
2026-09-21,IE00B6R52143,ISAG.L,USD,50.3903684656369,50.3903684656369,-0.010295386579922794,0.012471469879850483,0.04761242136602806,-0.018497532221781854,0.17111775266737753,0.14194587781395215,-0.05614900088941177,-0.0928890168616453,-0.010747603128051897,0.01223913205333882,0.04101592268040899,1263
2026-09-21,IE00BDQYWQ65,TIP5.L,USD,4.232268586555007,4.232268586555007,0.005298985869957029,0.008380077891944726,-0.014938758552476838,-0.004018546140086454,0.03876793370534341,0.04264243354235097,-0.023758590358265108,-0.0393317021918399,0.0036422667004443188,-0.002181241127423572,0.008600877027769016,1263
2026-09-21,IE00BF4G6Z54,JREM.L,USD,46.112843411830674,46.112843411830674,0.044861057455430675,0.03755819458517484,0.009772128048629591,0.2658045809830789,0.18684098087290765,0.2397794704880302,-0.09836140820485617,-0.13277031521209293,0.02666127842601318,0.043016423473669185,0.12299398935427108,1262
2026-09-21,IE00BFMNHK08,XZEU.DE,EUR,36.915000915527344,36.915000915527344,0.014984932627116088,-0.02134147081453286,0.006406777764350391,0.1608491132448091,0.11420691328072789,0.10032594904465945,-0.04838921969104015,-0.10329516595899846,-0.0041879783266972614,-0.009955406094851682,0.055512729569031416,1273
2026-09-21,IE00BG0J4B71,EH1Y.DE,EUR,4.784599781036377,4.784599781036377,0.004978000028244223,-0.008845584497661041,-0.008799762602693217,0.022970578936846175,0.029753223808480018,0.0319006283346109,-0.01987171546159039,-0.03306860401077327,-0.003283130268335821,-0.006002429839574885,0.002278051952714355,1136
2026-09-21,IE00BG0J4C88,LOCK.L,USD,11.235572228986005,11.235572228986005,0.01800946415899829,0.06211244759256296,0.13855861707618677,0.3699657252548525,0.27855971990858,0.24867623555794996,-0.06918210405872405,-0.12423833383261185,0.03556842131146731,0.048246823194864064,0.1920246550187057,1263
2026-09-21,IE00BG370F43,XZEM.L,USD,60.25086849909558,60.25086849909558,0.042603896641105754,0.03498322557659006,-0.0031276293675596145,0.1320254702054977,0.17946909266320166,0.2236738239799583,-0.09226267944110567,-0.13248037332383544,0.025383129871430432,0.035030055215423905,0.0480404492497557,1263
2026-09-21,IE00BHZPJ015,EDM4.DE,EUR,10.434000015258787,10.434000015258787,0.016364720886759,-0.013240054716769256,0.005008673273860342,0.11533944690760745,0.12086513814615667,0.12112970539067736,-0.04846799355787268,-0.10782747063876086,-0.0006417185841979256,-0.00550148597639688,0.05082989267054949,1276
2026-09-21,IE00BHZPJ239,EDM2.SW,USD,8.448001427570262,8.448001427570262,0.04219595618075189,0.04929123557879089,0.018594020072436823,0.25610672172659643,0.17732921874192092,0.2326609088250252,-0.09829503042123988,-0.1345260918002107,0.02489943522167848,0.04131374508932173,0.11347786134494164,1258
2026-09-21,IE00BJ5JPH63,3SUD.DE,EUR,5.208799839019775,5.208799839019775,0.004318969346221779,-0.009922128080396497,-0.022739228221603125,0.0096530180076968,0.04397481362191415,0.04392054081529257,-0.02940510798094187,-0.04608865584082156,-0.005183436853307577,-0.008695070373130998,-0.00928654225596992,1276
2026-09-21,IE00BJZ2DC62,XRMU.L,USD,58.51026859796727,58.51026859796727,0.023096609207863272,0.02228682990253139,0.037334908043213266,0.22891419442058014,0.11235258830760429,0.1268497800462019,-0.033469853884432466,-0.08608559168927943,0.015163196920885635,0.015800999455932718,0.09002211910925495,1263
2026-09-21,IE00BJZ2DD79,XRSU.L,USD,371.8182574409247,371.8182574409247,0.004061229835040425,-0.026663518771743555,-0.05397216929476434,0.184935817523586,0.12385268327969613,0.1431887881627184,-0.06717984934329724,-0.09191930547627514,-0.01019916206022442,-0.025285895723927587,0.05358219727583169,1263
2026-09-21,IE00BKBF6H24,IWLE.DE,EUR,10.864500045776367,10.864500045776367,0.010181304525364254,0.0007829862954997768,0.03371344200390758,0.14125340730478086,0.08997715266561726,0.09670481412064355,-0.029517160170236978,-0.07851649475827649,0.0023179361231091544,0.00583365746583242,0.06175801876076403,1276
2026-09-18,IE00BL25JL35,XDEQ.SW,USD,78.70304175589666,78.70304175589666,0.014476047003894488,-0.00025144049993885975,0.027816412671691326,0.1625646419219684,0.0947213022534781,0.10385611311295873,-0.039215467351097044,-0.0645891391851322,0.0027608455547483146,-0.0011705912334701862,0.06409381049960983,1257
2026-09-21,IE00BL25JM42,XDEV.SW,USD,74.40194091456833,74.40194091456833,0.01771023222502688,0.03640681047394345,0.04106311675518515,0.3522499059465962,0.10229978379612625,0.14124789696208492,-0.03709217316836555,-0.05770898221228993,0.013791854749751753,0.030005480125343986,0.17490553244311546,1248
2026-09-21,IE00BL25JN58,XDEB.DE,EUR,44.8650016784668,44.8650016784668,-0.006862148618243635,-0.006532288971259126,0.033636745541536506,0.05230452550076237,0.07459513071145785,0.0913846942357019,-0.024500063829753338,-0.053087219156055854,-0.004145199773142316,-1.779395092527114e-05,0.039290499706968074,1275
2026-09-21,IE00BL25JP72,XDEM.SW,USD,86.50781641404933,86.50781641404933,0.04792179429947052,0.04687276984646527,-0.03170850074597853,0.30397224619375196,0.15687555095545602,0.2459076856280909,-0.12784451494966353,-0.12784451494966353,0.03093323017314109,0.028367819423009477,0.10989003843636902,1248
2026-09-21,IE00BM67HK77,XDWH.L,USD,53.801942678281584,53.801942678281584,0.014270225192153596,-0.026882471159070387,0.020332975287639776,0.12314677299888754,0.1395980593060124,0.1688607914644161,-0.06005581801582527,-0.10318579402849182,-0.0016807688540906307,0.004932286969865585,0.06338076749457877,1263
2026-09-21,IE00BM67HM91,XDW0.L,USD,66.96957853996705,66.96957853996705,-0.007616417781987739,0.015740771385961194,0.16361554919046628,0.007481158133658239,0.2004179042017038,0.20739050691652036,-0.05429453431446529,-0.15272657622424402,0.006207488961087693,0.03871432354909898,0.14685643405970183,1263
2026-09-21,IE00BM97MR69,XT0D.L,USD,55.54254257940989,55.54254257940989,0.009257246775628447,0.01934900758092084,-0.003698050591578572,0.016231908730993228,0.0328761466140496,0.041695480479367907,-0.0240998227837117,-0.035956034609163745,0.010244198250872971,0.006769586025993535,0.025296583381638982,1263
2026-09-21,IE00BMDFDY08,UEEF.DE,EUR,5.748000144958496,5.748000144958496,-3.475779746386909e-05,-0.006739248855018309,-0.005192061890790689,0.013006253960197167,0.040744074090680496,0.03747618693479863,-0.016231714089242955,-0.027595803436302302,-0.004714951373671061,-0.004926872617443512,-0.00015809239205255565,1276
2026-09-21,IE00BMG6Z448,EXCH.AS,USD,8.430595860149989,8.430595860149989,0.04987937794205144,0.07197682350072365,0.014454231550077301,0.28535162627101474,0.2203035472751082,0.29019089547448185,-0.1423556297436558,-0.17728773058573388,0.03081107271008854,0.058832429608000725,0.15869388811584972,1282
2026-09-17,IE00BQ3D6V05,0P000166SB,USD,78.11776189825869,78.11776189825869,-0.002372165230174361,-0.007109052715183917,-0.06400640495110943,0.15394778076003335,0.14040791177168171,0.22026663231116084,-0.12341477579416804,-0.12341477579416804,0.007278052733004303,0.0017161468995492424,0.08124035594982582,1201
2026-09-21,IE00BYVQ9F29,NQSE.DE,EUR,17.351999282836914,17.351999282836914,0.028693339544918484,0.030403748551649512,0.01414369747824229,0.23081286769023301,0.1257960694306777,0.18888405940396807,-0.09087792216740032,-0.11870130610035734,0.019853966678863078,0.025265258208713615,0.08875973167694973,1276
2026-09-21,IE00BYZK4552,RBOT.L,USD,18.754963270671368,18.754963270671368,0.05401755094044125,0.018847514189678227,0.023232852759133005,0.4484688399428993,0.23890751665957008,0.2849362703105221,-0.11458996038263136,-0.1270730588029788,0.02785107554749988,0.03401050488574531,0.16469272413170422,1263
2026-09-21,IE00BZ02LR44,XZW0.L,USD,49.65061151569886,49.65061151569886,0.018932540278155496,0.010814274718278005,0.0423416842566966,0.21900374325956817,0.12411100821612792,0.13444216399073075,-0.03517718499463052,-0.10518426628150501,0.008760570082142038,0.015115814721958998,0.08227924070570536,1263
2026-09-21,IE00BZ036J45,XDGE.DE,EUR,9.835200309753418,9.835200309753418,0.00630276330988333,-0.007387597921404976,-0.03254238426574774,-0.02343343855008828,0.05118594338159483,0.04959688132221359,-0.040096991965742124,-0.051614783222507565,-0.0027599485838462057,-0.0068297322804207194,-0.022429226983220696,1276
2026-09-21,IE00BZ163G84,VECP.AS,EUR,46.970001220703125,46.970001220703125,0.002933234003098306,-0.011797288532963024,-0.020726668947122273,-0.0025530563606877,0.02976395694287161,0.027172056158204512,-0.02439727378764589,-0.026026535640138904,-0.00467900306051261,-0.009709020998651452,-0.011070008642775853,1281
2026-09-21,IT0000072618,ISP.MI,EUR,6.777999877929688,6.777999877929688,0.009983595977458348,-0.006012595801860754,0.1488135200627616,0.3010855273244515,0.1919788667637702,0.1828316550555758,-0.03816682751964695,-0.18962136424504183,0.005757335292013055,0.01563761844087086,0.15371928236866195,1272
2026-09-21,IT0003128367,ENEL.MI,EUR,8.895000457763672,8.895000457763672,0.017501811730369132,-0.06565125734739907,-0.09637521550147721,-0.058149243072657675,0.19848082565083952,0.1693123857131446,-0.12972914566103333,-0.12972914566103333,-0.020201746385629327,-0.06464596608072393,-0.04387240477649734,1272
2026-09-21,IT0003132476,ENI.MI,EUR,23.459999084472656,23.459999084472656,-0.011766282545366047,0.008178925710980778,0.15743863803159908,0.013855931155567713,0.21278070273185823,0.28441847964035794,-0.07494912450458358,-0.18371762343297826,0.003992966659579045,0.017908208825011984,0.1313950424022079,1272
2026-09-21,IT0003242622,TRN.MI,EUR,9.35200023651123,9.35200023651123,0.04188952889805364,-0.04862662165867171,-0.09027232690323661,-0.030721275370306333,0.19438823981593406,0.16396853051945678,-0.13442623614171878,-0.13442623614171878,-0.01060068995746255,-0.046226191592914745,-0.024650290191111424,1272
2026-09-21,LU0029874905,TEP6.F,EUR,68.93199920654297,68.93199920654297,,,,,,,0.0,0.0,,,,2
2026-09-21,LU0048574536,FPGK.MU,EUR,61.4630012512207,61.4630012512207,,,,,,,0.0,0.0,,,,2
2026-09-21,LU0050427557,FJRC.F,EUR,33.957000732421875,33.957000732421875,,,,,,,-0.00904653380961673,-0.00904653380961673,,,,2
2026-09-21,LU0052474979,JPJX.F,EUR,169.46600341796875,169.46600341796875,,,,,,,0.0,0.0,,,,2
2026-09-21,LU0053696224,JPJW.F,EUR,57.698001861572266,57.698001861572266,,,,,,,0.0,0.0,,,,2
2026-09-21,LU0055114457,FPGL.F,EUR,16.58300018310547,16.58300018310547,,,,,,,-0.011504464521733149,-0.011504464521733149,,,,2
2026-09-21,LU0058908533,JPJV.F,EUR,94.55999755859376,94.55999755859376,,,,,,,0.0,0.0,,,,2
2026-09-21,LU0070212591,IH5Y.MU,EUR,2479.050048828125,2479.050048828125,,,,,,,0.0,0.0,,,,2
2026-09-21,LU0073232471,MSJ6.F,EUR,214.55799865722656,214.55799865722656,,,,,,,0.0,0.0,,,,2
2026-09-21,LU0088087324,SESG.PA,EUR,4.76800012588501,4.76800012588501,0.008033849187799147,-0.016907171208237592,-0.3054624494024706,-0.20630898575848644,0.3815863586413025,0.5371132175571182,-0.44092010864959486,-0.5328275241689141,-0.004488959644264212,-0.14671856846969966,-0.2566519066985187,1282
2026-09-18,LU0090841262,0P00000DWT,USD,83.87032544951556,83.87032544951556,-0.0025297449071205458,0.06274169068956659,0.10959412469470631,0.15749245929019873,0.4185199788096178,0.45970959983254206,-0.1663021359732606,-0.35059423030144754,-0.021127580400930546,0.09804360795016209,0.07633611213556457,1007
2026-09-21,LU0099161993,C5Q1.F,EUR,333.9830017089844,333.9830017089844,,,,,,,0.0,0.0,,,,2
2026-09-21,LU0099574567,FJ2P.F,EUR,94.73999786376952,94.73999786376952,,,,,,,-0.0027368645918998125,-0.0027368645918998125,,,,2
2026-09-21,LU0107398884,JPJF.F,EUR,27.465999603271484,27.465999603271484,,,,,,,0.0,0.0,,,,2
2026-09-21,LU0113257694,ZPJS.F,EUR,24.28499984741211,24.28499984741211,,,,,,,-0.00217764392673081,-0.00217764392673081,,,,2
2026-09-21,LU0114722498,FJRQ.F,EUR,77.09100341796875,77.09100341796875,,,,,,,-0.005444210231241087,-0.005444210231241087,,,,2
2026-09-21,LU0119750205,IUGL.F,EUR,31.7450008392334,31.7450008392334,,,,,,,0.0,0.0,,,,2
2026-09-17,LU0131510165,0P00001UFS.F,EUR,916.8099975585938,916.8099975585938,0.0026685066815796965,-0.037388952343014537,-0.015823080272156953,0.04848986827264179,0.09179809741566775,0.10390743713238165,-0.04711697064897058,-0.07983177414353115,-0.018482474073295285,-0.020641510322344625,0.004400171051565538,1077
2026-09-17,LU0138007074,0P000026CA.F,EUR,9226.349609375,9226.349609375,-0.013911186918031837,-0.0703836566369821,-0.028213021690543072,-0.014649397741651082,0.1825224887478419,0.17917498345538263,-0.08837743317072166,-0.18821294351051976,-0.04431531613712647,-0.04664138176415378,-0.052558360590266084,1075
2026-09-17,LU0141799501,0P000013Y8.F,EUR,40.745399475097656,40.745399475097656,-0.0022625998282733706,-0.00972643238428228,-0.0067597154694756245,0.025175592610363173,0.022737057686461157,0.016870812836017948,-0.015948518828761693,-0.02912220284095368,-0.005508409192232833,-0.0071834970697243206,0.0013258934326023653,1071
2026-09-18,LU0147396450,0P00000SKL,USD,75.81877606783058,75.81877606783058,0.005198570306112371,-0.011330462437333044,-0.016863475616463064,0.09793153192044057,0.0907025018189047,0.08439819447659641,-0.03174749447867875,-0.05847591595879342,-0.0006530479805452183,-0.004307284113373888,0.0358711367363882,995
2026-09-18,LU0147409709,0P00000LM2,USD,63.25347134792758,63.25347134792758,0.0003674676468947702,0.060123738172657815,0.016343738245881978,0.025228457832981332,0.2978227342330095,0.22647426602147283,-0.08322682207633625,-0.1619830152579782,0.010080865475032619,0.016063840572038357,0.001087681683110242,1006
2026-09-18,LU0154236920,0P00000S3T,USD,78.27606741507674,78.27606741507674,0.011780698879958695,-0.002868416470196422,-0.03343742912850678,0.1793931557687527,0.13924101342548617,0.15324845492624556,-0.06427779643773479,-0.07975715410368611,0.006569963072275309,-0.00323402500710257,0.07203296765396594,1006
2026-09-21,LU0173614495,FJRH.F,EUR,57.74599838256836,57.74599838256836,,,,,,,0.0,0.0,,,,2
2026-09-21,LU0202403266,FJ2E.HM,EUR,544.802001953125,544.802001953125,,,,,,,-0.004012832404913236,-0.004012832404913236,,,,2
2026-09-21,LU0227384020,XE67.F,EUR,17.586000442504883,17.586000442504883,,,,,,,-0.004979028229925575,-0.004979028229925575,,,,2
2026-09-21,LU0231205187,TESU.F,EUR,62.10699844360352,62.10699844360352,,,,,,,0.0,0.0,,,,2
2026-09-18,LU0246036288,0P000026OM.F,EUR,296.1224975585937,296.1224975585937,0.003715260268375209,-0.028313309295208144,-0.029744681757373326,0.10181749762594672,0.114798330575565,0.11552562766656019,-0.053226897145107865,-0.11572868599376362,-0.021905046909002523,-0.02442539761236706,0.013077928757384338,1105
2026-09-18,LU0248178732,0P00002A0A.F,EUR,489.0779113769531,489.0779113769531,0.001464943769980076,-0.04739757451155524,-0.020217345744239834,0.12633255632873364,0.10835426877681179,0.14062659753826853,-0.07194186720603224,-0.07648822010872047,-0.018257338126843492,-0.03485605772179634,0.039614375653309386,1073
2026-09-21,LU0260869739,FLX6.MU,EUR,35.196998596191406,35.196998596191406,,,,,,,0.0,0.0,,,,2
2026-09-21,LU0261952419,FJR3.F,EUR,39.51599884033203,39.51599884033203,,,,,,,-0.0012890161172327552,-0.0012890161172327552,,,,2
2026-09-21,LU0261953904,IPGU.MU,EUR,31.825000762939453,31.825000762939453,0.005211652442279835,0.005211652442279835,-0.002288543249808095,0.033279271145096656,0.01849953099018808,0.014125157635281703,-0.007461309937927263,-0.018100128537090643,0.004164980667490381,0.0019948839696208864,,185
2026-09-21,LU0266009793,XRUG.MU,EUR,137.18800354003906,137.18800354003906,,,,,,,0.0,0.0,,,,2
2026-09-17,LU0266012235,0P00006CAL.F,EUR,168.1199951171875,168.1199951171875,-0.005501377804090102,-0.03645117357913674,-0.012742957628162799,-0.0017220387068201948,0.08182005960531416,0.11338686212714666,-0.08674704856088555,-0.08674704856088555,-0.01953982938352883,-0.04052598921223871,-0.0007988186623414384,1077
2026-09-21,LU0274211480,DBXD.DE,EUR,239.0,239.0,0.006103965184653282,-0.01888344001748865,0.040261153427638696,0.09482362189126636,0.13133957101421626,0.13192581498628475,-0.04680252498630488,-0.12282175414505347,-0.009808692333169833,-0.006699584494471278,0.03134712685802121,1276
2026-09-21,LU0278272843,TGD0.MU,EUR,60.83399963378906,60.83399963378906,,,,,,,0.0,0.0,,,,2
2026-09-21,LU0278937759,AEF5.F,EUR,33.73899841308594,33.73899841308594,,,,,,,0.0,0.0,,,,2
2026-09-21,LU0280435388,P3IA.F,EUR,214.3600006103516,214.3600006103516,,,,,,,0.0,0.0,,,,2
2026-09-21,LU0284394235,5L42.F,EUR,193.7270050048828,193.7270050048828,,,,,,,-0.009084264293772848,-0.009084264293772848,,,,2
2026-09-21,LU0289089384,JP5D.F,EUR,39.02099990844727,39.02099990844727,,,,,,,0.0,0.0,,,,2
2026-09-21,LU0290356871,DBXP.DE,EUR,173.5050048828125,173.5050048828125,0.0013274332386676857,-0.0036464597970687906,-0.00561650413566217,0.002600400023559768,0.015070205321432006,0.012681080651280612,-0.00804327248802128,-0.01239343130496584,-0.001957176383697856,-0.002987474894816766,-0.0019891744938905775,1276
2026-09-21,LU0290357259,0MUJ.IL,EUR,246.5,246.5,0.006430527421119825,,,,,,-0.0033611609635348927,-0.0033611609635348927,,,,7
2026-09-21,LU0290357846,DBXG.DE,EUR,237.22999572753903,237.22999572753903,0.007089481177846801,-0.014539110464494631,-0.07714153123546441,-0.060921540998800316,0.11069674996157634,0.09698273559232622,-0.08994007366672263,-0.10713333948320569,-0.0017127153879603618,-0.020265405089092026,-0.04834076204543636,1276
2026-09-21,LU0290357929,XGIN.DE,EUR,216.2899932861328,216.2899932861328,0.004691538984405996,-0.005151604604713422,-0.015969106992225424,-0.013545568252810392,0.03487575164832089,0.03243698078669433,-0.021519543502577898,-0.03486801804596307,-0.001378221499275356,-0.0034960247601466543,-0.010405439689096352,1276
2026-09-21,LU0290358497,XEON.DE,EUR,150.23500061035156,150.23500061035156,0.0004527836388217299,0.0016668333432185989,0.004916392042485285,0.009732019745859466,0.001329223138693658,0.001310058967685348,-0.00011318309784169589,-0.00028315894672692465,0.0007697270085189611,0.002006214526217631,0.008038140961768248,1276
2026-09-21,LU0292096186,XGSD.DE,EUR,39.21500015258789,39.21500015258789,0.0023003233888279073,0.003968222576737013,0.07833785386580261,0.131366592650767,0.09922201668144068,0.07884680570217971,-0.019756808215319777,-0.03695373235385879,0.002460460842636625,0.009857315938597733,0.09935318111540004,1276
2026-09-21,LU0292097747,XASX.L,GBP,597.336844209237,597.336844209237,0.006489666066100908,-0.011966404878798964,0.030755330405646486,0.11023021099277819,0.13487258486193798,0.12970401344305066,-0.04665860878822725,-0.11277113453442278,-0.004557878710002461,-0.009118154866988637,0.04146268264609687,1263
2026-09-21,LU0292103222,DXSE.DE,EUR,223.0500030517578,223.0500030517578,0.0015716484432506395,-0.041057621673095235,-0.046591126474328726,-0.0004480880459847292,0.17665388263218337,0.1797438564892041,-0.09954285785315797,-0.12667634179434772,-0.011500354099321597,-0.023812741017475214,-0.016732721874744838,1276
2026-09-21,LU0292105359,DXSK.DE,EUR,136.97999572753906,136.97999572753906,-0.019189516427725928,-0.03684436400075963,-0.04808893997537811,0.037098681318554316,0.1472074855744168,0.18011649411965489,-0.07898301020361831,-0.16959672496210454,-0.013048424472113407,-0.03173272709538277,-0.01603524979624482,1276
2026-09-17,LU0304955437,0P00009UZB.F,EUR,630.4299926757812,630.4299926757812,-0.0003330298867466608,-0.06082593405810044,-0.02246788844871872,-0.004814655375078858,0.17152751975286912,0.17238402271879574,-0.08590083828824024,-0.1709681485622948,-0.03244174616126716,-0.04097303708608735,-0.031926416279804304,1072
2026-09-21,LU0329355670,FHQV.F,EUR,415.3909912109375,415.3909912109375,,,,,,,0.0,0.0,,,,2
2026-09-21,LU0352312184,ALW3.F,EUR,259.5180053710937,259.5180053710937,,,,,,,0.0,0.0,,,,2
2026-09-21,LU0386882277,PBFH.MU,EUR,410.0090026855469,410.0090026855469,,,,,,,0.0,0.0,,,,2
2026-09-21,LU0390135415,FT94.F,EUR,94.66000366210938,94.66000366210938,,,,,,,0.0,0.0,,,,2
2026-09-17,LU0392098371,0P0000JND6.F,EUR,152.0,152.0,-0.006535947712418277,-0.018848426306853905,-0.02049228525500213,-0.0070551464471931835,0.046579344559233085,0.033584217549717924,-0.031650450944724184,-0.031650450944724184,-0.011240636927985603,-0.01761315928026641,-0.01620128553190714,1109
2026-09-17,LU0413543058,0P0000JC7Q.F,EUR,63.119998931884766,63.119998931884766,0.021689870169387726,0.045898931695109946,-0.029818608968772198,0.16479056157005334,0.18116980791605702,0.2513544329262881,-0.11164011004042118,-0.1483880728068636,0.020805864373662608,0.026031137907271296,0.07571501608853914,1140
2026-09-21,LU0478205379,D5BG.DE,EUR,161.1300048828125,161.1300048828125,0.004050406110285731,-0.011017327821531975,-0.020277819167225375,-0.00219832013002641,0.03583605900775834,0.031116093196444327,-0.02563869612932279,-0.02681097757087425,-0.0037699191821624067,-0.008940603953334958,-0.010389405897924586,1276
2026-09-21,LU0496786574,LYPS.DE,EUR,69.18800354003906,69.18800354003906,0.015857194513933637,0.022553293115007866,0.036244995809249225,0.18513193343921874,0.09399093595513563,0.1067050052893921,-0.031373690344112415,-0.07117796160306766,0.013350180543657775,0.014969638466794333,0.08604342508637597,1276
2026-09-18,LU0514695690,LU0514695690-USD.LU,USD,15.554133415769796,15.554133415769796,-0.010505482986791548,-0.014131022492055667,0.03466852744522897,-0.013616137885655855,0.10351891384313351,0.16699574066196587,-0.05969434439344401,-0.21207412036516404,-0.01456594755942675,-0.01874763952696512,-0.053388010244940665,1305
2026-09-21,LU0533033667,TNOW.MI,EUR,1233.0,1233.0,0.04433110658876327,0.0727335773535891,0.07204338975797686,0.37891700787256455,0.1750905682238346,0.22973514607631126,-0.06768876615972874,-0.15633227391759896,0.03441290110969275,0.046771412675638224,0.1697246797837193,1272
2026-09-18,LU0568621618,LU0568621618-USD.LU,USD,114.4470466223072,114.4470466223072,0.014369055730028224,0.01987064144854811,-0.002719391787668224,0.02924116490713602,0.04065307485929312,0.04391293304519931,-0.02485952922150525,-0.036101772405168986,0.013036006202786776,0.008342521823431426,0.027059886934119204,1070
2026-09-17,LU0571100824,0P0000ZJKU.F,EUR,185.47000122070312,185.47000122070312,-0.009981825310889647,-0.023070870381875497,-0.045641634683195376,0.03585589533382749,0.060334576286773335,0.0709344626578957,-0.05433553960763726,-0.05433553960763726,-0.012514594803696544,-0.021527751208365142,0.012904476287247002,1061
2026-09-17,LU0616241476,LU0616241476.LU,EUR,128.42999267578125,128.42999267578125,0.0012472783814716504,-0.017368051457261058,-0.035086500477711224,-0.012684572048334064,0.04129725176284239,0.03743224321987421,-0.04015912344316708,-0.05218294214237407,-0.00978807436929463,-0.01713195121158806,-0.026374298486646852,1120
2026-09-21,LU0616856935,FP7X.F,EUR,192.3600006103516,192.3600006103516,,,,,,,-0.0069947900428709575,-0.0069947900428709575,,,,2
2026-09-17,LU0641745681,0P0000V07V.F,EUR,120.47000122070312,120.47000122070312,-0.006514934039336562,-0.010838325682744343,-0.0414544802022736,-0.0011607610392170287,0.0529330905811093,0.06314482177380251,-0.049570363954534624,-0.09149679928668508,-0.0065599750796998535,-0.007642632462722787,-0.022447108549062622,1106
2026-09-21,LU0702159772,FJR9.MU,EUR,42.06600189208984,42.06600189208984,,,,,,,0.0,0.0,,,,2
2026-09-17,LU0740858229,0P0000VOBL.F,EUR,175.36000061035156,175.36000061035156,-0.002105475025226511,-0.012779396554982503,-0.011777945189259342,0.053972806010337715,0.045637369997782826,0.051081840412149686,-0.02138502614230353,-0.04437875007878134,-0.00801573903744257,-0.006234826175670172,0.01934465097364524,1009
2026-09-21,LU0772926084,O7Z0.MU,EUR,146.5590057373047,146.5590057373047,,,,,,,0.0,0.0,,,,2
2026-09-21,LU0823410724,9XQ0.MU,EUR,617.5009765625,617.5009765625,-0.009206800253996894,-0.04255097256851248,-0.040266797879982885,0.12403704861636533,0.06039927541102551,0.05930806036592986,-0.05734106855480414,-0.07647265690006522,-0.024082855438266826,-0.03503089309403873,,193
2026-09-21,LU0823425839,ZSRD.F,EUR,181.07200622558597,181.07200622558597,,,,,,,0.0,0.0,,,,2
2026-09-21,LU0839027447,XDJP.DE,EUR,37.720001220703125,37.720001220703125,0.029476032997964863,0.04055175781250009,-0.030600184310111578,0.23639560545087934,0.18783459084385096,0.2616897900013931,-0.13223249120377267,-0.1601806331877259,0.018578555236261396,0.02247030265006056,0.12000795915718188,1274
2026-09-21,LU0840617350,AH8J.F,EUR,237.88499450683597,237.88499450683597,,,,,,,0.0,0.0,,,,2
2026-09-17,LU0870553459,0P0000XTFE.F,EUR,270.5,270.5,0.005277291134965223,-0.023148328255886974,-0.010208966510618978,0.09098974484331213,0.11386962935988228,0.1158855203624002,-0.06344841088475339,-0.09784224955302956,-0.011653713109820996,-0.014673888245526845,0.011894720468129671,1110
2026-09-21,LU0914729966,TC60.MU,EUR,346.8099975585937,346.8099975585937,,,,,,,0.0,0.0,,,,2
2026-09-17,LU0914731947,0P000100RL.F,EUR,189.50999450683597,189.50999450683597,-0.004935691554049604,-0.020670766955443898,-0.027305893723862495,0.13438284015518565,0.11771215622750986,0.13398842145536663,-0.054549129873747715,-0.11271244330571528,-0.011142999309814994,-0.012962609877557596,0.037487991256313524,1097
2026-09-17,LU0914733059,0P00011IV8.F,EUR,212.3800048828125,212.3800048828125,-0.01333331064895471,-0.029075616945389293,-0.0506883438048239,0.14731783362619644,0.17137943610538925,0.18132039125564448,-0.0781443828767796,-0.11810523160610065,-0.015236505657514887,-0.01951367936655679,0.04037161339570483,1097
2026-09-21,LU0922334643,FPG6.MU,EUR,41.72999954223633,41.72999954223633,,,,,,,0.0,0.0,,,,2
2026-09-17,LU0935222066,0P00010URS.F,EUR,112.18000030517578,112.18000030517578,-0.0033759529287495926,-0.006025166591337117,-0.004613989859336254,0.005107066496793378,0.015298617067395433,0.01186589630282083,-0.009551621420090473,-0.01584492251204206,-0.0040572743283651125,-0.005048369980506395,-0.0027544670633415924,1085
2026-09-21,LU0941349275,I4G0.MU,EUR,138.34500122070312,138.34500122070312,,,,,,,0.0,0.0,,,,2
2026-09-17,LU0992632538,0P00013N23.F,EUR,139.7899932861328,139.7899932861328,0.0007158053044526991,-0.011246368239961613,-0.004061038199915101,0.012677485403614464,0.026508129848623718,0.02328005741723915,-0.017441048622119038,-0.034728582145374776,-0.00453975258611361,-0.00735100182267856,0.0018454028151613233,1095
2026-09-17,LU1033933703,0P00012DVG.F,EUR,318.5199890136719,318.5199890136719,0.013910537011270652,-0.017368517627090907,-0.006983478874407978,0.11460265688862514,0.0954135121704764,0.11060621770385384,-0.04620943451539339,-0.07255281524046797,0.0007555960215708257,-0.006168581029563525,0.04470341476028716,1108
2026-09-21,LU1100076550,1SCD.MU,EUR,230.68600463867188,230.68600463867188,,,,,,,0.0,0.0,,,,2
2026-09-21,LU1109942653,XHYG.DE,EUR,15.579999923706056,15.579999923706056,0.006069989816635424,-0.007074122818373496,-0.004649510114678179,0.020688466801256578,0.031685698405403584,0.02896956178365009,-0.015033699611703089,-0.028147873491851882,-0.0020529099404344997,-0.003691982538883809,0.005299919737268732,1276
2026-09-17,LU1159238036,LU1159238036.LU,EUR,25.60420036315918,25.60420036315918,0.00011331757963195521,-0.02833680323805321,-0.005465136316874286,0.1163713704764795,0.11665092263038479,0.1252382561806763,-0.04215985623890417,-0.10213260250245715,-0.007749898697757995,-0.006806743982397334,0.05771883715778703,1071
2026-09-17,LU1160356009,0P0001678E.F,EUR,1492.9000244140625,1492.9000244140625,0.00870258828450976,-0.003424500699241939,0.1174986446836006,0.1093194964366151,0.21546381709661688,0.1850874278218025,-0.07070805382953571,-0.1200729496753532,-0.021587452555059228,0.0025193096809552618,0.06494918359620128,1069
2026-09-17,LU1161083644,0P00016MO1,USD,20.092480911214725,20.092480911214725,-0.01720300809522457,-0.014776089726149855,0.037172939001153704,0.04861390769234619,0.10065680036296891,0.09038655137327269,-0.0345736647868119,-0.07086191472608194,-0.012105716313994042,-0.003300116200039782,0.061773262560286035,1012
2026-09-21,LU1161527038,EDNN.MU,EUR,235.13699340820312,235.13699340820312,,,,,,,0.0,0.0,,,,2
2026-09-17,LU1183791794,0P00016RHQ.F,EUR,175.72799682617188,175.72799682617188,-0.011175302114382113,-0.021548181053148485,-0.08435895800911086,0.1045406830566109,0.16586309836484447,0.17794951707639742,-0.10652983119589832,-0.10652983119589832,-0.013470706793507703,-0.028447439214919323,0.009733479472834983,1104
2026-09-21,LU1291097779,EEMK.PA,EUR,17.54360008239746,17.54360008239746,0.03557657805848313,0.04904504830017031,0.02714286655516651,0.21568003922785373,0.18037956129992677,0.22903485038444885,-0.09670322314642421,-0.13262607355357947,0.02187017838946259,0.04118299084141919,0.11205116045002206,1282
2026-09-21,LU1291098827,EEMU.PA,EUR,20.565000534057617,20.565000534057617,0.013303791906808193,-0.015086141732269076,0.007841207646556159,0.12046422749678865,0.1281090945250944,0.12582044776538773,-0.04754060668318072,-0.10277607011442924,-0.003319818244331474,-0.006996625133364631,0.05321221207737059,1282
2026-09-21,LU1291102447,0E4H.IL,EUR,21.21999931335449,21.21999931335449,1.221291564270388,1.221291564270388,,,4.33515499959009,2.9565511704475638,0.0,0.0,1.093455582138371,,,44
2026-09-21,LU1301026388,2QJ0.MU,EUR,210.7469940185547,210.7469940185547,,,,,,,0.0,0.0,,,,2
2026-09-17,LU1303940784,0P00018KOU.F,EUR,28.40999984741211,28.40999984741211,-0.0035075545656582108,-0.006295918300633141,0.003177971523931067,0.10889925514390386,0.09112846781448186,0.0907363773639615,-0.031023771507394104,-0.10474171860749526,-0.007614930163810429,-0.004178184047103017,0.02368970875524079,1101
2026-09-17,LU1329694266,0P00018EGL.F,EUR,235.7700042724609,235.7700042724609,0.004644672024451291,-0.010533802751781951,-0.006824192768662085,0.10919273137208796,0.10465825312103004,0.10859352637996067,-0.04326888593482081,-0.08607298754556802,0.0006239044015416972,-0.0018661072215726549,0.03694192728675505,1108
2026-09-17,LU1379103812,0P00018FWZ.F,EUR,637.739990234375,637.739990234375,-0.0026585953342620483,-0.024414902362892454,0.0009259449073317771,0.18819520697801995,0.1258754666602299,0.13534222487647238,-0.049243678720523265,-0.07933928105110122,-0.01407070142671929,-0.017746621745259872,0.06606370649133364,1071
2026-09-17,LU1435385593,0P00019846.F,EUR,312.57000732421875,312.57000732421875,0.004595978043508975,0.009593027009534572,0.06312709411964978,0.09793109924381915,0.16973417692809764,0.17527363758571804,-0.06464263345394483,-0.18107797123110614,-0.007098037064348306,0.015204214231398616,0.022998759090781418,1119
2026-09-17,LU1486845537,0P00018X0B.F,EUR,116.552001953125,116.552001953125,-0.0016274761206453991,-0.0025673110353371387,8.57522168096203e-06,0.01327537845676563,0.006898296199232571,0.005455727467527492,-0.004112752003585296,-0.00857780195084168,-0.0020241592049046186,-0.0015246987778509968,0.005088756984722664,1089
2026-09-17,LU1530899142,0P00019MC0.F,EUR,2480.080078125,2480.080078125,0.010866527989071395,-0.03391692247470912,0.010965419265591692,0.21714553452954588,0.17748043151000556,0.22686437548495827,-0.09865184137446215,-0.170881689258088,0.0039562123277361305,0.004315851779540303,0.10292900810975136,1053
2026-09-18,LU1582988058,0P0001CGZV.F,EUR,12.727499961853027,12.727499961853027,0.0008965188235576793,0.0021259342730985953,-0.0081128016631552,0.034302019499584,0.05415514237552718,0.05805926600674156,-0.020613728201645976,-0.056615818138602614,-0.002472752940408718,-0.0027314682935988266,0.0139155566416862,1089
2026-09-21,LU1598757687,MT.AS,EUR,63.93999862670898,63.93999862670898,0.02075350015529165,0.01815285674359801,0.24405762830618305,0.3770145883231306,0.29037442233796795,0.3492122200377296,-0.08532426013240335,-0.2619465623536297,-0.011486810533668401,0.02375878116239183,0.21315582151542345,1282
2026-09-17,LU1623762843,0P0001FE3K.F,EUR,157.07000732421875,157.07000732421875,-0.004815272749280286,-0.012883282151052056,-0.013503290290169945,-0.004436818972466616,0.024710877618779742,0.019412891384186476,-0.021259263754091595,-0.02571631111241912,-0.007672852073326686,-0.011408374289789691,-0.0093614164356558,1104
2026-09-18,LU1670631289,0P0001DFNP.F,EUR,11.63230037689209,11.63230037689209,-0.006974506837447714,-0.007406679829793372,-0.0069829955311042635,0.021004189872351864,0.04113521688462001,0.03773968308010216,-0.018111575959527948,-0.05265460607611028,-0.007000801105122467,-0.006960116149024476,-0.00010569661556358856,1087
2026-09-18,LU1670707527,0P0001DFNB.F,EUR,22.93160057067871,22.93160057067871,-0.0034807992004480814,-0.012535129285049962,0.02761328157586318,0.12260124806064332,0.0848310869580971,0.09663622713663332,-0.03591621679747248,-0.092062237404823,-0.01231928220624301,-0.012704077671170877,0.051230722441642174,1090
2026-09-21,LU1670719613,AN0B.MU,EUR,13.440999984741213,13.440999984741213,,,,,,,0.0,0.0,,,,2
2026-09-21,LU1681043912,CC1.PA,EUR,264.20001220703125,264.20001220703125,0.018700620741762375,-0.016381212943043177,-0.05440222627594116,-0.05270699896432818,0.1396410180550184,0.18227454112164393,-0.10567550422538807,-0.21151187688867035,-0.0027742158641980152,-0.02477552166875341,-0.08117446606932976,1282
2026-09-21,LU1681044480,AASI.PA,EUR,59.619998931884766,59.619998931884766,0.04651566885026881,0.060854059119525905,0.013428473164062815,0.24781020796377695,0.20459140245437565,0.2650603823306266,-0.12027836419513571,-0.16060702050246078,0.0284097593528303,0.04665899489419156,0.12278872940585361,1282
2026-09-17,LU1694789535,0P0001CH1E.F,EUR,129.0800018310547,129.0800018310547,-0.004626703258895359,-0.0030122760946268423,-0.0007740428115483589,0.014779912955323882,0.020138378371334288,0.016979788312917944,-0.007852831451643172,-0.021087619460482876,-0.0032509217798680767,-0.0030153428553996164,0.0024307629504838335,1109
2026-09-21,LU1819480192,EHQ6.MU,EUR,298.1889953613281,298.1889953613281,,,,,,,0.0,0.0,,,,2
2026-09-21,LU1829219390,BNKE.PA,EUR,402.5499877929688,402.5499877929688,0.002864957433908133,0.006752486302961769,0.10287667888484608,0.3148009875491815,0.1836366547475436,0.19097500466703407,-0.03777279349247642,-0.17132240226421158,0.0034774276445059815,0.01782550485900747,0.16272902842414272,1282
2026-09-21,LU1829221024,UST.PA,EUR,106.1500015258789,106.1500015258789,0.032386713099964215,0.046740929815591414,0.011144962197870312,0.2569121031049131,0.12356724162367631,0.18406321649778995,-0.08746628286134306,-0.1004836368906451,0.0285055475628484,0.030492492083731948,0.11007338318947713,1282
2026-09-21,LU1861137484,EUSRI.PA,EUR,90.58999633789062,90.58999633789062,0.015013964570202987,-0.023604251672990184,-0.012750716773118898,0.09869975883556337,0.1064411441684659,0.10282048934017855,-0.049525021546992454,-0.1023277887365529,-0.0071458784090653316,-0.013660073965567787,0.0272783409461006,1282
2026-09-21,LU1861138961,MSRU.L,USD,72.90920705008064,72.90920705008064,0.04597479513637226,0.05630945275910548,0.03536852869603546,0.21885747235080655,0.1757820952761106,0.21293384178243782,-0.09379195170588517,-0.11701396963064925,0.030094618083212232,0.04630388164547683,0.10343273610637738,1263
2026-09-17,LU1876459212,0P0001FKPX.F,EUR,4582.919921875,4582.919921875,-0.00250960897329211,-0.013010093022375435,0.04987869563325531,0.14249954626585004,0.10642939103020774,0.10395803333181436,-0.03084936615430267,-0.09673177833130864,-0.0070158122169740045,-0.0009301746245538034,0.08856939109899975,1024
2026-09-21,LU1900066462,CEC.PA,EUR,49.369998931884766,49.369998931884766,0.011058715555620768,0.029614142781053454,0.14894106421616993,0.2747224248749389,0.15563142171436475,0.15041883590679786,-0.022164674489976388,-0.09557020854051512,0.020626469779454926,0.045990064447776646,0.17433956715760512,1282
2026-09-17,LU1951200481,0P0001H0TE.F,EUR,277.6199951171875,277.6199951171875,0.011513531153871659,-0.030825682365347107,0.016215793536336953,0.2268870276420909,0.2311268345665921,0.231149827077723,-0.08981197493712922,-0.16763490233573852,0.0037493138225972444,0.005884124222168996,0.10714900908133229,1088
2026-09-17,LU1951204046,0P0001H0TH.F,EUR,174.17999267578125,174.17999267578125,0.003225420886665553,-0.016432343567036045,0.03162755539987083,0.0714152969705435,0.1008316738787219,0.09711275382014335,-0.037086682521467296,-0.13027168506338482,-0.004153682383470136,-0.0023278248303760796,0.027308747752416318,1088
2026-09-17,LU1951225553,0P0001H0TF.F,EUR,189.8300018310547,189.8300018310547,0.03585074495881657,-0.026762374463116356,0.07515861155388337,0.16883195339365953,0.23088884505849727,0.17882684742170005,-0.07629518509617139,-0.1521618507592264,0.0055061096117487995,0.005368185056859209,0.09363631702996722,1088
2026-09-17,LU1951229035,0P0001H0TG.F,EUR,183.1699981689453,183.1699981689453,0.00903431609473171,-0.02884259807964662,0.020218363699208597,0.031246499292470586,0.11950106227876889,0.12275391717949247,-0.06752966028252883,-0.08892292793840006,-0.011249430088297707,-0.021942626124031972,0.007355940055850496,1089
2026-09-21,LU1953136527,REUSE.PA,EUR,22.399999618530277,22.399999618530277,0.0041330532078767135,-0.019822386979184703,-0.01706535859256808,0.09968337421545859,0.09584928052544732,0.10269294324035086,-0.05256775728678653,-0.07680804811696162,-0.006932429668317752,-0.014960482716250612,0.031370637371591625,1282
2026-09-17,LU2095319849,0P0001JAB0.F,EUR,121.52999877929688,121.52999877929688,0.008463999875407247,-0.0276822077254838,0.029391845607831257,0.030177142678277757,0.1992437464549485,0.18040127728613978,-0.06511233426265506,-0.2169341651746023,-0.026322867309771292,-0.01970591741235861,-0.00406512712739282,1088
2026-09-17,LU2147879543,0P0001L9PD.F,EUR,773.2000122070312,773.2000122070312,-0.000994817015179894,-0.010151949901055168,0.006901924240740653,0.06397323392923338,0.0493891888324643,0.05401797513009588,-0.024167137184382792,-0.06462585851593328,-0.0056967833205924245,-0.004293423406474539,0.02132621028552384,1048
2026-09-17,LU2181906426,0P0001L535.F,EUR,264.82000732421875,264.82000732421875,-0.0375082022780483,-0.03778792911255191,-0.1089801321021705,0.3495388732103699,0.24720604742142824,0.3819899878264608,-0.22199790594022362,-0.22199790594022362,-0.012562008939638991,-0.0035774917563115016,0.13767908892656555,1099
2026-09-17,LU2210151341,0P0001KKA7.F,EUR,12.149999618530272,12.149999618530272,-0.010586328767734132,-0.014598564986988416,-0.03264337479209578,-0.0065412859117268685,0.06031382350935019,0.06766119881491921,-0.03264337479209578,-0.06790124319835567,-0.013238065350229089,-0.01514172259094404,-0.026773764867300875,1139
2026-09-21,LU2244387457,ASRE.DE,EUR,9.659199714660645,9.659199714660645,0.0022411979865732956,-0.010469861473274111,-0.020305503886991594,-0.008112430582642882,0.03418980320900851,0.027962566457379684,-0.02410792684707186,-0.030398943811505652,-0.004844336656600778,-0.009328289876134876,-0.013685910952643932,1276
2026-09-16,LU2257980289,0P0001LZLW.F,EUR,181.0500030517578,181.0500030517578,-0.026665187901480758,-0.04544733062900852,-0.08472774234715497,0.03227096004222596,0.09829904281369321,0.11745138540787636,-0.0865476736691041,-0.0865476736691041,-0.02295422000149494,-0.03776651824535093,-0.022175877552537693,1025
2026-09-17,LU2358392376,0P0001OOS9.F,EUR,487.4100036621094,487.4100036621094,-0.016822988074413736,-0.026620575213148867,-0.05371983480172171,0.05662380418682722,0.15094572091397127,0.15967098475502725,-0.07893923370449607,-0.08943559868933093,-0.011375836008279738,-0.020588906333032564,0.006024056708229697,1040
2026-08-13,LU2459590019,0P0001OS4A,USD,32.7232286283375,32.7232286283375,0.004499105658849034,0.005475125287047744,0.060352602796345245,0.1042763861843663,0.087369021677686,0.09641785958015901,-0.022372601723535612,-0.07641815975661459,0.005937655254111496,0.011429412807712813,0.06785466354049907,971
2026-09-21,LU2533811910,BJLL.DE,EUR,10.091500282287598,10.091500282287598,0.0002478475686409354,0.0004461573457694712,0.004029513711476529,0.011817617228343735,0.00984961068716144,0.01104095491277472,-0.0014882030882035213,-0.003047524042999572,0.00011895055713839753,0.0011120998511879865,0.007796387149232142,771
2026-09-21,LU2611731824,GLDU.AS,USD,68.40731443013128,68.40731443013128,0.028743623344804625,-0.07062541306464343,0.25160371700040485,-0.015823093645899622,0.3392473761619543,0.4930816493101864,-0.12324617440953567,-0.3623354744639051,-0.02275001443293523,0.07656953621801521,0.06467778465060081,1245
2026-09-21,LU2616774076,BJLJ.DE,USD,10.008884342428042,10.008884342428042,0.013868714060146115,0.011282185271729084,-0.03278328427132082,-0.00417002541381617,0.058244537445067135,0.06498788152489833,-0.04762643378311571,-0.050071814819599214,0.006849074048313808,-0.0003488720140262247,-0.0009267330258243556,748
2026-09-16,LU2638914734,0P0001RNZQ.F,EUR,311.760009765625,311.760009765625,-0.03890497233868251,0.09297440905624454,0.05538258702494625,0.16012353298897475,0.42190308856169445,0.37494441956971786,-0.09354630872537983,-0.3124012853622107,-0.028645835574244383,0.03979202351859845,0.10317069716101912,694
2026-09-17,LU2707622630,0P0001T0AG.F,EUR,134.35000610351562,134.35000610351562,-0.03185125050704107,-0.0011151962563894502,-0.019056662400756874,-0.05340651703957333,0.20793706162296227,0.22060370281561067,-0.08716871695058914,-0.23394246327931445,-0.010225540230242691,0.012705787047704087,-0.01604569636582165,544
2026-09-17,LU2798962978,0P0001UBP6.F,EUR,149.49000549316406,149.49000549316406,0.013903981401333088,0.004434614351873645,0.02615330181861153,0.14639580130528174,0.11386933551283543,0.10733625495449384,-0.030106550021525624,-0.08982159224906872,0.006717540736897121,0.016847503616599813,0.069376068772947,419
2026-09-21,LU3038520774,DEFS.PA,EUR,5.881999969482422,5.881999969482422,0.03138697153475345,-0.04852801406661866,0.0628839997521895,-0.04652296520820254,0.16881622912834351,0.21735635145190438,-0.13799880329444303,-0.2196261406823472,-0.005444527837062285,-0.029827608160855057,-0.013800426773138641,350
2026-09-17,LU3103551860,0P0001XEZ8.F,EUR,113.5500030517578,113.5500030517578,0.0036238612720629337,0.001764486813666588,0.0006168460764319761,0.1055399091024225,0.0652057123421351,0.07164755351590799,-0.022633513904820934,-0.047610174847362186,0.0041741312033605205,0.003441152867189601,0.047043685510792965,248
2026-09-21,NL0000226223,STMPA.PA,EUR,44.845001220703125,44.845001220703125,0.07674785336878687,0.06437872381187959,-0.2932043023708204,0.5031801378695882,0.41638214675229535,0.6049690674392347,-0.35284534349946883,-0.3985444317360619,0.03160293174006368,-0.03516392193379814,0.10417477398468944,1282
2026-09-21,NL0000235190,AIR.PA,EUR,194.2400054931641,194.2400054931641,-0.0038974077273636887,-0.04173651496027542,0.013884558078536502,0.17825579408548542,0.19175474115620622,0.2667676496741587,-0.10222836414867376,-0.2771117091213976,-0.019784441580878998,-0.044301403478108514,0.03225170403024946,1282
2026-09-21,NL0006294274,ENX.PA,EUR,160.0,160.0,-0.0018715099566214422,-0.023794960596200676,0.1461317550470409,0.164385295762411,0.19086172597914625,0.21231821066358553,-0.05021175377207321,-0.13907785679286322,-0.003270518610808293,0.014906440277353994,0.14826073796580586,1282
2026-09-21,NL0010273215,ASML.AS,EUR,1487.4000244140625,1487.4000244140625,0.0717682462037963,-0.0016109708252126653,-0.07618407505295832,0.256722943975656,0.3420424732474314,0.467331395145578,-0.2077144161694917,-0.2077144161694917,0.01925581578289237,-0.003842319131425853,0.13464162315966877,1282
2026-09-21,NL0010832176,ARGX.BR,EUR,867.4000244140625,867.4000244140625,-0.00046089350602951384,0.003702860636230376,0.10440539527761672,0.3431403543044578,0.243616916587002,0.4663909392545735,-0.13071735337218138,-0.273723521535453,-0.010935101862347585,0.05811459990004697,0.18420589166754797,1282
2026-09-21,NL0011794037,AD.AS,EUR,31.780000686645508,31.780000686645508,-0.00031457151915181836,0.012747021560759464,-0.0867706578743419,-0.20311169511132898,0.18647015936456032,0.22358960182336104,-0.14600071359196543,-0.25714308631402005,0.017725347209800235,-0.024081328778350786,-0.1028766991296266,1282
2026-09-21,NL0011821202,INGA.AS,EUR,32.255001068115234,32.255001068115234,0.010495018515682464,0.07373502280564126,0.19987134892623315,0.44919499450475286,0.1864765250023333,0.2074250055880551,-0.037540448599762466,-0.16877161691741893,0.025653286350630022,0.06202778833388045,0.2556743569792981,1282
2026-09-21,NL0012969182,ADYEN.AS,EUR,884.7999877929688,884.7999877929688,-0.07009985518342743,-0.17967735228965587,0.0673099973377187,0.02442975024629246,0.34585623761320905,0.4957725163111681,-0.19378213875377448,-0.4839642318575442,-0.103868424607506,-0.06803905940393051,-0.1278359239042247,1282
2026-09-21,NL00150001Q9,STLAM.MI,EUR,4.244999885559082,4.244999885559082,-0.06497799091908785,-0.04056957926570415,-0.13074643199658798,-0.32853529458572606,0.40682624565296716,0.4168993754687231,-0.20523732903756153,-0.5963606709603685,-0.06817474170018967,-0.10523456489144756,-0.34008382356693245,1272
