date,asset_id,symbol,quote_currency,close_eur,close,ret_5d,ret_20d,ret_60d,ret_120d,vol_20d_ann,vol_60d_ann,drawdown_60d,drawdown_252d,sma20_ratio,sma50_ratio,sma200_ratio,observations
2026-10-05,AT0000A09ZL0,N550.MU,EUR,358.4530029296875,358.4530029296875,-0.00810772147945793,,,,0.02368123281308886,,-0.00810772147945793,-0.00810772147945793,,,,12
2026-10-02,BE0003470755,SOLB.BR,EUR,24.65999984741211,24.65999984741211,-0.005645136853037691,-0.05805960427980472,-0.05444785584539813,-0.04831986371237462,0.22348309660530968,0.17576764426685743,-0.10081539508910731,-0.14035087843632954,-0.02787085483445917,-0.04556221475283717,-0.03778865494440631,1291
2026-10-02,BE0974293251,ABI.BR,EUR,64.87999725341797,64.87999725341797,-0.04137120329687238,-0.06025497692561266,-0.06861909499570451,0.02580114638522435,0.2096967036383128,0.20974948609040514,-0.1414893593276555,-0.14298171470367416,-0.03801675831069118,-0.05941028906041268,-0.01166600995655298,1291
2026-10-02,DE0005140008,DBK.DE,EUR,30.940000534057617,30.940000534057617,-0.02581863000361484,-0.13016584763818007,-0.013078144893881705,0.143083131462159,0.2663084996603768,0.2479813556976858,-0.13482516628878938,-0.2676722440208219,-0.06489658957869582,-0.06628358294110448,0.03692054057971106,1285
2026-10-02,DE0005190003,BMW.DE,EUR,54.31999969482422,54.31999969482422,-0.025125654975016842,-0.13503184148499126,-0.06570346981297615,-0.29071014451028,0.23718567543632474,0.2547017357507034,-0.14725276225699047,-0.41025993162000385,-0.08718156628393037,-0.08792950995308246,-0.23700424134628184,1285
2026-10-02,DE0005552004,DHL.DE,EUR,56.720001220703125,56.720001220703125,-0.008391600276818956,0.032023329067480066,0.007460070858510859,0.2160649579597913,0.21747531101976042,0.17682058192599107,-0.05845729999922167,-0.14333072083959342,0.008086758223333712,0.010417728174517693,0.1312759241970307,1285
2026-10-02,DE0005557508,DTE.DE,EUR,26.559999465942383,26.559999465942383,-0.016296316076208073,-0.06478873863742396,0.01684527613215403,-0.08759880078815219,0.2298745652726833,0.2863969404821816,-0.10657986901391259,-0.27769587398998596,-0.03372505267942949,-0.051062572452272414,-0.06308440094418988,1285
2026-10-02,DE0005810055,DB1.DE,EUR,287.29998779296875,287.29998779296875,0.008778090263884986,0.021329542340456475,0.15381521201995474,0.1264234274635292,0.17612166680513758,0.18928001920994345,-0.06009615132693824,-0.1180042995028453,0.021202440961513913,0.032175972181735846,0.16397867848933778,1285
2026-10-02,DE0006048432,HEN3.DE,EUR,72.30000305175781,72.30000305175781,-0.019528001813507334,-0.05391252572499716,-0.02953016037908973,0.1484024261796082,0.1854357807810482,0.1860644890911768,-0.09874692457970924,-0.2432210362584949,-0.019607805609450635,-0.04029431811697193,0.017945432616598866,1285
2026-10-02,DE0007030009,RHM.DE,EUR,956.9000244140624,956.9000244140624,-0.02595683974581442,-0.07456477329394351,-0.03538303990517899,-0.3544851073949755,0.31577949558490326,0.3334028018837329,-0.22092258007168963,-0.5132464241675239,-0.04038908059562052,-0.11780918758742365,-0.2829571321239285,1285
2026-10-02,DE0007100000,MBG.DE,EUR,39.72499847412109,39.72499847412109,-0.037786154270479155,-0.16692885959794534,-0.09695392229169741,-0.20310933420100807,0.24126529760988233,0.23313989569358573,-0.17600084570597707,-0.3135133645661471,-0.0962502426127324,-0.12449092418566121,-0.1951380836348814,1285
2026-10-02,DE0007164600,SAP.DE,EUR,183.9199981689453,183.9199981689453,-0.010757315080127117,-0.009478643775633344,0.3368221814300827,0.23329504881404106,0.27272512345443517,0.4096867324998979,-0.08811820486724142,-0.460752560270804,-0.0006683363343426008,0.02266407508324697,0.11843375342146745,1285
2026-10-02,DE0007236101,SIE.DE,EUR,276.1000061035156,276.1000061035156,-0.007905072892384513,0.0126536302375313,0.011911306312256453,0.15233722483392076,0.27538177144622195,0.24743633240307836,-0.10953941463317052,-0.20503662867365802,0.02257368327169673,0.0002826078407185406,0.07690417976304542,1285
2026-10-02,DE0007664039,VOW3.DE,EUR,67.4800033569336,67.4800033569336,-0.05911876452318843,-0.1699876897424718,-0.049309662362225115,-0.19519129670837632,0.3208264014033534,0.3375654234957928,-0.18796625034899206,-0.33718144146195184,-0.11246723162679328,-0.10553798254666535,-0.1882642803650071,1285
2026-10-02,DE0008430026,MUV2.DE,EUR,508.6000061035156,508.6000061035156,-0.0035266218936002014,-0.03601207422597219,0.00992851457387034,-0.048756725447408056,0.20396095198681344,0.16976534317685688,-0.06060606060606055,-0.1969919530344898,0.003967724945528328,-0.010605912230651104,0.00994317077637863,1285
2026-10-02,DE000A0F5UK5,EXV6.DE,EUR,82.72000122070312,82.72000122070312,-0.003613532094599692,-0.06393574007326186,0.06605897018296569,0.026163473844996954,0.25697060604938005,0.23813982888435478,-0.10370042531379975,-0.18396071944220127,-0.020497081011962792,-0.02085418405376871,0.03788009920115054,1284
2026-10-02,DE000A0Q4R28,EXV5.DE,EUR,37.57500076293945,37.57500076293945,-0.036538441975911495,-0.09956862748324413,-0.0463800131782689,-0.09812247658978501,0.16560678939028387,0.17208414964417498,-0.09956862748324413,-0.21131735768449988,-0.059107786669228446,-0.07107767632619377,-0.09738178353565519,1284
2026-10-02,DE000A0Q4R85,4BRZ.DE,USD,46.60502745238827,46.60502745238827,0.017990852545651137,0.0034028262197285386,0.056202550395505924,-0.0487964667132218,0.22218670579696823,0.21379806940335375,-0.08221780748007512,-0.1777901213915941,0.0057086933991559174,0.04235059875976077,0.05692258267095296,1285
2026-10-02,DE000A1EWWW0,ADS.DE,EUR,144.0500030517578,144.0500030517578,-0.016723528656943265,-0.034193704682724646,-0.2078636336709313,0.034567100290574304,0.24444199559853716,0.3485535352731375,-0.22712424194321823,-0.328630068972118,-0.0035451530514999385,-0.05951710191308446,-0.06688866732761234,1285
2026-10-02,DE000A2JJ1W5,0P0001FAJ5.F,EUR,124.70999908447266,124.70999908447266,0.00233082237417781,-0.005581728388452389,-0.005105699221692239,0.010206578917606013,0.048005306537133856,0.04130982038963469,-0.02422855115623168,-0.04542575052266418,0.002242204205429088,-0.004004431333869629,-0.0002272811652899165,1249
2026-10-02,DE000BASF111,BAS.DE,EUR,49.92499923706055,49.92499923706055,-0.00981751189728608,-0.06437408796851929,0.04994742456586465,-0.025181561488012205,0.21875152308884507,0.21740601678074958,-0.07956021592594587,-0.13370372630931704,-0.033103040034667686,-0.03077073750714676,0.023634330295971395,1285
2026-10-02,DE000BAY0017,BAYN.DE,EUR,44.93999862670898,44.93999862670898,-0.10155941192651907,-0.08004094103469583,-0.10335196359871501,0.10761286753503096,0.30364639808889243,0.2444010309559905,-0.11535434445590453,-0.3065455353648504,-0.07688518304640668,-0.0751259792419593,0.04718111525519286,1285
2026-10-02,DE000DTR0CK8,DTG.DE,EUR,40.68000030517578,40.68000030517578,-0.043723567708543465,-0.11043077383800004,-0.02842127196241173,0.0007437059717854133,0.19939823658086306,0.22858046315442007,-0.17983867829349498,-0.17983867829349498,-0.057897174208688895,-0.10216116380623641,-0.026140450254764747,1226
2026-10-02,ES0113211835,BBVA.MC,EUR,23.729999542236328,23.729999542236328,-0.058333380007868585,-0.0653800664559645,0.055604983338698455,0.21257025612076674,0.22154402133731876,0.23026198434695508,-0.06611571488643209,-0.18701772533483707,-0.04784833871692651,-0.040553125396986744,0.13001194077825606,1289
2026-10-02,ES0113900J37,SAN.MC,EUR,11.80799961090088,11.80799961090088,-0.06076996232258092,-0.08237491584572698,-0.027187340283312933,0.13534318369628506,0.24333981509006578,0.23463855844554857,-0.08832613365165665,-0.171891814315276,-0.06194144528158807,-0.0629315388604953,0.06541402567876031,1289
2026-10-02,ES0148396007,ITX.MC,EUR,53.2400016784668,53.2400016784668,-0.000375453317622787,-0.07311972577745196,-0.031295440950831366,0.019843717779470138,0.21554957736740277,0.20697554719362624,-0.12453463596749692,-0.14986185286846476,-0.0062157925660306645,-0.04988968260065296,-0.01650832380096645,1289
2026-10-02,FI0009000681,NOKIA.HE,EUR,9.407999992370604,9.407999992370604,0.030674816500236624,0.08687613714312392,-0.1322631160391241,0.08655088322296534,0.5806357746931995,0.5756495741851946,-0.3030803462537395,-0.4829458829898745,0.025909441664789146,0.06841100864202465,0.09632612976799071,1267
2026-10-02,FR0000003196,0P00000QEY.F,EUR,477.8999938964844,477.8999938964844,0.0005442995563054165,-0.01646429327122878,-0.026957731720211098,-0.025409886261712367,0.04754156416584687,0.03657848516294658,-0.03434210831129392,-0.05328822889222562,-0.004624896884419916,-0.016316524245816755,-0.02769266502087242,1250
2026-10-02,FR0000003998,0P00000I2M.F,EUR,3355.14990234375,3355.14990234375,-0.007818861795685028,-0.03227811297142369,-0.0326686944263076,0.09220322155863081,0.12885771198887283,0.11648211251864721,-0.06593405688973897,-0.1083091867769127,-0.0110779687685022,-0.027203934909313165,0.023483407962485492,1248
2026-10-02,FR0000027609,0P00000H0V.F,EUR,5094.43994140625,5094.43994140625,0.005405539273249493,-0.008672842872741504,-0.011404545899883822,0.0049215415905274895,0.03398459889231853,0.022565666042005484,-0.01824339485090609,-0.01824339485090609,5.42709013995335e-05,-0.005051620147075608,-0.003676672388511104,1246
2026-10-02,FR0000045072,ACA.PA,EUR,16.885000228881836,16.885000228881836,-0.07148744983442201,-0.10210050758496902,-0.03459116924834871,0.04419429419479548,0.18255433849091654,0.20225555784164706,-0.16410893113130887,-0.16688568702410778,-0.06915845116771369,-0.10029198353822921,-0.012608341463802075,1291
2026-10-02,FR0000051807,TEP.PA,EUR,69.0,69.0,-0.04643450223894685,-0.020442964104154915,0.3238680240606986,0.29608726865623836,0.32295596107096736,0.4775765536578153,-0.06377201007949684,-0.35422847770430843,-0.01888294676707336,-0.003137945250676344,0.19858198886480327,1291
2026-10-02,FR0000052292,RMS.PA,EUR,1299.5,1299.5,-0.035621521335807094,-0.10809883321894298,-0.20834602497715504,-0.20849941419090012,0.24840572871693312,0.3503795778893395,-0.23827667057444313,-0.4166246166728408,-0.052687211824096525,-0.12909149398171726,-0.2484108874534523,1291
2026-10-02,FR0000054470,UBI.PA,EUR,4.978000164031982,4.978000164031982,-0.06744092708294902,0.025334736246194423,-0.15483866267008572,0.049104380209157084,0.40379188661568927,0.5749006574339052,-0.19779286727694811,-0.6144309093982276,-0.050787960367075,-0.06188042726376519,-0.012340745209678317,1291
2026-10-02,FR0000073272,SAF.PA,EUR,330.1000061035156,330.1000061035156,-0.018435866531371747,-0.010194884247329505,-0.01785182948836972,0.11941316254031187,0.2571907340459152,0.2376132936787045,-0.11551154921609863,-0.23617513957875091,0.0010007168905503683,-0.029688402377176848,0.046903394932166664,1291
2026-10-02,FR0000097156,0P00000QGO.F,EUR,679.5399780273438,679.5399780273438,0.004018750441314944,0.014496156770767099,0.04342346810438458,0.17319846068573663,0.09744504291641512,0.09583798526548723,-0.033817453515913254,-0.07356647804504624,0.015816325208578563,0.01901567277712979,0.09452596935524715,1245
2026-10-02,FR0000120073,AI.PA,EUR,170.16000366210938,170.16000366210938,0.015880618878264974,-0.0016427996672502276,-0.023752147545396674,0.025806777426191863,0.19972656571536812,0.1629488822406988,-0.08604078110433389,-0.10528746423158142,0.014548066119774772,0.004984783486321254,0.05866269393378887,1291
2026-10-02,FR0000120172,CA.PA,EUR,15.324999809265137,15.324999809265137,-0.05401240200408175,-0.0658336380479122,-0.0583590345439271,-0.018743881433166187,0.22492478343521413,0.2166929525048912,-0.08834025602950824,-0.08834025602950824,-0.06137074716387403,-0.04528437559869025,0.008868894075562572,1291
2026-10-02,FR0000120271,TTE.PA,EUR,74.45999908447266,74.45999908447266,-0.05828160596238963,-0.021550583738922713,0.08891491774300686,-0.022445953234842997,0.2009582336063029,0.2261509310704445,-0.07491612547316417,-0.17510288938050222,-0.047859122242846386,-0.03036882941382768,0.052230665992051284,1291
2026-10-02,FR0000120321,OR.PA,EUR,372.75,372.75,-0.023831362990861638,-0.02904400644374816,-0.021653543307086576,0.08623262379988161,0.20026977564709433,0.199659359463213,-0.060913705583756306,-0.14438105060176987,-0.022089884287162964,-0.02713072229519453,-1.4140225284897667e-05,1291
2026-10-02,FR0000120404,AC.PA,EUR,44.20000076293945,44.20000076293945,-0.03682716603152114,-0.05756931076963023,-0.09777507147203779,0.00789053288280206,0.21538293972487468,0.22334727146583858,-0.10165346369282768,-0.2065086535708529,-0.034955556499121965,-0.04210821920157892,-0.023523891882601733,1291
2026-10-02,FR0000120503,EN.PA,EUR,40.70000076293945,40.70000076293945,-0.056560006055412004,-0.08559869023294342,-0.12847965528860394,-0.19219405524185396,0.19175545721398277,0.23088169517964677,-0.1769464077856543,-0.23207545730302914,-0.06175797789158732,-0.10334646277429305,-0.137473241709821,1291
2026-10-02,FR0000120578,SAN.PA,EUR,70.80999755859375,70.80999755859375,-0.013650972899230451,-0.07146609526578374,-0.07110068948785975,-0.07521360980847458,0.21766182486947333,0.2616714744273761,-0.11398899923763328,-0.17327540125886287,-0.037096496735523066,-0.06068101668717574,-0.06301747412956449,1291
2026-10-02,FR0000120644,BN.PA,EUR,59.119998931884766,59.119998931884766,-0.007387549215261857,-0.0721908694396538,-0.1836509192672663,-0.09332184878659322,0.22329238319840777,0.2046593519410027,-0.2127426536565704,-0.2513954887883294,-0.027743533449180457,-0.08170811530500843,-0.11775481310412439,1291
2026-10-02,FR0000120693,RI.PA,EUR,58.619998931884766,58.619998931884766,-0.00711385462617975,-0.05084196041102618,-0.05263329541042372,-0.08732085407521195,0.2140463133482627,0.25813632577770856,-0.1663822641313324,-0.31613160066066215,-0.021662954560711767,-0.08714340530234332,-0.11022734462046191,1291
2026-10-02,FR0000120966,BB.PA,EUR,64.9000015258789,64.9000015258789,-0.029895365536372065,-0.038518495912905126,0.09075632816603196,0.1729884176230394,0.1061133863911501,0.21994045183291067,-0.05942026774088538,-0.14495416219181756,-0.02618347671174659,-0.024998463811238714,0.13277638794656976,1291
2026-10-02,FR0000121014,MC.PA,EUR,378.5499877929688,378.5499877929688,-0.04611318641575979,-0.11780474852370937,-0.22729129922594726,-0.2052005582415889,0.22861142876786228,0.25206030841413724,-0.24756512979433354,-0.41002499289898786,-0.0630530591102807,-0.13588253157572483,-0.22790047872961217,1291
2026-10-02,FR0000121147,FRVIA.PA,EUR,8.593999862670898,8.593999862670898,-0.013997217319146493,-0.13471609705623622,-0.053732650073237354,-0.1615609890077172,0.3662351311733531,0.4764224556641734,-0.1518324959236952,-0.4321537064566676,-0.06508710695839204,-0.06032961450792884,-0.19638984388948344,1291
2026-10-02,FR0000121220,SW.PA,EUR,53.900001525878906,53.900001525878906,-0.06015687951236781,-0.0714900562570926,0.01794146835224164,0.3044530959333591,0.23418089960306276,0.21792095387929908,-0.0917586720678718,-0.2701083367043837,-0.04580656736660482,-0.053655427556032365,0.10465989108161478,1291
2026-10-02,FR0000121329,HO.PA,EUR,222.6999969482422,222.6999969482422,-0.029206613454687225,-0.04666099687704317,-0.0026869955007414736,-0.15581456741276878,0.24625753086139093,0.2483726030922097,-0.1809488711021201,-0.18830932219925633,-0.03753485390407618,-0.09029265111424545,-0.07751984240113097,1291
2026-10-02,FR0000121485,KER.PA,EUR,210.3000030517578,210.3000030517578,-0.058428487553788266,-0.14233276643902737,-0.15372232172330857,-0.1362286361499504,0.3105572043121132,0.4782514903052634,-0.2818849285684437,-0.3810414074053782,-0.08833760157514636,-0.162865112558221,-0.18464653656972485,1291
2026-10-02,FR0000121667,EL.PA,EUR,142.8000030517578,142.8000030517578,-0.007644134061033037,-0.046728971010644216,-0.16686109605114274,-0.293499758197322,0.2842155042276956,0.26322516699606124,-0.1932675708760998,-0.5563296695825171,-0.016884376160902104,-0.08607998225375002,-0.25890671462758663,1291
2026-10-02,FR0000121964,LI.PA,EUR,34.41999816894531,34.41999816894531,-0.05750280017786602,-0.09325608537686614,-0.04759272965554573,0.00624388940479248,0.1511594825447392,0.1427916589406072,-0.13906957070915493,-0.13906957070915493,-0.05405781542905874,-0.09055363762710511,0.0001431203998791819,1291
2026-10-02,FR0000121972,SU.PA,EUR,303.0,303.0,0.04123711340206193,0.05208333333333326,0.12367886837897846,0.14936108366600287,0.37488736106236553,0.36023149971366847,-0.12524119680717438,-0.17762918089750313,0.044557442040851436,0.037017768758117464,0.1419495203526695,1291
2026-10-02,FR0000124141,VIE.PA,EUR,30.729999542236328,30.729999542236328,-0.020089319383089443,-0.036677118817716736,-0.1529768308654864,-0.0898668482786219,0.10275978332180742,0.17846912948483512,-0.18656716190288725,-0.18656716190288725,-0.02144667110845133,-0.06881046531508739,-0.06747662679661282,1291
2026-10-02,FR0000125007,SGO.PA,EUR,67.0999984741211,67.0999984741211,-0.03895733647367461,-0.11454210141195142,-0.11477578136370492,-0.11198210581944557,0.2539848462785042,0.2883046027474101,-0.22469021527932065,-0.25153917647952817,-0.04551923029849825,-0.1226739952469047,-0.1292669322319735,1291
2026-10-02,FR0000125338,CAP.PA,EUR,108.9000015258789,108.9000015258789,0.04210527775960671,0.023496240264544888,0.22414571320388688,0.031692858436652704,0.4526670208898842,0.44026588432718106,-0.09201077073251984,-0.41502642376831267,0.03237428718212754,0.022771470578968334,0.028862761191167596,1291
2026-10-02,FR0000125486,DG.PA,EUR,106.8000030517578,106.8000030517578,-0.040431265737767896,-0.06274676689751946,-0.10252098275833788,-0.18294608193226558,0.18700732379459145,0.20155690605989937,-0.16719246109941488,-0.23610971910707668,-0.035600580107488566,-0.08106896457326618,-0.1288666486514698,1291
2026-10-02,FR0000130452,FGR.PA,EUR,100.0999984741211,100.0999984741211,-0.056105652111417714,-0.08080810769930602,-0.17477332270627255,-0.25899944448849677,0.20391011065835013,0.23272903503907538,-0.20732485057229255,-0.29346406254991264,-0.05374556515366302,-0.1165843965858806,-0.18916457548817367,1291
2026-10-02,FR0000130577,PUB.PA,EUR,94.23999786376952,94.23999786376952,-0.0369916485183337,-0.06785361734805129,0.08122985204437283,0.22558790833499676,0.2210773905065013,0.2679890901638391,-0.0947166258873936,-0.23345260324938366,-0.030612266719869163,-0.042001894037576704,0.13086883012364847,1291
2026-10-02,FR0000130809,GLE.PA,EUR,65.55000305175781,65.55000305175781,-0.08311430611547754,-0.11633859824635007,-0.1172905848897513,-0.07412150993357791,0.2891292304080555,0.2917168591432616,-0.22435609153642666,-0.22435609153642666,-0.08827285243405092,-0.1360631589810165,-0.08453629056769152,1291
2026-10-02,FR0000131104,BNP.PA,EUR,92.05999755859376,92.05999755859376,-0.0729104256863955,-0.11938017263858591,-0.085799400709905,0.04809279754152018,0.22907115161184266,0.23441472458537307,-0.18847519114405864,-0.18847519114405864,-0.07172523488898297,-0.11897975410321893,-0.015347579518611099,1291
2026-10-02,FR0000131906,RNO.PA,EUR,24.68000030517578,24.68000030517578,-0.06159691934902989,-0.15305419278961996,-0.04378144843659115,-0.15560708856768057,0.318532608232298,0.3384398864173331,-0.16958274308956722,-0.2899423181587555,-0.1055378293328133,-0.11950222811508893,-0.1280329039805661,1291
2026-10-02,FR0000133308,ORA.PA,EUR,13.979999542236328,13.979999542236328,-0.012711886095724712,-0.08865714451261775,-0.1190926500914824,-0.20762341597298795,0.3020135447163409,0.2780553806845937,-0.212356308955846,-0.24994611057160776,-0.0561707026034568,-0.10305272702566481,-0.1403788846330688,1291
2026-10-05,FR0000172041,XED2.F,EUR,462.1000061035156,462.1000061035156,-0.029487142674384237,,,,0.10354597048755769,,-0.05337084392179159,-0.05337084392179159,,,,12
2026-10-02,FR0000172124,0P00000GPO.F,EUR,55.880001068115234,55.880001068115234,0.0008955621605002406,-0.03288331172243697,-0.053041812276680034,-0.020164785828456377,0.06812952098800011,0.0542980206257396,-0.05778681485181103,-0.06538919305080049,-0.01092092376454823,-0.026670737293022717,-0.038181821375250724,1238
2026-10-05,FR0000284689,CL54.F,EUR,34.08399963378906,34.08399963378906,0.021855796778819547,,,,0.16190051672642905,,-0.008782696045668725,-0.008782696045668725,,,,12
2026-10-02,FR0000292302,0P00000PYA.F,EUR,570.239990234375,570.239990234375,-0.00559773634026417,-0.011904134899004437,0.011386582290018765,0.05177344413932672,0.07858925839422407,0.07308408408547581,-0.030280271035459383,-0.06867224362644508,-0.0015163726556095547,-0.007900416895153528,0.024956887041117648,1250
2026-10-02,FR0000295230,0P00000PM8.F,EUR,229.1499938964844,229.1499938964844,0.007695690619924145,-0.01177337816474422,-0.0008720828502656319,0.03169597616850717,0.13026175682247407,0.11371064062459624,-0.06315477183689933,-0.16301981420780265,0.010276899034803444,-0.006696314785223922,-0.00681169756544675,1270
2026-10-02,FR0000299356,0P00000JPU.F,EUR,288.95001220703125,288.95001220703125,-0.013418439669016458,-0.036961725176828275,-0.029424538979131554,0.04423411199425442,0.11676181774040731,0.10764300876422213,-0.06594692866744101,-0.10168187143662966,-0.018058572346722035,-0.031590974939943894,-0.008101803646604955,1238
2026-10-02,FR0000422859,0P00000PLK.F,EUR,898.97998046875,898.97998046875,-0.005531095940207953,-0.030247501102164454,-0.009694032192954394,0.01349474140239737,0.13260222364127647,0.10937686082255212,-0.0637947074712647,-0.11875263294966842,-0.008317544832766921,-0.024946332383837033,-0.009838308004777363,1248
2026-10-02,FR0000438905,0P00000QF5.F,EUR,500.2799987792969,500.2799987792969,0.008486688154735633,0.02653122502071925,0.04175080135410281,0.21870888862191684,0.11370830772018292,0.1014908375362213,-0.0324187350522257,-0.08915819628885746,0.019069364248897713,0.025301761888184338,0.10603442814840913,1196
2026-10-02,FR0000447807,0P00000RUS.F,EUR,219.8000030517578,219.8000030517578,0.01575860100618165,0.022944143187053845,0.0535902990904118,0.17691159518486943,0.11966517724985133,0.1088542625348265,-0.04078916959911527,-0.08659418215219217,0.026601511130005084,0.02977638685585937,0.10443743624323565,1249
2026-10-05,FR0000974149,ODAB.HM,EUR,737.7739868164062,737.7739868164062,-0.0015198138325114297,,,,0.09590880708025476,,-0.013827315342687885,-0.013827315342687885,,,,12
2026-10-02,FR0000975880,0P00000MML.F,EUR,418.6300048828125,418.6300048828125,-0.023603487153790126,-0.04021369650581896,-0.04120285473766849,-0.041597947385402345,0.13956937151469861,0.11815422451079673,-0.10466771491647553,-0.12650891219419702,-0.022004476501787718,-0.05275199482497006,-0.04625805540404837,1249
2026-10-02,FR0000980427,0P00001O87.F,EUR,2557.489990234375,2557.489990234375,-0.0051192938009086975,-0.02053537192288024,-0.023590466987635117,-0.0026012113532782877,0.046970336035405465,0.040997055828048544,-0.03547763707199736,-0.04381792125829931,-0.007336236292751708,-0.01905958269603214,-0.010475021617581737,1252
2026-09-30,FR0000987950,0P00000NYV.F,EUR,669.1400146484375,669.1400146484375,-0.0045225654742301336,0.031906857971961244,-0.001953907874923333,0.11905677897495859,0.1482044585777881,0.22056302413174164,-0.10217496300435924,-0.10217496300435924,0.007646135075155547,0.023981896067252206,0.11983213350446542,1126
2026-10-01,FR0000987968,0P00000NZ3.F,EUR,514.6799926757812,514.6799926757812,0.07516185408658216,0.0897080208680765,0.03584438129413159,0.2948575486818239,0.23999331594150758,0.287337419034654,-0.13604509813721777,-0.16322176981876269,0.07375435728751167,0.08646501911410542,0.20044220699725201,1164
2026-10-02,FR0000988057,0P00000NZ7.F,EUR,877.7899780273438,877.7899780273438,0.008027090413828653,0.03536167367108467,0.042704017420220675,0.19929773543987683,0.11619968720462513,0.10783232771378234,-0.03313392419228933,-0.07747073986381181,0.023114125683658893,0.030573046014590988,0.10103853017911035,1208
2026-10-02,FR0000989915,0P00000QLD.F,EUR,1478.75,1478.75,-0.044303009542358995,-0.1067113820277904,-0.1365719914050071,-0.1512558399715037,0.12870040561877952,0.11824706851948115,-0.17349021612411564,-0.2172819902077544,-0.0567313607953529,-0.11171109537907231,-0.13483219743254504,1249
2026-10-02,FR0006174348,BVI.PA,EUR,26.56999969482422,26.56999969482422,-0.011900323617984543,-0.023161803325153718,-0.023161803325153718,-0.04660348437931605,0.1953060321558858,0.23057298264304835,-0.0922446436868195,-0.13772048651286128,-0.026615142131747316,-0.03608252104439458,-0.0023785328578547205,1291
2026-10-02,FR0007023692,0P00000C3O.F,EUR,378.6499938964844,378.6499938964844,-0.005645992556211232,-0.02412312990274268,0.0073425181316089105,0.09677327252682444,0.08803266941569975,0.0785219369821066,-0.033364056323013425,-0.057652550446265716,-0.009432187052905938,-0.011477993647220353,0.035280451170165206,1230
2026-10-02,FR0007028543,0P00000PY3.F,EUR,107.3000030517578,107.3000030517578,0.00439952459653048,-0.009873578183128728,-0.027463053829516193,0.04124211425656532,0.10334244368610426,0.08503894575584775,-0.045613735348593254,-0.07215834198969395,0.0009982241317925133,-0.013536497341927078,0.00028948383889915164,1211
2026-10-02,FR0007052782,CAC.PA,EUR,80.0,80.0,-0.02284112231399804,-0.042718675456035915,-0.04852523480259663,-0.01948763830440603,0.12225065390154943,0.10807302096810505,-0.09702333119556572,-0.10850611902089558,-0.02365203085607681,-0.05055554320607636,-0.027211331349258905,1291
2026-10-02,FR0007054358,MSE.PA,EUR,71.06999969482422,71.06999969482422,-0.010442773645041536,-0.02389778769556017,-0.004063914140231661,0.07049254930262117,0.1331825063427387,0.11597968509208051,-0.05759446612430452,-0.10843727157026495,-0.008420127207954153,-0.021936588207083774,0.035649537615183746,1291
2026-10-02,FR0007061882,0P00000O6Y.F,EUR,686.010009765625,686.010009765625,-0.011427490341934576,-0.039093979455178784,0.0049219735316738955,0.05609865300202821,0.12643833175077038,0.11173421400287134,-0.05814422910075656,-0.12151241584563843,-0.014274832197598508,-0.02671858970413621,0.011441294841732175,1249
2026-10-02,FR0007062567,0P00000K4N.F,EUR,587.8699951171875,587.8699951171875,0.013988521482951377,0.03974172220174754,0.028571959473782327,0.175692988347939,0.16121662988423688,0.1467258699724173,-0.07313298381321787,-0.17320314463395015,0.029295887534364073,0.02932472504961714,0.07720848339670061,1204
2026-10-02,FR0007064324,0P00000H22.F,EUR,500.7200012207031,500.7200012207031,-0.032499859954300825,-0.07835590297691464,-0.05277892276908547,0.0016603383703299723,0.11640715169696066,0.114832353546974,-0.09982921128862354,-0.11976791296344502,-0.045765041146878405,-0.06953234479255743,-0.06084107031556729,1243
2026-10-02,FR0007072160,0P00000IK7.F,EUR,172.97999572753906,172.97999572753906,5.778173536108433e-05,-0.009335117559789219,-0.008255948036482885,0.0060485824785725395,0.023324577350343958,0.018746883126376016,-0.015104931135409005,-0.025147919362124238,-0.0016679528143772604,-0.0075219261474013255,-0.005504020463546144,1251
2026-10-02,FR0007076930,0P00000NME.F,EUR,535.3599853515625,535.3599853515625,-0.038160242842295244,-0.06536313414681572,-0.029916483794555915,0.014669630237678755,0.1020870166049862,0.09995178681341968,-0.0974594116765175,-0.0974594116765175,-0.03849195044279663,-0.06295674424605824,-0.009826668012461015,1242
2026-10-02,FR0007374145,0P00000QRC.F,EUR,508.9599914550781,508.9599914550781,-0.04067551450600282,-0.04125380420598301,0.137849330080126,0.09644755117129655,0.3825846223853438,0.4461231982615654,-0.1443246314709533,-0.3714610457589358,-0.0480100834115641,-0.008037301506700345,0.014753848708347617,1177
2026-10-02,FR0007382965,0P00000MUL.F,EUR,3564.169921875,3564.169921875,-0.0031827625953256833,-0.009113284794578624,0.001827038523173119,0.03507289973756689,0.04869471834926577,0.043960443657886136,-0.024007435772887664,-0.05346302661329583,-0.0014663673955818135,-0.0073112521359735005,0.01561239207361309,1248
2026-10-02,FR0007390174,0P00000FNC.F,EUR,101.56999969482422,101.56999969482422,-0.04575350089138608,-0.0833859585538177,0.15499200449192085,-0.06636640463225363,0.33025898943507953,0.4159819085879914,-0.13671406010386655,-0.33703705023274577,-0.04433938553047301,-0.023489331408910186,0.008170975304726102,1254
2026-10-02,FR0010004085,0P00001NLH.F,EUR,999.6500244140624,999.6500244140624,-0.0030914740323486622,-0.0033101153434685893,0.028838157930939357,0.16180285778431802,0.10127847343276297,0.1115642147198156,-0.0345192340392364,-0.0930771863389761,0.006039375328859231,0.007491122931232219,0.06602057227541414,1214
2026-10-02,FR0010058529,0P00000QIF.F,EUR,1167.75,1167.75,-0.0024943355819301294,-0.016946160218260786,-0.012498650292765201,0.06706204140391803,0.1605262734492323,0.13984571703460177,-0.07672122846149532,-0.16355001019165538,-0.002952508609861404,-0.022066334711715485,0.0058184157847380735,1251
2026-10-02,FR0010086512,0P00000G8V.F,EUR,334.2799987792969,334.2799987792969,-0.01927536220205739,-0.04434091708377974,-0.061195855019266054,0.03762104227531382,0.14036240804632893,0.13178980429123155,-0.1016957854026691,-0.11388989985918296,-0.024798670013155166,-0.051925702371364624,-0.03394473026645106,1243
2026-10-02,FR0010097683,0P00000CGO.F,EUR,586.3800048828125,586.3800048828125,-0.002602385282793329,-0.012628813797965655,-0.004008535840453131,0.0865529368907525,0.08298346424673692,0.07739445427284554,-0.024798944578964477,-0.08550661982129948,-0.003431329935451477,-0.004145220835048424,0.01316162626504358,1240
2026-10-01,FR0010128587,0P000015L9.F,EUR,680.6900024414062,680.6900024414062,-0.017508161939001288,-0.021926876209444557,-0.062229608769904354,0.0011619032195573364,0.1505462850236348,0.12941927080446497,-0.062229608769904354,-0.10395436576214123,-0.025795960844709587,-0.03598804731585914,-0.02807278499301491,1235
2026-10-05,FR0010135103,Y9U6.F,EUR,848.9760131835938,848.9760131835938,-0.003981817700102308,,,,0.07890941023982444,,-0.010894342592280948,-0.010894342592280948,,,,12
2026-10-02,FR0010147603,0P000018HU.F,EUR,441.2200012207031,441.2200012207031,0.008595094040756646,-0.0018324492926512503,0.02018546367188101,0.08097113140532097,0.07499337843177592,0.11186702176265906,-0.03333102988071146,-0.06154886324087783,0.005212664116450272,0.00840651687570415,0.03922484174290064,1251
2026-10-05,FR0010149120,Y9U4.F,EUR,1910.6669921875,1910.6669921875,0.0029863676966828123,,,,0.022498674358458835,,-0.004180880996284775,-0.004180880996284775,,,,12
2026-10-05,FR0010149302,Y9U3.F,EUR,1952.7509765625,1952.7509765625,0.016889381609656473,,,,0.19823642651403378,,-0.023815523583374132,-0.023815523583374132,,,,12
2026-10-02,FR0010156604,0P00001BB3.F,EUR,249.7400054931641,249.7400054931641,-0.002037940087256329,-0.015104317231641518,-0.004464622157627773,0.012404787207062729,0.04368870476444378,0.03129354562123211,-0.015730978957441466,-0.02863110837153171,-0.004807774335906845,-0.009021712961812645,0.006682891091248422,1251
2026-10-02,FR0010158048,0P00001BW0.F,EUR,324.0299987792969,324.0299987792969,-0.002032719385095527,-0.021323500065489,-0.007838566971736571,0.06180156804963621,0.11242689686009666,0.09793015099754784,-0.06212029612390213,-0.12274891322971371,-0.0037570825269387376,-0.021119507174038432,0.01061924965515848,1251
2026-10-02,FR0010174144,0P0000M6PZ.F,EUR,250.19000244140625,250.19000244140625,-0.022122351092770054,-0.053135555997264605,-0.03199717282010839,-0.0467862945181724,0.061470761184873914,0.07208571589928653,-0.07862563685521728,-0.08133213701377529,-0.028107162101800198,-0.049105652439568104,-0.03784603546648968,1059
2026-10-02,FR0010177899,0P00000PNB.F,EUR,89.20999908447266,89.20999908447266,-0.0022369373609754106,-0.012289643645948423,-0.013163743598672228,0.008592449547230485,0.04902423685158824,0.04309957157716424,-0.02955288085780705,-0.046937452596716,-0.0038913247130777373,-0.013170271432933256,-0.0013679339227039566,1249
2026-10-02,FR0010208488,ENGI.PA,EUR,22.780000686645508,22.780000686645508,-0.024411121435208294,-0.051228635173303894,-0.15252970990063697,-0.1538314881205497,0.15879434675597162,0.20378150943807283,-0.18963657013840252,-0.1988986334149726,-0.035501803832861833,-0.08208080289083375,-0.10897852504980254,1291
2026-10-02,FR0010220475,ALO.PA,EUR,15.074999809265137,15.074999809265137,0.036438620157521306,-0.08636364792332507,-0.03797066139960914,-0.33997374305809447,0.26126665512942704,0.2711901067240995,-0.1409157685505299,-0.5127345882204348,-0.017531292329825088,-0.05166015655348455,-0.2496061448658825,1291
2026-10-02,FR0010221234,ETL.PA,EUR,1.5210000276565552,1.5210000276565552,-0.10922398556558754,-0.14980436083431836,-0.35468818199520025,-0.4347825952132708,0.4092084553423591,0.41128917304717827,-0.35468818199520025,-0.6627494566594165,-0.13192362046535333,-0.19862167233541705,-0.3402732466114612,1291
2026-10-02,FR0010229187,0P00000FV4.F,EUR,320.67999267578125,320.67999267578125,-0.004686705838737537,-0.019147273869452253,-0.005920839715403914,0.12412803668742134,0.10746801864717363,0.10865211959574873,-0.040434204459219525,-0.07929475665366614,-0.006409042647641194,-0.00995786579169844,0.03684905007840178,1245
2026-10-02,FR0010230490,0PP1.MU,EUR,684.1090087890625,684.1090087890625,-0.012326573571014188,-0.03731907714765659,-0.05515811231272294,-0.04942748243740658,0.06951870319548656,0.04668895103583667,-0.05515811231272294,-0.06956858838666835,-0.018534900354069683,-0.03637145585306745,-0.050189024569142315,219
2026-10-02,FR0010261198,MEU.PA,EUR,242.6999969482422,242.6999969482422,-0.010397565960276522,-0.025496912369826208,-0.00999386909745037,0.046210886361485404,0.10784171174734428,0.08591188039156189,-0.04558065739555639,-0.09773398341024497,-0.008993387993072477,-0.02077871151675237,0.02651707535324177,1291
2026-10-02,FR0010286013,0P00000EUQ.F,EUR,488.2300109863281,488.2300109863281,-0.002451794347323788,-0.026169332716590388,-0.006693477581543927,0.02562866255974683,0.060292611276693796,0.057017924287962325,-0.03200028607393535,-0.06016847910817125,-0.012828175596708569,-0.017013735186014345,-0.007542152368250399,1232
2026-10-02,FR0010307819,LR.PA,EUR,144.5500030517578,144.5500030517578,0.07193175016096132,0.025904963189388175,0.02736322805274738,-0.004413453640187526,0.4346131792502889,0.32107249078732863,-0.0944234578808334,-0.18306531519533542,0.04150155277058443,0.052367212770022764,0.03871658296877589,1291
2026-10-02,FR0010313833,AKE.PA,EUR,53.84999847412109,53.84999847412109,-0.04690268187396307,-0.09190557897230778,-0.011926633502365336,-0.06680505043460339,0.1788013521264057,0.2534455643150721,-0.13632718858089465,-0.22841862264948765,-0.051602702598132155,-0.08301407094078317,-0.037323583106952385,1291
2026-10-02,FR0010315770,WLD.PA,EUR,438.0400085449219,438.0400085449219,0.008402573202421326,0.02102470691863867,0.03126471059887326,0.12780642489316696,0.09515049348642762,0.09382203829778282,-0.030554849535535222,-0.06579517880427155,0.01769656228140004,0.021149877639613512,0.08742767248217587,1291
2026-10-05,FR0010321828,EHQ1.HM,EUR,369.0480041503906,369.0480041503906,0.0067050597044509,,,,0.09938164638260133,,-0.01188245815572242,-0.01188245815572242,,,,12
2026-10-02,FR0010340141,ADP.PA,EUR,107.5,107.5,-0.029783420224422485,-0.01736747257201321,-0.036738338084044364,0.007523476541763552,0.310414787556701,0.32531186238880294,-0.1520324955141642,-0.23520484593542768,-0.010948570714115924,-0.030413449476969445,-0.008574897576422824,1291
2026-10-02,FR0010363366,0P00006A6D.F,EUR,347.9200134277344,347.9200134277344,-0.004663065147064938,-0.00736087467122859,-0.012796808846504248,0.026797359190115166,0.04764889464682745,0.04702336317574161,-0.026040348251668233,-0.06620432661115794,-0.003692592023211372,-0.010050829894011182,0.007563714788615394,1248
2026-10-02,FR0010375600,0P00006TTL.F,EUR,289.3399963378906,289.3399963378906,0.010018483977232817,-0.00013825607936557294,-0.0006216934326173096,0.03487249231985001,0.1473145959366675,0.1245444564332811,-0.07005546642478755,-0.11891872079739285,0.01287180134929633,-0.0047208312145761155,0.013708918087563138,1251
2026-10-02,FR0010380675,0P00007ZHT.F,EUR,3128.760009765625,3128.760009765625,-0.020582186250474144,-0.008241514384459192,0.03450947824009898,0.19908479430280845,0.08700942504414208,0.12609375683324392,-0.0328478637587033,-0.08934768111999025,-0.016821839905536207,0.0025430423751411357,0.10433953518794303,1214
2026-10-02,FR0010400762,0P0000KOPQ.F,EUR,259.70001220703125,259.70001220703125,0.00212239368512801,0.00015408050665333128,-0.01055354517007323,0.0403814489504799,0.06985538060789157,0.06643114607646057,-0.02240257879173091,-0.05504625658299789,0.0013360600120337907,-0.0007640966384440118,0.014875773443930651,1224
2026-10-02,FR0010411983,SCR.PA,EUR,31.71999931335449,31.71999931335449,-0.04342583053932081,-0.06430684703244705,-0.005018815922963382,0.0337334293651661,0.23835807168196727,0.19895591093269363,-0.09515574150432382,-0.18987342828689058,-0.02499001958841751,-0.05076550626606424,0.044351139381848315,1291
2026-10-05,FR0010415448,0P00008IB9.F,EUR,588.5700073242188,588.5700073242188,0.06934952982749354,0.09730042500896108,0.01028183263871063,0.3280308763328501,0.21679395434880525,0.2804173446423997,-0.11651619158153215,-0.15046376283067087,0.07209018714162285,0.07325416307330457,0.17955231937180027,1173
2026-10-02,FR0010451203,RXL.PA,EUR,35.380001068115234,35.380001068115234,-0.02561278628482433,-0.020487206136551195,-0.07696323042044273,-0.047772196870744965,0.3992468193149543,0.29872829227211983,-0.1297709560592487,-0.16975636676009265,-0.02232781170098519,-0.025703983787548346,-0.00450324181611339,1291
2026-10-02,FR0010533075,GET.PA,EUR,18.43000030517578,18.43000030517578,-0.02124267765007737,-0.009672235318232913,-0.0027055864880447533,-0.016186658659830266,0.12371264292355864,0.12859887353081437,-0.0618556123292201,-0.07211297161310692,-0.004778990554599627,-0.011128142121603402,0.040166945159087364,1291
2026-10-02,FR0010546903,0P00000PUS.F,EUR,75.19000244140625,75.19000244140625,-0.019814843712781083,-0.034168222027635364,0.00146511198280308,0.06758486604579295,0.1359023825111305,0.10700163254687908,-0.05318872934322583,-0.11959289705296672,-0.019361032075203788,-0.030959258520409594,-0.0061778145392016315,1246
2026-10-02,FR0010546929,0P00000MHU.F,EUR,39.38999938964844,39.38999938964844,-0.03715474122300255,-0.057655499794252774,-0.01228690234059604,0.141077603340225,0.13327528530140742,0.11332603845314003,-0.0655270273391173,-0.09560373294814584,-0.03616523049245046,-0.04761676024321215,0.03358696592400423,1241
2026-10-02,FR0010557967,0P0000ADK9.F,EUR,197.02999877929688,197.02999877929688,-0.004446490154761951,-0.008654094192216966,0.01129187972882062,0.06118382464793726,0.07886756592844325,0.08154392778848915,-0.03502118244865027,-0.07679091971778229,-0.0040086380004837885,-0.010444507648667445,0.028604416778291286,1251
2026-10-01,FR0010564351,0P0000J3CO.F,EUR,202.72999572753903,202.72999572753903,-0.001576002558035916,-0.018446778747182146,-0.007101562348200696,0.04060151989501004,0.0690808473906233,0.06909710933645123,-0.03237068132455978,-0.06353414906261601,-0.005925824336256769,-0.01317392396648942,0.009916066476325591,1242
2026-10-02,FR0010592022,0P0000D2MT.F,EUR,132.61000061035156,132.61000061035156,0.00828768478164399,0.0034809438903760093,0.01585726544110866,0.07341751357947612,0.11348641320260189,0.09579966502124489,-0.05379817857654812,-0.08556696470410918,0.013535718699672739,-0.0004025221963853687,0.039006423615126185,1252
2026-10-02,FR0010601971,0P0000KWR3.F,EUR,334.32000732421875,334.32000732421875,-0.0225132505022837,-0.03983455877519504,-0.05009235479850427,0.01961021192632373,0.07926342686498729,0.07027374997762392,-0.06781175086683733,-0.0711168777125627,-0.023548206662837745,-0.043428530761209894,-0.023705178708745445,1247
2026-10-02,FR0010611293,0P0000GBJZ.F,EUR,1866.3699951171875,1866.3699951171875,-0.0018664446866157869,-0.015549743306897845,-0.01819605174811456,-0.012492188063127907,0.04950111801676156,0.04113046464227183,-0.029465792552069048,-0.046674149360825035,-0.004170086202224366,-0.014986447431747374,-0.013042731059994761,1247
2026-10-01,FR0010616177,0P0000HR6L.F,EUR,176.42999267578125,176.42999267578125,-0.03500524580854847,-0.04549883049519099,-0.06064324461864079,-0.014577751944954476,0.11845165447607715,0.09260207443080115,-0.07444131153545908,-0.09792365079112963,-0.03805685574037543,-0.052413503768688585,-0.03019253392601884,1242
2026-10-02,FR0010651224,0P0000HR5T.F,EUR,4517.1298828125,4517.1298828125,-0.02620989006616581,-0.06997915086863338,-0.0397869884246107,-0.023447811976681998,0.11224287999320587,0.11628107232891302,-0.11432705818944777,-0.1305381968790127,-0.03184553716484784,-0.06458279144464152,-0.03816342799100647,1252
2026-10-02,FR0010657122,0P0000HX49.F,EUR,1319.9000244140625,1319.9000244140625,-0.012922739349064849,-0.029349712430396746,-0.04175924387342056,-0.05921006723146782,0.13008793212777742,0.10452871273865141,-0.08575914766208714,-0.11219361897821434,-0.01556492566412504,-0.04015368121174001,-0.04584765643371025,1249
2026-10-02,FR0010668145,0P0000IT7S.F,EUR,687.5399780273438,687.5399780273438,0.005293009719914865,-0.006789570486154584,-0.04582549634052491,0.03507766490353492,0.11234488542607665,0.12410891059776198,-0.06995667126656246,-0.10189111228019454,0.010009871994475672,-0.011285248786734758,0.0019082217770789445,1243
2026-10-02,FR0010679902,0P0000IKS1.F,EUR,405.6499938964844,405.6499938964844,-0.031630461191351156,-0.0828208487472013,-0.06353168196819592,-0.02024009107436575,0.10835824688220796,0.11022562102263228,-0.10924462157834047,-0.13823713827402528,-0.038654102044828664,-0.07311949678126495,-0.06732151282424703,1252
2026-10-02,FR0010687749,0P0000HRVB.F,EUR,352.5400085449219,352.5400085449219,-0.0014728063707798444,-0.01900544470897858,-0.009969355582795436,0.04882040705598567,0.13842715732565822,0.11075191917005113,-0.05663693095460853,-0.10297291465046632,-0.003831607601837872,-0.018695257759870243,0.017604017777402836,1250
2026-10-02,FR0010689141,0P0000IKSO.F,EUR,1938.489990234375,1938.489990234375,-0.01244073519422284,-0.04500824516609425,0.008553336795924515,0.026731692556763997,0.09415417282287554,0.1064469287878457,-0.05714549331729779,-0.11447905426548899,-0.016648334891415817,-0.032568553855744864,-0.014579577345714356,1252
2026-10-02,FR0010697482,0P0000J0GI.F,EUR,142.5399932861328,142.5399932861328,0.0007019856993311091,-0.0020304455730869586,-0.00042084722871083,0.005431254782161554,0.010528564486481113,0.008104992784429284,-0.003987738313159794,-0.009263859031025667,0.00012275230090441624,-0.0011212761331464982,0.0020347422672577498,1250
2026-10-02,FR0010697532,0P0000JC17.F,EUR,216.97000122070312,216.97000122070312,-0.0015186462329505046,-0.008771520737809069,-0.013458789404143356,-0.0076381182473803655,0.014446159465193953,0.011620153306438731,-0.014409737214374663,-0.016377015249790627,-0.0031838070066677604,-0.007932142674821785,-0.008482297619253454,1251
2026-10-02,FR0010700823,0P0000IVLV.F,EUR,1467.449951171875,1467.449951171875,0.006212286447683457,0.029117765877002988,0.04057492146359376,0.15675670682368437,0.11731810730777194,0.10958368485328121,-0.038700809851986206,-0.10079621358980673,0.02126029833737486,0.024772726757376073,0.07755404683557487,1213
2026-10-02,FR0010702084,0P0000KU3M.F,EUR,248.50999450683597,248.50999450683597,-0.003928057095477389,-0.02674865641501989,-0.03348631290393167,0.024318840450275436,0.12481105131103415,0.09978493522579303,-0.07118856253713468,-0.11380472679777409,-0.0054149852566605094,-0.028750200520951896,-0.009937302457595498,1251
2026-10-02,FR0010751008,0P0000KM3H.F,EUR,1502.6199951171875,1502.6199951171875,0.005204590106477225,-0.01731093087706226,-0.027449326793336004,-0.019593533304092414,0.05271991954429012,0.03751441039097501,-0.037995840227485145,-0.0431709631640359,-0.0019590630746700866,-0.015467945265148053,-0.02235702547019569,1251
2026-10-02,FR0010752543,0P0000KTWR.F,EUR,415.7999877929688,415.7999877929688,-0.003785560092384621,-0.019362802253641065,-0.023576950571254862,-0.009410392393165434,0.032599954960582954,0.02552218498778558,-0.026161119975172342,-0.028481980232132886,-0.008229009438357027,-0.016960878557624293,-0.01678247261458088,1252
2026-10-02,FR0010784348,0P00001NRR.F,EUR,1120.550048828125,1120.550048828125,-0.031328062146649405,-0.06676042901050572,-0.05338160569682082,-0.034316594238582465,0.12028156674660591,0.11368842512578482,-0.11579199211823721,-0.11998356423860601,-0.03867102996858274,-0.07067155547841508,-0.046761998383179626,1251
2026-10-05,FR0010836163,69X3.MU,EUR,3002.56689453125,3002.56689453125,-0.01039293434958144,,,,0.052662171788980694,,-0.01039293434958144,-0.01039293434958144,,,,12
2026-10-05,FR0010858498,0PP0.MU,EUR,548.27001953125,548.27001953125,0.0,,,,0.0369783370673438,,0.0,0.0,,,,12
2026-10-05,FR0010859769,EHQ8.MU,EUR,519.1300048828125,519.1300048828125,0.014341812492117745,,,,0.09256593294576444,,-0.0064036680561671,-0.0064036680561671,,,,12
2026-10-02,FR0010896944,0P0000P2U7.F,EUR,141.88999938964844,141.88999938964844,-0.031665866568641676,-0.048612042575234216,-0.018130200102274285,0.03327987053364878,0.12384115398762734,0.10356714029730245,-0.061442567534388925,-0.09251694310225123,-0.030464946276416827,-0.041472901606850465,0.016257683021081437,1252
2026-10-02,FR0010908533,EDEN.PA,EUR,27.100000381469727,27.100000381469727,-0.013109931354895465,-0.11001643013247464,0.149766683595701,0.45058890527856454,0.2808279726089487,0.29102441814092084,-0.1208647379975889,-0.41323413035555057,-0.037949503999468504,-0.05502474410072822,0.25149908354845096,1291
2026-10-05,FR0010909531,ROY2.MU,EUR,294.95001220703125,294.95001220703125,0.0,,,,0.025765365062330795,,0.0,0.0,,,,12
2026-10-02,FR0011034131,0P0000VH9P.F,EUR,491.5400085449219,491.5400085449219,-0.009171698334085598,-0.02334638041786441,0.012190629478314285,0.04967115791035015,0.10534218343744614,0.09127931631512683,-0.04443576771227731,-0.08317117171309074,-0.004793386682324985,-0.017131887451540595,0.02806688853626005,1252
2026-10-02,FR0011069137,0P0000TV0S.F,EUR,298.2099914550781,298.2099914550781,-0.005900458251968943,-0.00023470338106901245,0.02449500210156952,0.13990294007444315,0.11407837107800557,0.11715236783604732,-0.03883555398547767,-0.10720976035915342,0.0026392921075164555,0.004466365435666031,0.04907475949808604,1215
2026-10-02,FR0011153014,0P0000UUVR.F,EUR,264.739990234375,264.739990234375,-0.013783386132396047,-0.029972236519493434,0.0006047459000293465,0.04109480209267846,0.08757255608938536,0.07491660200895743,-0.04719133486862548,-0.07922510462060839,-0.01669913505342102,-0.02530441641905823,0.02172187688590399,1249
2026-10-02,FR0011169341,0P0000V0BE.F,EUR,610.9099731445312,610.9099731445312,0.0055965553229615495,-0.004091829147327641,-0.0001637233752228573,0.057157139860578576,0.14119410332695295,0.1191488273013692,-0.05687711868348344,-0.1248088989990811,0.004063643586286636,-0.01045032148694347,0.023344015337544155,1251
2026-10-01,FR0011170182,0P0000VOSS.F,EUR,1260.7099609375,1260.7099609375,-0.031236571641689803,-0.053968501145700176,-0.004029117656021763,-0.15237269897324335,0.27412656779159855,0.2815862973533953,-0.11457842692700382,-0.3734400146634508,-0.046162095189914876,-0.04339061384073839,-0.12549440285726365,1193
2026-10-02,FR0011198332,0P0000VG0E.F,EUR,118.61000061035156,118.61000061035156,0.001519887737160719,0.0,0.0027052133937570666,0.009017418384302811,0.00698058391574868,0.004303239780455809,-0.001938765344887683,-0.001938765344887683,0.0010592176193995329,0.0008167937619996124,0.007252717476099013,1250
2026-10-02,FR0011261197,0P00017SX2.F,EUR,3359.070068359375,3359.070068359375,-0.009272923930527921,-0.028381394921843328,0.0006375279682122592,-0.022409321832242313,0.10334197922925609,0.10445940578256505,-0.04791632439583271,-0.09957122066905022,-0.010010786033786134,-0.020399973365560986,-0.025599860343886616,1249
2026-10-02,FR0011271550,0P0000WJFT.F,EUR,304.9100036621094,304.9100036621094,-0.02134418394079518,-0.051041032090803906,-0.039713989001868955,0.0019058821523854075,0.10224148828217086,0.10097726881323639,-0.0819005235890754,-0.1080676260275274,-0.023783473097458874,-0.05094769967184831,-0.02577784510190384,1253
2026-10-02,FR0011288513,0P0000XP79.F,EUR,133.97999572753906,133.97999572753906,-0.001788149984959464,-0.016155067312126903,-0.021329425121473955,-0.010779730416047628,0.030036259331794258,0.02207149051699572,-0.024203485527065638,-0.029187461979047202,-0.005821300841244659,-0.014455857690819807,-0.01654545273638275,1251
2026-10-02,FR0011350685,0P0000XRPO.F,EUR,1316.8399658203125,1316.8399658203125,-0.0006602326331118791,-0.010660964188808353,-0.012908034134227364,-0.0038881183712138334,0.019003625001845034,0.013735429989996025,-0.015971554580839764,-0.01867545607765031,-0.004110370579580969,-0.00939306011635277,-0.008594907347034608,1249
2026-10-02,FR0011363746,0P0000YA5J.F,EUR,200.66000366210935,200.66000366210935,-9.960641021244943e-05,-0.010161787422007018,-0.012451394010030037,0.0004986343474921995,0.03602732410196302,0.02854377170069262,-0.020540895599197362,-0.031872118869212596,-0.001974542274083113,-0.009197958579458265,-0.006441082419683886,1240
2026-10-02,FR0011400712,0P0000Y520.F,EUR,941.3099975585938,941.3099975585938,0.004664114143702269,0.01035788237364299,0.01042295215448985,0.11604994573679828,0.12260529107245667,0.13459796520078918,-0.07302708876997388,-0.12448297538646003,0.01889420486716209,0.009129343157339598,0.04436165319543228,1196
2026-10-02,FR0011550193,ETZ.PA,EUR,20.84000015258789,20.84000015258789,-0.010915972736953883,-0.02753150462836873,-0.01255623764019076,0.03836574337179699,0.11157437150076989,0.08798807789280409,-0.04919538826778014,-0.09410045263958577,-0.010234854171532692,-0.023182990938151238,0.021868932098729532,1291
2026-10-02,FR0011586544,0P000115CR.F,EUR,3348.4599609375,3348.4599609375,0.006262687150603519,0.004964116620543635,0.04596225601819692,0.16851034333280857,0.1134035569199017,0.10648840932973644,-0.03778567595914151,-0.11714410061051672,0.01527508246426823,0.014839523694266887,0.08432972535536631,1254
2026-10-02,FR0011631050,0P00011S1H.F,EUR,219.19000244140625,219.19000244140625,-0.014832140636803715,-0.03834506434090568,-0.023391552053518616,-0.005219179066885737,0.1240342214464093,0.10700461313936618,-0.06622035858934383,-0.1151385532086443,-0.01934772567057297,-0.03727394538748019,-0.03322790063514636,1251
2026-10-02,FR0011694256,0P00014KUO.F,EUR,151.89999389648438,151.89999389648438,-0.030136645178487464,-0.08741365766610465,-0.10720586316326164,-0.10086426126832748,0.12176375227532386,0.11141048628387827,-0.14843093087433812,-0.17317128044157837,-0.044323544697010386,-0.09123653559300604,-0.0987765618592692,1251
2026-10-02,FR0011726835,GTT.PA,EUR,210.0,210.0,-0.0402193918145245,-0.028677137075660775,0.116427395990792,0.08485144871672379,0.22339710956806602,0.2262075166590544,-0.077533066535311,-0.15003473389952182,-0.04004388303859163,0.004467488442368328,0.09181903775838518,1291
2026-10-02,FR0011950732,ELIOR.PA,EUR,1.7899999618530271,1.7899999618530271,-0.01810202589097676,-0.13191080000300637,-0.11122144185711769,-0.297488267850725,0.29195746517575355,0.22358325891310396,-0.17750928358982165,-0.40763051183395593,-0.0534859961516736,-0.11302712649698587,-0.2367094045325966,1291
2026-10-02,FR0012333284,ABVX.PA,EUR,83.5,83.5,0.01953600054104432,-0.14446719973934985,-0.32058585058343136,-0.1908914489418282,0.4559254686105903,0.3624357252498513,-0.337266103035065,-0.4844771430760161,-0.08128180442855182,-0.1571956323269581,-0.18037212142545933,1291
2026-10-02,FR0012355139,0P0001572S.F,EUR,128.25,128.25,0.004385602223249574,-0.018444846124003766,-0.025678073064128837,-0.014068279561000097,0.07883306021831163,0.06411415042571661,-0.04443611776022083,-0.05565120950851987,-0.0014792940927093046,-0.01564227427579279,-0.01998242435040143,1249
2026-10-02,FR0012435121,ELIS.PA,EUR,21.299999237060547,21.299999237060547,-0.040540607880580004,-0.09052095782780523,-0.1718507073986959,-0.18082484736928084,0.3521424462432687,0.26877319725348686,-0.1949347669920357,-0.2560284051549274,-0.044414572347173276,-0.09985296549653166,-0.14503703416039326,1291
2026-10-02,FR0012757854,SPIE.PA,EUR,41.29999923706055,41.29999923706055,-0.04970087190323558,-0.05009941603280266,-0.1342979407870838,-0.1117352097149894,0.2681531680844674,0.23090654717926873,-0.1523797411535872,-0.21585082940225453,-0.04656745055114431,-0.07608502890515578,-0.1182353368660437,1291
2026-10-02,FR0013176526,FR.PA,EUR,14.095000267028809,14.095000267028809,-0.051161177962117055,-0.02926998466502262,0.13715205699733013,0.32988410771071464,0.3768288873166288,0.3552457895865632,-0.10293644910028732,-0.2740685965690174,-0.03650281204521766,-0.028252695070160705,0.12176224473003816,1291
2026-10-02,FR0013202132,0P0001AC1I.F,EUR,115.0500030517578,115.0500030517578,-0.0034646505591829913,-0.013716231917632271,-0.022182564415405448,-0.004929940159866475,0.039323022508568756,0.026700585525098828,-0.022267573219749592,-0.027311290746644623,-0.006124770795712164,-0.013433740435833341,-0.014401874227753186,1243
2026-10-02,FR0013227113,SOI.PA,EUR,170.6999969482422,170.6999969482422,0.19328901297877055,0.33047539273541315,0.7418367035534916,0.9969582387059661,0.9884471361675216,0.9794287811237806,-0.19213484289047866,-0.5504682471501512,0.17388162377555116,0.34274537246221914,0.8385857085798967,1291
2026-10-02,FR0013254331,0P0001BGYT.F,EUR,420.4500122070313,420.4500122070313,-0.004781378577970452,0.0004759362451667304,0.02481298526814779,0.12362705968572407,0.11272248175083366,0.11434427309950058,-0.036921992311737206,-0.11598420067942472,0.0040861031243855095,0.002720699222509504,0.04222249575952075,1213
2026-10-02,FR0013269123,RUI.PA,EUR,34.7599983215332,34.7599983215332,0.005205219229250213,0.029011236756969705,0.10841829225154243,0.08221052957872876,0.252343746366945,0.19355812114282475,-0.044751350766358944,-0.11528145624745234,-0.009855922158530928,0.01570895636326508,0.05838628499817422,1291
2026-10-02,FR0013280286,BIM.PA,EUR,76.75,76.75,-0.012226473430558826,0.03367003367003374,0.09957015249825507,-0.1459508296134815,0.23773628019874715,0.26823400782060713,-0.07805201750923207,-0.4118945926191766,0.03419235304025592,0.03960664393545388,-0.06769749368522449,1291
2026-10-02,FR0013326246,URW.PA,EUR,87.5199966430664,87.5199966430664,-0.045791588767322144,-0.09903235337684357,-0.14614637421398624,-0.1206894014269283,0.1635054389092271,0.13725013093618632,-0.17356000583551412,-0.17356000583551412,-0.053950370149466464,-0.1110298870625187,-0.09289361603328916,887
2026-10-02,FR0013333838,0P0001DXTL.F,EUR,118.05999755859376,118.05999755859376,-0.0010154234749715219,-0.0069812586030422175,0.0022070840415999715,0.02234148014081483,0.019380057231579248,0.02504119275083532,-0.014128092314013574,-0.033081040146226814,-0.0012098027925145916,-0.005304612673817211,0.009815874989504314,1250
2026-10-02,FR0013334380,0P0001DXU9.F,EUR,103.13999938964844,103.13999938964844,-0.006741111064415217,-0.022369674031768372,-0.021349274248321115,0.0591497463410362,0.18845743240308238,0.15590391222564795,-0.07188473531632189,-0.1084672057823034,-0.006999336167676118,-0.025053316710494267,0.01266717170411491,1250
2026-10-02,FR0013342755,0P0001E0HL.F,EUR,187.7700042724609,187.7700042724609,0.009190619887698759,0.00352735642112334,-0.02182747600989532,0.01927045395849669,0.18429612496110218,0.14888448818527503,-0.07626430686469654,-0.11584945799770097,0.01055658284197536,-0.007178202057655847,0.008390113662182008,1251
2026-10-02,FR0013351285,0P0001EPLY.F,EUR,156.86000061035156,156.86000061035156,-0.030531534908723068,-0.04679142599950814,-0.06592027957032232,-0.0018453280139726358,0.06881504527191758,0.06358790468920954,-0.06985293419077165,-0.09545535463958221,-0.029391745449295903,-0.048571031381999585,-0.039583354631531065,1247
2026-09-30,FR0013433067,0P0001ILL4.F,EUR,95.12999725341795,95.12999725341795,-0.03909093683416209,-0.05465567077527855,-0.06358892919915626,-0.025606883850572637,0.1728127718747212,0.2246771464157189,-0.11316681697844033,-0.20466606893546202,-0.015074677558829519,-0.04941296774001547,-0.0839968360007769,1177
2026-10-02,FR0013451333,FDJU.PA,EUR,20.59000015258789,20.59000015258789,-0.026016993989596227,-0.07626741557265804,-0.10594878251447515,-0.14801738708779222,0.1350558312958594,0.14589806820667403,-0.11900687559972067,-0.20586134726568295,-0.049224228265065006,-0.06594204032043749,-0.07874913826159702,1291
2026-10-02,FR0014000MR3,ERF.PA,EUR,74.86000061035156,74.86000061035156,-0.03231644235102904,0.02942793390711862,0.08555686781044902,0.0939661030554968,0.28396339825422023,0.2500800679058335,-0.07004213550513194,-0.20375860905809895,0.00040091790292784424,0.03454948328291274,0.12170017648368203,1291
2026-10-02,FR0014003TT8,DSY.PA,EUR,20.6299991607666,20.6299991607666,-0.02088279736262655,-0.018553819624348544,0.13134074418705866,0.12346424311645698,0.24842907218750082,0.35553875770377485,-0.1264616741878486,-0.47274530078621,-0.005399694697314161,-0.03421223155809816,0.0369591189638514,1291
2026-10-02,FR0014004L86,AM.PA,EUR,282.0,282.0,-0.03622695106768237,0.01658257463852797,-0.017421602787456414,-0.12071087806961256,0.18292090077861473,0.23055943412320937,-0.14044944087776323,-0.20795749519430162,-0.013744613336021727,-0.044909569251029846,-0.07053077222820181,1291
2026-10-02,FR00140081Y1,0P0001P1UF.F,EUR,127.70999908447266,127.70999908447266,-7.831299823735094e-05,-0.004132925654932729,-0.0035889762896486044,0.00400945085272264,0.011383781697869109,0.01223166055774874,-0.0075439509013045525,-0.012880632916910884,-0.0010403459400449844,-0.0032421392817255645,-0.00027359493222722797,1095
2026-10-01,FR0014008NN3,0P0001P5RF.F,EUR,1109.9200439453125,1109.9200439453125,-0.039911433930658324,-0.040575300382600155,0.009651494834073349,-0.04725437405445465,0.22492793500287464,0.19588038349687897,-0.07867511502292757,-0.21793387774801054,-0.039448169432592994,-0.03452588645210253,-0.05437167133354448,1021
2026-10-02,FR001400AJ45,ML.PA,EUR,33.02000045776367,33.02000045776367,-0.02307688748234149,-0.06086460178997832,-0.053054159185232264,0.11038590486401523,0.17807767489410428,0.16978850046606525,-0.06113158439342947,-0.17488391923233015,-0.017115630814837024,-0.034824635540941506,0.04457346305181775,1291
2026-10-02,FR001400C7W0,0P0001Q63A.F,EUR,120.1510009765625,120.1510009765625,-0.001587158993010207,-0.004795844978644603,-0.00355781098007657,0.006079111628660039,0.008642684651483502,0.006498192807377698,-0.005496018304231409,-0.010383330479376118,-0.0022147841913392474,-0.003551515031089636,0.0018602902232478513,950
2026-10-02,FR001400J770,AF.PA,EUR,11.345000267028809,11.345000267028809,-0.030756058011426668,-0.031996586301705654,-0.1489122031536645,0.1571807814973949,0.3179953551287608,0.3484939311175297,-0.15716431200446324,-0.3487062871159111,-0.019277304324816558,-0.041815507469705304,0.005803005372788661,1291
2026-10-02,FR001400KAV4,0P0001RSZC.F,EUR,118.51000213623048,118.51000213623048,-0.0021050858496383107,-0.014387855607741251,-0.017167023249215707,-0.004703095322323048,0.024918687152980904,0.018847067272935867,-0.019529899474326817,-0.023963510996798165,-0.0054506637285733905,-0.012337637834941906,-0.011046537197961781,729
2026-10-02,FR001400L7X7,0P0001S005.F,EUR,1084.4100341796875,1084.4100341796875,-0.0002672785150162893,-0.005812482989055678,-0.005374801880805635,0.00616088268193371,0.013248822331461517,0.009836798233842906,-0.00821875904603675,-0.011346908589593308,-0.0014622274251196998,-0.004453998751434374,-0.0017507128003090289,690
2026-10-02,FR001400MCQ6,0P0001SCG2.F,EUR,110.95999908447266,110.95999908447266,-0.003949752561754116,-0.014739865224872473,-0.01552657274611835,-0.0026067498024929803,0.022909269934500553,0.016330338791746685,-0.01814001427313139,-0.023477096143128984,-0.00640252226176008,-0.012329870001189902,-0.009237956869370234,625
2026-10-02,FR001400TS43,0P0001UK5Q.F,EUR,249.2899932861328,249.2899932861328,-0.008708455855784836,0.026180384481547803,-0.11445424802591353,-0.18396673784671302,0.2956440760962928,0.40425768247295524,-0.18553518231842958,-0.4031498049663377,0.01790695658560182,-0.01765303011794761,-0.12542638569142361,418
2026-10-02,FR001400U4T1,0P0001UJXE.F,EUR,100.26000213623048,100.26000213623048,-0.003973788111727106,-0.020420091539318008,-0.024802990788030943,-0.009255323528076898,0.030557949328580376,0.02326828162485807,-0.02669643668546995,-0.02820583584725478,-0.008695896909247436,-0.01773676205195207,-0.016287918925927625,426
2026-10-01,FR001400Y4C3,0P0001VF8D.F,EUR,102.4990005493164,102.4990005493164,0.0026116899318964215,-0.008512340728018652,-0.015530723489619369,0.000966787323850582,0.02688108548957865,0.019396434803525774,-0.018998010653424435,-0.018998010653424435,-0.0020217737809553604,-0.007949445547465461,-0.006950777397145003,331
2026-10-01,FR0014010443,0P0001X7LU.F,EUR,120.12999725341795,120.12999725341795,-0.008664821332839856,-0.013062799468775643,-0.01742192741366988,0.020645712558891027,0.1311338079076963,0.11185745709812912,-0.06508550861145868,-0.07909845364679069,-0.009130894551657054,-0.022915513465554316,0.023283008544233263,263
2026-10-02,FR00140182K6,WLN.PA,EUR,10.472000122070312,10.472000122070312,-0.1123919457445175,-0.2801759774243767,0.024256665249773768,-0.09879516134208077,0.4083073022991234,0.7292942650079334,-0.2821497183660163,-0.7017656489674762,-0.16561091969975228,-0.16534224865063152,-0.1783582162538374,1291
2026-10-02,IE0000MMQ5M5,XZME.DE,EUR,11.465999603271484,11.465999603271484,0.0,-0.0008714037145431952,0.0346507699143197,0.10483708967791383,0.11274247910372247,0.13365095784370068,-0.034831229676225206,-0.12315044752045123,0.007406596567047341,0.008897555647412903,0.06608892616830464,1143
2026-10-02,IE0002EI5AG0,XDEE.DE,EUR,11.894000053405762,11.894000053405762,-0.004019455210968914,-0.04080641779765504,-0.020586297669678233,0.043699556770736114,0.08451763775566264,0.09187045780510918,-0.06861037817093696,-0.07195734552495425,-0.011830782075884505,-0.031360652081263485,0.01634926568743289,1253
2026-10-02,IE0003UN5CT1,JSEE.L,EUR,31.395000457763672,31.395000457763672,-0.008056845618958808,-0.024318271459427,-0.022647704394908708,0.03298512911324125,0.1207138563874118,0.09813292463954781,-0.049569186207256144,-0.10927735477485356,-0.0066562841466161204,-0.021070583018239164,0.02184169804276248,457
2026-10-02,IE00069JGT58,JSEU.L,USD,38.18492230530124,38.18492230530124,0.010448441445969125,0.0344233868481012,0.04673875077662437,0.17788608505357772,0.13116853648177398,0.13083473330528042,-0.033805521724557974,-0.09540032619128536,0.025447674071871207,0.03111169599281105,0.10849517118284813,797
2026-10-02,IE0006YM7D84,XZHY.L,USD,33.81375694522005,33.81375694522005,0.005770942790914058,0.008132723525591024,-0.008478975684693468,0.030156220228486852,0.07872349303650021,0.06628854834888011,-0.024689854285575796,-0.03299643726822499,0.00666736675084989,0.004408558089483261,0.018334754862402436,1074
2026-10-02,IE000ANHU3J3,JSEM.SW,USD,37.3560240015276,37.3560240015276,0.01175054660833208,0.035982682508895136,0.02546595121646722,0.19531761068041997,0.24847000783423845,0.23505698928654814,-0.08255381152159003,-0.13277301158653176,0.026419531089870274,0.04836127697992021,0.13125261991952475,395
2026-10-02,IE000I8KRLL9,SEMI.AS,USD,19.711356898425844,19.711356898425844,0.052442914815873376,0.16279337552996642,0.03474718404268784,0.5320167478527076,0.3886977213259514,0.44619567144962663,-0.19984215509692194,-0.28230899511903307,0.09915635342722329,0.1409106038667598,0.32550492411812737,1291
2026-10-02,IE000R85HL30,WEBD.DE,EUR,127.87999725341795,127.87999725341795,0.025336722272179424,-0.09708400166173525,-0.07454042530260296,0.013055286818195233,0.5281269122869808,0.3217927560720829,-0.18689110265098707,-0.18689110265098707,0.031074108868143213,-0.05048866055647938,-0.020921356995371676,1283
2026-10-02,IE000RDRMSD1,BLKC.AS,USD,15.536194830045694,15.536194830045694,-0.034989471911310854,-0.00154891849690586,0.017246720590669007,0.1012572645967924,0.42967257130354697,0.48847047957422585,-0.12479567170263195,-0.4311174525246234,-0.010556593858097152,0.0346697941192331,0.05419722400811411,1027
2026-10-02,IE000U58J0M1,INRA.AS,USD,22.486504174072746,22.486504174072746,0.013007203483830887,0.0013906014673670253,-0.09376405961940948,-0.0720954810675799,0.2942486724914549,0.256947301369218,-0.12348955520336957,-0.26848004196481356,-0.0002042894284368657,-0.005990986711060353,-0.06266163214610354,1178
2026-10-02,IE000UX5WPU4,XYPL.DE,EUR,9.817399978637695,9.817399978637695,0.0072020648332595805,-0.01538496559874536,-0.02484232758482685,-0.016982124647242247,0.045076223813969016,0.03607800301373678,-0.03239188740138765,-0.04029930153085548,-0.0025177432792530263,-0.013125297698176164,-0.01850110762519319,1097
2026-10-02,IE000VA628D5,SP20.AS,USD,6.18674405795191,6.18674405795191,0.012116456744678095,0.06485192879567059,0.07795730030304915,0.17649386714513993,0.15189636339258952,0.16928023717917481,-0.044330093330838816,-0.1284309111272145,0.03616443261897695,0.058768690580869754,0.13069697344047948,478
2026-10-05,IE0030351732,WYZ1.F,EUR,53.74599838256836,53.74599838256836,0.0008751944945719625,,,,0.17409244296869303,,-0.03674082391942335,-0.03674082391942335,,,,12
2026-10-02,IE00B3ZW0K18,IUSE.L,EUR,158.3699951171875,158.3699951171875,-6.320094277312283e-05,0.0012011787217343084,0.024253008138810594,0.10694056762223125,0.11118232647091794,0.11339821171446521,-0.026802918883324978,-0.08666481270306314,0.006456742486228961,0.007299817419740728,0.06286500697437658,1272
2026-10-02,IE00B4L5Y983,IWDA.L,USD,130.20606870821928,130.20606870821928,0.008428992133508784,0.02240324619372469,0.03480339428670476,0.13753757594795823,0.13295050820110932,0.12174471462951307,-0.0314395943389254,-0.06426178066922439,0.01924157786083569,0.02272247151725404,0.09030910283420712,1272
2026-10-02,IE00B6R51Z18,IOGP.L,USD,30.31593421090835,30.31593421090835,-0.002214826407903936,-0.02564076595909559,0.09457857793025437,0.05745096732598953,0.22789162220949596,0.2475016627517703,-0.08562153816997653,-0.1893189566400566,-0.020591953577537847,-0.005455504605752948,0.07220818076528235,1272
2026-10-02,IE00B6R52143,ISAG.L,USD,49.05838996993345,49.05838996993345,-0.005193798757154755,-0.05175146532361319,0.013560807188984558,-0.030459592989212636,0.12064797308790555,0.14984727487595864,-0.07721369534247513,-0.0928890168616453,-0.026683455493684782,-0.0142609705443687,0.0072985807779564205,1272
2026-10-02,IE00BDQYWQ65,TIP5.L,USD,4.316942999021094,4.316942999021094,0.012849226235275513,0.02498753003658405,0.007834722873925504,0.037882597358333436,0.04142653717529582,0.046008458135651034,-0.023758590358265108,-0.0393317021918399,0.01669811989328962,0.018037797698122526,0.02720369670663847,1272
2026-10-02,IE00BF4G6Z54,JREM.L,USD,46.1161331286652,46.1161331286652,0.0034112110850885724,0.01256201400685164,0.019777362058867265,0.15193521786668684,0.21576145928359206,0.22180497575792713,-0.08317521735587285,-0.13277031521209293,0.015465050503424393,0.0345089915329162,0.10913990705423271,1271
2026-10-02,IE00BFMNHK08,XZEU.DE,EUR,36.625,36.625,-0.004078899242828005,-0.022159973047084947,-0.00866151569813245,0.07609813909797403,0.11774383364961699,0.09261439337831605,-0.04838921969104015,-0.10329516595899846,-0.001676365342842323,-0.016361303775419334,0.0419504149761587,1282
2026-10-02,IE00BG0J4B71,EH1Y.DE,EUR,4.714399814605713,4.714399814605713,-0.006218514035883582,-0.021502704155688446,-0.025574448377679415,-0.006459292399124128,0.04291739424078718,0.03428518150624412,-0.028129774050570933,-0.03306860401077327,-0.009990637089983934,-0.017695432261151667,-0.012576811924872922,1145
2026-10-02,IE00BG0J4C88,LOCK.L,USD,11.850814649383612,11.850814649383612,0.031190142461708703,0.10597899190520921,0.11206480105311534,0.3947057404886185,0.24130320733483032,0.24443731956809037,-0.06918210405872405,-0.12423833383261185,0.0566009815833175,0.08389440399262704,0.24027131107764266,1272
2026-10-02,IE00BG370F43,XZEM.L,USD,60.72075706580838,60.72075706580838,0.007774828631708086,0.023007833991494975,0.006903584391271478,0.05361459399432755,0.19434760815976723,0.20859170815952158,-0.08180541545851416,-0.13248037332383544,0.018869146058330344,0.03687859518342207,0.05034656891764855,1272
2026-10-02,IE00BHZPJ015,EDM4.DE,EUR,10.3100004196167,10.3100004196167,-0.007890663701148326,-0.015845686826676864,-0.007699703663385127,0.057978505971547634,0.13144910223703457,0.11067342512443996,-0.053667599266246535,-0.10782747063876086,-0.005191105725869671,-0.017290320462837627,0.03304961063157896,1285
2026-10-02,IE00BHZPJ239,EDM2.SW,USD,8.557440204402512,8.557440204402512,0.010235064057984244,0.032353920098284084,0.03392881793810454,0.15375542968810452,0.21782266497004463,0.22066221835723365,-0.07918007696076579,-0.1345260918002107,0.02515458540258697,0.044521152518678386,0.11523402716095754,1267
2026-10-02,IE00BJ5JPH63,3SUD.DE,EUR,5.04580020904541,5.04580020904541,-0.013490218116549157,-0.0399557765678773,-0.049361244990797526,-0.04105051711885166,0.06476906441089055,0.054497042900287604,-0.05373217756152204,-0.05996626709503183,-0.022728332803383378,-0.03407329211762711,-0.039280583824292226,1285
2026-10-02,IE00BJZ2DC62,XRMU.L,USD,60.01852524926709,60.01852524926709,0.01161407235627454,0.038022153546522386,0.04462360158371492,0.1776418871969272,0.1327932640286195,0.13499849000534914,-0.033469853884432466,-0.08608559168927943,0.02757583104709549,0.035226978267352216,0.11029729689236323,1272
2026-10-02,IE00BJZ2DD79,XRSU.L,USD,373.6357753564509,373.6357753564509,0.01181056731341279,-0.013520005398802493,-0.03657487666845127,0.09799911864937272,0.1666894685326225,0.14584494264623146,-0.07449764261992065,-0.09191930547627514,0.00725480793435862,-0.013401450989590113,0.05220349594916884,1272
2026-10-02,IE00BKBF6H24,IWLE.DE,EUR,10.85099983215332,10.85099983215332,-0.0015183319585093669,-0.005316762532393771,0.014729684957595746,0.08009062127173538,0.11024882027385885,0.10054919050194684,-0.029517160170236978,-0.07851649475827649,0.0033333297913920035,0.0011615926164052492,0.05510544661340733,1285
2026-10-02,IE00BL25JL35,XDEQ.SW,USD,81.14768212917024,81.14768212917024,0.01372126010494723,0.026779800430042355,0.033638996893360806,0.13435758660993535,0.09230274149979606,0.10145250837325022,-0.039215467351097044,-0.0645891391851322,0.02615093602844598,0.025779503301538664,0.08911624870576396,1267
2026-10-02,IE00BL25JM42,XDEV.SW,USD,74.55204573116264,74.55204573116264,-0.0048659166500977236,0.006051463140116509,0.04267131222311815,0.2762073613911207,0.15561478226526407,0.14101935828393253,-0.03157630572934933,-0.05770898221228993,0.006683004255058522,0.02226262524180944,0.15859195590212694,1257
2026-10-02,IE00BL25JN58,XDEB.DE,EUR,45.09000015258789,45.09000015258789,0.006473234831831043,-0.0034257660063208295,0.024423509663668685,0.06507620474062303,0.06918069588961559,0.08737050386613779,-0.024500063829753338,-0.053087219156055854,0.005065447553049829,0.0015370702930468383,0.041114681663205754,1284
2026-10-02,IE00BL25JP72,XDEM.SW,USD,89.61889807700825,89.61889807700825,0.021316878901134872,0.06686793620586129,0.03239217721775378,0.19487059172334598,0.18200263846204373,0.21521913499087003,-0.08598625480094368,-0.12784451494966353,0.04097753489392386,0.05838840358273578,0.1377865279032775,1257
2026-10-02,IE00BM67HK77,XDWH.L,USD,53.85845134494132,53.85845134494132,-0.013997118899597538,-0.009516150646459054,0.014468353090095087,0.10331165373979223,0.14378300355152138,0.15606987447686632,-0.05875719335444407,-0.10318579402849182,0.0009564426687003191,-0.0012290774469388976,0.059719580555078755,1272
2026-10-02,IE00BM67HM91,XDW0.L,USD,67.05861843077075,67.05861843077075,0.006851621554338827,0.013225855076993698,0.13963175618085177,0.13228622884304597,0.1618278671683451,0.1981219897508302,-0.05429453431446529,-0.15272657622424402,0.0006137427059551559,0.02609713234121691,0.1312677861820417,1272
2026-10-02,IE00BM97MR69,XT0D.L,USD,56.81848659318479,56.81848659318479,0.012498146003330657,0.03607204832705002,0.023713623152578744,0.06369008980935087,0.03775754087324513,0.043591204728685155,-0.0240998227837117,-0.035956034609163745,0.020610196240394396,0.027408949399186033,0.046150835746538554,1272
2026-10-02,IE00BMDFDY08,UEEF.DE,EUR,5.650400161743164,5.650400161743164,-0.002823625958508824,-0.02525530833804468,-0.02171128872588679,-0.017184948825349267,0.06631470395585047,0.048173157069537134,-0.036452485144036206,-0.036452485144036206,-0.01160103118646072,-0.018858100683965318,-0.016823112505346738,1285
2026-10-02,IE00BMG6Z448,EXCH.AS,USD,8.549440260352105,8.549440260352105,0.011494554304043891,0.03709120889921036,0.04077106522644813,0.2126370450447186,0.27014661269514373,0.2755198161994855,-0.11316628814460838,-0.17728773058573388,0.027556858299504272,0.059967329107286194,0.1557977459046147,1291
2026-10-02,IE00BQ3D6V05,0P000166SB,USD,81.947693488633,81.947693488633,0.021024819227368763,0.07140412849219602,0.01639817015306133,0.2353393403197641,0.11961669576951432,0.19959519267090273,-0.09062458852934518,-0.12341477579416804,0.03688949139784525,0.04834218698090953,0.11981401709922967,1212
2026-10-02,IE00BYVQ9F29,NQSE.DE,EUR,17.851999282836914,17.851999282836914,0.009728448794810385,0.046056445493874776,0.03429890186006279,0.16163451635779813,0.16406587543123397,0.17962551301250715,-0.07844728120495814,-0.11870130610035734,0.031472239130097446,0.04532877041286443,0.1116902058588678,1285
2026-10-02,IE00BYZK4552,RBOT.L,USD,20.12914098513245,20.12914098513245,0.03962376148621227,0.09569554806593494,0.09876197456503522,0.3622601664040823,0.2452877216249667,0.2580060062846173,-0.07714870408643226,-0.1270730588029788,0.07640008230345452,0.09046322661718453,0.2317244662471296,1272
2026-10-02,IE00BZ02LR44,XZW0.L,USD,50.68507860387964,50.68507860387964,0.010060770279409326,0.022433787888253676,0.05288204691439713,0.16164672422495086,0.13952906113130523,0.14302962446129616,-0.03517718499463052,-0.10518426628150501,0.02217528166316618,0.027959326725100597,0.0979679306195802,1272
2026-10-02,IE00BZ036J45,XDGE.DE,EUR,9.583600044250488,9.583600044250488,-0.005024909196976957,-0.03001966865122785,-0.04207301844526001,-0.053550851449195025,0.05950841279176541,0.05273711428473641,-0.04705451703237762,-0.07225724865496508,-0.015396365323383288,-0.026401555420983436,-0.04531116589576656,1285
2026-10-02,IE00BZ163G84,VECP.AS,EUR,46.83000183105469,46.83000183105469,0.004289100543817259,-0.011007554355615179,-0.019795944325398662,-0.012606193742170091,0.035280641333078074,0.02718733871875645,-0.02544735439129464,-0.03007659148121422,-0.0012229770970387799,-0.00968351603543327,-0.013536170583086427,1290
2026-10-02,IT0000072618,ISP.MI,EUR,6.328000068664551,6.328000068664551,-0.06776665157759476,-0.060570069577449814,0.011024164575028195,0.13981712976860328,0.2265655711621414,0.18989219588250655,-0.08515248862539637,-0.18962136424504183,-0.05408939334782148,-0.059069826374626544,0.06768240052706287,1281
2026-10-02,IT0003128367,ENEL.MI,EUR,8.798999786376953,8.798999786376953,-0.012790342092271367,-0.029450716833624768,-0.10771763962698355,-0.06869866707634253,0.19574522141855266,0.1747114272721504,-0.1369971620497238,-0.1369971620497238,-0.006683100292464439,-0.05512675779284215,-0.056370054035466355,1281
2026-10-02,IT0003132476,ENI.MI,EUR,24.190000534057617,24.190000534057617,0.004151115850407505,0.06027365995739675,0.17879150171443747,0.057463613573726535,0.19212657466566188,0.27763737945881795,-0.07494912450458358,-0.18371762343297826,0.013839647146022926,0.030107705428189746,0.14510471585290663,1281
2026-10-02,IT0003242622,TRN.MI,EUR,9.154000282287598,9.154000282287598,-0.0021800201171850997,-0.030296537161931814,-0.10649093367090334,-0.07603356890374324,0.1747036121646754,0.1568913315802856,-0.13442623614171878,-0.13442623614171878,-0.008781691113802448,-0.04776763070111767,-0.047829464060913485,1281
2026-10-05,LU0029874905,TEP6.F,EUR,72.73899841308594,72.73899841308594,0.050731667857100815,,,,0.23259592978469293,,-0.02363170189880326,-0.02363170189880326,,,,12
2026-10-05,LU0048574536,FPGK.MU,EUR,60.61100006103516,60.61100006103516,-0.005153864258637175,,,,0.0379123946376472,,-0.015543800677113584,-0.015543800677113584,,,,12
2026-10-05,LU0050427557,FJRC.F,EUR,36.38999938964844,36.38999938964844,0.07599052980528342,,,,0.39924196810654045,,-0.03541801664949307,-0.03541801664949307,,,,12
2026-10-05,LU0052474979,JPJX.F,EUR,175.9250030517578,175.9250030517578,0.03593760880474384,,,,0.19149474210259168,,-0.025892593144885345,-0.025892593144885345,,,,12
2026-10-05,LU0053696224,JPJW.F,EUR,60.7130012512207,60.7130012512207,0.03743894460345354,,,,0.21067907464519903,,-0.026301934376576797,-0.026301934376576797,,,,12
2026-10-05,LU0055114457,FPGL.F,EUR,15.944000244140623,15.944000244140623,-0.00956636431236646,,,,0.15322580728370752,,-0.059549278576264686,-0.059549278576264686,,,,12
2026-10-05,LU0058908533,JPJV.F,EUR,91.96700286865234,91.96700286865234,0.000478730560596885,,,,0.17333994951073653,,-0.04001178913472303,-0.04001178913472303,,,,12
2026-10-05,LU0070212591,IH5Y.MU,EUR,2479.405029296875,2479.405029296875,-0.0007838750207849188,,,,0.006094882533682464,,-0.0007842682730768713,-0.0007842682730768713,,,,12
2026-10-05,LU0073232471,MSJ6.F,EUR,219.1179962158203,219.1179962158203,0.03091551156252792,,,,0.26224854522403146,,-0.034247322862720475,-0.034247322862720475,,,,12
2026-10-02,LU0088087324,SESG.PA,EUR,4.164000034332275,4.164000034332275,-0.06803937001571492,-0.1277754738306902,-0.4595716968768744,-0.3529137418245768,0.4002242817771219,0.47904694426982464,-0.4595716968768744,-0.578755696720576,-0.09866227142770856,-0.1778062932057587,-0.3476852521337461,1291
2026-10-05,LU0090841262,0P00000DWT,USD,78.54605170895104,78.54605170895104,-0.020821676570578984,-0.08159064124120297,0.16468450721626304,-0.07976214603475373,0.2897859259565278,0.4167793700415635,-0.12582951694431388,-0.35059423030144754,-0.048804659979291065,-0.01904835795114701,-0.002952839200601076,1019
2026-10-05,LU0099161993,C5Q1.F,EUR,332.2850036621094,332.2850036621094,-0.0062712255302053155,,,,0.10541236175822896,,-0.015857386028741538,-0.015857386028741538,,,,12
2026-10-05,LU0099574567,FJ2P.F,EUR,98.1999969482422,98.1999969482422,0.020577797780291895,,,,0.1800877864879329,,-0.014109108664772774,-0.014109108664772774,,,,12
2026-10-05,LU0107398884,JPJF.F,EUR,26.315000534057617,26.315000534057617,-0.026632118269585003,,,,0.11655945997616891,,-0.0423432652592407,-0.0423432652592407,,,,12
2026-10-05,LU0113257694,ZPJS.F,EUR,24.246999740600582,24.246999740600582,0.0030197714432329548,,,,0.035708568143636654,,-0.009802326336384115,-0.009802326336384115,,,,12
2026-10-05,LU0114722498,FJRQ.F,EUR,75.91100311279297,75.91100311279297,-0.008723008224371331,,,,0.08341961984201074,,-0.026696690355944463,-0.026696690355944463,,,,12
2026-10-05,LU0119750205,IUGL.F,EUR,31.089000701904297,31.089000701904297,-0.012734171868164057,,,,0.09058582232449947,,-0.027825820480744223,-0.027825820480744223,,,,12
2026-10-01,LU0131510165,0P00001UFS.F,EUR,886.0900268554688,886.0900268554688,-0.024129926370629162,-0.055119538512845234,-0.05298872140846289,0.009777685717950346,0.10144078464289577,0.10042661227053555,-0.07592110323482704,-0.07983177414353115,-0.02928125679698579,-0.049857648211038774,-0.03221561530954897,1087
2026-10-02,LU0138007074,0P000026CA.F,EUR,9359.91015625,9359.91015625,-0.002634065154532461,-0.032678440388129726,-0.05012268712301049,0.045084236017209234,0.16679002563149645,0.1725146768488753,-0.09038874185237777,-0.18821294351051976,-0.000272927409632584,-0.02387846417402395,-0.03325384114696195,1087
2026-10-02,LU0141799501,0P000013Y8.F,EUR,40.09090042114258,40.09090042114258,-0.010743594102483489,-0.02262375057647459,-0.024545203099301638,-0.0056179578605851654,0.03106191634931203,0.021811558388657518,-0.027245683291759026,-0.02912220284095368,-0.013787346341461504,-0.020332576073311404,-0.01492313897316111,1081
2026-10-05,LU0147396450,0P00000SKL,USD,77.48869886185737,77.48869886185737,0.012942860512640708,0.016542030163300137,0.010792617774849633,0.09180499176864543,0.09501198006016603,0.08735679539440773,-0.02794189737695174,-0.05847591595879342,0.01493906722945959,0.015858124096644,0.05284472286523778,1007
2026-10-02,LU0147409709,0P00000LM2,USD,64.40969343649816,64.40969343649816,0.015594058896664098,0.00968720833690262,0.053824745612797154,-0.015670006363763256,0.25705122653380535,0.22654515278992982,-0.08322682207633625,-0.1619830152579782,0.006021145830436669,0.029612011037204233,0.015723363822312875,1016
2026-10-05,LU0154236920,0P00000S3T,USD,81.43377414840553,81.43377414840553,0.024041179720560857,0.03788525262122322,0.01576952895755257,0.18045760317949422,0.15287629208623382,0.15644600502439665,-0.05760712843206328,-0.07975715410368611,0.027760583264288208,0.0343548479493776,0.10378153347422892,1017
2026-10-05,LU0173614495,FJRH.F,EUR,58.20899963378906,58.20899963378906,0.012471283773808572,,,,0.24431546561009773,,-0.028788400803904657,-0.028788400803904657,,,,12
2026-10-05,LU0202403266,FJ2E.HM,EUR,549.9509887695312,549.9509887695312,0.004086037801449338,,,,0.13376425409249162,,-0.01854672404959934,-0.01854672404959934,,,,12
2026-10-05,LU0227384020,XE67.F,EUR,17.768999099731445,17.768999099731445,0.006343065885032084,,,,0.07815373971571998,,-0.010616142300232778,-0.010616142300232778,,,,12
2026-10-05,LU0231205187,TESU.F,EUR,60.75899887084961,60.75899887084961,-0.007773360574140131,,,,0.10528931810659914,,-0.02958645580591801,-0.02958645580591801,,,,12
2026-10-05,LU0246036288,0P000026OM.F,EUR,300.78759765625,300.78759765625,0.00027766862279610116,-0.00702472865276671,0.0017478382735824916,0.030492245176282573,0.11553135773240622,0.09993864680358294,-0.053226897145107865,-0.11572868599376362,0.0056444378123921,-0.009437824170610787,0.025578840777154666,1117
2026-10-05,LU0248178732,0P00002A0A.F,EUR,507.193603515625,507.193603515625,0.02534071714475683,0.018887001075673426,0.0027927222087635872,0.10290049134978307,0.10080796739497545,0.12023346536572482,-0.07194186720603224,-0.07648822010872047,0.027335249166591025,0.007157532248430742,0.06829941838421516,1084
2026-10-05,LU0260869739,FLX6.MU,EUR,37.17699813842773,37.17699813842773,0.029833786975883347,,,,0.10944283027509567,,0.0,0.0,,,,12
2026-10-05,LU0261952419,FJR3.F,EUR,39.61000061035156,39.61000061035156,-0.010046996321637303,,,,0.08411155496459001,,-0.015832799208103987,-0.015832799208103987,,,,12
2026-10-02,LU0261953904,IPGU.MU,EUR,31.825000762939453,31.825000762939453,0.0,0.005211652442279835,-0.002288543249808095,0.02943554327876652,0.01849953099018808,0.014125157635281705,-0.007461309937927263,-0.018100128537090643,0.0018179200160584053,0.0024095871690004156,,194
2026-10-05,LU0266009793,XRUG.MU,EUR,135.61900329589844,135.61900329589844,-0.005601814992980514,,,,0.030405955685363407,,-0.01143686185128212,-0.01143686185128212,,,,12
2026-10-02,LU0266012235,0P00006CAL.F,EUR,164.47000122070312,164.47000122070312,-0.010289995970900856,-0.04249870681832535,-0.07538792047450127,0.0015833048913331815,0.08380104142162163,0.09719253461235126,-0.09928808475797424,-0.09928808475797424,-0.01846750177366363,-0.04810134196414484,-0.025038544692587594,1088
2026-10-02,LU0274211480,DBXD.DE,EUR,235.5,235.5,-0.00737618545837726,-0.03126287911436498,0.006625360427342519,0.042035398230088505,0.12813193431511596,0.11228658102262018,-0.06092396906058184,-0.12282175414505347,-0.009401223416184434,-0.023538731782805078,0.014230449421199998,1285
2026-10-05,LU0278272843,TGD0.MU,EUR,61.14300155639648,61.14300155639648,0.0014905886906830812,,,,0.08312983729704553,,-0.010646624696997509,-0.010646624696997509,,,,12
2026-10-05,LU0278937759,AEF5.F,EUR,35.38199996948242,35.38199996948242,0.04575280346540578,,,,0.18014693802549675,,-0.011048817574366931,-0.011048817574366931,,,,12
2026-10-05,LU0280435388,P3IA.F,EUR,232.7539978027344,232.7539978027344,0.05223327763967234,,,,0.16612525151691762,,-0.012331635359758786,-0.012331635359758786,,,,12
2026-10-05,LU0284394235,5L42.F,EUR,194.45599365234372,194.45599365234372,0.0008337226028354294,,,,0.08350110768532723,,-0.010224270041426897,-0.010224270041426897,,,,12
2026-10-05,LU0289089384,JP5D.F,EUR,38.49599838256836,38.49599838256836,-0.010105725449697789,,,,0.10872205044338898,,-0.023415142924872456,-0.023415142924872456,,,,12
2026-10-02,LU0290356871,DBXP.DE,EUR,173.74000549316406,173.74000549316406,0.0026547017376949977,-0.002296967370427949,-0.0031555901896549443,0.0010082853645387857,0.01648000818088879,0.013064672695960957,-0.007166403773139596,-0.01239343130496584,0.0015059762760183393,-0.001046990154399241,-0.000636144489638446,1285
2026-10-02,LU0290357259,0MUJ.IL,EUR,242.3500061035156,242.3500061035156,-0.004313836562441997,,,,0.0551287643387761,,-0.01818738487304261,-0.01818738487304261,,,,16
2026-10-02,LU0290357846,DBXG.DE,EUR,231.47000122070312,231.47000122070312,0.0002592695114485011,-0.03170885477635199,-0.06957953872308753,-0.06657792883009728,0.13451368024291835,0.10446458261832572,-0.0889541160519296,-0.134956736579534,-0.008865694208536778,-0.03321573771077213,-0.06830247669151013,1285
2026-10-02,LU0290357929,XGIN.DE,EUR,212.7700042724609,212.7700042724609,-0.002858752443494428,-0.02111702394645687,-0.024930123614998134,-0.026268776617426104,0.03578265896998789,0.035031783333340644,-0.028482466716863275,-0.04792673151720628,-0.009086199788748694,-0.01611613094498554,-0.025637392070284037,1285
2026-10-02,LU0290358497,XEON.DE,EUR,150.38600158691406,150.38600158691406,0.0004058183263617732,0.0018386581536224966,0.005213686380618698,0.009925570009124973,0.0012119827686123859,0.001315855197736733,-0.00011318309784169589,-0.00028315894672692465,0.0009324770920100534,0.002242600999735611,0.008308162746294645,1285
2026-10-02,LU0292096186,XGSD.DE,EUR,38.209999084472656,38.209999084472656,-0.011895503135608276,-0.032168198391314684,0.029962787129837798,0.08081381384168074,0.09029652519640938,0.08143885624880247,-0.033941240327379885,-0.03695373235385879,-0.016549579066667874,-0.01902012813887133,0.06163282669428738,1285
2026-10-02,LU0292097747,XASX.L,GBP,580.4388762460795,580.4388762460795,-0.012783372065603427,-0.0426489305280241,-0.0075896668561590275,0.018279400775253585,0.13810525157618123,0.12142258539966877,-0.06465785014607517,-0.11277113453442278,-0.018084406010690057,-0.034928124173230435,0.007561988645121032,1272
2026-10-02,LU0292103222,DXSE.DE,EUR,217.6000061035156,217.6000061035156,-0.024871108871924785,-0.04978163273573977,-0.057396576346887995,-0.0266159555670622,0.16132493067079237,0.15908887412935618,-0.08951461788163362,-0.12667634179434772,-0.018648365139314005,-0.04235044276476496,-0.040919562027815104,1285
2026-10-02,LU0292105359,DXSK.DE,EUR,134.27999877929688,134.27999877929688,-0.01956781398360552,-0.036175770025571485,-0.06307569134064828,0.010231723059632936,0.1584666066656256,0.16713461977305927,-0.09250748906460371,-0.16959672496210454,-0.02052606760728548,-0.04123243925551878,-0.03574937697301017,1285
2026-10-02,LU0304955437,0P00009UZB.F,EUR,652.489990234375,652.489990234375,0.009874487358899176,-0.0029644155419499274,-0.03179901652899675,0.08674075951317861,0.17308176199029746,0.1708525555413655,-0.08999620876453229,-0.1709681485622948,0.018243591820372274,0.0002753116041125381,0.005720114315076907,1084
2026-10-05,LU0329355670,FHQV.F,EUR,426.0759887695313,426.0759887695313,0.027828388061026832,,,,0.18880482771342155,,-0.02135821290936435,-0.02135821290936435,,,,12
2026-10-05,LU0352312184,ALW3.F,EUR,260.6809997558594,260.6809997558594,0.00733045010079203,,,,0.0833253519730338,,-0.01610441567353138,-0.01610441567353138,,,,12
2026-10-05,LU0386882277,PBFH.MU,EUR,423.1000061035156,423.1000061035156,0.012935250321562064,,,,0.06975196307283885,,0.0,0.0,,,,12
2026-10-05,LU0390135415,FT94.F,EUR,96.76499938964844,96.76499938964844,0.02088933534884241,,,,0.1582646758297091,,-0.015523535833662505,-0.015523535833662505,,,,12
2026-10-02,LU0392098371,0P0000JND6.F,EUR,151.32000732421875,151.32000732421875,0.004714206964941736,-0.01746631568445245,-0.027818739107341672,-0.015164247737200487,0.05670440878001374,0.039290278461601456,-0.03812145616632312,-0.03812145616632312,-0.0020279539625196463,-0.015690876655535146,-0.019518859975133918,1121
2026-10-02,LU0413543058,0P0000JC7Q.F,EUR,65.05999755859375,65.05999755859375,0.026992882804428353,0.03237062973678162,0.02553592318652309,0.12931777242341402,0.22316632492921618,0.24265072865513818,-0.09311808051660309,-0.1483880728068636,0.031225201954558024,0.05054429247435843,0.09634096746579712,1151
2026-10-02,LU0478205379,D5BG.DE,EUR,160.3800048828125,160.3800048828125,0.0022184721129110407,-0.011555883908506925,-0.02111811238046246,-0.013440762315254706,0.03780497960826799,0.030833587264222185,-0.02545164954926782,-0.02992194790383662,-0.0017598687990743045,-0.010466639573304293,-0.014477253279185365,1285
2026-10-02,LU0496786574,LYPS.DE,EUR,70.76200103759766,70.76200103759766,0.01215811939229372,0.033897309390547026,0.03960860151271972,0.1520252878955588,0.08712268403866057,0.10352587568921044,-0.031373690344112415,-0.07117796160306766,0.024562178708164684,0.03155876241158406,0.10284556371763265,1285
2026-10-02,LU0514695690,LU0514695690-USD.LU,USD,15.68019551839523,15.68019551839523,0.013112254927832634,-0.011202727110078525,0.0009940876982037494,-0.033705759532268065,0.18261118080139008,0.15970990422167544,-0.05969434439344401,-0.20339320201876643,-0.002169616117559725,-0.010045600888421324,-0.041242946083470566,1315
2026-10-02,LU0533033667,TNOW.MI,EUR,1307.5,1307.5,0.032731418328036055,0.09283446695823083,0.10725327267015339,0.3300712704933402,0.16516726154851044,0.2045342365837066,-0.06477536674074169,-0.15633227391759896,0.06141643626496318,0.09077810063281366,0.22443488833543768,1281
2026-10-05,LU0568621618,LU0568621618-USD.LU,USD,116.886121760882,116.886121760882,0.011660434099474815,0.034533669162439606,0.021317035970315867,0.06299074273282024,0.038747061265740755,0.045183988458985996,-0.02485952922150525,-0.036101772405168986,0.01843169527064248,0.027073492673260313,0.045600500466185245,1082
2026-10-01,LU0571100824,0P0000ZJKU.F,EUR,186.82000732421875,186.82000732421875,0.004678732940333052,-0.0053771734919344505,-0.036761999155515146,0.04380384279712768,0.0728754489112038,0.0682352277659939,-0.049703529473223096,-0.05433553960763737,0.0012622054130797533,-0.00990724650033925,0.01595640628966355,1071
2026-10-02,LU0616241476,LU0616241476.LU,EUR,127.33999633789062,127.33999633789062,0.0007859043995597226,-0.02091343435154014,-0.034864377886899445,-0.027196315695850903,0.05201007503443919,0.040298524128848615,-0.03937309221821428,-0.05959529091455673,-0.005307816474823923,-0.019067135461612428,-0.03255977894941409,1131
2026-10-05,LU0616856935,FP7X.F,EUR,213.8070068359375,213.8070068359375,0.11938498301356826,,,,0.4086332625174356,,-0.03851045224174454,-0.03851045224174454,,,,12
2026-10-02,LU0641745681,0P0000V07V.F,EUR,120.91999816894533,120.91999816894533,0.0006620476123733177,0.001656701012424211,-0.021366133391161002,-0.01546980565542988,0.06576412816791553,0.06161961637636087,-0.03326319756847318,-0.09149679928668508,-0.0013338294856741761,-0.0023645718579854424,-0.01628556370905232,1117
2026-10-05,LU0702159772,FJR9.MU,EUR,41.86399841308594,41.86399841308594,-0.0017883298221939015,,,,0.04451679285028359,,-0.00979419352791,-0.00979419352791,,,,12
2026-10-02,LU0740858229,0P0000VOBL.F,EUR,174.27999877929688,174.27999877929688,-0.0033169497256673175,-0.01319292125588789,-0.007234430363903255,0.02493534262865582,0.055409154213053695,0.04997075943935207,-0.02888654493120857,-0.04437875007878134,-0.006218267293956026,-0.011103246000265021,0.009929207600378076,1020
2026-10-05,LU0772926084,O7Z0.MU,EUR,145.58599853515625,145.58599853515625,-0.009187714793494006,,,,0.035956130804923776,,-0.009187714793494006,-0.009187714793494006,,,,12
2026-10-02,LU0823410724,9XQ0.MU,EUR,615.7479858398438,615.7479858398438,-0.002838846883149504,-0.03146207496682063,-0.042971996129546386,0.09069204850309531,0.0511444961430413,0.05931088292335427,-0.0600171329242104,-0.07647265690006522,-0.009554718665248041,-0.03090150266162306,0.03379541393997232,202
2026-10-05,LU0823425839,ZSRD.F,EUR,181.08799743652344,181.08799743652344,0.0024967423328461358,,,,0.209620624029347,,-0.037130542946548384,-0.037130542946548384,,,,12
2026-10-02,LU0839027447,XDJP.DE,EUR,40.59000015258789,40.59000015258789,0.06479541683924706,0.08674703643459925,0.05379612414609003,0.24732755506133342,0.23407329866866597,0.2558190602897741,-0.1113980434045646,-0.1601806331877259,0.07146392523297096,0.09040439805163092,0.18895880974632728,1283
2026-10-05,LU0840617350,AH8J.F,EUR,239.44900512695312,239.44900512695312,-0.005701310773678747,,,,0.11570139888002347,,-0.017007782055625476,-0.017007782055625476,,,,12
2026-10-02,LU0870553459,0P0000XTFE.F,EUR,273.0400085449219,273.0400085449219,-0.0021196790534888654,0.0036021869996418765,-0.0027028644812419067,0.028709195733886084,0.12905367879277652,0.10986184382480445,-0.05973221599170342,-0.09784224955302956,0.005361179035420216,-0.005468723455725466,0.018863029399359243,1121
2026-10-05,LU0914729966,TC60.MU,EUR,353.6700134277344,353.6700134277344,0.009937493823543475,,,,0.051932831746327915,,0.0,0.0,,,,12
2026-10-02,LU0914731947,0P000100RL.F,EUR,189.1000061035156,189.1000061035156,-0.002426627247322788,-0.008701973427981624,-0.0018474048580862101,0.06649376068614354,0.139825685773478,0.1219248919096551,-0.054549129873747715,-0.11271244330571528,-0.0024318989469725993,-0.012658409173463836,0.029540663030903413,1108
2026-10-02,LU0914733059,0P00011IV8.F,EUR,212.3699951171875,212.3699951171875,0.004255893939041799,-0.004546738714511167,-0.0023957617151773025,0.060683217572711,0.18679143650082106,0.15939890703496404,-0.0781443828767796,-0.11810523160610065,-0.0006517647706403285,-0.016146943587614593,0.03197557280153274,1108
2026-10-05,LU0922334643,FPG6.MU,EUR,41.55799865722656,41.55799865722656,-0.004121756216068917,,,,0.014670137366812927,,-0.004121756216068917,-0.004121756216068917,,,,12
2026-10-02,LU0935222066,0P00010URS.F,EUR,112.19000244140624,112.19000244140624,0.001785914648199327,-0.003995001337718018,-0.007343781864384669,0.007362841650368601,0.018387759522012485,0.0129489273826763,-0.009644278625604574,-0.01584492251204206,-0.0003073900004914032,-0.003596939531548715,-0.002593287852037829,1096
2026-10-05,LU0941349275,I4G0.MU,EUR,138.34500122070312,138.34500122070312,0.0,,,,0.0,,0.0,0.0,,,,12
2026-10-02,LU0992632538,0P00013N23.F,EUR,137.57000732421875,137.57000732421875,-0.00843302668748247,-0.018548839827998154,-0.025570091647849846,-0.0031880820239826857,0.029749407778173285,0.0246826212182434,-0.028597570488669177,-0.034728582145374776,-0.011251565943575459,-0.01981315777440784,-0.01459337532195848,1106
2026-10-02,LU1033933703,0P00012DVG.F,EUR,328.32000732421875,328.32000732421875,0.011803190252732909,0.03521997049566461,0.026352784675213847,0.12550141216118882,0.10614811239003091,0.10724571321993365,-0.04620943451539339,-0.07255281524046797,0.022647664011831825,0.02228083796053526,0.07130011833688066,1119
2026-10-05,LU1100076550,1SCD.MU,EUR,230.74899291992188,230.74899291992188,-0.00857169399737534,,,,0.06210379522261414,,-0.00857169399737534,-0.00857169399737534,,,,12
2026-10-02,LU1109942653,XHYG.DE,EUR,15.37950038909912,15.37950038909912,-0.006395966971576406,-0.01756680944113531,-0.019560845066346588,-0.003203345201008956,0.03857004080843563,0.03147484439078513,-0.02180746865767802,-0.028147873491851882,-0.009146984218635579,-0.014636710639338024,-0.00797941562400828,1285
2026-10-02,LU1159238036,LU1159238036.LU,EUR,25.29949951171875,25.29949951171875,-0.010334975509860289,-0.01887828556313842,-0.01308371161757338,0.113622503123195,0.12794912482762003,0.12108322725216547,-0.051532949150173146,-0.10213260250245715,-0.007840779086154437,-0.017821666987204554,0.0366043534929863,1083
2026-10-02,LU1160356009,0P0001678E.F,EUR,1490.06005859375,1490.06005859375,-0.01020970391769438,-0.02667709528317741,0.023414004805443867,0.12680171591508382,0.18019550387770558,0.16341006597064578,-0.07070805382953571,-0.1200729496753532,-0.007630247121577671,-0.008612574765309966,0.0573069631390164,1080
2026-10-02,LU1161083644,0P00016MO1,USD,19.986205034488474,19.986205034488474,0.00039066191703196473,-0.022271474225721177,0.03198775880630911,0.09568369535736165,0.12086779849844323,0.09678854852378721,-0.04095702247337407,-0.07086191472608194,-0.006908948578788321,-0.013793461319914213,0.04809729629511894,1024
2026-10-05,LU1161527038,EDNN.MU,EUR,233.7469940185547,233.7469940185547,-0.0030835808350079263,,,,0.013096823377601716,,-0.0059114449389737755,-0.0059114449389737755,,,,12
2026-10-02,LU1183791794,0P00016RHQ.F,EUR,176.43499755859375,176.43499755859375,0.003423731781729833,-0.0004758673860894014,-0.0291633589234761,0.018448497017322874,0.1879976712001222,0.15661750570697117,-0.07573178620439225,-0.10652983119589832,0.0026800873893053634,-0.015389926202704962,0.006647678241886501,1115
2026-10-02,LU1291097779,EEMK.PA,EUR,17.702299118041992,17.702299118041992,0.010307174168122435,0.019435848858477378,0.031091719706586973,0.14194385453758018,0.20100612239106505,0.20850973917907473,-0.07948283564073788,-0.13262607355357947,0.020534827437211245,0.04047799223558912,0.10899519243821021,1291
2026-10-02,LU1291098827,EEMU.PA,EUR,20.325000762939453,20.325000762939453,-0.010226398151111815,-0.02048189094267694,-0.0078105854354357795,0.06335672398258851,0.13908058956902095,0.115045841465019,-0.05365974356149783,-0.10277607011442924,-0.007386563626882503,-0.01865635139103683,0.03535466471884963,1291
2026-10-02,LU1291102447,0E4H.IL,EUR,9.553000450134276,9.553000450134276,0.0,0.0,,,0.0,0.0,0.0,0.0,0.0,0.0,,53
2026-10-05,LU1301026388,2QJ0.MU,EUR,210.7469940185547,210.7469940185547,0.0,,,,0.0,,0.0,0.0,,,,12
2026-10-02,LU1303940784,0P00018KOU.F,EUR,28.270000457763672,28.270000457763672,-0.004226802904706006,-0.009460422182985151,0.0049769392525376155,0.05485079337876719,0.08813160057968572,0.08006427532225416,-0.031023771507394104,-0.10474171860749526,-0.006082321758637099,-0.009842021817072721,0.014432442871319395,1112
2026-10-02,LU1329694266,0P00018EGL.F,EUR,237.05999755859372,237.05999755859372,0.003471012725883904,0.003853498562901514,0.002834291512649356,0.056417130153530115,0.09113816224540053,0.10069473854952211,-0.03642784744532068,-0.08607298754556802,0.007066791253874216,0.0035882886298181926,0.03540357772225877,1120
2026-10-02,LU1379103812,0P00018FWZ.F,EUR,648.4600219726562,648.4600219726562,0.003171437498329821,-0.0028447595652576485,0.0003703237795511516,0.12186429545905719,0.12397292672668592,0.13717684118889145,-0.049243678720523265,-0.07933928105110122,0.008083851445671808,0.0001872781865903672,0.07430529472647507,1082
2026-10-02,LU1435385593,0P00019846.F,EUR,312.25,312.25,-0.0073751701376526535,-0.015015329544780687,0.038859474968113705,0.08684306741081538,0.1683743152488924,0.17243076181413713,-0.06464263345394483,-0.18107797123110614,-0.0032687058214879716,0.005813585790832132,0.022408174832748484,1130
2026-10-02,LU1486845537,0P00018X0B.F,EUR,116.26499938964844,116.26499938964844,-0.0013828793339322187,-0.004750901443465461,-0.0031552290947511885,0.005796082545698411,0.008407422540236983,0.0064000193747147695,-0.005891230541061776,-0.00857780195084168,-0.002115249662165697,-0.003596537852082915,0.0018401696255792022,1101
2026-10-02,LU1530899142,0P00019MC0.F,EUR,2629.7900390625,2629.7900390625,0.023447776288390676,0.07264818915521598,0.04726611317367624,0.3668844322017204,0.15710269029750365,0.20418833139477677,-0.09073716251650632,-0.170881689258088,0.044661048677297144,0.054933459105581894,0.15651653096263352,1064
2026-10-05,LU1582988058,0P0001CGZV.F,EUR,12.600600242614746,12.600600242614746,0.002322776669032578,-0.017098560650948613,-0.013273146025292726,0.005787009107715013,0.05326364946311301,0.052883628716713336,-0.027457318706906708,-0.056615818138602614,-0.005120599098897838,-0.010843287490389764,0.0012343007665307493,1101
2026-10-02,LU1598757687,MT.AS,EUR,57.27999877929688,57.27999877929688,-0.07283910794617876,-0.1481261064976822,-0.01076297687743022,0.12772443511292053,0.28296715477028844,0.2709490884886679,-0.15990522787478445,-0.2619465623536297,-0.08894263198475916,-0.08904153759922073,0.06630099295058622,1291
2026-10-02,LU1623762843,0P0001FE3K.F,EUR,154.85000610351562,154.85000610351562,-0.0057146485055665774,-0.022658396128327873,-0.028300668232696946,-0.017012586152152398,0.028283327524588894,0.02163859569307381,-0.030065693557627227,-0.03345609129100435,-0.01043877032299212,-0.020343413573648994,-0.022817812867550136,1116
2026-10-05,LU1670631289,0P0001DFNP.F,EUR,11.31879997253418,11.31879997253418,-0.01009255666647868,-0.03673884199806321,-0.03777882217425799,-0.018351514134939517,0.04807573452145169,0.04355634415224787,-0.04070649056400644,-0.05265460607611028,-0.020259914444066274,-0.029148868171241515,-0.027297679209185688,1099
2026-10-05,LU1670707527,0P0001DFNB.F,EUR,22.316600799560547,22.316600799560547,-0.023364885002749913,-0.046889684464922365,-0.008965898280891671,0.03300381724005308,0.08500815504457827,0.08511940887346407,-0.06401272041532369,-0.092062237404823,-0.02450897109090333,-0.038209299912014716,0.01560015768549916,1101
2026-10-05,LU1670719613,AN0B.MU,EUR,13.534000396728516,13.534000396728516,0.003708112575720568,,,,0.019222049477061597,,0.0,0.0,,,,12
2026-10-02,LU1681043912,CC1.PA,EUR,255.1999969482422,255.1999969482422,-0.018272802599470617,-0.05094829772854559,-0.08905942349390605,-0.13608665463388359,0.13508681457525032,0.16835531252812064,-0.1014084614498515,-0.21657713906909537,-0.01848042384744053,-0.05052813238542042,-0.10845760882456479,1291
2026-10-02,LU1681044480,AASI.PA,EUR,60.45000076293945,60.45000076293945,0.01171549394040916,0.031042122832468877,0.02753695192016159,0.17614552356257396,0.2212441889062892,0.2390515616487736,-0.0973993401086195,-0.16060702050246078,0.02748458475347859,0.05035447586519548,0.12371399035832975,1291
2026-10-02,LU1694789535,0P0001CH1E.F,EUR,129.00999450683594,129.00999450683594,0.002564515463457928,-0.005933150560206157,-0.0016251873694731467,0.005612294476446511,0.03013344062185451,0.021447783686199554,-0.011394223839352846,-0.021087619460482876,-7.367462010565706e-05,-0.0026085185429535196,0.0015285302683789581,1121
2026-10-05,LU1819480192,EHQ6.MU,EUR,321.92401123046875,321.92401123046875,0.02752310557110116,,,,0.146753599061113,,0.0,0.0,,,,12
2026-10-02,LU1829219390,BNKE.PA,EUR,376.5499877929688,376.5499877929688,-0.05886032979578071,-0.07116429831738524,-0.0018555658238069705,0.15070908443349218,0.21747070146238665,0.19319252625857963,-0.07310772235576912,-0.17132240226421158,-0.05334744178328121,-0.05426044448921341,0.07619615368397081,1291
2026-10-02,LU1829221024,UST.PA,EUR,111.47000122070312,111.47000122070312,0.021442353396667668,0.07982173395149927,0.052298696304796,0.22540286516186714,0.1459366189330358,0.16901547206660028,-0.0741999489068964,-0.1004836368906451,0.04954429636332902,0.07049293052886862,0.15389505508775336,1291
2026-10-02,LU1861137484,EUSRI.PA,EUR,90.23999786376952,90.23999786376952,-0.004413079529704933,-0.01881051792945032,-0.025380695183799484,0.03783784969521897,0.12185446973437937,0.09715700190666549,-0.04830604529024518,-0.1023277887365529,-0.0011567111088851556,-0.015395385721961197,0.019690542626190632,1291
2026-10-02,LU1861138961,MSRU.L,USD,73.68314516397363,73.68314516397363,0.012030381873872509,0.02250814281509461,0.045935707800272896,0.13477482783334604,0.2034449535693806,0.2033558465331708,-0.07339244238486986,-0.11701396963064925,0.02405599109186829,0.046706961056173,0.10470717080732972,1272
2026-10-02,LU1876459212,0P0001FKPX.F,EUR,4384.2900390625,4384.2900390625,-0.026373185013715772,-0.05126593660458789,-0.035266344258819915,0.08961925568504991,0.13739250190176036,0.1110319244855469,-0.07023836365826308,-0.09673177833130864,-0.03434074510424456,-0.04298222442739619,0.03162796002501711,1035
2026-10-02,LU1900066462,CEC.PA,EUR,46.560001373291016,46.560001373291016,-0.04619476220130725,-0.039207547401511,0.040446958062368976,0.08582090050161306,0.17816476727420347,0.16233357476968738,-0.060816930776576905,-0.09557020854051512,-0.04103308748454226,-0.02546840417808638,0.09279423976724366,1291
2026-10-02,LU1951200481,0P0001H0TE.F,EUR,304.4100036621094,304.4100036621094,0.03795009863999699,0.09835832713677273,0.10018432533200516,0.41021959974696376,0.17585075685869495,0.21488887032808107,-0.07554165871031926,-0.16763490233573852,0.07035113397516901,0.08779707655261548,0.1980620000829698,1099
2026-10-02,LU1951204046,0P0001H0TH.F,EUR,178.77000427246094,178.77000427246094,0.009714776566257965,0.019097059277638717,0.03634785085484604,0.11738232473589916,0.10207811241395194,0.0978817294244498,-0.037086682521467296,-0.13027168506338482,0.01885020158233197,0.019783030258650136,0.05193787422289908,1100
2026-10-02,LU1951225553,0P0001H0TF.F,EUR,196.02999877929688,196.02999877929688,0.025583338941421285,0.055286415676992995,0.04963592067422962,0.23920599123769914,0.16462465487608138,0.17172661176802434,-0.07629518509617139,-0.1521618507592264,0.03401165734069744,0.031644531637677886,0.11916704801795297,1100
2026-10-02,LU1951229035,0P0001H0TG.F,EUR,184.8000030517578,184.8000030517578,0.003529781030776391,0.0017346451194166779,-0.013347570524647301,0.03315261416921955,0.11582800395435418,0.11395146019457696,-0.06752966028252883,-0.08892292793840006,0.008989746043907454,-0.009558177277453339,0.013017679420672001,1100
2026-10-02,LU1953136527,REUSE.PA,EUR,22.658700942993164,22.658700942993164,0.007801421207350945,-0.004179455643903762,-0.011547149452708738,0.08100362382405879,0.10551803687915222,0.09850793824942507,-0.05256775728678653,-0.07680804811696162,0.009241177525307176,-0.003370923811965465,0.03860844295938315,1291
2026-10-02,LU2095319849,0P0001JAB0.F,EUR,121.56999969482422,121.56999969482422,0.008043127968291541,-0.030310305244540814,0.008043127968291541,0.04137400993180673,0.18693056406060976,0.16333252822351732,-0.06511233426265506,-0.2139037077183793,-0.00013159397285367191,-0.018154098948826025,0.00038387346545465384,1100
2026-10-02,LU2147879543,0P0001L9PD.F,EUR,769.9199829101562,769.9199829101562,-0.005900666737908122,-0.011516429238510595,0.0029309469564908763,0.04556131837993971,0.05646654033218597,0.05385608573172577,-0.025803702589855426,-0.06462585851593328,-0.004066305010828275,-0.00927978764355164,0.014692205550240756,1060
2026-10-02,LU2181906426,0P0001L535.F,EUR,296.1600036621094,296.1600036621094,0.04135024619552352,0.10992024347271134,0.09571199193213209,0.45862890787603505,0.2407374438712648,0.34746968534972156,-0.16904443577572315,-0.22199790594022362,0.06864308048592016,0.09751000804867194,0.2442704314906956,1110
2026-10-02,LU2210151341,0P0001KKA7.F,EUR,12.09000015258789,12.09000015258789,-0.0024752255160443992,-0.02184462067873061,-0.02105264946161045,-0.02184462067873061,0.046199454762900174,0.06440609389826493,-0.035115689525953786,-0.06790124319835567,-0.007348397524703176,-0.01579288860775463,-0.029297693322441698,1150
2026-10-02,LU2244387457,ASRE.DE,EUR,9.630599975585938,9.630599975585938,0.0021227495218083536,-0.011597347729082386,-0.018647552234846265,-0.014409446913036583,0.0360261055331827,0.027957267002071393,-0.02201023196105456,-0.033279658736767526,-0.0013873943128466237,-0.009430700349885357,-0.015847546473734764,1285
2026-10-01,LU2257980289,0P0001LZLW.F,EUR,185.00999450683597,185.00999450683597,0.0061452555689436306,0.0007031026643786742,-0.030853847972579285,-0.0027490823300969636,0.09651554321960737,0.10131216652458157,-0.06649098615167881,-0.0865476736691041,0.005852620996801727,-0.009678961525918295,-0.003861338424053673,1037
2026-10-02,LU2358392376,0P0001OOS9.F,EUR,516.27001953125,516.27001953125,0.026402174108250076,0.05539997415953457,0.02689213233465937,0.12364521205917933,0.16350668336971494,0.15350927790691268,-0.06165635942660652,-0.08943559868933093,0.03750241170455215,0.037897666309202105,0.06001052993601119,1052
2026-08-13,LU2459590019,0P0001OS4A,USD,32.7232286283375,32.7232286283375,0.004499105658849034,0.005475125287047744,0.060352602796345245,0.1042763861843663,0.087369021677686,0.09641785958015901,-0.022372601723535612,-0.07641815975661459,0.005937655254111496,0.011429412807712813,0.06785466354049907,971
2026-10-02,LU2533811910,BJLL.DE,EUR,10.102999687194824,10.102999687194824,0.0003960501130877425,0.001189186839275047,0.004623800557704838,0.011078495767099739,0.009270637269070988,0.010690780665239085,-0.0014882030882035213,-0.003047524042999572,0.0010230005487181781,0.0016258924644756423,0.008211155651859814,780
2026-10-02,LU2611731824,GLDU.AS,USD,64.08169318726816,64.08169318726816,-0.04322400470529586,-0.09483132567000074,0.1740410028239716,-0.07093521547190484,0.28179162937870095,0.4721658645614623,-0.14533322586468989,-0.3623354744639051,-0.04678544115655936,-0.02554482611996145,-0.008182127867307543,1254
2026-10-05,LU2616774076,BJLJ.DE,USD,9.98263403564624,9.98263403564624,0.010338842392496606,0.005274291380233498,-0.01962072371976653,-6.241054548061786e-05,0.07179454753176621,0.07059459297032619,-0.03316929517072831,-0.050071814819599214,0.0033771709495393765,0.0006550447397231096,-0.0036480627013640854,758
2026-10-01,LU2638914734,0P0001RNZQ.F,EUR,341.6499938964844,341.6499938964844,-0.01974006515051574,0.08233539229821263,0.21281497725102616,0.40782101618457833,0.39998728414150053,0.3722715442602579,-0.09354630872537983,-0.3124012853622107,0.023176811404208797,0.09649824565170051,0.1937798166487945,705
2026-10-02,LU2707622630,0P0001T0AG.F,EUR,127.73999786376952,127.73999786376952,-0.04600445342422521,-0.05209258629578173,-0.012446912746626793,-0.0634210833975224,0.19073647690754614,0.17969302242933072,-0.07948408207176472,-0.23394246327931445,-0.042981204102874204,-0.04295396112798322,-0.06941540524376233,555
2026-10-01,LU2798962978,0P0001UBP6.F,EUR,145.75999450683594,145.75999450683594,-0.019243713526544304,-0.023710706447170438,-0.00701681876426774,0.08759879018141015,0.11541537725116609,0.09847506918758268,-0.035532390673450376,-0.08982159224906872,-0.014742397998420143,-0.01347006897304126,0.034545375192053696,429
2026-10-02,LU3038520774,DEFS.PA,EUR,5.739999771118164,5.739999771118164,-0.01661814696681896,-0.02081204668644132,-0.003126107364881725,-0.05045497126987142,0.1716042602326852,0.17844808000682272,-0.13799880329444303,-0.2196261406823472,-0.012005708799001646,-0.055607324313802886,-0.03956044343051279,359
2026-10-02,LU3103551860,0P0001XEZ8.F,EUR,114.79000091552734,114.79000091552734,0.006929832592345031,0.011276528545569597,0.023266184732138484,0.0865120611229675,0.07676825258453182,0.07266149874118738,-0.023314487832326813,-0.047610174847362186,0.010470915119752844,0.012175390029664612,0.05210481391966626,260
2026-10-02,NL0000226223,STMPA.PA,EUR,50.34000015258789,50.34000015258789,0.11606253549452994,0.1258671161832452,-0.18637944612416824,0.4452476074772067,0.48078513652153926,0.5887562790248488,-0.3268548449199338,-0.3985444317360619,0.11818738379002403,0.11883051951533807,0.20645675341846692,1291
2026-10-02,NL0000235190,AIR.PA,EUR,189.3000030517578,189.3000030517578,-0.01611221903881377,-0.04855248962673109,-0.04035279162903116,0.12235342417371187,0.1979289472132876,0.2492927369499337,-0.13834720815864976,-0.2771117091213976,-0.02576347335478557,-0.06303361626600712,0.005746742928605553,1291
2026-10-02,NL0006294274,ENX.PA,EUR,160.5,160.5,0.006269592476489061,0.0012476415747642022,0.08445945945945943,0.10804427361694469,0.15338901079874898,0.20417780112803224,-0.05021175377207321,-0.13907785679286322,0.0076278426877034455,0.0055508938328951984,0.13801376379273234,1291
2026-10-02,NL0010273215,ASML.AS,EUR,1653.0,1653.0,0.08564299652236707,0.12648219469673805,0.05480601486798187,0.3566579992309713,0.34821809062318226,0.39599383313147596,-0.14951881917374388,-0.2077144161694917,0.10160342097547459,0.10768314831884673,0.2339843880472623,1291
2026-10-02,NL0010832176,ARGX.BR,EUR,815.4000244140625,815.4000244140625,-0.035257912165847505,-0.08751113843820213,0.067557001107311,0.1474810757511078,0.21444057819107196,0.4496635606356418,-0.10631301776026658,-0.273723521535453,-0.04411330717452333,-0.021574761083264282,0.10706671595436257,1291
2026-10-02,NL0011794037,AD.AS,EUR,31.5,31.5,-0.008186405132497465,-0.00505369071962225,-0.10943682248874953,-0.22094704123438813,0.20845228488259226,0.21974639498719556,-0.1452948608359106,-0.25714308631402005,-0.00396832007043868,-0.01575329009921622,-0.1087464252617163,1291
2026-10-02,NL0011821202,INGA.AS,EUR,30.684999465942383,30.684999465942383,-0.03491116866450861,-0.041243604378063736,0.09426665161190262,0.2856559705394659,0.2164772602006588,0.21466098427137995,-0.06375739045910134,-0.16877161691741893,-0.032423372077271306,-0.007309761822889227,0.17549463985591562,1291
2026-10-02,NL0012969182,ADYEN.AS,EUR,859.4000244140625,859.4000244140625,-0.018389463833166753,-0.16286767499331445,0.015119358843904918,-0.10292273025671972,0.3642360037236583,0.5054985728764306,-0.22643068496512253,-0.4839642318575442,-0.04939408722313454,-0.10181452881495645,-0.13480751028306792,1291
2026-10-02,NL00150001Q9,STLAM.MI,EUR,3.882499933242798,3.882499933242798,-0.03719773459472975,-0.1888645248494274,-0.19683495151185681,-0.44280999291382206,0.3497801694145828,0.3948310003675738,-0.27235772577617223,-0.6304493780603615,-0.0910474572472385,-0.14623046003970464,-0.3692207437212066,1281
