date,asset_id,symbol,quote_currency,close_eur,close,ret_5d,ret_20d,ret_60d,ret_120d,vol_20d_ann,vol_60d_ann,drawdown_60d,drawdown_252d,sma20_ratio,sma50_ratio,sma200_ratio,observations
2026-10-01,AT0000A09ZL0,N550.MU,EUR,360.0559997558594,360.0559997558594,-0.0036719930537576495,,,,,,-0.0036719930537576495,-0.0036719930537576495,,,,10
2026-09-30,BE0003470755,SOLB.BR,EUR,24.31999969482422,24.31999969482422,-0.04552589749812441,-0.05443233498856881,-0.06100385895664817,-0.05938440565135794,0.22055565155118576,0.17293972948439434,-0.09859154531296288,-0.14035087843632954,-0.04728327524078024,-0.06162703568449779,-0.051043992202822186,1289
2026-09-30,BE0974293251,ABI.BR,EUR,65.31999969482422,65.31999969482422,-0.031435389528995716,-0.048368294352358454,-0.06310960196271975,0.030509330179160354,0.20730565123024397,0.2092621106072342,-0.13138294753147484,-0.14298171470367416,-0.03752928711954462,-0.056592881385649885,-0.0034379270905052772,1289
2026-09-30,DE0005140008,DBK.DE,EUR,31.864999771118164,31.864999771118164,0.0064750449998125514,-0.08630825029051858,0.03828606114739608,0.15745420221926643,0.2719208734728263,0.24379473129628973,-0.13482516628878938,-0.2676722440208219,-0.0500749101190443,-0.03754961134618695,0.06797729021998777,1283
2026-09-30,DE0005190003,BMW.DE,EUR,55.31999969482422,55.31999969482422,-0.044229463131459146,-0.08833224428798125,-0.05597267687208862,-0.2907861609998572,0.26486796306398247,0.2537748940244754,-0.1444270118171176,-0.40830570862885573,-0.08226746568855314,-0.07261498765548469,-0.22675778367287325,1283
2026-09-30,DE0005552004,DHL.DE,EUR,57.0,57.0,-0.005235588849127115,0.038629717394748075,0.03148754490259864,0.21881046504941182,0.19268363465147664,0.17606016790288706,-0.05845729999922167,-0.14333072083959342,0.015138030048876594,0.015072944054315363,0.13942945855150501,1283
2026-09-30,DE0005557508,DTE.DE,EUR,26.11000061035156,26.11000061035156,-0.02683560623935466,-0.08224956379038517,0.02231791990569887,-0.09151006199414047,0.22294416290670765,0.2911865155544998,-0.10520903573396068,-0.27769587398998596,-0.05784286798363847,-0.0670668309131438,-0.07879517864770857,1283
2026-09-30,DE0005810055,DB1.DE,EUR,286.1000061035156,286.1000061035156,0.013460922688150134,0.025815748887049406,0.12064239202344873,0.14645922864872274,0.19007449061509432,0.19408634980426612,-0.06009615132693824,-0.11953220395825659,0.018530084083020038,0.032516536319653344,0.16259385580185737,1283
2026-09-30,DE0006048432,HEN3.DE,EUR,73.0199966430664,73.0199966430664,-0.016698161291313518,-0.03027896834378918,-0.025880502469324385,0.15099308854101956,0.18574758088960733,0.18491287524944602,-0.09398495881178781,-0.2432210362584949,-0.014973744199915706,-0.0318064323617564,0.028692041833555226,1283
2026-09-30,DE0007030009,RHM.DE,EUR,956.4000244140624,956.4000244140624,-0.0669268054496952,-0.12289067956689237,-0.09671327889283576,-0.3502220406508637,0.3300779090312212,0.3454374561901995,-0.21219108367869655,-0.5185992636466457,-0.05048396970328184,-0.12073281071356556,-0.2863861308501141,1283
2026-09-30,DE0007100000,MBG.DE,EUR,40.595001220703125,40.595001220703125,-0.03586268466808784,-0.12473048111654983,-0.07999997233533995,-0.20763813495042105,0.2654448351355924,0.23166744226882896,-0.15795473985441644,-0.29847887038716325,-0.09198677735442129,-0.10897323239452661,-0.18031157820760269,1283
2026-09-30,DE0007164600,SAP.DE,EUR,185.66000366210935,185.66000366210935,-0.004290480655111728,0.023258383839946717,0.34575235305093344,0.3161233195985369,0.27820913751855814,0.40798276128438676,-0.08811820486724142,-0.460752560270804,0.008621597537508352,0.04419994575082242,0.12768820211326415,1283
2026-09-30,DE0007236101,SIE.DE,EUR,275.5,275.5,0.005657921970806168,0.006208956474887506,0.03746945081687825,0.16122233930453111,0.27033960488747305,0.25206480542139414,-0.10953941463317052,-0.20503662867365802,0.021249784524239645,-0.00134483278676778,0.0762697753491497,1283
2026-09-30,DE0007664039,VOW3.DE,EUR,70.45999908447266,70.45999908447266,-0.033470540333803256,-0.04396198097599524,-0.026526640533336643,-0.17004294681915033,0.4240991953191243,0.3308932303825919,-0.15210589195840685,-0.3130182380526333,-0.08658396545633573,-0.06823592665103706,-0.15572839954717044,1283
2026-09-30,DE0008430026,MUV2.DE,EUR,502.3999938964844,502.3999938964844,-0.00039795504298112405,-0.039755385751627736,-0.006722012610795303,-0.061358002616828444,0.19163304164249426,0.16676877537353504,-0.06060606060606055,-0.1969919530344898,-0.012966604293193074,-0.02296347587468428,-0.0029173008471419237,1283
2026-09-30,DE000A0F5UK5,EXV6.DE,EUR,82.54000091552734,82.54000091552734,-0.01609248401410379,-0.0518093277210907,0.1157953980316293,0.02030002924524532,0.24020169737132005,0.24098726120302263,-0.09428320335497264,-0.18396071944220127,-0.03011073978397838,-0.021472121155413082,0.03811624962286042,1282
2026-09-30,DE000A0Q4R28,EXV5.DE,EUR,38.30500030517578,38.30500030517578,-0.03245768735689469,-0.05606213462853804,-0.022668248732982677,-0.08614599310993687,0.1844422600876677,0.16944337205348162,-0.0820752282442273,-0.20091842125448933,-0.05006353429836807,-0.054367967805221684,-0.08181425553551502,1282
2026-09-30,DE000A0Q4R85,4BRZ.DE,USD,46.160659299213926,46.160659299213926,-0.01832071696874149,-0.009331638449714297,0.08414647286785959,-0.07198785277185615,0.20984505999458472,0.21586437042359904,-0.08221780748007512,-0.1777901213915941,-0.004762266922354819,0.03352578064314993,0.048737006917039416,1283
2026-09-30,DE000A1EWWW0,ADS.DE,EUR,145.3000030517578,145.3000030517578,0.005884431439761029,-0.02841858852071777,-0.188947764431885,0.07343600195469802,0.234177702403214,0.34802931373792106,-0.22712424194321823,-0.328630068972118,0.0012403812100187928,-0.05914498493654752,-0.060068106820689304,1283
2026-09-30,DE000A2JJ1W5,0P0001FAJ5.F,EUR,124.31999969482422,124.31999969482422,-0.0012051219121700374,-0.006473248432614431,-0.010269890209848698,0.005662489343873922,0.04842290738049042,0.04302122970089409,-0.02422855115623168,-0.04542575052266418,-0.0014257296080610882,-0.00712233135737228,-0.0033086756206910373,1247
2026-09-30,DE000BASF111,BAS.DE,EUR,50.18000030517578,50.18000030517578,-0.038328861408642334,-0.0599475589904187,0.05375895486584992,-0.02603787708549976,0.2090659368741391,0.21402666002848797,-0.06949878273695564,-0.13370372630931704,-0.035213356444700805,-0.02510669969661017,0.030363071362217386,1283
2026-09-30,DE000BAY0017,BAYN.DE,EUR,47.95000076293945,47.95000076293945,-0.027580624061556258,-0.025010157271326383,-0.03404509765286989,0.18412685822248975,0.24215537782253746,0.22450268100765078,-0.0915187242569071,-0.3065455353648504,-0.022934033378404828,-0.01395879160512059,0.11986214145978225,1283
2026-09-30,DE000DTR0CK8,DTG.DE,EUR,41.83000183105469,41.83000183105469,-0.01761390248351291,-0.07250547125722773,-0.012977801396856004,0.009318270348762203,0.20194575168347353,0.2258175430581543,-0.15665316294556764,-0.15665316294556764,-0.04144272962053075,-0.08066334386142116,0.002668055996324359,1224
2026-09-30,ES0113211835,BBVA.MC,EUR,24.809999465942383,24.809999465942383,-0.0028134926521461434,-0.011159851930755305,0.1292671935069929,0.23617338531103949,0.17944927675697797,0.21541977072703278,-0.029515938784091866,-0.18701772533483707,-0.010962738242797032,0.005055637507566102,0.18426526466878568,1287
2026-09-30,ES0113900J37,SAN.MC,EUR,12.32800006866455,12.32800006866455,-0.02236317174389224,-0.03020766423461707,0.0403375250470277,0.16650178550818695,0.20760517077835064,0.2210774719294953,-0.0531288635462045,-0.171891814315276,-0.028924309875943965,-0.021621456299298125,0.11433912234606947,1287
2026-09-30,ES0148396007,ITX.MC,EUR,53.91999816894531,53.91999816894531,0.016974683202777285,-0.03988606988164045,-0.004431345626716543,0.03364810737394386,0.22130701715803053,0.2103864836072114,-0.12453463596749692,-0.14986185286846476,-0.0009264759547515933,-0.03844785189781652,-0.004206917071713279,1287
2026-09-30,FI0009000681,NOKIA.HE,EUR,9.020000457763672,9.020000457763672,-0.04509841593748665,0.060178662602976996,-0.11266792468478071,0.13328434657343813,0.5838164959796527,0.6088287435304904,-0.32205891614177773,-0.4829458829898745,-0.008115376364874138,0.028455484656220387,0.05606198783767935,1265
2026-09-30,FR0000003196,0P00000QEY.F,EUR,476.6799926757813,476.6799926757813,-0.005777493921626742,-0.01949977561896854,-0.03755452703391715,-0.02072846840524334,0.045366214811788944,0.03687701497817698,-0.038160220366392106,-0.05207438771431694,-0.008918464814045235,-0.019816715160560272,-0.03047581739998606,1248
2026-09-30,FR0000003998,0P00000I2M.F,EUR,3366.989990234375,3366.989990234375,-0.010791128760560875,-0.0303704768738019,-0.008092589401330952,0.11729471462350105,0.12570157779936708,0.11693294322061129,-0.05889677538119498,-0.1083091867769127,-0.011797137953784897,-0.02434559706127426,0.027948114137496427,1246
2026-09-30,FR0000027609,0P00000H0V.F,EUR,5078.77001953125,5078.77001953125,-0.002004373160359174,-0.012644331404468856,-0.013943999890789205,0.0035369218986591733,0.031271409214582345,0.021553949206969132,-0.01824339485090609,-0.01824339485090609,-0.003916252311344959,-0.008420232466447297,-0.006728012056462007,1244
2026-09-30,FR0000045072,ACA.PA,EUR,17.56999969482422,17.56999969482422,-0.02578320801342371,-0.05461390581915315,0.0215115648530666,0.0818630037625514,0.1523876636753794,0.1893491602920485,-0.1301980677614848,-0.16688568702410778,-0.04155360097861682,-0.06651295677571756,0.02781564628566957,1289
2026-09-30,FR0000051807,TEP.PA,EUR,70.22000122070312,70.22000122070312,-0.047218397172838156,-0.0008536932219103122,0.38555644826094815,0.39621598223122834,0.3124888124103424,0.4773593261953078,-0.05855073790619336,-0.35422847770430843,-0.0028259279846003516,0.023173694531142264,0.22257202564436618,1289
2026-09-30,FR0000052292,RMS.PA,EUR,1336.5,1336.5,-0.009633197480548361,-0.12761096605744127,-0.14899713467048714,-0.2446306591859726,0.2589893432321849,0.35668657682903177,-0.21951934349355218,-0.4022590820314641,-0.037554459367011184,-0.11220199148404764,-0.2306079246592907,1289
2026-09-30,FR0000054470,UBI.PA,EUR,5.285999774932861,5.285999774932861,-0.026877831549729447,0.041781611771656735,-0.09641028015283892,0.1620136344615859,0.3951174434534931,0.5691745777203895,-0.19779286727694811,-0.6284035361234737,0.010224514116719652,-0.001677130584227693,0.04668910567454443,1289
2026-09-30,FR0000073272,SAF.PA,EUR,334.3999938964844,334.3999938964844,-0.004761922927129847,0.017340984112476976,0.0057142673578476355,0.06539795183296526,0.2443230846017655,0.23815577422007547,-0.11551154921609863,-0.23617513957875091,0.012826903259475886,-0.016707753493411692,0.06169582710202204,1289
2026-09-30,FR0000097156,0P00000QGO.F,EUR,671.97998046875,671.97998046875,-0.003499786891968948,0.013055498174199265,0.02164987752881009,0.16853890606480748,0.09788882177384985,0.0961020149197644,-0.033817453515913254,-0.07356647804504624,0.0060853215587346465,0.009191695064723282,0.08430891634169546,1243
2026-09-30,FR0000120073,AI.PA,EUR,170.8800048828125,170.8800048828125,0.01605430089556692,-0.00927638499744643,-0.01612153334319666,0.025196744575986862,0.16337686919364652,0.147928069391684,-0.08604078110433389,-0.10528746423158142,0.01684024594607214,0.007392763027638027,0.06488642419950574,1289
2026-09-30,FR0000120172,CA.PA,EUR,15.90999984741211,15.90999984741211,-0.015774887328975806,-0.017598014991206945,-0.01824632425938788,0.027904830267499348,0.2127335982476571,0.21135731593239518,-0.06434318236822179,-0.07772792185500088,-0.030764557298080364,-0.009845065531254082,0.048857376754408266,1289
2026-09-30,FR0000120271,TTE.PA,EUR,75.69999694824219,75.69999694824219,-0.03814993331034566,-0.0332056960687086,0.09156450776982616,-0.009633716740959697,0.21188104432116198,0.22467737437762858,-0.05951051115238548,-0.17510288938050222,-0.03517980550814159,-0.015019173947289244,0.07297929622772514,1289
2026-09-30,FR0000120321,OR.PA,EUR,379.4500122070313,379.4500122070313,-0.0027594948566851407,-0.014415552709009627,-0.0034142817937456993,0.07264873060853239,0.20356055551747637,0.1954093092553691,-0.060913705583756306,-0.14438105060176987,-0.006844355547432568,-0.009594725391023795,0.018060944723801375,1289
2026-09-30,FR0000120404,AC.PA,EUR,45.84999847412109,45.84999847412109,-0.004343121959891394,-0.013129587222816763,-0.04855779662319726,0.03770103927218549,0.19464817508436807,0.2098950434262691,-0.08348642605549494,-0.2065086535708529,-0.003780677105527097,-0.007842091801385398,0.012499875520357806,1289
2026-09-30,FR0000120503,EN.PA,EUR,41.630001068115234,41.630001068115234,-0.03745662270253791,-0.05062708057597831,-0.09813688895735218,-0.1759322535605845,0.19250360837255426,0.2301040539854898,-0.15813952627246375,-0.21452828173367477,-0.04816340836827271,-0.08840079364013331,-0.11809616053215088,1289
2026-09-30,FR0000120578,SAN.PA,EUR,72.63999938964844,72.63999938964844,-0.006428685771841969,-0.05857962750046575,-0.036221351432250026,-0.05330412428640374,0.1917092946593389,0.2555898392843818,-0.10573069496797893,-0.165569691874061,-0.017966992598113407,-0.03856844453324526,-0.03954031335161834,1289
2026-09-30,FR0000120644,BN.PA,EUR,58.70000076293945,58.70000076293945,-0.026856746354124605,-0.08652351678270842,-0.197868262938668,-0.10056275569442508,0.18779582490384572,0.19288553688734783,-0.197868262938668,-0.2368342483177014,-0.04300758350038392,-0.09434822919392227,-0.12622413116451414,1289
2026-09-30,FR0000120693,RI.PA,EUR,60.65999984741211,60.65999984741211,0.01778525839646261,-0.039277788505061584,-0.019053428325961907,-0.056125765096646796,0.1980787660118769,0.25319276265225116,-0.16496016104185063,-0.31613160066066215,0.006838402694540946,-0.057565268950441006,-0.08138109513101277,1289
2026-09-30,FR0000120966,BB.PA,EUR,65.5999984741211,65.5999984741211,-0.026706276127704265,-0.032448443637344115,0.09882743108513048,0.18564000920015444,0.10608867530830067,0.21898398089246027,-0.04927538443302759,-0.14495416219181756,-0.019285407793365517,-0.011482486084396837,0.14848471339419445,1289
2026-09-30,FR0000121014,MC.PA,EUR,390.0,390.0,-0.017384716559819213,-0.11161731207289294,-0.1957104456403509,-0.17673825877080485,0.21969204281004207,0.2511103188222499,-0.2248062109548945,-0.3921800021421942,-0.04675775497007417,-0.11608921557269825,-0.20850746584406865,1289
2026-09-30,FR0000121147,FRVIA.PA,EUR,8.73799991607666,8.73799991607666,-0.03596648377738376,-0.021500602747777986,-0.002511451167848233,-0.16342746085415638,0.5146777292876356,0.4725899250775964,-0.13149413358756956,-0.42797438225722206,-0.0634813640221582,-0.045452970628054756,-0.18653661953679213,1289
2026-09-30,FR0000121220,SW.PA,EUR,55.34999847412109,55.34999847412109,-0.03234269692557423,-0.04404150232393467,0.0231053610953047,0.38861007593027486,0.2056096996455368,0.20816997857748415,-0.059473238585368904,-0.2701083367043837,-0.028009507676590273,-0.029066633401594766,0.1366423790368605,1289
2026-09-30,FR0000121329,HO.PA,EUR,224.5,224.5,-0.05948888617422643,-0.05314215849498782,-0.0393666969121943,-0.14771649945391363,0.2447763844180785,0.25638349632143465,-0.17432877881759035,-0.19003693992258464,-0.033993112147139515,-0.08493588050172252,-0.07015105825764578,1289
2026-09-30,FR0000121485,KER.PA,EUR,223.3999938964844,223.3999938964844,-0.017157981095078823,-0.10514720865919336,-0.06780722058778399,-0.1931873414423445,0.2922494141471955,0.47509069235224083,-0.23732285658697716,-0.3426324135629788,-0.044431400752887096,-0.11449004102121407,-0.13697393202511188,1289
2026-09-30,FR0000121667,EL.PA,EUR,145.60000610351562,145.60000610351562,-0.029009609424854088,-0.08254562757804551,-0.14024209710085722,-0.2719048691662608,0.31300910622346323,0.264443259128998,-0.1932675708760998,-0.5563296695825171,-0.002876279639305479,-0.07267049166603634,-0.24924381740124768,1289
2026-09-30,FR0000121964,LI.PA,EUR,35.47999954223633,35.47999954223633,-0.024738908726083086,-0.05437102586988973,-0.0022497701902446376,0.03487480408757371,0.13207233926671158,0.133043201896199,-0.11255627942781832,-0.11255627942781832,-0.03403213678372374,-0.06651232036921384,0.03174404233794981,1289
2026-09-30,FR0000121972,SU.PA,EUR,292.0,292.0,-0.004602031959867192,0.018308631211856996,0.10689921725531959,0.10846313520316597,0.35440167639764375,0.35635779915435584,-0.12524119680717438,-0.17762918089750313,0.010162162162162147,0.0036399140892116044,0.10335388570551962,1289
2026-09-30,FR0000124141,VIE.PA,EUR,30.809999465942383,30.809999465942383,-0.015654945145748833,-0.03356335392069343,-0.16049049521941527,-0.0905941115237785,0.09526341268889386,0.17704736840234608,-0.17883797734423668,-0.17883797734423668,-0.02272693028435213,-0.0731939302028547,-0.06435023736565582,1289
2026-09-30,FR0000125007,SGO.PA,EUR,69.04000091552734,69.04000091552734,-0.022650035220067588,-0.07971202339545502,-0.07946665445963541,-0.08466226504240915,0.21866804293082945,0.2800945028560239,-0.19289221210430096,-0.2782018825349041,-0.03024173000155561,-0.100502894530892,-0.10617895695298318,1289
2026-09-30,FR0000125338,CAP.PA,EUR,104.4000015258789,104.4000015258789,-0.016022591637047334,-0.00666029456141759,0.14851484899212686,0.029209061126092672,0.4069587351472694,0.41328252608940863,-0.09201077073251984,-0.41502642376831267,-0.00812311432660573,-0.011122020872658234,-0.016676068860544624,1289
2026-09-30,FR0000125486,DG.PA,EUR,106.9499969482422,106.9499969482422,-0.03561771436689254,-0.04166668090911474,-0.09556027950746548,-0.18663276763777648,0.1894922937259409,0.19976861475484695,-0.15654578569223798,-0.22634408720837806,-0.04061360541946624,-0.08355543866403436,-0.12837797382366922,1289
2026-09-30,FR0000130452,FGR.PA,EUR,100.1500015258789,100.1500015258789,-0.054296505355525104,-0.06576488454348695,-0.15875683361101622,-0.2588934852620599,0.21755530837812087,0.23590390740763617,-0.20262736669925963,-0.28927704952914846,-0.06147501348451334,-0.12296063840407878,-0.18992162097048593,1289
2026-09-30,FR0000130577,PUB.PA,EUR,94.5199966430664,94.5199966430664,-0.030961700267732817,-0.048903207332141485,0.10991066907529512,0.29462060928523104,0.2864233495666945,0.26839701068424937,-0.09202691615251313,-0.23345260324938366,-0.03530844256496435,-0.03622028690737411,0.13552939531069041,1289
2026-09-30,FR0000130809,GLE.PA,EUR,69.55999755859375,69.55999755859375,-0.03723186770112452,-0.04068410551270296,-0.02440400306716628,-0.026027215655919145,0.2770843991378674,0.28658510311729823,-0.174166036016574,-0.20391642461152326,-0.046352559782113056,-0.08927611439136507,-0.028877009175245272,1289
2026-09-30,FR0000131104,BNP.PA,EUR,95.0,95.0,-0.020315573846590107,-0.07856448684773021,-0.033275636051394164,0.07361079556599592,0.2050943409643646,0.2257837784814696,-0.15780144122505335,-0.16230769765321973,-0.05404132610159451,-0.0953594733109947,0.017616159507678253,1289
2026-09-30,FR0000131906,RNO.PA,EUR,25.899999618530277,25.899999618530277,-0.026315817778224115,-0.06464430772855023,0.026148964080710657,-0.1015828256781186,0.35346300802592645,0.33347371094349765,-0.12853296712923268,-0.2784341010453456,-0.074537284283409,-0.07733304102378125,-0.08765088556707423,1289
2026-09-30,FR0000133308,ORA.PA,EUR,13.704999923706056,13.704999923706056,-0.025248967661148924,-0.11751447782645752,-0.140752345605358,-0.20922584357866392,0.2916540182685565,0.2758433816891427,-0.212356308955846,-0.24994611057160776,-0.0838597614062988,-0.12591203911022308,-0.15708581418611234,1289
2026-10-01,FR0000172041,XED2.F,EUR,466.93499755859375,466.93499755859375,-0.030096159173371273,,,,,,-0.0408467389722168,-0.0408467389722168,,,,10
2026-09-30,FR0000172124,0P00000GPO.F,EUR,55.720001220703125,55.720001220703125,-0.014851487485722736,-0.03931032378098065,-0.05703162841737064,-0.034650033917231426,0.06563220645399828,0.05373129357722202,-0.059062475367314016,-0.06538919305080049,-0.01727526784557687,-0.031040759120469552,-0.041382919541283814,1236
2026-10-01,FR0000284689,CL54.F,EUR,33.29399871826172,33.29399871826172,0.002770888949016559,,,,,,-0.008782696045668725,-0.008782696045668725,,,,10
2026-09-30,FR0000292302,0P00000PYA.F,EUR,569.9199829101562,569.9199829101562,-0.005583494266984901,-0.008127610517136952,-0.001961325231652822,0.07757750595649293,0.07684186338368747,0.07544417994309095,-0.030280271035459383,-0.06867224362644508,-0.003290504673652328,-0.008062999256660985,0.024865162326971113,1248
2026-09-30,FR0000295230,0P00000PM8.F,EUR,229.0200042724609,229.0200042724609,0.001749668287187145,-0.014459077974656287,-0.028011166206178828,0.06649901468756081,0.1177857851663646,0.1175989358288818,-0.06315477183689933,-0.16301981420780265,0.00776219456189553,-0.007087625870284442,-0.008050313026474076,1268
2026-09-30,FR0000299356,0P00000JPU.F,EUR,289.9100036621094,289.9100036621094,-0.017287569691507798,-0.044368235724428606,-0.03536968317222777,0.038768882676536665,0.11246693562222294,0.10611102229962625,-0.05726452256987946,-0.10168187143662966,-0.018907117357038872,-0.029216907852844143,-0.004237071300990047,1236
2026-09-30,FR0000422859,0P00000PLK.F,EUR,903.6799926757812,903.6799926757812,-0.005053592826764874,-0.032949135865945944,-0.03718385622812781,0.060644807358976704,0.11947096443802646,0.1142967111454543,-0.05913649458409431,-0.11875263294966842,-0.006655249940421326,-0.02057903346759482,-0.004453134290926752,1246
2026-09-30,FR0000438905,0P00000QF5.F,EUR,493.8599853515625,493.8599853515625,0.001256984691960783,0.008350851276386573,0.03411013626801007,0.23289306818180067,0.11889639676157653,0.10068255025336662,-0.0324187350522257,-0.08915819628885746,0.008514541514048846,0.013740252584307777,0.09349481911921154,1194
2026-09-30,FR0000447807,0P00000RUS.F,EUR,215.9600067138672,215.9600067138672,0.0029257645356208783,0.01642587411452423,0.0329554653861166,0.18464071913675606,0.11482137460062417,0.10647073595048102,-0.04078916959911527,-0.08659418215219217,0.01110315990459565,0.013793937688670654,0.08672628318700348,1247
2026-10-01,FR0000974149,ODAB.HM,EUR,740.8510131835938,740.8510131835938,-0.0010288377433746998,,,,,,-0.008305268598347681,-0.008305268598347681,,,,10
2026-09-30,FR0000975880,0P00000MML.F,EUR,421.9599914550781,421.9599914550781,-0.017761132586549322,-0.039624926270775074,-0.06281094392476239,0.012380047536547423,0.1275871170915181,0.12225151764569357,-0.09068187293115726,-0.12650891219419702,-0.018615531730616808,-0.04725952602594219,-0.03916252617795135,1247
2026-09-29,FR0000980427,0P00001O87.F,EUR,2567.260009765625,2567.260009765625,-0.005069129525361427,-0.018481452089690986,-0.027678282225902184,0.012765832446462788,0.0457387753232116,0.04390679451759086,-0.030913117713922467,-0.04381792125829931,-0.006447951962011644,-0.016426723201276805,-0.006493875993861642,1249
2026-09-29,FR0000987950,0P00000NYV.F,EUR,668.3400268554688,668.3400268554688,0.005884794820807393,0.0181591728704944,0.0013035135519687824,0.14361502638179768,0.15605632046747708,0.22073644812773655,-0.10217496300435924,-0.10217496300435924,0.008011764061712778,0.022890106129060506,0.11998764283530439,1125
2026-09-30,FR0000987968,0P00000NZ3.F,EUR,496.1300048828125,496.1300048828125,0.042333697700307704,0.0539363877621617,-0.0029741775935311354,0.282055896422879,0.20596011388866,0.2770238366665512,-0.13604509813721777,-0.16322176981876269,0.03964930183036053,0.04839040999132194,0.15900867379527583,1163
2026-09-30,FR0000988057,0P00000NZ7.F,EUR,863.780029296875,863.780029296875,-0.0073205710951704805,0.015399488331550026,0.025197367291545092,0.21556439484061363,0.11421642143957066,0.10824502626469146,-0.03313392419228933,-0.07747073986381181,0.01134306942635721,0.016349299416076324,0.08583768969420347,1205
2026-09-30,FR0000989915,0P00000QLD.F,EUR,1516.9000244140625,1516.9000244140625,-0.02802695677659417,-0.08175739104886659,-0.13848231060947458,-0.10236228606110143,0.1311733408931495,0.12590575306288382,-0.15216722817258466,-0.19708877892599574,-0.04239707556104644,-0.09467807460055577,-0.11359125758418986,1247
2026-09-30,FR0006174348,BVI.PA,EUR,26.86000061035156,26.86000061035156,-0.012136811961173222,-0.015034830969186452,-0.0037091423411319546,0.0016463206021950505,0.19269632121511382,0.2304725883669519,-0.0922446436868195,-0.13772048651286128,-0.018292770406588055,-0.026155283870845425,0.008777573629142887,1289
2026-09-30,FR0007023692,0P00000C3O.F,EUR,377.7699890136719,377.7699890136719,-0.008139276244540583,-0.02210662058681656,0.005188605320234574,0.06645393472393368,0.08873143584425745,0.07808744246717146,-0.03241593433027423,-0.057652550446265716,-0.014104567253128475,-0.013931378212911016,0.0337703888621137,1228
2026-09-30,FR0007028543,0P00000PY3.F,EUR,106.3499984741211,106.3499984741211,-0.006910055925622438,-0.02556350495812776,-0.04266808911715492,0.04213616162443845,0.09987842436381328,0.08404470385750511,-0.045613735348593254,-0.07215834198969395,-0.009315341441966551,-0.022942268490995343,-0.008394400107679112,1209
2026-09-30,FR0007052782,CAC.PA,EUR,80.63999938964844,80.63999938964844,-0.018141944643831343,-0.0343671736698099,-0.031234965651684043,-0.02005105732800605,0.11006663812546917,0.10508057130199296,-0.08384455277071756,-0.10850611902089558,-0.020461715597733132,-0.04492998605352294,-0.019448106344230776,1289
2026-09-30,FR0007054358,MSE.PA,EUR,71.44999694824219,71.44999694824219,-0.0039036162775299976,-0.01339410722491674,0.012039638703854383,0.06641786489913715,0.11731394831811204,0.11286409047622904,-0.04902228077396764,-0.10843727157026495,-0.005926908922271101,-0.01690189747912485,0.04225846764898056,1289
2026-09-30,FR0007061882,0P00000O6Y.F,EUR,689.760009765625,689.760009765625,-0.011847655808705504,-0.030773071699029764,-0.02033860779547081,0.10497738229052511,0.12642584033921056,0.11869297331569334,-0.04723093529341038,-0.12151241584563843,-0.012650332755278049,-0.021754661254344554,0.017348294892068017,1247
2026-09-30,FR0007062567,0P00000K4N.F,EUR,579.239990234375,579.239990234375,-0.0034580813172042646,0.00923439343907706,0.02110101061398617,0.18176068029637826,0.16929516553533203,0.14623370419329196,-0.07313298381321787,-0.17320314463395015,0.017039305042481523,0.016459454066497292,0.061856749713865566,1202
2026-09-30,FR0007064324,0P00000H22.F,EUR,512.6599731445312,512.6599731445312,-0.01267240045758733,-0.06104510647811745,-0.027118395922696492,0.03653526545307573,0.10391249319411282,0.10956302466891962,-0.07836409322331461,-0.10149436880129137,-0.03362687943190279,-0.05039649877494745,-0.038643519577295726,1240
2026-09-29,FR0007072160,0P00000IK7.F,EUR,172.86000061035156,172.86000061035156,-0.0029992170828025966,-0.00928470401682735,-0.013750234514532056,0.007107907393622881,0.02372601602228386,0.019972050092063005,-0.015104931135409005,-0.025147919362124238,-0.00371747035353287,-0.008707495027066248,-0.006153898989833428,1248
2026-09-30,FR0007076930,0P00000NME.F,EUR,545.1300048828125,545.1300048828125,-0.020607206622764385,-0.04680891482506422,-0.0331488812007672,0.06414582954050463,0.1016447866996576,0.10257538032122852,-0.08098855203639,-0.08584313776124475,-0.0269245388200664,-0.047714034736756616,0.009174271006025192,1240
2026-09-29,FR0007374145,0P00000QRC.F,EUR,514.5700073242188,514.5700073242188,-0.0762422310397266,-0.0835796841955142,0.19187917038390445,0.14910679176284325,0.40013704336306694,0.45088638668566405,-0.13749319857150089,-0.3714610457589358,-0.043667497936119126,0.010984748801699418,0.027919462238270132,1175
2026-09-30,FR0007382965,0P00000MUL.F,EUR,3564.18994140625,3564.18994140625,-0.004683107243360407,-0.007266867118366438,-0.005544024615284027,0.05437556279645661,0.049470150181575676,0.04603710104642868,-0.024007435772887664,-0.05346302661329583,-0.0023156426176581535,-0.007229692712303559,0.015991749295632074,1246
2026-09-29,FR0007390174,0P00000FNC.F,EUR,103.04000091552734,103.04000091552734,-0.07446331428348985,-0.024796542265515642,0.13655412258263655,-0.022019738813443768,0.3722066974687202,0.43118501720733843,-0.12840498662045707,-0.33703705023274577,-0.04318393296224077,-0.0016877461711056752,0.024986542091972375,1251
2026-09-29,FR0010004085,0P00001NLH.F,EUR,994.3300170898438,994.3300170898438,-0.011845945749223596,-0.001125114373854208,0.02397407918184169,0.17311237108339128,0.1095280133623042,0.11295890200650256,-0.0345192340392364,-0.0930771863389761,0.00075486146803172,0.0036760433082434485,0.06208572295364889,1211
2026-09-30,FR0010058529,0P00000QIF.F,EUR,1167.949951171875,1167.949951171875,-0.010262280579436234,-0.016106881634868397,-0.0479781747871747,0.10213073591218569,0.1469831531486239,0.14445907190592558,-0.07672122846149532,-0.16355001019165538,-0.0050054708420989025,-0.02280987209960439,0.005957107770346859,1249
2026-09-30,FR0010086512,0P00000G8V.F,EUR,336.6300048828125,336.6300048828125,-0.017253469710631797,-0.05121190398901232,-0.05030183096002605,0.043167003869972964,0.1347667561733935,0.12677660171295174,-0.08660964310786301,-0.11388989985918296,-0.023663733638824458,-0.0476036724177602,-0.02740613787469981,1241
2026-09-30,FR0010097683,0P00000CGO.F,EUR,583.1799926757812,583.1799926757812,-0.0066937929414161434,-0.012379545258154656,-0.006812221209670288,0.06048154422324181,0.08254543577456674,0.07805079494595747,-0.024798944578964477,-0.08550661982129948,-0.010949977415491752,-0.00985426624255592,0.008048056191624298,1237
2026-09-29,FR0010128587,0P000015L9.F,EUR,697.4299926757812,697.4299926757812,-0.012865915478940892,-0.017399808548189233,-0.039921259161092015,0.05245448060431879,0.14597063054579681,0.13740961717669292,-0.07241498930465418,-0.09552951169543256,-0.0038799165593857987,-0.014186136510306202,-0.003423077724480472,1233
2026-10-01,FR0010135103,Y9U6.F,EUR,844.0499877929688,844.0499877929688,-0.003666406240318665,,,,,,-0.010894342592280948,-0.010894342592280948,,,,10
2026-09-30,FR0010147603,0P000018HU.F,EUR,437.7099914550781,437.7099914550781,-0.005023690455536189,-0.01792690269939179,0.003415685273956859,0.07305530025111473,0.0677083404500332,0.11089363334182828,-0.039956885578391055,-0.06154886324087783,-0.0029839305680952055,0.001797548293922313,0.03176133458180619,1249
2026-10-01,FR0010149120,Y9U4.F,EUR,1906.4010009765625,1906.4010009765625,-0.00287410775921626,,,,,,-0.004180880996284775,-0.004180880996284775,,,,10
2026-10-01,FR0010149302,Y9U3.F,EUR,1910.1700439453125,1910.1700439453125,-0.011041645349884832,,,,,,-0.023815523583374132,-0.023815523583374132,,,,10
2026-09-30,FR0010156604,0P00001BB3.F,EUR,250.72000122070312,250.72000122070312,0.0010780765651865476,-0.0075604782693780015,-0.0034579877175208162,0.027667336009453702,0.044496000664144886,0.031277477215376645,-0.015730978957441466,-0.02863110837153171,-0.002355630818129728,-0.005271199006927629,0.010925354109465824,1249
2026-09-30,FR0010158048,0P00001BW0.F,EUR,324.6600036621094,324.6600036621094,-0.007611157820051395,-0.02057441504217894,-0.038614178482550776,0.10643087539055696,0.10062151989122703,0.10579322557800187,-0.06124416353536166,-0.12274891322971371,-0.004353211769244525,-0.01946925605964167,0.012908780230918016,1249
2026-09-30,FR0010174144,0P0000M6PZ.F,EUR,252.67999267578125,252.67999267578125,-0.011578808953740971,-0.047891862056276824,-0.035462108262904746,-0.028191288083297628,0.05687559693171719,0.08235594239212322,-0.06945575339046417,-0.07384152486145013,-0.02374760505240925,-0.04070514374700018,-0.028171630819829763,1057
2026-09-30,FR0010177899,0P00000PNB.F,EUR,89.30000305175781,89.30000305175781,-0.0014536201830969153,-0.011621421583798197,-0.024043682494450103,0.027854579590754325,0.0474553003035277,0.04562469304182971,-0.026935590768915052,-0.046937452596716,-0.004165080976029745,-0.012746913053654052,-0.00018078011225364232,1247
2026-09-30,FR0010208488,ENGI.PA,EUR,22.809999465942383,22.809999465942383,-0.03510998075869243,-0.04600587153867275,-0.14824500070617486,-0.16743717598021512,0.1520593599212291,0.20315248934847416,-0.17920119775175836,-0.1885825323031639,-0.03931604752330198,-0.08837307921061277,-0.10717413983348223,1289
2026-09-30,FR0010220475,ALO.PA,EUR,14.954999923706056,14.954999923706056,0.008428860461434429,-0.04593303083048017,-0.038263682297787094,-0.3452276784677877,0.2979927447982194,0.27018072511616903,-0.1409157685505299,-0.5127345882204348,-0.03311836279844116,-0.0613643677899931,-0.2590408927676078,1289
2026-09-30,FR0010221234,ETL.PA,EUR,1.5820000171661377,1.5820000171661377,-0.1057094576563763,-0.10898340496633063,-0.36261081972664855,-0.3352941423963911,0.42687896686398524,0.41128694221669343,-0.36261081972664855,-0.6492239607805157,-0.11159779279336435,-0.17540173029372774,-0.3145127571374503,1289
2026-09-30,FR0010229187,0P00000FV4.F,EUR,322.25,322.25,-0.004479493828699166,-0.01576006720745937,0.01088525388666417,0.1229788458174188,0.09950521995372265,0.10862732221109607,-0.040434204459219525,-0.07929475665366614,-0.003984068254546447,-0.0051076781206284005,0.04281377320212054,1243
2026-09-30,FR0010230490,0PP1.MU,EUR,684.1090087890625,684.1090087890625,-0.018527367497006342,-0.04533248341066565,-0.06151191769228115,-0.04871235801904372,0.06952893683133099,0.048122130458178404,-0.06151191769228115,-0.06956858838666835,-0.022442238081868737,-0.038322173803130744,-0.05070555858219916,217
2026-09-30,FR0010261198,MEU.PA,EUR,243.4499969482422,243.4499969482422,-0.008148299143885263,-0.01536907199902049,0.0016457267700555889,0.044311951129982985,0.10021402151875054,0.0830924190376497,-0.03686089155476535,-0.09773398341024497,-0.008834799712878594,-0.01826761694878498,0.0307407876724739,1289
2026-09-30,FR0010286013,0P00000EUQ.F,EUR,488.8599853515625,488.8599853515625,-0.006079131269389193,-0.020516971802699846,-0.005512992925276072,0.02900563940552514,0.06326040552523574,0.05731328472138013,-0.031782221255196585,-0.06016847910817125,-0.013973742053738691,-0.01619539355816957,-0.0062341887767943804,1230
2026-09-30,FR0010307819,LR.PA,EUR,141.60000610351562,141.60000610351562,0.02497294505576564,0.05239689997662711,-0.003869066595734494,-0.035840027894451953,0.4315016118225282,0.31249007392934747,-0.09461834348045528,-0.18306531519533542,0.022807333230037363,0.03315437744973271,0.0189780592240143,1289
2026-09-30,FR0010313833,AKE.PA,EUR,55.5,55.5,-0.034782608695652195,-0.07268168061862201,0.015553494060170925,-0.024676195201356,0.15830165083753225,0.25060470672374435,-0.109863651030629,-0.22841862264948765,-0.03196267194378266,-0.05597795188933452,-0.007021610403143419,1289
2026-09-30,FR0010315770,WLD.PA,EUR,435.1499938964844,435.1499938964844,0.0005978045926324782,0.018681040845344832,0.03742992307198678,0.13040649460339493,0.0933835538311821,0.09363781646737232,-0.030554849535535222,-0.06579517880427155,0.012452348147387049,0.01586631709245112,0.0820287804830162,1289
2026-10-01,FR0010321828,EHQ1.HM,EUR,369.5369873046875,369.5369873046875,0.009727380841794364,,,,,,-0.01188245815572242,-0.01188245815572242,,,,10
2026-09-30,FR0010340141,ADP.PA,EUR,107.3000030517578,107.3000030517578,-0.019195598216005028,0.006566647163757988,-0.020091296330979058,-0.019225624831063715,0.280467509615755,0.3186097094396264,-0.13739838638925939,-0.23520484593542768,-0.015099334741237924,-0.03207762195664876,-0.011417274656542076,1289
2026-09-30,FR0010363366,0P00006A6D.F,EUR,348.42999267578125,348.42999267578125,-0.0039165099056502894,-0.006076006668320533,-0.02575221338616085,0.050183838560925675,0.0461346454374929,0.050489468564080674,-0.029163468197517473,-0.06620432661115794,-0.002985945733780526,-0.009164746659256484,0.009526929534223516,1246
2026-09-30,FR0010375600,0P00006TTL.F,EUR,287.4700012207031,287.4700012207031,0.0001391940505213185,-0.008313797507639942,-0.04409273860674923,0.07909162089698074,0.1335710328760769,0.13103629098593236,-0.07005546642478755,-0.11891872079739285,0.005480884577785172,-0.011114511972801555,0.007385878066900942,1249
2026-09-30,FR0010380675,0P00007ZHT.F,EUR,3170.969970703125,3170.969970703125,-0.01646684209529936,0.012972904677952757,0.05696530362612795,0.23788158139902804,0.0815353125951989,0.1265738273035497,-0.0328478637587033,-0.08934768111999025,-0.00458552837882531,0.01690788088804207,0.12222452273443607,1212
2026-09-30,FR0010400762,0P0000KOPQ.F,EUR,259.54998779296875,259.54998779296875,-0.0011161043296227247,-0.0005776835079349674,-0.018974257823178742,0.0355489483921867,0.06617358603487668,0.06671332032041351,-0.030162190593845284,-0.05504625658299789,0.0005512132936393854,-0.001393593353720246,0.014771317121290428,1222
2026-09-30,FR0010411983,SCR.PA,EUR,31.81999969482422,31.81999969482422,-0.014860667293316365,-0.07176193617481552,-0.0006281550775070199,0.03193383536892114,0.23568120776115575,0.19756939778108878,-0.08246829830404367,-0.18987342828689058,-0.02973014206656266,-0.04994506725659098,0.04949846842358796,1289
2026-09-30,FR0010415448,0P00008IB9.F,EUR,562.2000122070312,562.2000122070312,0.03516854627085397,0.01487470197764873,-0.03902366707104299,0.2970055444328019,0.20203610404864247,0.27296128120289526,-0.12336278519820809,-0.15046376283067087,0.03337232854023786,0.028759167911970307,0.13239815521072762,1170
2026-09-30,FR0010451203,RXL.PA,EUR,35.2599983215332,35.2599983215332,-0.055198322350916595,-0.004798249567549262,-0.044185445787039535,-0.03361915348389444,0.3682868405069666,0.29062236518933604,-0.1111959037333462,-0.16975636676009265,-0.02840928820713884,-0.03198889213176814,-0.006973623779554461,1289
2026-09-30,FR0010533075,GET.PA,EUR,18.420000076293945,18.420000076293945,-0.01180253865655545,-0.0037858137204285214,0.0005431954896644164,-0.009635593859103508,0.10812714172745302,0.12601042918287317,-0.0530927216262963,-0.07211297161310692,-0.0068206906349321805,-0.012734747867505725,0.041737313606108106,1289
2026-09-30,FR0010546903,0P00000PUS.F,EUR,76.12999725341797,76.12999725341797,-0.01513590882469229,-0.02372410905200517,-0.017677454794606806,0.09586866151846363,0.13292136754490244,0.11393525109621262,-0.042979533527988334,-0.11959289705296672,-0.010296176514565825,-0.019534637310771763,0.006864047041112764,1244
2026-09-30,FR0010546929,0P00000MHU.F,EUR,40.27999877929688,40.27999877929688,-0.01080556061433846,-0.029163722589047314,-0.008858282868066447,0.17950210774581254,0.11739060865486188,0.1100467217479664,-0.04368471508186589,-0.09560373294814584,-0.01973671134178978,-0.02738677079103391,0.058509694354584196,1239
2026-09-30,FR0010557967,0P0000ADK9.F,EUR,197.92999267578125,197.92999267578125,-0.0018659121042977622,-0.00587651126000488,-0.00955766461724683,0.09826873451959361,0.07056528534020774,0.08753494373235932,-0.03502118244865027,-0.07679091971778229,-0.000507530871096229,-0.005854512120492594,0.034031635918394754,1249
2026-09-29,FR0010564351,0P0000J3CO.F,EUR,202.77999877929688,202.77999877929688,-0.012803684513528757,-0.013620016669028234,-0.02071767225180432,0.06100881100881095,0.0704810605962391,0.07124294809719058,-0.03237068132455978,-0.06353414906261601,-0.007087687087574124,-0.013049670065778063,0.01053541602836372,1240
2026-09-30,FR0010592022,0P0000D2MT.F,EUR,130.97000122070312,130.97000122070312,-0.0062219599909181245,-0.008028459959055656,-0.01622476964536068,0.09351260659223781,0.10441512080844845,0.0967618878840114,-0.05379817857654812,-0.08556696470410918,0.0008138269520978625,-0.012300053864039429,0.026936608253050887,1250
2026-09-30,FR0010601971,0P0000KWR3.F,EUR,339.44000244140625,339.44000244140625,-0.012825370317957052,-0.025073988711380224,-0.04329195569342936,0.029073809793658256,0.06618975132129874,0.0651847661314837,-0.05353561070382051,-0.0711168777125627,-0.01241894867785509,-0.030808874675673947,-0.008566095646659111,1245
2026-09-30,FR0010611293,0P0000GBJZ.F,EUR,1868.3900146484373,1868.3900146484373,-0.003084047424377623,-0.013380981492430277,-0.028504400144818254,0.008120500882558446,0.05021970677910921,0.04418856860546864,-0.030033127395757142,-0.046674149360825035,-0.004583920710520051,-0.01449538544593909,-0.011989386350487963,1245
2026-09-29,FR0010616177,0P0000HR6L.F,EUR,181.7400054931641,181.7400054931641,-0.017621591928842717,-0.027243998758258003,-0.027868368762372864,0.04370298281145191,0.10069278443286833,0.08941445815102118,-0.046584775215025354,-0.09792365079112963,-0.013229131835248431,-0.02586540328470699,-0.0006938866830816792,1240
2026-09-30,FR0010651224,0P0000HR5T.F,EUR,4558.259765625,4558.259765625,-0.018652745708262253,-0.06441385282079448,-0.05735776277724203,0.02294194280507167,0.1027627435965626,0.12862507627190095,-0.10152682335277474,-0.1305381968790127,-0.03021805767178498,-0.05746377270339187,-0.029270279299834945,1250
2026-09-30,FR0010657122,0P0000HX49.F,EUR,1324.8599853515625,1324.8599853515625,-0.01633428881938126,-0.02996804233470063,-0.06413972750225982,-0.024748244803421193,0.11136561334893512,0.10489250572542784,-0.07181740551944904,-0.10558753610008986,-0.015350641380496466,-0.038615325829392755,-0.042533367058933624,1247
2026-09-29,FR0010668145,0P0000IT7S.F,EUR,683.3200073242188,683.3200073242188,-0.009063619260721967,-0.005790747183817557,-0.04537577678493088,0.05150424404971776,0.10671766389190993,0.12240691230214304,-0.06995667126656246,-0.10189111228019454,0.002215438772674716,-0.019413117290396076,-0.003663925669154966,1240
2026-09-30,FR0010679902,0P0000IKS1.F,EUR,415.7099914550781,415.7099914550781,-0.01000217229978373,-0.056855044996760085,-0.048805639467333406,0.019096827247785386,0.10722649935232731,0.10584190705450146,-0.08743963078152817,-0.13823713827402528,-0.022148742997815996,-0.05223202116500281,-0.044876312215673564,1250
2026-09-30,FR0010687749,0P0000HRVB.F,EUR,354.54998779296875,354.54998779296875,-0.0013520293721053234,-0.015494452042837947,-0.03908180442861775,0.09989136367229601,0.12724032708943603,0.116170644583983,-0.05663693095460853,-0.10297291465046632,-0.0002721310247141284,-0.013990768622035521,0.024481622174521434,1248
2026-09-30,FR0010689141,0P0000IKSO.F,EUR,1967.739990234375,1967.739990234375,0.0020624685917700614,-0.03222888680175506,-0.004668750970186597,0.07563805872322926,0.08920574655690405,0.11134719646400026,-0.05233025945893832,-0.11447905426548899,-0.006119641793634667,-0.01838928164594289,0.00039977324697293426,1250
2026-09-30,FR0010697482,0P0000J0GI.F,EUR,142.5,142.5,0.0007725304503340968,-0.0019610504390722427,-0.0024501651281834125,0.008563994418322007,0.010141512220018278,0.008301971800028807,-0.003987738313159794,-0.009263859031025667,-0.00029463801208884366,-0.0013847428969698816,0.0018236696948157327,1248
2026-09-29,FR0010697532,0P0000JC17.F,EUR,216.82000732421875,216.82000732421875,-0.004545201071905036,-0.009954304455622176,-0.015304941549670326,-0.004545201071905036,0.01292439263316732,0.011042996380976909,-0.015304941549670326,-0.016377015249790627,-0.005070514703270801,-0.009206906649074198,-0.009206910794201661,1248
2026-09-30,FR0010700823,0P0000IVLV.F,EUR,1449.260009765625,1449.260009765625,-0.0002690405559060416,0.01587681612117753,0.03239086290531845,0.14753782721947584,0.11607513134306512,0.10921804826734824,-0.038700809851986206,-0.10079621358980673,0.01137434496006029,0.013453229085563567,0.06526637177489847,1211
2026-09-30,FR0010702084,0P0000KU3M.F,EUR,249.13999938964844,249.13999938964844,-0.0047537348008704905,-0.0286560533532334,-0.055321772224989796,0.05706647209860294,0.11106710290354165,0.10095504426325583,-0.06869738214395071,-0.11380472679777409,-0.006167074166653186,-0.02750117611347702,-0.007389797395814468,1249
2026-09-30,FR0010751008,0P0000KM3H.F,EUR,1498.1099853515625,1498.1099853515625,-0.0010202643847387893,-0.020433384094861395,-0.037352853832048005,-0.01179427634614405,0.05238118087372987,0.03819442563544975,-0.0422364036917281,-0.0431709631640359,-0.006583394496803452,-0.01929106188553875,-0.02548584557214273,1249
2026-09-30,FR0010752543,0P0000KTWR.F,EUR,416.7300109863281,416.7300109863281,-0.00420554682099139,-0.016101940746541366,-0.026308978025118557,0.0011772553417492837,0.03450941606425609,0.026428583751411307,-0.027921170966893616,-0.027921170966893616,-0.007772696405312196,-0.015539017942703293,-0.014670908340347677,1250
2026-09-30,FR0010784348,0P00001NRR.F,EUR,1135.239990234375,1135.239990234375,-0.023751780493880603,-0.05095340552707017,-0.06682891332600704,0.013299556267416301,0.11521542380410883,0.11817226000105407,-0.1013694717359841,-0.11998356423860601,-0.03248172405797067,-0.0613260413501,-0.03437223545753587,1249
2026-10-01,FR0010836163,69X3.MU,EUR,3034.10009765625,3034.10009765625,0.0,,,,,,0.0,0.0,,,,10
2026-10-01,FR0010858498,0PP0.MU,EUR,548.27001953125,548.27001953125,0.0,,,,,,0.0,0.0,,,,10
2026-10-01,FR0010859769,EHQ8.MU,EUR,511.2200012207031,511.2200012207031,0.01067572222983082,,,,,,-0.0064036680561671,-0.0064036680561671,,,,10
2026-09-30,FR0010896944,0P0000P2U7.F,EUR,144.17999267578125,144.17999267578125,-0.012262852161078142,-0.028502195822046827,-0.019983704044201578,0.08741229849916299,0.11220488372404688,0.10186713833521269,-0.043328337516987836,-0.09251694310225123,-0.019410518771071694,-0.02736838404800812,0.03368615889449322,1250
2026-09-30,FR0010908533,EDEN.PA,EUR,27.59000015258789,27.59000015258789,-0.003251450563425795,-0.07416104500178,0.19488956129329638,0.573741801833578,0.2761690996027729,0.28621173636272224,-0.10153947958559117,-0.41323413035555057,-0.03174296154918499,-0.03701169336181842,0.27953978161755244,1289
2026-10-01,FR0010909531,ROY2.MU,EUR,294.95001220703125,294.95001220703125,6.787892634574355e-05,,,,,,0.0,0.0,,,,10
2026-09-30,FR0011034131,0P0000VH9P.F,EUR,494.0299987792969,494.0299987792969,-0.0032684255767908565,-0.01730553580830063,-0.0017377919207999248,0.08152540453544699,0.09574351627224516,0.09475595877439223,-0.041049233571808674,-0.08317117171309074,-0.002238765820378963,-0.011927749235845386,0.03394611334882547,1250
2026-09-30,FR0011069137,0P0000TV0S.F,EUR,296.2900085449219,296.2900085449219,-0.007204107622625022,-0.008433415997661453,0.0218658253870454,0.13957695594200725,0.11532772957264534,0.11710765707242607,-0.03883555398547767,-0.10720976035915342,-0.003931599349385473,-0.001101052932100277,0.043062024106619745,1213
2026-09-30,FR0011153014,0P0000UUVR.F,EUR,266.2900085449219,266.2900085449219,-0.010773037149162334,-0.018792165622313894,-0.015709321600373638,0.07748648216625176,0.07916665154389387,0.0769270007543495,-0.03556545336141015,-0.07922510462060839,-0.013892280622420872,-0.020364491921721628,0.028830585685601262,1247
2026-09-30,FR0011169341,0P0000V0BE.F,EUR,608.4199829101562,608.4199829101562,-0.002230388535824912,-0.006839592141159256,-0.03729490607197394,0.10447108810260408,0.12698262062718021,0.12374958407091503,-0.05687711868348344,-0.1248088989990811,-0.0010590273290018715,-0.014837217982457407,0.019829850842331576,1249
2026-09-29,FR0011170182,0P0000VOSS.F,EUR,1254.969970703125,1254.969970703125,-0.0640698898237324,-0.09168093179289116,0.017100647288155857,-0.11595682557328324,0.30196006616389504,0.2839160479875454,-0.11457842692700382,-0.3734400146634508,-0.05564244123578277,-0.04675829322725322,-0.1292710168964103,1191
2026-09-30,FR0011198332,0P0000VG0E.F,EUR,118.54000091552734,118.54000091552734,0.0010133655500552674,-0.0005058816135384836,0.00211344997941576,0.008936956939733065,0.006720180045162241,0.00415836935183537,-0.001938765344887683,-0.001938765344887683,0.0004810910762476084,0.0003088612208153041,0.006827990291759178,1248
2026-09-30,FR0011261197,0P00017SX2.F,EUR,3358.419921875,3358.419921875,-0.015111667336691004,-0.020834537470420966,-0.006120024617084829,-0.004847755195850123,0.10711945254049084,0.10489704431739123,-0.04762423020649931,-0.09957122066905022,-0.01299190954873497,-0.020680908434270617,-0.026286790635397295,1247
2026-09-29,FR0011271550,0P0000WJFT.F,EUR,311.0,311.0,-0.007847864231919632,-0.03810468589982585,-0.04656795833016014,0.07163781109217937,0.10294534870552356,0.1040243072202972,-0.06711625368249075,-0.1080676260275274,-0.01134882442155194,-0.034493119404109596,-0.0058499801839903,1250
2026-09-30,FR0011288513,0P0000XP79.F,EUR,134.1699981689453,134.1699981689453,-0.0038607488531834377,-0.015266068484805051,-0.02407621225966272,-0.0010423601533263716,0.0309594469296071,0.022944304843512085,-0.026403765906550025,-0.029187461979047202,-0.005945668038852658,-0.013769169670284076,-0.01529136198811254,1249
2026-09-30,FR0011350685,0P0000XRPO.F,EUR,1317.56005859375,1317.56005859375,-0.003041736099674286,-0.010439594694205412,-0.014812607278288481,0.002533862546502119,0.01926206120083895,0.014099820577297232,-0.016427743095282943,-0.01867545607765031,-0.004546728941083655,-0.009270511880640986,-0.008093733810172421,1247
2026-09-30,FR0011363746,0P0000YA5J.F,EUR,200.52999877929688,200.52999877929688,-0.0019410680529695634,-0.010412557326820338,-0.0201319093088832,0.009972277497386495,0.03590562670996812,0.02991894468073712,-0.020913749850692942,-0.031872118869212596,-0.003649427127385474,-0.010282642631033179,-0.007071029352322289,1238
2026-09-29,FR0011400712,0P0000Y520.F,EUR,933.6099853515624,933.6099853515624,0.0006001795894325923,-0.009295722286378538,0.03074763213838927,0.11398669138233086,0.13066635431976445,0.14281543986492254,-0.07302708876997388,-0.12448297538646003,0.01162389275330411,0.002532706451235267,0.03671514307491197,1193
2026-09-30,FR0011550193,ETZ.PA,EUR,20.940000534057617,20.940000534057617,-0.007582931019879169,-0.016439660235733622,0.0016742332581920483,0.03766106131757141,0.10168838182432552,0.0844286467270495,-0.03908047730895259,-0.09410045263958577,-0.008581386860193274,-0.019148590974785273,0.027754549528062666,1289
2026-09-30,FR0011586544,0P000115CR.F,EUR,3309.919921875,3309.919921875,-0.0005556223534310956,0.0022922536965788165,0.022776631252981794,0.18238869966504856,0.11242947355130793,0.10718688465518268,-0.03778567595914151,-0.11714410061051672,0.00422129864097931,0.004776149099339433,0.07299577992066086,1252
2026-09-30,FR0011631050,0P00011S1H.F,EUR,222.1100006103516,222.1100006103516,-0.015818823915677904,-0.027283856649976013,-0.04002245192660259,0.0426231135665629,0.12262460284288952,0.11168831383915578,-0.055730884726721386,-0.1151385532086443,-0.009834333000699913,-0.025541848990171645,-0.020477749633642683,1249
2026-09-30,FR0011694256,0P00014KUO.F,EUR,154.47000122070312,154.47000122070312,-0.0265927352434272,-0.07029788206346954,-0.11167978743521334,-0.04871291676470835,0.12410763688877699,0.11759472938212896,-0.1328243586905795,-0.15801812074703692,-0.03647148214393692,-0.08084099337457817,-0.08417312095379814,1249
2026-09-30,FR0011726835,GTT.PA,EUR,214.3999938964844,214.3999938964844,-0.0462633852939891,0.02681987913256134,0.10629510072414705,0.09055035820880475,0.25165545380325166,0.22546359049881298,-0.05550663481724938,-0.15003473389952182,-0.0210045940799799,0.028376247795590892,0.11803033888553127,1289
2026-09-30,FR0011950732,ELIOR.PA,EUR,1.7910000085830688,1.7910000085830688,-0.03709677698460878,-0.12889104398463314,-0.12377686539509303,-0.29764704232397343,0.2879102332752661,0.22256569682720506,-0.17146838593941893,-0.4032797716032931,-0.06701742653627829,-0.11722084633513896,-0.23948245136461588,1289
2026-09-30,FR0012333284,ABVX.PA,EUR,87.80000305175781,87.80000305175781,0.047732695159085514,-0.0915674944066237,-0.2809172469370105,-0.16934715622791763,0.4533978925061757,0.35572294161275836,-0.337266103035065,-0.4844771430760161,-0.049191833399586105,-0.12433798812305663,-0.139196668497237,1289
2026-09-30,FR0012355139,0P0001572S.F,EUR,127.37000274658205,127.37000274658205,-0.005465796342656537,-0.02015541684641131,-0.04634617344385705,-0.006396752314588805,0.08050242661463314,0.06625023720102013,-0.04844265752449339,-0.05565120950851987,-0.010087963121138244,-0.023254158299771732,-0.026897621815870854,1247
2026-09-30,FR0012435121,ELIS.PA,EUR,21.520000457763672,21.520000457763672,-0.03324347544965589,-0.0904479883114837,-0.18361153416237863,-0.1616967628817294,0.3416456573619269,0.2655584917263158,-0.2040971526382479,-0.2560284051549274,-0.04419274247959393,-0.09651198011178652,-0.13686557057749194,1289
2026-09-30,FR0012757854,SPIE.PA,EUR,42.2599983215332,42.2599983215332,-0.03954549269242724,-0.012233261996935307,-0.13715553842741213,-0.09223263619761513,0.2537883588150644,0.22612700825118623,-0.13715553842741213,-0.20037918105240293,-0.028978656963668303,-0.060264550127300476,-0.09891958989007255,1289
2026-09-30,FR0013176526,FR.PA,EUR,14.524999618530272,14.524999618530272,-0.02516778587924484,0.051393417279226083,0.19252867443344868,0.3422994665461254,0.3800629389782572,0.3445487523323724,-0.0942581587900383,-0.2740685965690174,-0.010524901710216694,0.0016826656890747138,0.1586726292924321,1289
2026-09-30,FR0013202132,0P0001AC1I.F,EUR,115.26000213623048,115.26000213623048,-0.00629360928514211,-0.015292617418692478,-0.020647465840486934,0.00017358792807864454,0.039642536773477996,0.026756986709813614,-0.023180740471726802,-0.027311290746644623,-0.005727873698757824,-0.012286840112420427,-0.012725089564674108,1241
2026-09-30,FR0013227113,SOI.PA,EUR,155.9499969482422,155.9499969482422,0.035180904523631096,0.39241068703787674,0.5858247178737619,1.1557921598422571,1.0163927584651782,0.9851776596928857,-0.19213484289047866,-0.5504682471501512,0.1017891883476949,0.2457701852356038,0.7055747721540198,1289
2026-09-30,FR0013254331,0P0001BGYT.F,EUR,418.2099914550781,418.2099914550781,-0.0042619251069568875,-0.007287332256728063,0.023118655112254194,0.1254608454927173,0.11146835240192579,0.1136091445948656,-0.036921992311737206,-0.11598420067942472,-0.0014290760940838254,-0.0018082691964963482,0.03728465926405433,1211
2026-09-30,FR0013269123,RUI.PA,EUR,35.220001220703125,35.220001220703125,0.004563600717197858,0.033450684518732565,0.12308675176101325,0.06105966540813457,0.2531978863967238,0.1924882541990247,-0.044751350766358944,-0.11528145624745234,0.005682331433674914,0.03173118336003511,0.07408310014617236,1289
2026-09-30,FR0013280286,BIM.PA,EUR,77.75,77.75,0.038050713165024286,0.028439174196741357,0.12436729261535318,-0.14095248724559684,0.2500891902119744,0.28220643956718366,-0.07805201750923207,-0.42097341181666226,0.05032083755488004,0.057463447806868295,-0.05898577950621309,1289
2026-09-30,FR0013326246,URW.PA,EUR,89.0999984741211,89.0999984741211,-0.03738114926248104,-0.07783071888524629,-0.11563276948763179,-0.10266123205680144,0.16439305496907497,0.1409709118869925,-0.15864025316045327,-0.15864025316045327,-0.04646733789450164,-0.10121655141692043,-0.07658083338726951,885
2026-09-30,FR0013333838,0P0001DXTL.F,EUR,118.0199966430664,118.0199966430664,-0.0011848934893683438,-0.006565710342209097,-0.004722593855126855,0.03101245203552261,0.019972709333481598,0.02794618330798882,-0.013375740401087355,-0.033081040146226814,-0.002223507680819692,-0.005621526309002922,0.009733694572833684,1248
2026-09-30,FR0013334380,0P0001DXU9.F,EUR,103.1500015258789,103.1500015258789,-0.010551544116269462,-0.023108200555322256,-0.06354970406746119,0.11344993745115306,0.17682817029709058,0.1628582495100787,-0.07380848633853554,-0.1084672057823034,-0.009572990265729331,-0.026319101592171545,0.0137632152969267,1248
2026-09-30,FR0013342755,0P0001E0HL.F,EUR,185.9600067138672,185.9600067138672,-0.009586641700201182,-0.010482552219925334,-0.0724724344415878,0.06360106731234638,0.17305900027645704,0.15588948582572917,-0.09621431501022937,-0.11584945799770097,0.0004573244776890917,-0.018129407443495227,-0.0004619494922899481,1249
2026-09-30,FR0013351285,0P0001EPLY.F,EUR,159.77000427246094,159.77000427246094,-0.017041892014820204,-0.029756445928038278,-0.03456402822428695,0.02122088455723703,0.05984013939871327,0.06339911449751248,-0.05259721981315402,-0.09545535463958221,-0.015582323472385862,-0.033247261360879965,-0.021949335241587042,1245
2026-09-30,FR0013433067,0P0001ILL4.F,EUR,95.12999725341795,95.12999725341795,-0.03909093683416209,-0.05465567077527855,-0.06358892919915626,-0.025606883850572637,0.1728127718747212,0.2246771464157189,-0.11316681697844033,-0.20466606893546202,-0.015074677558829519,-0.04941296774001547,-0.0839968360007769,1177
2026-09-30,FR0013451333,FDJU.PA,EUR,20.600000381469727,20.600000381469727,-0.054612229649317445,-0.06997739339750841,-0.0933098149628313,-0.1253643089509966,0.14277092324576265,0.14854718939008102,-0.11815069164248171,-0.22470343752768673,-0.05636608127709575,-0.06861502647149043,-0.07862524264759796,1289
2026-09-30,FR0014000MR3,ERF.PA,EUR,75.0,75.0,-0.015231139789013581,0.030502902692197242,0.11840147227068809,0.10817563609849667,0.28696254604758303,0.25446176890065175,-0.07004213550513194,-0.20375860905809895,0.004432899033573134,0.04134269259004619,0.1263205540704495,1289
2026-09-30,FR0014003TT8,DSY.PA,EUR,20.489999771118164,20.489999771118164,-0.03394622085965038,-0.07410752154730882,0.14055104910013272,0.16957410938688233,0.34259178485164593,0.3562903936287521,-0.1264616741878486,-0.47274530078621,-0.017596006992051105,-0.03815912469850813,0.02848987615071752,1289
2026-09-30,FR0014004L86,AM.PA,EUR,284.0,284.0,-0.02472531560854585,0.02011496489327458,-0.04441457491541434,-0.12520188219395523,0.18205578601768255,0.23682489944168025,-0.14044944087776323,-0.20795749519430162,-0.0050448356030915464,-0.040670179705445286,-0.0634461895321885,1289
2026-09-30,FR00140081Y1,0P0001P1UF.F,EUR,127.7300033569336,127.7300033569336,0.0,-0.0038215400023753343,-0.005295539956256756,0.00836824191450991,0.011650176837319096,0.012514068508346696,-0.0075439509013045525,-0.012880632916910884,-0.0012354306091734157,-0.00317625906989627,-6.846872264953952e-05,1093
2026-09-29,FR0014008NN3,0P0001P5RF.F,EUR,1123.010009765625,1123.010009765625,-0.04533549620368316,-0.0459356613889621,0.038055576837647154,-0.0009607380970609869,0.23096974154810698,0.19628543888572883,-0.06780936724267805,-0.21793387774801054,-0.031628300046726565,-0.022663208225655485,-0.042438760715121204,1019
2026-09-30,FR001400AJ45,ML.PA,EUR,33.75,33.75,0.002971722721741621,-0.01975022652188474,-0.01373469327694743,0.15235470918392058,0.17892200043341175,0.16970549718290512,-0.06027861934200207,-0.17488391923233015,-0.0011690035579944302,-0.015104647569121665,0.06968920315893778,1289
2026-09-30,FR001400C7W0,0P0001Q63A.F,EUR,120.20899963378906,120.20899963378906,-0.0021416921540298173,-0.004488574168000081,-0.003646962957323363,0.010193598222842715,0.008908166810748519,0.006573026746098163,-0.00527253258887761,-0.010383330479376118,-0.0021863982904289925,-0.0031943515784391696,0.0024535286656603983,948
2026-09-30,FR001400J770,AF.PA,EUR,11.635000228881836,11.635000228881836,-0.0008587572768337104,0.012179238339848464,-0.0938473449677637,0.14970359293033297,0.3132406802834822,0.3505403516368295,-0.15716431200446324,-0.3487062871159111,0.003493045491843594,-0.01778702867615578,0.031177290578973116,1289
2026-09-30,FR001400KAV4,0P0001RSZC.F,EUR,118.66000366210938,118.66000366210938,-0.0026056783677649298,-0.012729833997987883,-0.01941986970197329,0.004146615052523783,0.025914509870659904,0.019475474647252706,-0.020907352571142623,-0.023963510996798165,-0.005518816058082354,-0.011652575643528396,-0.009836930466090354,727
2026-09-30,FR001400L7X7,0P0001S005.F,EUR,1084.6199951171875,1084.6199951171875,-0.0002212177033124041,-0.005683753027222349,-0.006767350649124149,0.005394833171711966,0.013493958235864712,0.010096682968165084,-0.00821875904603675,-0.011346908589593308,-0.0017937298221124554,-0.004436910107876946,-0.0015244366371530704,688
2026-09-30,FR001400MCQ6,0P0001SCG2.F,EUR,111.23999786376952,111.23999786376952,-0.004385621394807471,-0.012867198031969673,-0.01513943453452471,0.007243710654458946,0.023177600554448233,0.016423244700408953,-0.016812684629352703,-0.023477096143128984,-0.005298128638969168,-0.01036961563389771,-0.006770660763737335,623
2026-09-29,FR001400TS43,0P0001UK5Q.F,EUR,242.2899932861328,242.2899932861328,-0.046890417815657726,0.012918045055657856,-0.2085130107447557,-0.14596410694081785,0.27681944924927204,0.4134893238141256,-0.25101266680889334,-0.4031498049663377,-0.00886253972992479,-0.04652882129575997,-0.14946947232901409,415
2026-09-30,FR001400U4T1,0P0001UJXE.F,EUR,100.47000122070312,100.47000122070312,-0.005346014296674029,-0.017984521374236784,-0.026170369256194426,0.0016646485765980934,0.03204029791478513,0.023720854452972156,-0.02752734698356818,-0.02752734698356818,-0.008531144659924772,-0.01651186369844393,-0.014299601369984427,424
2026-09-29,FR001400Y4C3,0P0001VF8D.F,EUR,102.19300079345705,102.19300079345705,-0.00464592757373361,-0.01398079467254143,-0.01823406982532816,0.00241304011548249,0.024776236456414334,0.01864512568182388,-0.018998010653424435,-0.018998010653424435,-0.005949140115539153,-0.011369441004089098,-0.009928656444310513,329
2026-09-30,FR0014010443,0P0001X7LU.F,EUR,121.11000061035156,121.11000061035156,-0.011911553301034328,-0.00908198821195505,-0.027228910760228375,0.06997082779501818,0.12890463580992376,0.11657165657810378,-0.06508550861145868,-0.07909845364679069,-0.001706267108941062,-0.01505194792140685,0.03236904893385151,262
2026-09-30,FR00140182K6,WLN.PA,EUR,11.071999549865724,11.071999549865724,-0.07733337084452296,-0.20505462435140986,0.10125319863639937,0.1419141333135574,0.4601466215496202,0.7269625201362713,-0.2514395493856262,-0.7105567100228656,-0.144867461370222,-0.11460128020155236,-0.1350233268398291,1289
2026-09-30,IE0000MMQ5M5,XZME.DE,EUR,11.458000183105469,11.458000183105469,0.0,0.0050877689926338565,0.05196474241950644,0.12355366096662812,0.10789165098707057,0.13172332231555567,-0.034831229676225206,-0.12315044752045123,0.005740587677041997,0.010541115385135358,0.06631776026679104,1141
2026-09-30,IE0002EI5AG0,XDEE.DE,EUR,11.871999740600586,11.871999740600586,-0.013461912147848198,-0.04087901988971032,-0.011819560436629462,0.046728948387821934,0.06618009137009764,0.08899031915391008,-0.0619552847475725,-0.07195734552495425,-0.018477974909365424,-0.03395481858667382,0.015213646060084685,1251
2026-09-30,IE0003UN5CT1,JSEE.L,EUR,31.5674991607666,31.5674991607666,-0.004022733405434908,-0.013130131654910171,-0.025694516231653863,0.04840579610994644,0.11045638323538963,0.10388557141106199,-0.046823814462068625,-0.10927735477485356,-0.003999171952189573,-0.01651680794949084,0.02841767793985661,455
2026-09-30,IE00069JGT58,JSEU.L,USD,37.95578897665539,37.95578897665539,0.0056636467641686394,0.02747321575896078,0.04602081057009477,0.1886449315533032,0.11902597404365121,0.12670799347235834,-0.033805521724557974,-0.09540032619128536,0.021349055313283127,0.026946997238151527,0.10355274329332209,795
2026-09-30,IE0006YM7D84,XZHY.L,USD,33.54032586125595,33.54032586125595,-0.009016198859002844,-0.002837137885155383,-0.014607873411186412,0.017326709398982176,0.05264007165485219,0.05635803131490346,-0.023524910528965548,-0.03299643726822499,-0.0016626734503176754,-0.004158793688751605,0.010456896050896392,1072
2026-09-30,IE000ANHU3J3,JSEM.SW,USD,36.54495828714397,36.54495828714397,-0.02267373905061254,0.0223372277765006,0.02132509804271754,0.18517753042262064,0.2362670687291016,0.2334069172981323,-0.083465514868589,-0.13277301158653176,0.006901843589891321,0.028079593405080816,0.10989512617186348,393
2026-09-30,IE000I8KRLL9,SEMI.AS,USD,18.83019841330741,18.83019841330741,0.013107624306774035,0.14042857785870821,0.04164919171398718,0.48631766668321585,0.3693920156189545,0.45779781622195653,-0.20970860104144706,-0.28230899511903307,0.06513168096941913,0.09395574980223564,0.2750648605102155,1289
2026-09-30,IE000R85HL30,WEBD.DE,EUR,125.8000030517578,125.8000030517578,0.0036700712247277334,-0.10767479880704811,-0.06925126040800444,0.009444500154457636,0.525838615690656,0.32376143301666926,-0.18689110265098707,-0.18689110265098707,0.0025022950015931578,-0.06792166511285791,-0.03668869674228914,1281
2026-09-30,IE000RDRMSD1,BLKC.AS,USD,15.32516224002126,15.32516224002126,-0.09453358999339334,0.06728916613636171,0.038538305470245504,0.08401612385947455,0.5057813847504343,0.4972646391175856,-0.12696722986829134,-0.4311174525246234,-0.02578885395179986,0.021081297958850165,0.041183897390819624,1025
2026-09-30,IE000U58J0M1,INRA.AS,USD,22.19882535891052,22.19882535891052,-0.0252716243924479,0.013431457929113044,-0.08983941319034372,-0.09681651762746324,0.2795321577984057,0.2551816231877311,-0.13313191550686898,-0.26848004196481356,-0.014278435696895797,-0.02117943636773212,-0.0739234336206287,1176
2026-09-30,IE000UX5WPU4,XYPL.DE,EUR,9.80519962310791,9.80519962310791,-0.0008152665636917966,-0.013422410493354242,-0.023240545195622686,-0.018046405068893434,0.04645885564729754,0.03663321323266398,-0.03239188740138765,-0.04029930153085548,-0.005288497016505578,-0.015025593285853067,-0.019863908185487666,1095
2026-09-30,IE000VA628D5,SP20.AS,USD,6.145055161291882,6.145055161291882,0.00912183543925682,0.05782773929785523,0.09205290411433298,0.18986987106388953,0.14582371677017936,0.16564927439230223,-0.044330093330838816,-0.1284309111272145,0.034155902894824175,0.055381537653751645,0.12505268549313486,476
2026-10-01,IE0030351732,WYZ1.F,EUR,53.85599899291992,53.85599899291992,0.0016553035269437633,,,,,,-0.026441726637748686,-0.026441726637748686,,,,10
2026-09-30,IE00B3ZW0K18,IUSE.L,EUR,158.25,158.25,-0.0008208415128455604,0.004251796935905716,0.02733060826643241,0.12377497350679079,0.09803488124548487,0.11095816857862027,-0.026802918883324978,-0.08666481270306314,0.004905456842924094,0.007629962838231474,0.06322207168864846,1270
2026-09-30,IE00B4L5Y983,IWDA.L,USD,129.33802034903704,129.33802034903704,0.001366548378664012,0.020095957034090617,0.032914681714533156,0.14096734238218644,0.11522859198662243,0.11519220257729477,-0.0314395943389254,-0.06426178066922439,0.01332962449842423,0.01715821924534322,0.08473878429406456,1270
2026-09-30,IE00B6R51Z18,IOGP.L,USD,29.90082130693064,29.90082130693064,-0.025966339812358963,-0.06115249960547753,0.11077456567711108,0.01665899765846124,0.23193394452240446,0.26728848290552604,-0.08562153816997653,-0.1893189566400566,-0.03814892004209236,-0.019180709928351303,0.06040619490733956,1270
2026-09-30,IE00B6R52143,ISAG.L,USD,49.05286725824087,49.05286725824087,-0.028005721642784476,-0.06402035006275086,0.019161100096674932,-0.039219837157521975,0.09602749751375272,0.1440794741312961,-0.06697781029896299,-0.0928890168616453,-0.03287113818807297,-0.015572387840411483,0.00840974765739877,1270
2026-09-30,IE00BDQYWQ65,TIP5.L,USD,4.27702558524452,4.27702558524452,0.003309134290406135,0.012545006959620464,0.0010591157021009323,0.020892011027773938,0.04305711342004461,0.044486695697792636,-0.023758590358265108,-0.0393317021918399,0.009223542583636002,0.00881145774678882,0.018168769516968775,1270
2026-09-30,IE00BF4G6Z54,JREM.L,USD,45.46626675246869,45.46626675246869,-0.01439623171079596,0.012203612112718254,0.027889590745617143,0.1517421522882998,0.1981822700601673,0.2204355554882812,-0.08317521735587285,-0.13277031521209293,0.0017119529732010363,0.02147273137487482,0.09657581002677595,1269
2026-09-30,IE00BFMNHK08,XZEU.DE,EUR,36.625,36.625,-0.00462014342723327,-0.016250323654986243,0.0026006357480898856,0.07483489889849015,0.10860298588206876,0.09026652215841406,-0.04838921969104015,-0.10329516595899846,-0.004410499200766971,-0.016836591852586458,0.043020870841895986,1280
2026-09-30,IE00BG0J4B71,EH1Y.DE,EUR,4.734799861907959,4.734799861907959,-0.006858953816757718,-0.016615420633913747,-0.01730796122869427,-0.0006728875723220895,0.035408664788723926,0.03174340721475158,-0.023024641332396234,-0.03306860401077327,-0.00798467043022455,-0.01422493122186208,-0.008329772941374491,1143
2026-09-30,IE00BG0J4C88,LOCK.L,USD,11.52473391669454,11.52473391669454,-0.01165571528990994,0.0887697104640428,0.09285137172028501,0.3670720785179111,0.2381772587514989,0.2503477880042675,-0.06918210405872405,-0.12423833383261185,0.0364393614246914,0.060513059982765016,0.21006095766311628,1270
2026-09-30,IE00BG370F43,XZEM.L,USD,59.88981827057361,59.88981827057361,-0.010511968148138262,0.027908880411973147,0.022678949154481876,0.04920541904556375,0.1889997966431811,0.21097216423885654,-0.08180541545851416,-0.13248037332383544,0.006994004216419825,0.024288217120028266,0.03738909749092634,1270
2026-09-30,IE00BHZPJ015,EDM4.DE,EUR,10.343999862670898,10.343999862670898,-0.005001928264169675,-0.008245488014243296,0.006029982215763452,0.05540253454941024,0.11354811632352904,0.10680346774273386,-0.04846799355787268,-0.10782747063876086,-0.0039959647331043735,-0.014342743567118621,0.0374896285723052,1283
2026-09-30,IE00BHZPJ239,EDM2.SW,USD,8.38210544439859,8.38210544439859,-0.01227813624500651,0.021923063654746056,0.03719542334419823,0.14966383180648846,0.19745340626429156,0.21927025374889356,-0.08193844034404107,-0.1345260918002107,0.0066251711306621885,0.02545223172926847,0.09509861824205812,1265
2026-09-30,IE00BJ5JPH63,3SUD.DE,EUR,5.051400184631348,5.051400184631348,-0.02354441018318132,-0.03632333413779554,-0.04481506330733498,-0.04401963262421704,0.06384835585442893,0.05302530267188266,-0.04830619849697204,-0.054576034822767516,-0.02593942679785899,-0.034514620797308604,-0.0385841172185849,1283
2026-09-30,IE00BJZ2DC62,XRMU.L,USD,59.51507004770337,59.51507004770337,0.0036194309190409335,0.03209425836040203,0.043694056517938895,0.18173565300117045,0.12169998050914595,0.13177641634189113,-0.033469853884432466,-0.08608559168927943,0.02141181050757801,0.028450491837603176,0.10283588769949681,1270
2026-09-30,IE00BJZ2DD79,XRSU.L,USD,368.3153488972472,368.3153488972472,-0.009072543098027297,-0.02117300590058646,-0.04876020491997102,0.10339886979052748,0.13177500426736374,0.14166370587968022,-0.07171247571566874,-0.09191930547627514,-0.009893318349885938,-0.02888366439112222,0.038701921721799204,1270
2026-09-30,IE00BKBF6H24,IWLE.DE,EUR,10.855999946594238,10.855999946594238,-0.0024350791613241274,0.001291269042150045,0.030024267234744828,0.08940385277381968,0.09568138531622207,0.09651173044109718,-0.029517160170236978,-0.07851649475827649,0.0024863523537363985,0.0024923734306527834,0.05675036139828449,1283
2026-09-30,IE00BL25JL35,XDEQ.SW,USD,80.3909712789595,80.3909712789595,0.0066004416199838545,0.030485641491316384,0.03659342359051454,0.12762028043059348,0.10162417349623848,0.10031206181981907,-0.039215467351097044,-0.0645891391851322,0.018531043860168683,0.017668866510288872,0.08063050901657909,1265
2026-09-30,IE00BL25JM42,XDEV.SW,USD,74.15685749346132,74.15685749346132,-0.010267427098273108,0.017018699203411813,0.06373661480431236,0.27180121002372304,0.13388911285011204,0.1414418623633117,-0.03157630572934933,-0.05770898221228993,0.0011253775641055785,0.01833687168851572,0.1563168987609076,1255
2026-09-30,IE00BL25JN58,XDEB.DE,EUR,44.775001525878906,44.775001525878906,-0.0047788429554737055,-0.011698461002688232,0.013238355224033604,0.06316038801850876,0.07149422699271776,0.08727582237263755,-0.024500063829753338,-0.053087219156055854,-0.0027006446310472443,-0.004677039289048057,0.034666263938787134,1282
2026-09-30,IE00BL25JP72,XDEM.SW,USD,88.3886251081898,88.3886251081898,0.0065313925267864725,0.0709660470240896,0.04517517324922227,0.1918963636840858,0.16655058694056243,0.22310484555438528,-0.09019751894323846,-0.12784451494966353,0.03251087359810945,0.045433333423431366,0.12477697628704054,1255
2026-09-30,IE00BM67HK77,XDWH.L,USD,54.77555281648761,54.77555281648761,0.006535992234040222,-0.0016464654006296264,0.01741838902858106,0.12805187082902525,0.13635110597228334,0.15331554751435625,-0.05875719335444407,-0.10318579402849182,0.016396454408005523,0.016818231946205575,0.07867600251899964,1270
2026-09-30,IE00BM67HM91,XDW0.L,USD,66.26501848870863,66.26501848870863,-0.010209910950560674,-0.012493029618296903,0.1489462821403651,0.09423914133740374,0.17372505797573704,0.21244707337715105,-0.05429453431446529,-0.15272657622424402,-0.011395828887194148,0.0156548068371678,0.12185690058441989,1270
2026-09-30,IE00BM97MR69,XT0D.L,USD,56.31865035475322,56.31865035475322,0.004405708043532464,0.024465572717907724,0.016781840625913924,0.047380552265163134,0.03730201393683009,0.04173353313290619,-0.0240998227837117,-0.035956034609163745,0.01467183107007397,0.019089144060365548,0.03764998548784981,1270
2026-09-30,IE00BMDFDY08,UEEF.DE,EUR,5.6528000831604,5.6528000831604,-0.012990632021539938,-0.024504681147437424,-0.020922823920515476,-0.018133760398511667,0.050894680137472524,0.04205143110830773,-0.03260084333221258,-0.03260084333221258,-0.014011533375461127,-0.019175076897267163,-0.016553200346609453,1283
2026-09-30,IE00BMG6Z448,EXCH.AS,USD,8.344189979286003,8.344189979286003,-0.013887301189236645,0.03216826240631132,0.04601015847858081,0.18615288321101886,0.24493951656455168,0.27222711314598397,-0.11316628814460838,-0.17728773058573388,0.005505682805041934,0.03771852178347368,0.13226918188380288,1289
2026-09-30,IE00BQ3D6V05,0P000166SB,USD,80.99939474680592,80.99939474680592,0.012547813802669783,0.030970766179690523,-0.008488261982421919,0.216747266232582,0.13780251655861572,0.20165754913020595,-0.10729351560408851,-0.12341477579416804,0.03126338106634452,0.03854825029798348,0.10967817251029266,1210
2026-09-30,IE00BYVQ9F29,NQSE.DE,EUR,17.711999893188477,17.711999893188477,0.003399017929422543,0.049040457049694286,0.05629772566188174,0.18127246761918347,0.15169673110675,0.18266583516001392,-0.07844728120495814,-0.11870130610035734,0.027074361247350742,0.04016912738573741,0.10499305387641122,1283
2026-09-30,IE00BYZK4552,RBOT.L,USD,19.31517293443945,19.31517293443945,0.0036194309190407115,0.07497004686632747,0.08147749181520703,0.34616185577043335,0.2213618563040231,0.2616756283245061,-0.07714870408643226,-0.1270730588029788,0.04057152555636745,0.05173198797127543,0.18627649095333765,1270
2026-09-30,IE00BZ02LR44,XZW0.L,USD,50.36670270715732,50.36670270715732,0.005026996879115231,0.022550050509035247,0.04342682048096114,0.17347558788544037,0.12989921329729218,0.1408880637818189,-0.03517718499463052,-0.10518426628150501,0.016725436871127597,0.023764555729891335,0.09262713975431791,1270
2026-09-30,IE00BZ036J45,XDGE.DE,EUR,9.566399574279783,9.566399574279783,-0.01875028673715584,-0.02977688566131287,-0.04388661906956437,-0.05774649633688533,0.05971938748578539,0.052861285741570514,-0.04804952575900212,-0.07103261079112344,-0.02044030601809066,-0.029442956014429922,-0.04753715553340743,1283
2026-09-30,IE00BZ163G84,VECP.AS,EUR,46.7599983215332,46.7599983215332,-0.0004275429304314571,-0.010192762789584586,-0.01779630527365894,-0.013397765075262469,0.03583450758440801,0.02801818119113635,-0.02544735439129464,-0.03007659148121422,-0.0038128346667344326,-0.011667768766805309,-0.015107440745461775,1288
2026-09-30,IT0000072618,ISP.MI,EUR,6.644999980926514,6.644999980926514,-0.009244043516670963,-0.0012024495941617142,0.09274792690315947,0.1921408863327949,0.1835535041553079,0.17379433155110668,-0.039323383427547265,-0.18962136424504183,-0.01237320579632284,-0.011972314166176279,0.12260477196810604,1279
2026-09-30,IT0003128367,ENEL.MI,EUR,8.746999740600586,8.746999740600586,-0.008950880479305034,-0.028219159243048964,-0.11141030367119087,-0.09153594303511925,0.1861470579180464,0.17093556480599728,-0.1325168675690619,-0.1325168675690619,-0.015991439670298035,-0.06528376580350093,-0.06159621063505094,1279
2026-09-30,IT0003132476,ENI.MI,EUR,24.020000457763672,24.020000457763672,-0.000831965765473619,0.020322433736839285,0.14297240761393604,0.04645522729123486,0.22978176662732525,0.28067936754323614,-0.07494912450458358,-0.18371762343297826,0.010556446327868008,0.025324638394906396,0.14186608840483217,1279
2026-09-30,IT0003242622,TRN.MI,EUR,9.19200038909912,9.19200038909912,-0.0017375970556240405,-0.03343846815239315,-0.10234369193785708,-0.07628124681044979,0.1740656732405109,0.15719538725949941,-0.13442623614171878,-0.13442623614171878,-0.00808249500439917,-0.04865989382375513,-0.04332018670896687,1279
2026-10-01,LU0029874905,TEP6.F,EUR,69.677001953125,69.677001953125,0.009241160427358341,,,,,,-0.02363170189880326,-0.02363170189880326,,,,10
2026-10-01,LU0048574536,FPGK.MU,EUR,60.61100006103516,60.61100006103516,-0.011417213118884884,,,,,,-0.015543800677113584,-0.015543800677113584,,,,10
2026-10-01,LU0050427557,FJRC.F,EUR,33.314998626708984,33.314998626708984,-0.024022256778812978,,,,,,-0.03541801664949307,-0.03541801664949307,,,,10
2026-10-01,LU0052474979,JPJX.F,EUR,172.01800537109375,172.01800537109375,0.01422723212369914,,,,,,-0.025892593144885345,-0.025892593144885345,,,,10
2026-10-01,LU0053696224,JPJW.F,EUR,60.15399932861328,60.15399932861328,0.04967979760743191,,,,,,-0.026301934376576797,-0.026301934376576797,,,,10
2026-10-01,LU0055114457,FPGL.F,EUR,15.885000228881836,15.885000228881836,-0.03116611871302588,,,,,,-0.053111521803022144,-0.053111521803022144,,,,10
2026-10-01,LU0058908533,JPJV.F,EUR,91.56099700927734,91.56099700927734,-0.015038916404211955,,,,,,-0.04001178913472303,-0.04001178913472303,,,,10
2026-10-01,LU0070212591,IH5Y.MU,EUR,2481.35009765625,2481.35009765625,-3.935607943983399e-07,,,,,,-3.935607943983399e-07,-3.935607943983399e-07,,,,10
2026-10-01,LU0073232471,MSJ6.F,EUR,215.2760009765625,215.2760009765625,0.0034867294668221582,,,,,,-0.034247322862720475,-0.034247322862720475,,,,10
2026-09-30,LU0088087324,SESG.PA,EUR,4.322000026702881,4.322000026702881,-0.0847098867062408,-0.07013764057104743,-0.4511745997837612,-0.30570279631867925,0.43084533327291813,0.47715277810782886,-0.456000010172526,-0.5666161031160692,-0.0771661578139986,-0.16600415002576963,-0.32384816672235583,1289
2026-10-01,LU0090841262,0P00000DWT,USD,78.84555077162574,78.84555077162574,-0.03968960265525223,-0.05352422372999621,0.13719054963226052,-0.029351928583526532,0.2784502972495864,0.41883097136577285,-0.12249627186583179,-0.35059423030144754,-0.0515366166236364,-0.009586677349007311,0.0022182251250761897,1017
2026-10-01,LU0099161993,C5Q1.F,EUR,331.97198486328125,331.97198486328125,-0.01451342743209283,,,,,,-0.015857386028741538,-0.015857386028741538,,,,10
2026-10-01,LU0099574567,FJ2P.F,EUR,95.37999725341795,95.37999725341795,0.0051426776882255165,,,,,,-0.014109108664772774,-0.014109108664772774,,,,10
2026-10-01,LU0107398884,JPJF.F,EUR,26.42099952697754,26.42099952697754,-0.017002780266811568,,,,,,-0.038047043304022865,-0.038047043304022865,,,,10
2026-10-01,LU0113257694,ZPJS.F,EUR,24.187000274658203,24.187000274658203,-0.005754897504021028,,,,,,-0.009802326336384115,-0.009802326336384115,,,,10
2026-10-01,LU0114722498,FJRQ.F,EUR,75.83399963378906,75.83399963378906,-0.008679984513420447,,,,,,-0.023387016824263807,-0.023387016824263807,,,,10
2026-10-01,LU0119750205,IUGL.F,EUR,30.920000076293945,30.920000076293945,-0.018100974879873055,,,,,,-0.027825820480744223,-0.027825820480744223,,,,10
2026-09-30,LU0131510165,0P00001UFS.F,EUR,895.0900268554688,895.0900268554688,-0.015919588764087944,-0.049334019007025165,-0.043686782267290614,0.017957510840109103,0.09792093303362512,0.09859576956820479,-0.06653525098638158,-0.07983177414353115,-0.02219019713194048,-0.04092653922070788,-0.022243121825918588,1086
2026-09-30,LU0138007074,0P000026CA.F,EUR,9257.7197265625,9257.7197265625,-0.013520010239515212,-0.05651501818217286,-0.07353598405684092,0.02947398347655983,0.1822903658073882,0.1723980743752581,-0.09038874185237777,-0.18821294351051976,-0.014293782793808774,-0.03509479473352628,-0.044873657492746744,1085
2026-10-01,LU0141799501,0P000013Y8.F,EUR,40.2505989074707,40.2505989074707,-0.012989145030485982,-0.02221780504688553,-0.020842965024872706,0.007726141763627403,0.029897360041986218,0.02142712774595038,-0.023370804196613304,-0.02912220284095368,-0.012612396960874461,-0.01750544643716878,-0.011040677551510836,1078
2026-10-01,LU0147396450,0P00000SKL,USD,76.42659828492064,76.42659828492064,-0.00014042841846462206,0.010845495836653729,0.0005215155618853995,0.09804010215858794,0.0847335691675465,0.08218301654129836,-0.02794189737695174,-0.05847591595879342,0.002709912277159221,0.0028799507865930885,0.0394093095807766,1005
2026-10-01,LU0147409709,0P00000LM2,USD,64.12877523784326,64.12877523784326,-0.0034058031257898636,0.028046127057121284,0.030833384352986215,-0.024682705369826308,0.26839946227437195,0.2295211925165807,-0.08322682207633625,-0.1619830152579782,0.002102957178896414,0.02539194580612647,0.011547996977187447,1015
2026-10-01,LU0154236920,0P00000S3T,USD,79.54298732965472,79.54298732965472,-0.0004988375304803006,0.0310184537224103,0.004096650708033778,0.20768785455127192,0.13754532358797494,0.151560253891251,-0.05760712843206328,-0.07975715410368611,0.008145380797192736,0.01154950053956183,0.08032338899014957,1015
2026-10-01,LU0173614495,FJRH.F,EUR,58.46099853515625,58.46099853515625,0.02010156284841913,,,,,,-0.025717959372117516,-0.025717959372117516,,,,10
2026-10-01,LU0202403266,FJ2E.HM,EUR,549.4840087890625,549.4840087890625,-0.0009000254803761543,,,,,,-0.014811090122962667,-0.014811090122962667,,,,10
2026-10-01,LU0227384020,XE67.F,EUR,17.652000427246094,17.652000427246094,-0.0027118832556133343,,,,,,-0.010616142300232778,-0.010616142300232778,,,,10
2026-10-01,LU0231205187,TESU.F,EUR,60.95800018310547,60.95800018310547,-0.019400316152754837,,,,,,-0.02958645580591801,-0.02958645580591801,,,,10
2026-10-01,LU0246036288,0P000026OM.F,EUR,299.9407958984375,299.9407958984375,-0.0005717869169906686,-0.011171090684184648,-0.0008911048704177693,0.05003018642077928,0.11578721676399155,0.1005894937087494,-0.053226897145107865,-0.11572868599376362,0.002243971027001024,-0.012234922009486615,0.023324686561145613,1115
2026-10-01,LU0248178732,0P00002A0A.F,EUR,496.1083068847656,496.1083068847656,0.010815017823050832,-0.00477200758520735,-0.03635112873902402,0.09263933145554892,0.0840791665801856,0.11793785292392642,-0.07194186720603224,-0.07648822010872047,0.006703989873310778,-0.015058436105530482,0.046767679599831746,1082
2026-10-01,LU0260869739,FLX6.MU,EUR,36.5,36.5,0.011080375146432786,,,,,,0.0,0.0,,,,10
2026-10-01,LU0261952419,FJR3.F,EUR,39.80500030517578,39.80500030517578,0.0008800565001068072,,,,,,-0.010638067895217929,-0.010638067895217929,,,,10
2026-09-30,LU0261953904,IPGU.MU,EUR,31.825000762939453,31.825000762939453,0.0,0.005211652442279835,-0.002288543249808095,0.02943554327876652,0.01849953099018808,0.014125157635281703,-0.007461309937927263,-0.018100128537090643,0.0023385403861826415,0.002317401239657846,,192
2026-10-01,LU0266009793,XRUG.MU,EUR,135.61900329589844,135.61900329589844,-0.008430086941581871,,,,,,-0.01143686185128212,-0.01143686185128212,,,,10
2026-09-30,LU0266012235,0P00006CAL.F,EUR,165.17999267578125,165.17999267578125,-0.011845004444546725,-0.042934143457551976,-0.06387081024301033,0.021647700139488357,0.08607878865069814,0.09899620509779462,-0.09539985128948447,-0.09539985128948447,-0.018313793503212605,-0.04737082005571003,-0.020495048229267843,1086
2026-09-30,LU0274211480,DBXD.DE,EUR,235.1000061035156,235.1000061035156,-0.00947967112762027,-0.025088069442646632,0.011400340675691512,0.04442469892871248,0.11867929478645674,0.10881867288960824,-0.05144240341343753,-0.12282175414505347,-0.014730817621794734,-0.024966798654601163,0.012846939898378595,1283
2026-10-01,LU0278272843,TGD0.MU,EUR,61.05199813842773,61.05199813842773,0.0035834978129167805,,,,,,0.0,0.0,,,,10
2026-10-01,LU0278937759,AEF5.F,EUR,34.374000549316406,34.374000549316406,0.009100557209653637,,,,,,-0.011048817574366931,-0.011048817574366931,,,,10
2026-10-01,LU0280435388,P3IA.F,EUR,224.72300720214844,224.72300720214844,0.019545013031047054,,,,,,-0.012331635359758786,-0.012331635359758786,,,,10
2026-10-01,LU0284394235,5L42.F,EUR,194.0,194.0,-0.007032629570533633,,,,,,-0.010224270041426897,-0.010224270041426897,,,,10
2026-10-01,LU0289089384,JP5D.F,EUR,38.20399856567383,38.20399856567383,-0.019983149299942493,,,,,,-0.023415142924872456,-0.023415142924872456,,,,10
2026-09-30,LU0290356871,DBXP.DE,EUR,173.4199981689453,173.4199981689453,0.001327996560406941,-0.0028461900140668295,-0.0035910253473260267,2.886072719343602e-05,0.014660890306931858,0.012382425145611626,-0.007166403773139596,-0.01239343130496584,-0.0006670190325126502,-0.002946554133230639,-0.0024693880128688894,1283
2026-09-30,LU0290357259,0MUJ.IL,EUR,242.875,242.875,-0.012903893567885572,,,,0.05266523797402389,,-0.015850473915470897,-0.015850473915470897,,,,14
2026-09-30,LU0290357846,DBXG.DE,EUR,227.9499969482422,227.9499969482422,-0.02552155124587241,-0.04025092745441772,-0.07378815821003892,-0.08497912084088965,0.10798724380420288,0.09509642062868454,-0.08372860331723797,-0.12999508243158497,-0.028054055525318145,-0.05046076421495305,-0.0832333381694701,1283
2026-09-30,LU0290357929,XGIN.DE,EUR,212.2100067138672,212.2100067138672,-0.009752665926868187,-0.01936223336781384,-0.025755212660521276,-0.03299152579201248,0.03935906830394347,0.03484635884448496,-0.028482466716863275,-0.04792673151720628,-0.01384820713662327,-0.019467390067807844,-0.028413863530776573,1283
2026-09-30,LU0290358497,XEON.DE,EUR,150.36199951171875,150.36199951171875,0.0006255100038952133,0.0019457064919652378,0.005301895889413766,0.009866105778197909,0.0012302532799717606,0.0013176722416331644,-0.00011318309784169589,-0.00028315894672692465,0.0009562648512186911,0.0022560383579774967,0.008313982395335762,1283
2026-09-30,LU0292096186,XGSD.DE,EUR,38.5099983215332,38.5099983215332,-0.007985609884802458,-0.01571889274036542,0.04938581527993069,0.09111557854120389,0.09093441170055919,0.07982255544008293,-0.024569433433387022,-0.03695373235385879,-0.012089188480790103,-0.011310158572818585,0.07196915440750806,1283
2026-09-30,LU0292097747,XASX.L,GBP,586.6980905123912,586.6980905123912,-0.00909113423885577,-0.02526514910782529,-0.00851939026499371,0.03435709483594329,0.12513506019642878,0.12368433885075722,-0.04811886968737078,-0.11277113453442278,-0.012005799066517664,-0.02569336490759022,0.019198909980473022,1270
2026-09-30,LU0292103222,DXSE.DE,EUR,220.6000061035156,220.6000061035156,-0.01319613915442086,-0.04398697246580452,-0.059275027277118975,-0.01955552842881958,0.16536770092956693,0.1593915390445199,-0.08951461788163362,-0.12667634179434772,-0.010440590786031767,-0.031313235997065925,-0.027775149023310908,1283
2026-09-30,LU0292105359,DXSK.DE,EUR,135.63999938964844,135.63999938964844,-0.008769343615583791,-0.02850591510333833,-0.05962289084856698,0.010128095194481324,0.1553209806534731,0.16704086879981345,-0.08276984777532059,-0.16959672496210454,-0.014194040688377818,-0.03350662747656763,-0.0261511895325639,1283
2026-09-30,LU0304955437,0P00009UZB.F,EUR,641.47998046875,641.47998046875,-0.00790307022143566,-0.03086521355574179,-0.06013016158952522,0.06317952141784144,0.18208298829767133,0.16899470644568895,-0.08999620876453229,-0.1709681485622948,0.0010658199656501388,-0.01650667918814608,-0.011858332198162236,1082
2026-10-01,LU0329355670,FHQV.F,EUR,417.9089965820313,417.9089965820313,-0.0014170005353857373,,,,,,-0.02135821290936435,-0.02135821290936435,,,,10
2026-10-01,LU0352312184,ALW3.F,EUR,257.82000732421875,257.82000732421875,-0.003401642216036116,,,,,,-0.01610441567353138,-0.01610441567353138,,,,10
2026-10-01,LU0386882277,PBFH.MU,EUR,417.6969909667969,417.6969909667969,0.006282994192757352,,,,,,0.0,0.0,,,,10
2026-10-01,LU0390135415,FT94.F,EUR,94.83499908447266,94.83499908447266,-0.0025768062880073828,,,,,,-0.011765308389140028,-0.011765308389140028,,,,10
2026-09-30,LU0392098371,0P0000JND6.F,EUR,150.82000732421875,150.82000732421875,-0.001985096629576577,-0.020267604701221575,-0.03177760038822386,-0.021919518099328794,0.057023113590652943,0.039158909074612454,-0.03812145616632312,-0.03812145616632312,-0.006985687419465925,-0.019832074345100592,-0.02290455250395862,1119
2026-09-30,LU0413543058,0P0000JC7Q.F,EUR,64.16999816894531,64.16999816894531,0.011347476711559112,0.03633721037686399,0.021977977915217828,0.10905629955117635,0.22719754482110383,0.24443912955691446,-0.09311808051660309,-0.1483880728068636,0.020563934531575123,0.03832596693499979,0.08368266665790203,1149
2026-09-30,LU0478205379,D5BG.DE,EUR,160.2949981689453,160.2949981689453,0.0009991798644770622,-0.010372019578728353,-0.01813118511124323,-0.013387105529735543,0.038848167571760135,0.03142825064584938,-0.02545164954926782,-0.02992194790383662,-0.003486055703668667,-0.01154244739772814,-0.015102196404100487,1283
2026-09-30,LU0496786574,LYPS.DE,EUR,70.14199829101562,70.14199829101562,0.002544185748786676,0.02675872032475124,0.04371757345664662,0.158835554329815,0.08747805716657658,0.10361115875397056,-0.031373690344112415,-0.07117796160306766,0.018281785029366615,0.02444277485622126,0.09509333580587143,1283
2026-09-30,LU0514695690,LU0514695690-USD.LU,USD,15.554422647527575,15.554422647527575,-0.02726124138953756,-0.021897848466113312,-0.005719410641576106,-0.04009941119446947,0.18010187095991834,0.15897299324938274,-0.05969434439344401,-0.20339320201876643,-0.011825938881901199,-0.018512222589555094,-0.04984389347680518,1313
2026-09-30,LU0533033667,TNOW.MI,EUR,1280.0999755859375,1280.0999755859375,0.015058155478073543,0.08213437620863995,0.1209674764210038,0.3485950906055786,0.15917248188271352,0.21288879426961213,-0.06493379645736164,-0.15633227391759896,0.04786097553158375,0.07311066672542421,0.20279642999300673,1279
2026-10-01,LU0568621618,LU0568621618-USD.LU,USD,116.09215328515164,116.09215328515164,0.005437643360505673,0.02543967096819788,0.016333007566896818,0.04921394994908734,0.03752272531491491,0.04344270550076534,-0.02485952922150525,-0.036101772405168986,0.015032544253694713,0.02085452006352817,0.03923108785931184,1080
2026-09-30,LU0571100824,0P0000ZJKU.F,EUR,187.2899932861328,187.2899932861328,0.0019794303488762655,-0.008208023097948103,-0.03548254016649666,0.05885339278578838,0.07471159379247568,0.06813205975054627,-0.05082910438495747,-0.05433553960763737,0.0035094928865067043,-0.007811879591267168,0.018947801578450774,1070
2026-09-30,LU0616241476,LU0616241476.LU,EUR,127.0999984741211,127.0999984741211,-0.003606139019102561,-0.022382864054054208,-0.04097185810903381,-0.03529412922868236,0.052470544875923154,0.04273283054351587,-0.04270728201047114,-0.05959529091455673,-0.009264291931533886,-0.0219616319150977,-0.03474758113649501,1129
2026-10-01,LU0616856935,FP7X.F,EUR,196.2949981689453,196.2949981689453,0.002492205671764891,,,,,,-0.03851045224174454,-0.03851045224174454,,,,10
2026-09-30,LU0641745681,0P0000V07V.F,EUR,121.45999908447266,121.45999908447266,0.0017319512121456437,0.0019798536656716603,-0.019218324643068274,-0.001643963271546478,0.05972674646953632,0.060510985162761925,-0.03847706898113523,-0.09149679928668508,0.0036730734833179124,0.002333764703567498,-0.012346889299084451,1115
2026-10-01,LU0702159772,FJR9.MU,EUR,41.65399932861328,41.65399932861328,-0.00979419352791,,,,,,-0.00979419352791,-0.00979419352791,,,,10
2026-09-30,LU0740858229,0P0000VOBL.F,EUR,174.27000427246094,174.27000427246094,-0.008308151656372775,-0.017477538084603395,-0.015089850413161798,0.041163814007965316,0.050345659866546044,0.049487752016357,-0.025639599764100796,-0.04437875007878134,-0.007927104365744064,-0.011578349258189347,0.01032092977236454,1018
2026-10-01,LU0772926084,O7Z0.MU,EUR,146.10699462890625,146.10699462890625,-0.005641980070196118,,,,,,-0.005641980070196118,-0.005641980070196118,,,,10
2026-09-30,LU0823410724,9XQ0.MU,EUR,615.7479858398438,615.7479858398438,-0.002838846883149504,-0.030173085064780003,-0.042971996129546386,0.09069204850309531,0.051906491268197526,0.05931088292335427,-0.0600171329242104,-0.07647265690006522,-0.012664247490188907,-0.03228302816596085,0.03481087254649351,200
2026-10-01,LU0823425839,ZSRD.F,EUR,180.74099731445312,180.74099731445312,-0.00331970352968336,,,,,,-0.03514118664788912,-0.03514118664788912,,,,10
2026-09-30,LU0839027447,XDJP.DE,EUR,39.165000915527344,39.165000915527344,0.033104750017584283,0.08295312938073107,0.05535270113887436,0.21617309180298205,0.23013808748953624,0.2578725328647396,-0.1113980434045646,-0.1601806331877259,0.04213511594458241,0.05687909116956669,0.15130762450815816,1281
2026-10-01,LU0840617350,AH8J.F,EUR,237.08200073242188,237.08200073242188,-0.0070695795528522565,,,,,,-0.017007782055625476,-0.017007782055625476,,,,10
2026-09-30,LU0870553459,0P0000XTFE.F,EUR,273.4700012207031,273.4700012207031,-0.008555941944130119,-0.01077956539968039,-0.029835403421415885,0.0717169070936059,0.12407856126994139,0.11332154191519501,-0.05973221599170342,-0.09784224955302956,0.006512699832627478,-0.00406501900968359,0.020771532491659306,1119
2026-10-01,LU0914729966,TC60.MU,EUR,350.6600036621094,350.6600036621094,0.0013421320352564603,,,,,,0.0,0.0,,,,10
2026-09-30,LU0914731947,0P000100RL.F,EUR,189.25,189.25,-0.0016353532527235703,-0.018565585215267744,-0.03221683944484699,0.11533479590379558,0.1299849943160143,0.12555985834565553,-0.054549129873747715,-0.11271244330571528,-0.0031603817695203817,-0.012714465615583315,0.031230903484882555,1106
2026-09-30,LU0914733059,0P00011IV8.F,EUR,211.0399932861328,211.0399932861328,-0.008177486150701907,-0.029210203419403502,-0.05142036435229114,0.10811234795391611,0.18600531122791625,0.16894377140312997,-0.0781443828767796,-0.11810523160610065,-0.008224106498731731,-0.023247882288022215,0.02685392022202726,1106
2026-10-01,LU0922334643,FPG6.MU,EUR,41.55799865722656,41.55799865722656,-0.004121756216068917,,,,,,-0.004121756216068917,-0.004121756216068917,,,,10
2026-09-30,LU0935222066,0P00010URS.F,EUR,112.13999938964844,112.13999938964844,0.0008031801467160982,-0.005939173685358234,-0.007874010433161716,0.0050187986144834,0.01765171353341357,0.012612031694401707,-0.01008224456288398,-0.01584492251204206,-0.0011579187981929362,-0.004191386601903435,-0.003044922172144915,1094
2026-10-01,LU0941349275,I4G0.MU,EUR,138.34500122070312,138.34500122070312,0.0,,,,,,0.0,0.0,,,,10
2026-09-30,LU0992632538,0P00013N23.F,EUR,138.1199951171875,138.1199951171875,-0.0069739107501786135,-0.018685647480017775,-0.021119850158914155,0.000434575978956353,0.029530022994120036,0.02416645843650885,-0.024714024295113268,-0.034728582145374776,-0.009249758788828832,-0.016758982893500418,-0.010634707512486852,1104
2026-09-30,LU1033933703,0P00012DVG.F,EUR,324.3399963378906,324.3399963378906,-0.0027058756518953953,0.01721809668898877,0.00461511601736575,0.13496871192577697,0.09834795735305758,0.10421196550363807,-0.04620943451539339,-0.07255281524046797,0.01309078091433924,0.010637325301699141,0.05929144044782508,1117
2026-10-01,LU1100076550,1SCD.MU,EUR,232.74400329589844,232.74400329589844,0.0,,,,,,0.0,0.0,,,,10
2026-09-30,LU1109942653,XHYG.DE,EUR,15.45400047302246,15.45400047302246,-0.007673240376392054,-0.010056984651775513,-0.012200845274570327,0.0019100643070850687,0.038968962033790425,0.03112015966937839,-0.019867591446003474,-0.028147873491851882,-0.005986631399473863,-0.010352777525745371,-0.0031450641231112186,1283
2026-09-30,LU1159238036,LU1159238036.LU,EUR,25.41959953308105,25.41959953308105,-0.004265823369285604,-0.011656604278152294,-0.023569895113845885,0.10560853308166918,0.11282379386644463,0.11843915230211265,-0.04483248811305185,-0.10213260250245715,-0.0053155222952921966,-0.01359209460942512,0.042694910470537195,1081
2026-09-30,LU1160356009,0P0001678E.F,EUR,1507.77001953125,1507.77001953125,0.0037613668897482633,-0.022540756577302146,0.05563954910477498,0.15820165747902704,0.17920516731668198,0.16982135159376618,-0.07070805382953571,-0.1200729496753532,0.0015843228565042278,0.004732839859494131,0.07047776594102784,1078
2026-09-30,LU1161083644,0P00016MO1,USD,20.11299713435002,20.11299713435002,-0.003427879693211233,-0.019064636802706536,0.05665361970446958,0.09204803415931395,0.10112235937689877,0.09177472376259999,-0.03707651210166918,-0.07086191472608194,-0.003339545575447578,-0.007324850901657243,0.05622082118381355,1022
2026-10-01,LU1161527038,EDNN.MU,EUR,233.7469940185547,233.7469940185547,-0.0059114449389737755,,,,,,-0.0059114449389737755,-0.0059114449389737755,,,,10
2026-09-30,LU1183791794,0P00016RHQ.F,EUR,175.1529998779297,175.1529998779297,-0.0109602489464099,-0.027252014590677054,-0.07613877330724361,0.05088438943969331,0.18018010024554823,0.16218851539457713,-0.09554924615119764,-0.10652983119589832,-0.005853247385702809,-0.024553328938049512,0.0004362657253205171,1113
2026-09-30,LU1291097779,EEMK.PA,EUR,17.396699905395508,17.396699905395508,-0.011343306167050149,0.01957484035190271,0.037481660984197473,0.1343774775187665,0.20078676813033824,0.21036212924579348,-0.07948283564073788,-0.13262607355357947,0.00484554278093996,0.025031423112924944,0.0928247378624798,1289
2026-09-30,LU1291098827,EEMU.PA,EUR,20.420000076293945,20.420000076293945,-0.004630724649323237,-0.009218851452249988,0.009142548078192148,0.06232441715823911,0.12296151635262226,0.11165616514892517,-0.04754060668318072,-0.10277607011442924,-0.005164170161072068,-0.014393134804296936,0.04129510941180259,1289
2026-09-30,LU1291102447,0E4H.IL,EUR,9.553000450134276,9.553000450134276,0.0,0.0,,,0.0,0.0,0.0,0.0,0.0,0.0,,51
2026-10-01,LU1301026388,2QJ0.MU,EUR,210.7469940185547,210.7469940185547,0.0,,,,,,0.0,0.0,,,,10
2026-09-30,LU1303940784,0P00018KOU.F,EUR,28.459999084472656,28.459999084472656,-0.003501413982481938,-0.016246153326829993,-0.010775160526886984,0.09841757051632105,0.09063949829639048,0.08532645856712254,-0.031023771507394104,-0.10474171860749526,-0.0006847321002610984,-0.0034665405207898736,0.021908522262922947,1110
2026-09-30,LU1329694266,0P00018EGL.F,EUR,236.0,236.0,-0.002071992396221023,0.0036573981993019977,-0.007360672975814886,0.0520215667707884,0.09502206449458682,0.10341484635125132,-0.03642784744532068,-0.08607298754556802,0.0031923630464105734,-0.0005615454307799084,0.031905784522923364,1118
2026-09-30,LU1379103812,0P00018FWZ.F,EUR,638.77001953125,638.77001953125,-0.005433921124325614,-0.016580901654124736,-0.025120891027795467,0.14358094984587955,0.11960305518616107,0.1371335797194491,-0.049243678720523265,-0.07933928105110122,-0.0072454963780342885,-0.014846445500992345,0.059924238950828546,1080
2026-09-30,LU1435385593,0P00019846.F,EUR,309.8999938964844,309.8999938964844,-0.014751747066779952,-0.02347569580509523,0.018101708278475348,0.10504917700260452,0.17619602797591144,0.17330446243995265,-0.06464263345394483,-0.18107797123110614,-0.012143424829190952,9.74392515982192e-05,0.014542575544647773,1128
2026-09-30,LU1486845537,0P00018X0B.F,EUR,116.36399841308594,116.36399841308594,-0.001707275215199533,-0.0045255005760244105,-0.002682649835010431,0.009841143999967716,0.008573997787756187,0.006440167416388005,-0.0054807772909498675,-0.00857780195084168,-0.001718383099289178,-0.002842963439604218,0.0027971387772101064,1099
2026-09-30,LU1530899142,0P00019MC0.F,EUR,2565.3701171875,2565.3701171875,0.000674909379583255,0.026016688683704547,0.02302582002661402,0.36044824366623707,0.16367236376641972,0.20684837858915672,-0.09073716251650632,-0.170881689258088,0.024941893453128694,0.03220161703619362,0.13062708172009496,1062
2026-10-01,LU1582988058,0P0001CGZV.F,EUR,12.51039981842041,12.51039981842041,-0.010754098271646306,-0.02031358078868095,-0.015557045941329117,0.010165955277219973,0.051009619803865695,0.05327502815344214,-0.027457318706906708,-0.056615818138602614,-0.014143952528743453,-0.01843202737725147,-0.0055559239817464245,1099
2026-09-30,LU1598757687,MT.AS,EUR,59.36000061035156,59.36000061035156,-0.06342695471783488,-0.07625274452202724,0.10969650922929297,0.12929175874912802,0.2818300558468027,0.28748162116793224,-0.12111341714973556,-0.2619465623536297,-0.06982573924180624,-0.05671956684301771,0.10891068201399623,1289
2026-09-30,LU1623762843,0P0001FE3K.F,EUR,155.27000427246094,155.27000427246094,-0.006526259245558386,-0.019760036266598058,-0.0291376765880762,-0.009252149929479758,0.030187446213075713,0.022016456237101092,-0.029825481348841554,-0.031521146246358045,-0.009855507664051855,-0.01866102076701537,-0.020328457800952826,1114
2026-10-01,LU1670631289,0P0001DFNP.F,EUR,11.342499732971191,11.342499732971191,-0.015544719500999449,-0.032094322819717025,-0.0336034715762501,-0.0017514188784272244,0.05060061012840477,0.04408372189159626,-0.038697883077560724,-0.05265460607611028,-0.021837805338718264,-0.02816802878349023,-0.02536230047667043,1097
2026-10-01,LU1670707527,0P0001DFNB.F,EUR,22.40399932861328,22.40399932861328,-0.01733397348876431,-0.030373381616487394,-0.028139901742922135,0.08080463262398885,0.09330020995670792,0.0935150622823694,-0.05809747710265911,-0.092062237404823,-0.025180467976527843,-0.035582073731210695,0.020644632365563798,1099
2026-10-01,LU1670719613,AN0B.MU,EUR,13.484000205993652,13.484000205993652,0.0,,,,,,0.0,0.0,,,,10
2026-09-30,LU1681043912,CC1.PA,EUR,256.3999938964844,256.3999938964844,-0.029339391175746465,-0.03807913847802513,-0.06932851580223454,-0.12536244504571603,0.14124156547453798,0.17227954252753488,-0.09753525425011,-0.2132003444575019,-0.01821699856944259,-0.04812113459860812,-0.10519930371898845,1289
2026-09-30,LU1681044480,AASI.PA,EUR,59.09999847412109,59.09999847412109,-0.013026095191729703,0.026397995740365054,0.029975555489517358,0.16441496879590556,0.22144496748969145,0.23959733064956099,-0.0973993401086195,-0.16060702050246078,0.00761247491299244,0.029631048742390087,0.10192418707807915,1289
2026-09-30,LU1694789535,0P0001CH1E.F,EUR,128.7899932861328,128.7899932861328,0.00031062746510923667,-0.004944753348256947,-0.004560299694022274,0.0028811331760085768,0.0299236653587471,0.021181794181643718,-0.011394223839352846,-0.021087619460482876,-0.002246723104720516,-0.004355561410875897,-7.574972803292557e-05,1119
2026-10-01,LU1819480192,EHQ6.MU,EUR,314.7760009765625,314.7760009765625,0.01710933349952226,,,,,,0.0,0.0,,,,10
2026-09-30,LU1829219390,BNKE.PA,EUR,393.3999938964844,393.3999938964844,-0.009816244692453124,-0.014652488675054753,0.06873128870813972,0.18874583369604836,0.17512184677890918,0.17582123911349826,-0.0316307842548077,-0.17132240226421158,-0.018095609892713305,-0.012049301583403005,0.1262797951806025,1289
2026-09-30,LU1829221024,UST.PA,EUR,109.70999908447266,109.70999908447266,0.0067908401897762705,0.0719101193949947,0.0642157627485418,0.23896098592279835,0.14334137492516794,0.1734257018518837,-0.0741999489068964,-0.1004836368906451,0.040260167965462834,0.05738258197651169,0.13854767801343604,1289
2026-09-30,LU1861137484,EUSRI.PA,EUR,90.05000305175781,90.05000305175781,-0.010113203876004118,-0.01745770264574742,-0.013366863549690633,0.03732295339574421,0.11317224848264412,0.0980486555583278,-0.04830604529024518,-0.1023277887365529,-0.005719434426741166,-0.01787561744308719,0.018254373794762024,1289
2026-09-30,LU1861138961,MSRU.L,USD,72.90474567698064,72.90474567698064,-0.0029527620782217046,0.033681297256152654,0.047742176126574165,0.13427126079164542,0.19059122122231395,0.201784764777751,-0.07339244238486986,-0.11701396963064925,0.015116515122638008,0.0379967734372737,0.09541981402142574,1270
2026-09-30,LU1876459212,0P0001FKPX.F,EUR,4453.56005859375,4453.56005859375,-0.013583958029501964,-0.0409809175948721,-0.01299366462268825,0.14799935028577305,0.11395746105981974,0.10195809547275389,-0.049670000971075656,-0.09673177833130864,-0.024636812557566667,-0.029123283760633778,0.04927253556686617,1033
2026-09-30,LU1900066462,CEC.PA,EUR,48.11000061035156,48.11000061035156,-0.014644140121153115,0.015407334862379107,0.10255534458471649,0.11714854625616233,0.15386815809665347,0.1526582221619033,-0.03287949658154654,-0.09557020854051512,-0.012272160577368352,0.008160006458748148,0.1319893555276901,1289
2026-09-30,LU1951200481,0P0001H0TE.F,EUR,294.4800109863281,294.4800109863281,0.01018833357760518,0.03876687407152235,0.058138785134967064,0.38448526192497345,0.18489442848379894,0.21572350584370328,-0.0817907851707137,-0.16763490233573852,0.04372239822256385,0.05742669770695019,0.16206207631059177,1097
2026-09-30,LU1951204046,0P0001H0TH.F,EUR,176.25,176.25,0.00022696376260711304,0.0009654598317667684,0.010723678545852655,0.10543149335921131,0.09705624198063229,0.09729913039446761,-0.037086682521467296,-0.13027168506338482,0.006096512559012446,0.006472262352305691,0.03749736100813994,1098
2026-09-30,LU1951225553,0P0001H0TF.F,EUR,191.6300048828125,191.6300048828125,-0.01063553891593827,-0.0026024045557327957,0.0034560593700085906,0.21979629177445426,0.18443214199182661,0.1717741636178102,-0.07629518509617139,-0.1521618507592264,0.015438527049019601,0.010867791601022914,0.09577278476850748,1098
2026-09-30,LU1951229035,0P0001H0TG.F,EUR,183.25,183.25,-0.005427408412483015,-0.02650874069032738,-0.024902851371123136,0.039893307970712666,0.12192642382980713,0.11386199392721282,-0.06752966028252883,-0.08892292793840006,-0.0005208672038635731,-0.018256940174051328,0.0049730419693947425,1098
2026-09-30,LU1953136527,REUSE.PA,EUR,22.528499603271484,22.528499603271484,-0.0030005143087653563,-0.0038469145110898717,-0.00414633323777891,0.07613195269744044,0.09872571506697025,0.09813049535981792,-0.05256775728678653,-0.07680804811696162,0.002619956664274836,-0.008887803091122137,0.033725085506362884,1289
2026-09-30,LU2095319849,0P0001JAB0.F,EUR,120.3499984741211,120.3499984741211,-0.005454124869499366,-0.05873613405584843,-0.007095129253752552,0.04145033763174499,0.1857132463598011,0.16302934789335505,-0.06511233426265506,-0.2139037077183793,-0.013658002124148805,-0.02772460813899691,-0.01034187956800714,1098
2026-09-30,LU2147879543,0P0001L9PD.F,EUR,772.1199951171875,772.1199951171875,-0.0038061235490398637,-0.004974336257013712,-0.003934605132049129,0.06537517664437176,0.053774703346860304,0.05464986440605356,-0.025105978759957903,-0.06462585851593328,-0.0023683630872949335,-0.006366253631374885,0.017859330931647266,1058
2026-09-30,LU2181906426,0P0001L535.F,EUR,285.75,285.75,0.0048528498312341295,0.05167277239137924,0.028951095719659703,0.464858713646662,0.23377452565907664,0.3511388763104315,-0.16904443577572315,-0.22199790594022362,0.041156185053046634,0.06402388928321412,0.20562142458348687,1108
2026-09-30,LU2210151341,0P0001KKA7.F,EUR,12.109999656677246,12.109999656677246,0.0008263863547335326,-0.01784268194566896,-0.01784268194566896,-0.016247015119572272,0.05044042401531239,0.06433679162927622,-0.035115689525953786,-0.06790124319835567,-0.007905648768510076,-0.015126898754045714,-0.028156212010036152,1148
2026-09-30,LU2244387457,ASRE.DE,EUR,9.619199752807615,9.619199752807615,0.0009989682819133705,-0.010431493326458097,-0.0168840433436227,-0.015394710434268544,0.03617458484781641,0.02812358098442723,-0.02201023196105456,-0.033279658736767526,-0.0038121550742766797,-0.011119986614593791,-0.017176145396896603,1283
2026-09-29,LU2257980289,0P0001LZLW.F,EUR,184.30999755859372,184.30999755859372,-0.008659641922374561,-0.0027594943480894196,-0.03709318200551848,0.001957056897657017,0.09825316488780225,0.10166774447918946,-0.06649098615167881,-0.0865476736691041,0.002115017432668953,-0.014420881865098267,-0.007152650772301317,1035
2026-09-30,LU2358392376,0P0001OOS9.F,EUR,505.5499877929688,505.5499877929688,0.006690665555323383,0.03779195424505932,-0.009599420701110972,0.09921284795840735,0.1572438640466493,0.15439496900205182,-0.06441376059655546,-0.08943559868933093,0.02092432840417824,0.01701575336636796,0.03903131965226447,1050
2026-08-13,LU2459590019,0P0001OS4A,USD,32.7232286283375,32.7232286283375,0.004499105658849034,0.005475125287047744,0.060352602796345245,0.1042763861843663,0.087369021677686,0.09641785958015901,-0.022372601723535612,-0.07641815975661459,0.005937655254111496,0.011429412807712813,0.06785466354049907,971
2026-09-30,LU2533811910,BJLL.DE,EUR,10.094499588012695,10.094499588012695,0.0,0.0003963837402898296,0.004028216390923989,0.010724622956655327,0.008558061805147572,0.010578578521337664,-0.0014882030882035213,-0.003047524042999572,0.00023777836339733405,0.0009250815919166211,0.007536090297134201,778
2026-09-30,LU2611731824,GLDU.AS,USD,64.4970652893495,64.4970652893495,-0.050302165521851294,-0.06892237926972555,0.23406010964889656,-0.09352268169134836,0.3529851321021624,0.4791653198580358,-0.14251350052879785,-0.3623354744639051,-0.051627027192491015,-0.01339658795969878,-0.0009088695865930863,1252
2026-10-01,LU2616774076,BJLJ.DE,USD,9.916829922612736,9.916829922612736,-0.005050008606866441,-0.006573108205064515,-0.028971551894398928,-0.001768171947061803,0.0627327704425081,0.06692840951881318,-0.03499781073607333,-0.050071814819599214,-0.0025416038642037675,-0.0064935676123978325,-0.01009607837447557,756
2026-09-29,LU2638914734,0P0001RNZQ.F,EUR,337.989990234375,337.989990234375,-0.03750430940423022,0.03639763061115642,0.20157126085905097,0.4377046896907857,0.41071010447420975,0.38035491512729347,-0.09354630872537983,-0.3124012853622107,0.01896287948371156,0.09065900349974987,0.18347978142137,703
2026-09-30,LU2707622630,0P0001T0AG.F,EUR,129.6300048828125,129.6300048828125,-0.02891602705454399,-0.05723632812500001,0.02256060831017237,-0.019810927162098313,0.19843791234515504,0.18099866813346094,-0.06586437348306895,-0.23394246327931445,-0.034557202347003324,-0.028633656429100762,-0.05491072069879199,553
2026-09-30,LU2798962978,0P0001UBP6.F,EUR,146.89999389648438,146.89999389648438,-0.013365608847617616,-0.02249138215509583,0.0007493740403485827,0.0891161668040803,0.11455804850348723,0.09717175645584432,-0.030106550021525624,-0.08982159224906872,-0.008223214827247527,-0.005481065675722929,0.04332530288295677,428
2026-09-30,LU3038520774,DEFS.PA,EUR,5.785999774932861,5.785999774932861,-0.02739958145094601,-0.021808992012191553,-0.014813616189047418,-0.055655310621242515,0.16996892720305767,0.17989378376105186,-0.13799880329444303,-0.2196261406823472,-0.006379741629537028,-0.04891843705395127,-0.03152404721844504,357
2026-09-30,LU3103551860,0P0001XEZ8.F,EUR,113.88999938964844,113.88999938964844,-0.004022729257637581,0.008768802926389707,-0.0008772565663225373,0.09996135196642597,0.07589064902751086,0.07544172210853817,-0.023314487832326813,-0.047610174847362186,0.0036350784901173494,0.004905850003701362,0.04491318767567076,258
2026-09-30,NL0000226223,STMPA.PA,EUR,46.880001068115234,46.880001068115234,0.01669920727762486,0.07450355633402905,-0.19683202071073957,0.3521019046891851,0.4302025445975963,0.5917945109014141,-0.3341576429473502,-0.3985444317360619,0.05177929761227529,0.043357053980769944,0.13087312627754133,1289
2026-09-30,NL0000235190,AIR.PA,EUR,190.6199951171875,190.6199951171875,-0.0225618349855341,-0.031894357409672947,-0.03415081816133003,0.12376855200534553,0.16405025012647756,0.2401067625536658,-0.11569173108204112,-0.2771117091213976,-0.0242579316536079,-0.059818121417343106,0.012690822177813699,1289
2026-09-30,NL0006294274,ENX.PA,EUR,158.89999389648438,158.89999389648438,-0.009351621303477331,0.0,0.07147667313956219,0.11969492238711377,0.1667522296241301,0.20393504628976583,-0.05021175377207321,-0.13907785679286322,-0.0031055242555755314,-0.0015583336073047294,0.12967760392367378,1289
2026-09-30,NL0010273215,ASML.AS,EUR,1596.800048828125,1596.800048828125,0.053437127187468736,0.1044404446675673,0.04560040836091139,0.2476701897021556,0.3518510331958001,0.40433481569456875,-0.14951881917374388,-0.2077144161694917,0.07704140320868613,0.07162580370935823,0.1987045687303559,1289
2026-09-30,NL0010832176,ARGX.BR,EUR,846.7999877929688,846.7999877929688,0.013161043504016812,-0.059737940541210954,0.05876469206969537,0.2011347344581118,0.2085421439202604,0.4531856318095969,-0.10218797825983039,-0.273723521535453,-0.0158981161743853,0.017460708014941373,0.15113780151364242,1289
2026-09-30,NL0011794037,AD.AS,EUR,31.850000381469727,31.850000381469727,0.01920001220703127,0.03881280299999945,-0.10328730745611048,-0.21171481502322387,0.22028228199967542,0.22022618434833383,-0.1452948608359106,-0.25714308631402005,0.007640358812655013,-0.006820841648950693,-0.09937760528216488,1289
2026-09-30,NL0011821202,INGA.AS,EUR,31.48500061035156,31.48500061035156,-0.008970722168890166,0.005589305250532917,0.14536859768739352,0.31341526951129484,0.16803271676016285,0.19922407840332926,-0.037540448599762466,-0.16877161691741893,-0.011591842176935763,0.021356672003410182,0.20985635365661337,1289
2026-09-30,NL0012969182,ADYEN.AS,EUR,876.5999755859375,876.5999755859375,0.01859168075052109,-0.15597920643952057,0.05601734895507904,-0.0534499528181952,0.3606934658960644,0.5036441540869778,-0.22643068496512253,-0.4839642318575442,-0.049019043692583475,-0.08156147447701978,-0.12184480964239897,1289
2026-09-30,NL00150001Q9,STLAM.MI,EUR,3.8970000743865967,3.8970000743865967,-0.05915019609955974,-0.136303191067758,-0.1700564029670636,-0.4374187889947059,0.40195081318820414,0.4009403836801659,-0.26318773887499425,-0.6257921797603817,-0.10604400381253143,-0.15165683820163778,-0.37322476748160494,1279
