date,asset_id,symbol,quote_currency,close_eur,close,ret_5d,ret_20d,ret_60d,ret_120d,vol_20d_ann,vol_60d_ann,drawdown_60d,drawdown_252d,sma20_ratio,sma50_ratio,sma200_ratio,observations
2026-09-30,AT0000A09ZL0,N550.MU,EUR,360.3659973144531,360.3659973144531,-0.0028141841298088277,,,,,,-0.0028141841298088277,-0.0028141841298088277,,,,9
2026-09-30,BE0003470755,SOLB.BR,EUR,24.5,24.5,-0.038461521186915815,-0.04743387814637434,-0.05405404012163162,-0.052422600710550826,0.2196850849764713,0.17229349197737054,-0.09191992528961934,-0.14035087843632954,-0.04057017056556367,-0.05481311954641965,-0.044054027723189004,1289
2026-09-30,BE0974293251,ABI.BR,EUR,65.31999969482422,65.31999969482422,-0.031435389528995716,-0.048368294352358454,-0.06310960196271975,0.030509330179160354,0.20730565123024397,0.2092621106072342,-0.13138294753147484,-0.14298171470367416,-0.03752928711954462,-0.056592881385649885,-0.0034379270905052772,1289
2026-09-30,DE0005140008,DBK.DE,EUR,31.76499938964844,31.76499938964844,0.0033164732388624163,-0.08917564474126338,0.035027658419160446,0.15382181990051413,0.27092220168052955,0.24372128828973075,-0.13482516628878938,-0.2676722440208219,-0.05291484594504969,-0.04051206170129229,0.06464355014622414,1283
2026-09-30,DE0005190003,BMW.DE,EUR,55.43999862670898,55.43999862670898,-0.042156226613312864,-0.08635467455691248,-0.053924913476023906,-0.28924774987137936,0.26712643692703036,0.2544027266490078,-0.1444270118171176,-0.40830570862885573,-0.08036827708016947,-0.0706407155540777,-0.2250869823987972,1283
2026-09-30,DE0005552004,DHL.DE,EUR,56.93999862670898,56.93999862670898,-0.006282733248602401,0.037536397931861254,0.03040174368809434,0.2175274773005622,0.19281156027601207,0.17607021319124183,-0.05845729999922167,-0.14333072083959342,0.014123623402866992,0.01402609195216864,0.1382368578288038,1283
2026-09-30,DE0005557508,DTE.DE,EUR,26.13999938964844,26.13999938964844,-0.02571750041072307,-0.0811951251790527,0.023492500102312963,-0.0904662631237233,0.22252076339024518,0.29100380824824396,-0.10418097613892496,-0.27769587398998596,-0.05681143674169964,-0.06601497072542595,-0.07774165178673975,1283
2026-09-30,DE0005810055,DB1.DE,EUR,286.20001220703125,286.20001220703125,0.013815177409510548,0.026174322231273806,0.12103411196986547,0.14685997285651986,0.18996116728040113,0.19404582981892762,-0.06009615132693824,-0.11953220395825659,0.018867973519759218,0.03286999634261978,0.16299787674092925,1283
2026-09-30,DE0006048432,HEN3.DE,EUR,73.13999938964844,73.13999938964844,-0.015082180371169152,-0.028685306435176194,-0.02427961202044915,0.1528846571286906,0.184747348851019,0.1845495145792359,-0.09398495881178781,-0.2432210362584949,-0.013434782655005417,-0.03024614123157565,0.03037390843220189,1283
2026-09-30,DE0007030009,RHM.DE,EUR,957.0999755859376,957.0999755859376,-0.06624392625762188,-0.12224875811035951,-0.09605219923700281,-0.3497464939836794,0.33015142804058495,0.3454163242420101,-0.21161451763926065,-0.5185992636466457,-0.04982207120527449,-0.12010063431598861,-0.28586573005622795,1283
2026-09-30,DE0007100000,MBG.DE,EUR,40.63999938964844,40.63999938964844,-0.0347939714645602,-0.12376027482269436,-0.0789801838040014,-0.206759828952215,0.265738180853442,0.23166961125268995,-0.1570213615138264,-0.29770125823394766,-0.09102601997286319,-0.10800317974749052,-0.17940670959803096,1283
2026-09-30,DE0007164600,SAP.DE,EUR,186.0399932861328,186.0399932861328,-0.0022525657653703623,0.025352682885969813,0.34850669927832656,0.31881702419574753,0.27835709711945306,0.40793045989160726,-0.08811820486724142,-0.460752560270804,0.010581630223887029,0.04629238392612911,0.12998319706679884,1283
2026-09-30,DE0007236101,SIE.DE,EUR,275.29998779296875,275.29998779296875,0.004927817214029906,0.005478451668647244,0.03671625098172249,0.16037929522853012,0.2711676781723757,0.252354709784494,-0.10953941463317052,-0.20503662867365802,0.020546193012778824,-0.0020553829521132716,0.07549260837168625,1283
2026-09-30,DE0007664039,VOW3.DE,EUR,70.77999877929688,70.77999877929688,-0.029080969851961513,-0.039620058207003206,-0.022105533777780573,-0.1662736307932351,0.4235188910356572,0.3305608219001327,-0.14825511336995867,-0.3130182380526333,-0.08262589334148895,-0.06408345593841858,-0.15191033212951777,1283
2026-09-30,DE0008430026,MUV2.DE,EUR,503.3999938964844,503.3999938964844,0.0015916987330955035,-0.03784407081151209,-0.004744946529074978,-0.059489686516536966,0.1906279968388724,0.16630303566718438,-0.06060606060606055,-0.1969919530344898,-0.011099109275486851,-0.0210568133133906,-0.0009425755349631304,1283
2026-09-30,DE000A0F5UK5,EXV6.DE,EUR,82.55999755859375,82.55999755859375,-0.015854116589954392,-0.0515796132769164,0.1160657174169224,0.020547213341188586,0.240368127474977,0.24102126121773884,-0.09428320335497264,-0.18396071944220127,-0.029887165940337357,-0.021239697613910424,0.0383664442371221,1282
2026-09-30,DE000A0Q4R28,EXV5.DE,EUR,38.38999938964844,38.38999938964844,-0.03031070367048261,-0.05396752938858429,-0.020499542208458066,-0.08411814417876673,0.18437494382862954,0.169283078108027,-0.08003834625512907,-0.20091842125448933,-0.04805594903239774,-0.05230937520565948,-0.07978616894538271,1282
2026-09-30,DE000A0Q4R85,4BRZ.DE,USD,46.22269587258637,46.22269587258637,-0.01129593017100694,-0.008000252125686669,0.08560348698402676,-0.07074067184905208,0.20459424650205593,0.21418978167301742,-0.08221780748007512,-0.1777901213915941,-0.0031998196869318374,0.03501177494950736,0.05017140336261927,1283
2026-09-30,DE000A1EWWW0,ADS.DE,EUR,145.35000610351562,145.35000610351562,0.00623059310687224,-0.028084231778909508,-0.18866865165788904,0.0738054105908792,0.2341468638295389,0.34803066337035127,-0.22712424194321823,-0.328630068972118,0.0015676895069904884,-0.05882729698100342,-0.05974616253305498,1283
2026-09-29,DE000A2JJ1W5,0P0001FAJ5.F,EUR,124.27999877929688,124.27999877929688,-0.004804600314840757,-0.013885582932239737,-0.014120250783517085,0.017104479058283495,0.050349443422649416,0.043531108929612164,-0.02422855115623168,-0.04542575052266418,-0.002616251197611108,-0.00756068985696734,-0.003601010684092687,1245
2026-09-30,DE000BASF111,BAS.DE,EUR,50.2599983215332,50.2599983215332,-0.03679574496767746,-0.05844890753375542,0.05543887964854166,-0.02448516609772433,0.20993499567077423,0.21417464359242297,-0.06949878273695564,-0.13370372630931704,-0.033749581878837365,-0.023582855068642328,0.03199722200298383,1283
2026-09-30,DE000BAY0017,BAYN.DE,EUR,47.900001525878906,47.900001525878906,-0.02859460166585681,-0.02602681519630179,-0.035052334511760264,0.18289212540597255,0.24318169469336962,0.22487311262826207,-0.0915187242569071,-0.3065455353648504,-0.023903132668451565,-0.01496671733553312,0.11870095149381199,1283
2026-09-30,DE000DTR0CK8,DTG.DE,EUR,41.93999862670898,41.93999862670898,-0.015030605373974826,-0.0700665178342601,-0.01038231312686999,0.01197238870099393,0.20144672058209545,0.2255002050620383,-0.15604834882823404,-0.15604834882823404,-0.03904320428694941,-0.07829040718559999,0.005291433933837242,1224
2026-09-30,ES0113211835,BBVA.MC,EUR,24.8700008392334,24.8700008392334,-0.0004018618115135819,-0.008768406218275793,0.13199825291374223,0.23916299040338473,0.17713386066169148,0.21467952510516772,-0.029515938784091866,-0.18701772533483707,-0.008689372729342892,0.007437324539865564,0.18711233348449263,1287
2026-09-30,ES0113900J37,SAN.MC,EUR,12.32800006866455,12.32800006866455,-0.02236317174389224,-0.03020766423461707,0.0403375250470277,0.16650178550818695,0.20760517077835064,0.2210774719294953,-0.0531288635462045,-0.171891814315276,-0.028924309875943965,-0.021621456299298125,0.11433912234606947,1287
2026-09-30,ES0148396007,ITX.MC,EUR,54.0,54.0,0.01848358230432323,-0.03846153584901846,-0.002954206939861259,0.03518174506059624,0.22262283737520117,0.21077442053118353,-0.12453463596749692,-0.14986185286846476,0.0004817103063041728,-0.03704866019771713,-0.0027368125377311703,1287
2026-09-30,FI0009000681,NOKIA.HE,EUR,9.020000457763672,9.020000457763672,-0.04509841593748665,0.060178662602976996,-0.11266792468478071,0.13328434657343813,0.5838164959796527,0.6088287435304904,-0.32205891614177773,-0.4829458829898745,-0.008115376364874138,0.028455484656220387,0.05606198783767935,1265
2026-09-29,FR0000003196,0P00000QEY.F,EUR,476.5400085449219,476.5400085449219,-0.012106630206012325,-0.02334348021608057,-0.0397952802997289,-0.028123872504198455,0.04590874597067876,0.03709897884657269,-0.04011767982289982,-0.05207438771431694,-0.011074402700028574,-0.02114557613175494,-0.031091408653829422,1246
2026-09-29,FR0000003998,0P00000I2M.F,EUR,3389.8701171875,3389.8701171875,0.011910598254109228,-0.031651028848830864,0.00377540613231675,0.13965901767225986,0.12249061836879781,0.11685637978364041,-0.05889677538119498,-0.1083091867769127,-0.008569302543126267,-0.018230988014334537,0.03588835367992438,1244
2026-09-29,FR0000027609,0P00000H0V.F,EUR,5065.7998046875,5065.7998046875,-0.004200786982877847,-0.014036831691448537,-0.01654620222044878,-0.0020310944545013365,0.02828768435533968,0.02002454368836786,-0.01824339485090609,-0.01824339485090609,-0.007801999827214856,-0.011486254555344355,-0.009299409148428084,1242
2026-09-30,FR0000045072,ACA.PA,EUR,17.56999969482422,17.56999969482422,-0.02578320801342371,-0.05461390581915315,0.0215115648530666,0.0818630037625514,0.1523876636753794,0.1893491602920485,-0.1301980677614848,-0.16688568702410778,-0.04155360097861682,-0.06651295677571756,0.02781564628566957,1289
2026-09-30,FR0000051807,TEP.PA,EUR,70.0999984741211,70.0999984741211,-0.048846657031061835,-0.002561188222854782,0.38318859613270395,0.3938299134505847,0.3137705352914177,0.4777166822514134,-0.05855073790619336,-0.35422847770430843,-0.004445225060935143,0.021460859476212457,0.22049545640791113,1289
2026-09-30,FR0000052292,RMS.PA,EUR,1339.0,1339.0,-0.0077806595035198045,-0.12597911227154046,-0.1474052849411016,-0.24321769745605482,0.2585842117002861,0.3564985809103898,-0.21951934349355218,-0.4022590820314641,-0.035840938956994584,-0.11057085541960598,-0.22917427943045365,1289
2026-09-30,FR0000054470,UBI.PA,EUR,5.291999816894531,5.291999816894531,-0.025773258319851333,0.04296411908373954,-0.09538463193754265,0.16333261495036022,0.3946262928023485,0.5690934675491706,-0.19779286727694811,-0.6284035361234737,0.011313218535085268,-0.0005666032186572023,0.047870958632783456,1289
2026-09-30,FR0000073272,SAF.PA,EUR,334.20001220703125,334.20001220703125,-0.005357106526692745,0.016732582280939656,0.0051128186677631415,0.0647608104267563,0.244431446159221,0.2381834702325243,-0.11551154921609863,-0.23617513957875091,0.012251857152296486,-0.01728423559539405,0.06106426817655919,1289
2026-09-28,FR0000097156,0P00000QGO.F,EUR,675.0,675.0,0.01063029694027362,0.007237149010295152,0.03231529973940095,0.2036376866848124,0.10118804172395246,0.09666501714924444,-0.033817453515913254,-0.07356647804504624,0.012158648198572486,0.01615612527320298,0.09201796375474958,1240
2026-09-30,FR0000120073,AI.PA,EUR,170.4600067138672,170.4600067138672,0.013556987378881447,-0.011711439376788868,-0.018539763344676108,0.02267696026403132,0.1611250232355234,0.14714704203208537,-0.08604078110433389,-0.10528746423158142,0.014467770879044162,0.004966504747891287,0.0622829901908466,1289
2026-09-30,FR0000120172,CA.PA,EUR,15.94499969482422,15.94499969482422,-0.013609725223819868,-0.015436863520281285,-0.016086598981150946,0.030166081842519787,0.21003301313665582,0.2104618456196598,-0.06434318236822179,-0.07772792185500088,-0.02873591626490024,-0.007710086875238442,0.05115259424234919,1289
2026-09-30,FR0000120271,TTE.PA,EUR,75.5999984741211,75.5999984741211,-0.039420521723552704,-0.03448281573950851,0.09012256867362844,-0.01094197461598434,0.21337123587282092,0.2252092848742934,-0.060752882587036816,-0.17510288938050222,-0.03639291097694397,-0.016294718880249692,0.07156950204654122,1289
2026-09-30,FR0000120321,OR.PA,EUR,380.1499938964844,380.1499938964844,-0.0009198583535233729,-0.012597418450689957,-0.001575853193737653,0.07462747470258013,0.2033336196607986,0.19530769818599478,-0.060913705583756306,-0.14438105060176987,-0.005103392053168454,-0.0078039534089471285,0.019929411890113435,1289
2026-09-30,FR0000120404,AC.PA,EUR,45.72999954223633,45.72999954223633,-0.006948962000561498,-0.01571243126606736,-0.051047917712726654,0.034985160963080464,0.19591023078378692,0.21026698370640645,-0.08348642605549494,-0.2065086535708529,-0.006258439462222931,-0.010387380118392686,0.009863334164206927,1289
2026-09-30,FR0000120503,EN.PA,EUR,41.7400016784668,41.7400016784668,-0.034913255989207026,-0.04811851468819417,-0.09575386012903364,-0.17375478652350573,0.18904882761566155,0.22913828914972506,-0.15591504480321372,-0.2124527985194944,-0.045768330867665186,-0.08603606904123251,-0.11577617337044377,1289
2026-09-30,FR0000120578,SAN.PA,EUR,72.51000213623047,72.51000213623047,-0.008206790714157641,-0.06026440260736232,-0.03794613912869016,-0.05499834048545327,0.1893731701975921,0.25510427381845385,-0.10573069496797893,-0.165569691874061,-0.019638301352300602,-0.04025600538204588,-0.041250921681426744,1289
2026-09-30,FR0000120644,BN.PA,EUR,58.720001220703125,58.720001220703125,-0.026525173776789313,-0.08621227406408427,-0.1975949579690005,-0.10025629647156309,0.1878820720842891,0.19290619724490826,-0.1975949579690005,-0.2365742199670231,-0.042697121258379656,-0.0940452436669037,-0.125927716495716,1289
2026-09-30,FR0000120693,RI.PA,EUR,60.43999862670898,60.43999862670898,0.014093962652576675,-0.0427621284295121,-0.022611117804295255,-0.05954900090923032,0.19531297917773136,0.2526111032787783,-0.16496016104185063,-0.31613160066066215,0.003370003905541319,-0.06091908812808,-0.0846974878147545,1289
2026-09-30,FR0000120966,BB.PA,EUR,66.0999984741211,66.0999984741211,-0.01928787866953774,-0.025073812700848297,0.10720264035833371,0.1946768997243813,0.10238962756107688,0.2179484847671981,-0.04202900762143347,-0.14495416219181756,-0.012179644668029788,-0.004098124746482856,0.15718775971805843,1289
2026-09-30,FR0000121014,MC.PA,EUR,390.3999938964844,390.3999938964844,-0.016376921390669708,-0.11070616424491031,-0.1948855458640688,-0.17589390063823873,0.21936332566285743,0.25097822492260563,-0.22401115253384152,-0.3915566065285935,-0.04582672883665062,-0.11519869677535177,-0.2076989068668561,1289
2026-09-30,FR0000121147,FRVIA.PA,EUR,8.699999809265137,8.699999809265137,-0.040158905033757075,-0.025755933712268475,-0.00684936279098225,-0.1670655755426952,0.513371493179997,0.47217451327056115,-0.13149413358756956,-0.42797438225722206,-0.06736420738891169,-0.04952522515918645,-0.19005991005338752,1289
2026-09-30,FR0000121220,SW.PA,EUR,55.34999847412109,55.34999847412109,-0.03234269692557423,-0.04404150232393467,0.0231053610953047,0.38861007593027486,0.2056096996455368,0.20816997857748415,-0.059473238585368904,-0.2701083367043837,-0.028009507676590273,-0.029066633401594766,0.1366423790368605,1289
2026-09-30,FR0000121329,HO.PA,EUR,225.3999938964844,225.3999938964844,-0.055718488570578595,-0.049346317612168566,-0.035515631836298245,-0.1442997958968275,0.24374840678403958,0.2559349817638095,-0.17212206268303964,-0.19003693992258464,-0.030308266763204528,-0.08133489720312159,-0.0664408039677803,1289
2026-09-30,FR0000121485,KER.PA,EUR,224.3500061035156,224.3500061035156,-0.012978428986516466,-0.10134183221113668,-0.0638430552165069,-0.18975635713008787,0.2935433937584323,0.47517356651739867,-0.23732285658697716,-0.3426324135629788,-0.04056276640399603,-0.11079136402093315,-0.13331980297363233,1289
2026-09-30,FR0000121667,EL.PA,EUR,145.39999389648438,145.39999389648438,-0.030343468785320016,-0.08380594396668717,-0.14142315526337657,-0.2729050608416871,0.3124006099290464,0.2642507420229294,-0.1932675708760998,-0.5563296695825171,-0.004177836802720436,-0.07392077931685448,-0.25027127273724437,1289
2026-09-30,FR0000121964,LI.PA,EUR,35.41999816894531,35.41999816894531,-0.02638820426015065,-0.05597020957348697,-0.00393709783292806,0.0331246938781411,0.13493538286234544,0.13411226374639318,-0.11405706416963968,-0.11405706416963968,-0.03558694397186868,-0.06806154742295989,0.03000821253322483,1289
2026-09-30,FR0000121972,SU.PA,EUR,291.25,291.25,-0.0071587048229839745,0.015693112467306092,0.10405615419730085,0.10561605523260997,0.35601092442535576,0.35689915511774006,-0.12524119680717438,-0.17762918089750313,0.007698295995156146,0.0011136861071630033,0.10053552315849146,1289
2026-09-30,FR0000124141,VIE.PA,EUR,30.799999237060547,30.799999237060547,-0.01597444128394665,-0.03387703739450432,-0.1607629810143456,-0.09088928410374897,0.09536890990734274,0.17705664204424787,-0.1791045079615029,-0.1791045079615029,-0.02302863621457063,-0.07348917622307172,-0.06465250783162535,1289
2026-09-30,FR0000125007,SGO.PA,EUR,69.05999755859375,69.05999755859375,-0.022366957031517476,-0.07944547255619616,-0.0792000325520833,-0.08439714798377007,0.2185516144328213,0.2800529092920631,-0.19265844260637743,-0.2782018825349041,-0.02997447366672601,-0.10024705376333964,-0.10592122927484637,1289
2026-09-30,FR0000125338,CAP.PA,EUR,104.5500030517578,104.5500030517578,-0.014608816631994204,-0.0052330678434664435,0.1501650307672744,0.030687824798131702,0.4074029427072754,0.4133838960644913,-0.09201077073251984,-0.41502642376831267,-0.006768763313071635,-0.009729344596470346,-0.015270189078171459,1289
2026-09-30,FR0000125486,DG.PA,EUR,106.6500015258789,106.6500015258789,-0.038322812818070595,-0.044354811970629515,-0.0980972386817851,-0.1889142679030552,0.19209504580936418,0.20059749707185112,-0.15891168013343004,-0.22851419696942943,-0.04317594562404847,-0.0860790843911704,-0.13081225374770977,1289
2026-09-30,FR0000130452,FGR.PA,EUR,100.4000015258789,100.4000015258789,-0.05193578773137186,-0.06343279492485843,-0.1566568756640071,-0.2570434939903512,0.21444140243819884,0.23496187831614754,-0.20063692081520568,-0.28750290339923756,-0.05924241551166265,-0.12080982047948308,-0.1879076692117676,1289
2026-09-30,FR0000130577,PUB.PA,EUR,94.5199966430664,94.5199966430664,-0.030961700267732817,-0.048903207332141485,0.10991066907529512,0.29462060928523104,0.2864233495666945,0.26839701068424937,-0.09202691615251313,-0.23345260324938366,-0.03530844256496435,-0.03622028690737411,0.13552939531069041,1289
2026-09-30,FR0000130809,GLE.PA,EUR,69.55000305175781,69.55000305175781,-0.03737019997567037,-0.040821941763447556,-0.024544178472610256,-0.02616715783522905,0.27717437926953564,0.28661666689074317,-0.17428469334101437,-0.20391642461152326,-0.046483048948746886,-0.08940458574451304,-0.02901586447077742,1289
2026-09-30,FR0000131104,BNP.PA,EUR,95.05999755859376,95.05999755859376,-0.01969685096488971,-0.07798255125624887,-0.03266509813907814,0.07428883795140506,0.2042822800194357,0.22550540474667632,-0.15726954798949877,-0.16230769765321973,-0.053472176715807285,-0.09479848799916624,0.018255566242512566,1289
2026-09-30,FR0000131906,RNO.PA,EUR,26.0,26.0,-0.022556404994930057,-0.06103288195964396,0.030110944365042913,-0.09811402021578719,0.3532874769450681,0.3332327614022012,-0.1251682166655681,-0.2784341010453456,-0.07113000873175357,-0.07383659461699454,-0.08414441957453178,1289
2026-09-30,FR0000133308,ORA.PA,EUR,13.704999923706056,13.704999923706056,-0.025248967661148924,-0.11751447782645752,-0.140752345605358,-0.20922584357866392,0.2916540182685565,0.2758433816891427,-0.212356308955846,-0.24994611057160776,-0.0838597614062988,-0.12591203911022308,-0.15708581418611234,1289
2026-09-30,FR0000172041,XED2.F,EUR,475.7990112304688,475.7990112304688,-0.019294649931942964,,,,,,-0.024968157833336058,-0.024968157833336058,,,,9
2026-09-29,FR0000172124,0P00000GPO.F,EUR,55.630001068115234,55.630001068115234,-0.015223943791798145,-0.036376208050801995,-0.05839540717695102,-0.03268992015800576,0.06700075605567571,0.05296947709476894,-0.059539927627861644,-0.06538919305080049,-0.02250881513218428,-0.03437236762137308,-0.043376485486351535,1234
2026-09-30,FR0000284689,CL54.F,EUR,33.5890007019043,33.5890007019043,0.009709669717797631,,,,,,-0.007977593940434291,-0.007977593940434291,,,,9
2026-09-29,FR0000292302,0P00000PYA.F,EUR,571.3300170898438,571.3300170898438,-0.00487692294281028,-0.016508238832258715,0.001367153296930823,0.07822528086561453,0.07864531094216624,0.07473529394390421,-0.030280271035459383,-0.06867224362644508,-0.001769018966740754,-0.005221371752659465,0.027925832503878034,1246
2026-09-29,FR0000295230,0P00000PM8.F,EUR,229.42999267578125,229.42999267578125,0.013875997537717177,-0.03466994385764555,-0.028662169178369723,0.05011899103979145,0.12866587542740857,0.11875752466210106,-0.06315477183689933,-0.16301981420780265,0.007215061732761541,-0.0054524183833855044,-0.00693327476314709,1266
2026-09-29,FR0000299356,0P00000JPU.F,EUR,291.0199890136719,291.0199890136719,-0.013157019203514975,-0.048861039145623564,-0.007739846108335113,0.07506455814674995,0.11013574071622802,0.10959236496488625,-0.053655048743080025,-0.10168187143662966,-0.01997798261865147,-0.025967110883556965,0.00018520769321028752,1234
2026-09-29,FR0000422859,0P00000PLK.F,EUR,904.9000244140624,904.9000244140624,-0.0035128702519205968,-0.04849529365314498,-0.021750875324172303,0.04762898743089572,0.11819383418446013,0.11744963075938974,-0.05913649458409431,-0.11875263294966842,-0.009622473345274218,-0.019650940533848638,-0.002767078702058612,1244
2026-09-29,FR0000438905,0P00000QF5.F,EUR,496.239990234375,496.239990234375,0.0012509485559413225,0.017844651796718125,0.04802532256467784,0.2008808098180297,0.11941296960107206,0.10132295561244119,-0.0324187350522257,-0.08915819628885746,0.014239481358910178,0.01978199432369565,0.10046680864936475,1192
2026-09-29,FR0000447807,0P00000RUS.F,EUR,216.6300048828125,216.6300048828125,0.0023598453504889427,0.011580719388331495,0.04515849094135049,0.1971153671835706,0.11694311277547133,0.1075920085596796,-0.04078916959911527,-0.08659418215219217,0.015523759686774108,0.018205803465202397,0.09155279780157155,1245
2026-09-30,FR0000974149,ODAB.HM,EUR,740.2570190429688,740.2570190429688,-0.004689747288543655,,,,,,-0.008305268598347681,-0.008305268598347681,,,,9
2026-09-29,FR0000975880,0P00000MML.F,EUR,425.8299865722656,425.8299865722656,-0.012636830417494638,-0.046186639200277546,-0.051814783377861606,0.011568783770528945,0.1266128343616364,0.12127715297603311,-0.08234208531387288,-0.12650891219419702,-0.013370035274489434,-0.03986904200650632,-0.030628355350921788,1245
2026-09-28,FR0000980427,0P00001O87.F,EUR,2568.2900390625,2568.2900390625,-0.0033566565540638083,-0.019744116488852215,-0.028711760032884337,0.011998372678076796,0.045769914807864756,0.0439542612052136,-0.030913117713922467,-0.04381792125829931,-0.0069781960224155615,-0.01639808332848991,-0.006003559478293008,1248
2026-09-28,FR0000987950,0P00000NYV.F,EUR,668.72998046875,668.72998046875,0.019731930762849625,0.0330269648399395,0.023336598604078107,0.13467150313885323,0.16261967708716082,0.22499870651341433,-0.10217496300435924,-0.10217496300435924,0.009507360346971083,0.023641715391601315,0.12212402294169866,1124
2026-09-29,FR0000987968,0P00000NZ3.F,EUR,486.05999755859375,486.05999755859375,0.030180980062996188,0.038367851358469096,-0.024700519050508185,0.2485166078619352,0.20435438829898375,0.30344031895035906,-0.16322176981876269,-0.16322176981876269,0.02203732024978855,0.027644878518309435,0.13837819552526742,1161
2026-09-29,FR0000988057,0P00000NZ7.F,EUR,867.2999877929688,867.2999877929688,-0.0006567888363760988,0.019129947460796437,0.030733011595040383,0.22141162533691272,0.11288752298372803,0.10785129091463447,-0.03313392419228933,-0.07747073986381181,0.016243712409764077,0.021158796382630074,0.09102338697504408,1204
2026-09-29,FR0000989915,0P00000QLD.F,EUR,1543.1800537109375,1543.1800537109375,-0.020557571978580103,-0.08326843728750455,-0.12672099274911552,-0.051978439062259074,0.12777924534071755,0.12231764342005855,-0.13996033354536352,-0.18552865410381103,-0.03331386614518039,-0.08371947445083805,-0.099167251261984,1245
2026-09-30,FR0006174348,BVI.PA,EUR,26.920000076293945,26.920000076293945,-0.009930138008841682,-0.012834630568188454,-0.0014836427869816537,0.0038837831090323682,0.19177612231319158,0.23019687851640255,-0.0922446436868195,-0.13772048651286128,-0.016207716571400965,-0.024022386217905645,0.011019574703802881,1289
2026-09-29,FR0007023692,0P00000C3O.F,EUR,378.3699951171875,378.3699951171875,0.0020126845028143325,-0.021794190645872957,0.001058268897511816,0.06277739113872438,0.0887156054969705,0.07891355894707715,-0.03241593433027423,-0.057652550446265716,-0.013637863310257403,-0.012469874998963681,0.03583395192331329,1227
2026-09-29,FR0007028543,0P00000PY3.F,EUR,106.48999786376952,106.48999786376952,-0.015075886435491737,-0.031733091349683495,-0.04183913578743481,0.05634362109645297,0.09869747835035342,0.08313404540703816,-0.045613735348593254,-0.07215834198969395,-0.010830815487034573,-0.022469723763992144,-0.006880238839567232,1207
2026-09-30,FR0007052782,CAC.PA,EUR,80.70999908447266,80.70999908447266,-0.01728964101342667,-0.03352895437830483,-0.030394027441440707,-0.019200410906260568,0.1093806911358276,0.10480749445287413,-0.08304928240609721,-0.10850611902089558,-0.01965310460421832,-0.044116785333939035,-0.018601113215353737,1289
2026-09-30,FR0007054358,MSE.PA,EUR,71.47000122070312,71.47000122070312,-0.003624733362086685,-0.013117881417588295,0.012322985345402548,0.0667164361298973,0.11710691953283998,0.11278569939450875,-0.04902228077396764,-0.10843727157026495,-0.005662429504630917,-0.016632067085076363,0.04254875371627831,1289
2026-09-29,FR0007061882,0P00000O6Y.F,EUR,694.4500122070312,694.4500122070312,-0.0037014432397500796,-0.04066916499145801,-0.0023129979559369795,0.10160213406162422,0.1219438416180746,0.11744155498871635,-0.046830352302243416,-0.12151241584563843,-0.009454697487960129,-0.01494468536453275,0.024775468359946373,1245
2026-09-29,FR0007062567,0P00000K4N.F,EUR,581.52001953125,581.52001953125,0.014143539119565673,0.021195903179348052,0.03807639728821255,0.15134243088455368,0.18745727782632376,0.14748311608913187,-0.07313298381321787,-0.17320314463395015,0.021395915670191057,0.02191698362305905,0.06650012638337754,1200
2026-09-29,FR0007064324,0P00000H22.F,EUR,515.2899780273438,515.2899780273438,-0.016959851143987126,-0.053923542329764484,-0.023406178982317116,0.04644401928429276,0.09697599554479211,0.10704904501259324,-0.0736359945575843,-0.10149436880129137,-0.03455115355291505,-0.04668895536037454,-0.03357609212059498,1238
2026-09-28,FR0007072160,0P00000IK7.F,EUR,172.82000732421875,172.82000732421875,-0.00288483717326804,-0.011044307157546451,-0.01223136321175522,0.007931882404630608,0.023871742167619444,0.0203695796436074,-0.015104931135409005,-0.025147919362124238,-0.004412756423600173,-0.009120950310051668,-0.006373839960099548,1247
2026-09-29,FR0007076930,0P00000NME.F,EUR,552.0800170898438,552.0800170898438,-0.010130284504622944,-0.034926372328111466,-0.015461405100590686,0.07605352145348987,0.09494517725289395,0.10015302430733475,-0.06927182258738152,-0.08584313776124475,-0.018110706898917472,-0.03630673811188223,0.023299236141627766,1238
2026-09-29,FR0007374145,0P00000QRC.F,EUR,514.5700073242188,514.5700073242188,-0.04080455905725111,-0.10966347182999758,0.1773171315837061,0.10538978008935729,0.4072172018467689,0.45145897563180837,-0.13749319857150089,-0.3714610457589358,-0.04641094742308949,0.01594331527684001,0.02909020546396568,1174
2026-09-29,FR0007382965,0P00000MUL.F,EUR,3567.969970703125,3567.969970703125,-0.003705425932759576,-0.013789957388458118,-0.003037329671219502,0.05465759073347254,0.05113605201442097,0.04570040989764499,-0.024007435772887664,-0.05346302661329583,-0.0020817224758427066,-0.006042194144619595,0.017468587164098937,1244
2026-09-28,FR0007390174,0P00000FNC.F,EUR,101.75,101.75,-0.049775884758239686,-0.0753362490599323,0.09857478927525598,-0.032242718369106305,0.39269529813121107,0.43334316933956407,-0.12840498662045707,-0.33703705023274577,-0.056310665075040345,-0.010983673229236324,0.0129594089855265,1250
2026-09-28,FR0010004085,0P00001NLH.F,EUR,996.2000122070312,996.2000122070312,-0.010066285125934105,-0.0021935339990128977,0.0242017145893203,0.2072224884518039,0.10983146650953103,0.112940544876168,-0.0345192340392364,-0.0930771863389761,0.002580432488378248,0.0061317360663979414,0.06467125677372532,1210
2026-09-29,FR0010058529,0P00000QIF.F,EUR,1174.5799560546875,1174.5799560546875,-0.001555646476847805,-0.03458655412592049,-0.033259561399260784,0.09803591529172895,0.15401653859395664,0.14626658337117118,-0.07672122846149532,-0.16355001019165538,-0.0017719914246555613,-0.017807408640607814,0.011723180173089487,1247
2026-09-29,FR0010086512,0P00000G8V.F,EUR,339.1499938964844,339.1499938964844,-0.01381215494126986,-0.046715562386991594,-0.044405651018586845,0.054177522720522786,0.13353028859627344,0.1271657065101099,-0.08015188985418653,-0.11388989985918296,-0.020966317914375532,-0.04199571444023309,-0.02015028010173614,1239
2026-09-28,FR0010097683,0P00000CGO.F,EUR,584.510009765625,584.510009765625,-0.005495594178408725,-0.011767226202923142,-0.0014862057294930953,0.0728300413544174,0.08240897678716497,0.07818453902089678,-0.023946099714670543,-0.08550661982129948,-0.0093084246256262,-0.007744027714151391,0.01050686240965315,1236
2026-09-28,FR0010128587,0P000015L9.F,EUR,696.0800170898438,696.0800170898438,-0.007754593297339185,-0.02278499603315609,-0.03740681151427583,0.062425630927808395,0.14588676984230348,0.13772502871604927,-0.07241498930465418,-0.09552951169543256,-0.006684115332077911,-0.016459116628222525,-0.004845008203473888,1232
2026-09-30,FR0010135103,Y9U6.F,EUR,843.083984375,843.083984375,-0.00263812197081148,,,,,,-0.010894342592280948,-0.010894342592280948,,,,9
2026-09-29,FR0010147603,0P000018HU.F,EUR,436.9299926757813,436.9299926757813,-0.0017819990279497322,-0.017936236363856994,0.006055733264413998,0.07122189723743655,0.07076921376167787,0.11132281257306906,-0.039956885578391055,-0.06154886324087783,-0.0062398674292577505,0.0010305033612272307,0.03071502328722664,1247
2026-09-30,FR0010149120,Y9U4.F,EUR,1906.990966796875,1906.990966796875,-0.0031286255035462007,,,,,,-0.004180880996284775,-0.004180880996284775,,,,9
2026-09-30,FR0010149302,Y9U3.F,EUR,1894.8599853515625,1894.8599853515625,-0.011736961870487894,,,,,,-0.023815523583374132,-0.023815523583374132,,,,9
2026-09-29,FR0010156604,0P00001BB3.F,EUR,249.94000244140625,249.94000244140625,-0.00513471045683489,-0.009746400612382966,-0.00398501629979664,0.023798785247158172,0.040572200456137,0.029846854354664255,-0.015730978957441466,-0.02863110837153171,-0.006386485014852283,-0.0085625124985369,0.008049199129914086,1247
2026-09-29,FR0010158048,0P00001BW0.F,EUR,325.94000244140625,325.94000244140625,0.0005832768730813509,-0.035280836520941716,-0.03011365586712822,0.10107430085186753,0.1041521657353473,0.10603088210152525,-0.06124416353536166,-0.12274891322971371,-0.0032293825793274777,-0.015849540956426655,0.017337887496595705,1247
2026-09-29,FR0010174144,0P0000M6PZ.F,EUR,254.1000061035156,254.1000061035156,-0.009974275391829268,-0.045239377328607944,-0.031520330706939714,-0.018312433555235486,0.05378812289726973,0.0816066642878965,-0.06422627197686459,-0.07384152486145013,-0.022675384011013433,-0.03595532040041838,-0.022474222954686263,1055
2026-09-29,FR0010177899,0P00000PNB.F,EUR,89.36000061035156,89.36000061035156,-0.004234424587293062,-0.017374112476769343,-0.021248656917420394,0.023362355962631254,0.048032690070259135,0.04569073895839668,-0.026935590768915052,-0.046937452596716,-0.004849904191923549,-0.012603219354873851,0.0006965565347520908,1245
2026-09-30,FR0010208488,ENGI.PA,EUR,22.729999542236328,22.729999542236328,-0.03849407237339386,-0.04935174875392134,-0.1512323017388424,-0.17035716563218894,0.1546039149433405,0.20375373713620382,-0.18207992826886876,-0.1914283603184792,-0.04252408439914235,-0.0915122709711651,-0.11029155591332696,1289
2026-09-30,FR0010220475,ALO.PA,EUR,14.904999732971191,14.904999732971191,0.005057303415440195,-0.049122835623236605,-0.04147912860785574,-0.3474168286604684,0.2969462559385374,0.2699015088765188,-0.1409157685505299,-0.5127345882204348,-0.0361952297185435,-0.06444386034749994,-0.2615090504711285,1289
2026-09-30,FR0010221234,ETL.PA,EUR,1.5809999704360962,1.5809999704360962,-0.10627477518031658,-0.10954665289465393,-0.3630137394223374,-0.33571433007788476,0.4269980895468507,0.4113155631237745,-0.3630137394223374,-0.6494457006207129,-0.11213445700617797,-0.17591440119647217,-0.31494459732384694,1289
2026-09-29,FR0010229187,0P00000FV4.F,EUR,323.1199951171875,323.1199951171875,0.004039487177250223,-0.010473489735527752,0.012978819951939835,0.1267566603762802,0.09467915653781925,0.10835693652685034,-0.040434204459219525,-0.07929475665366614,-0.0030007072313389394,-0.002289881279141426,0.04664300322389847,1241
2026-09-30,FR0010230490,0PP1.MU,EUR,684.1090087890625,684.1090087890625,-0.018527367497006342,-0.04533248341066565,-0.06151191769228115,-0.04871235801904372,0.06952893683133099,0.048122130458178404,-0.06151191769228115,-0.06956858838666835,-0.022442238081868737,-0.038322173803130744,-0.05070555858219916,217
2026-09-30,FR0010261198,MEU.PA,EUR,244.1000061035156,244.1000061035156,-0.005500064622169343,-0.012740116871524432,0.004320111246960856,0.04710025401642848,0.09883281078335318,0.08245464720537918,-0.03686089155476535,-0.09773398341024497,-0.006319881972403074,-0.015698002272184097,0.033478634665291995,1289
2026-09-29,FR0010286013,0P00000EUQ.F,EUR,489.0899963378906,489.0899963378906,-0.0022847251926935153,-0.016172849085657415,-0.0036465297570007493,0.022516283761409905,0.06568959807002982,0.05738841499377281,-0.031782221255196585,-0.06016847910817125,-0.014527510904915109,-0.01588975804515369,-0.005737209548414279,1229
2026-09-30,FR0010307819,LR.PA,EUR,141.4499969482422,141.4499969482422,0.02388710240718872,0.05128200475647793,-0.0049243544023781505,-0.03686144609169617,0.4319379793379497,0.312644527298428,-0.09461834348045528,-0.18306531519533542,0.021779142160884613,0.032082459991356505,0.01790406157258695,1289
2026-09-30,FR0010313833,AKE.PA,EUR,55.59999847412109,55.59999847412109,-0.033043504797894196,-0.07101086229497033,0.01738329225466395,-0.022918881827412974,0.15831459040932597,0.2504829596304432,-0.10825982622600461,-0.22841862264948765,-0.03030305368953834,-0.05430920800328576,-0.0052413861792187655,1289
2026-09-30,FR0010315770,WLD.PA,EUR,434.8599853515625,434.8599853515625,-6.905032505577502e-05,0.018002134237189438,0.036738521149273895,0.12965312783959315,0.09317665202452188,0.09356221715649346,-0.030554849535535222,-0.06579517880427155,0.011811728966206747,0.015203032848004616,0.08131155416620928,1289
2026-09-30,FR0010321828,EHQ1.HM,EUR,368.4469909667969,368.4469909667969,-0.005213592071418027,,,,,,-0.01188245815572242,-0.01188245815572242,,,,9
2026-09-30,FR0010340141,ADP.PA,EUR,107.5,107.5,-0.01736747257201321,0.008442791170371278,-0.0182648401826484,-0.017397555153812028,0.278608932082972,0.3181000568046187,-0.13739838638925939,-0.23520484593542768,-0.013354136338166178,-0.03030849586899531,-0.009583775783027604,1289
2026-09-29,FR0010363366,0P00006A6D.F,EUR,349.20001220703125,349.20001220703125,-0.002371186970145822,-0.011268986214639898,-0.02014701323701429,0.04745337780464576,0.047609309044578406,0.051274244927475,-0.0305729620702192,-0.06620432661115794,-0.0015097138194768434,-0.007309831771577624,0.01230716063988968,1244
2026-09-29,FR0010375600,0P00006TTL.F,EUR,288.95001220703125,288.95001220703125,0.009185543502149951,-0.03160396984203029,-0.03260902659869136,0.06368495747928948,0.147717008000417,0.1313878039825855,-0.0701480804633906,-0.11891872079739285,0.008776872130110691,-0.006092394882351804,0.012801759260036905,1247
2026-09-29,FR0010380675,0P00007ZHT.F,EUR,3179.169921875,3179.169921875,-0.009095072200059007,0.022349638947562145,0.06049390870042215,0.22572298744069474,0.08488277297509372,0.12769135269314438,-0.0328478637587033,-0.08934768111999025,-0.00010744221736624926,0.021940588573043485,0.128435087618612,1210
2026-09-29,FR0010400762,0P0000KOPQ.F,EUR,259.8800048828125,259.8800048828125,0.005766438909809546,-0.006726837131506458,-0.00512976162479406,0.05909201936370012,0.07145024043210095,0.06828318393181956,-0.030162190593845284,-0.05504625658299789,0.0010516055022415927,-2.69164646733433e-05,0.016533552815581443,1220
2026-09-30,FR0010411983,SCR.PA,EUR,31.780000686645508,31.780000686645508,-0.01609902670890473,-0.07292876842694695,-0.0018844053283556539,0.030636653397938307,0.23774946577537429,0.19846251149420258,-0.08362167223215011,-0.18987342828689058,-0.030890710385294673,-0.05111665997270365,0.048186121166135853,1289
2026-09-29,FR0010415448,0P00008IB9.F,EUR,550.3300170898438,550.3300170898438,0.026390437180334736,-0.0026097873940842398,-0.05022172817039572,0.28928197076418205,0.18717023943905903,0.2699205456857565,-0.12336278519820809,-0.15046376283067087,0.012320870437641407,0.00663545361599116,0.1100245369449373,1169
2026-09-30,FR0010451203,RXL.PA,EUR,35.459999084472656,35.459999084472656,-0.049839245057912485,0.0008467055895704512,-0.038763901567779646,-0.028137675440962684,0.36271480508666093,0.28841341241712903,-0.1111959037333462,-0.16975636676009265,-0.02316742656040449,-0.026605059848479606,-0.0013691322396981453,1289
2026-09-30,FR0010533075,GET.PA,EUR,18.479999542236328,18.479999542236328,-0.008583683082144744,-0.0005408452680165654,0.003802264823704382,-0.006409679895440057,0.10384488021476461,0.12482818969525704,-0.0530927216262963,-0.07211297161310692,-0.0037467557811509122,-0.009582628839914675,0.04511283288992085,1289
2026-09-29,FR0010546903,0P00000PUS.F,EUR,76.52999877929688,76.52999877929688,-0.003385885312288006,-0.033345957442297736,0.005782658201905377,0.07773548059435997,0.12178689201865807,0.11464351937242875,-0.042979533527988334,-0.11959289705296672,-0.007920576678617008,-0.014337388094443404,0.012962142979421554,1242
2026-09-29,FR0010546929,0P00000MHU.F,EUR,40.65999984741211,40.65999984741211,-0.014303034002130732,-0.027505417079788708,0.00618658750170753,0.14923681797328303,0.1128733398247995,0.10871943692769537,-0.03466284713904488,-0.09560373294814584,-0.013190634915706712,-0.018386545030720347,0.07039434792860044,1237
2026-09-29,FR0010557967,0P0000ADK9.F,EUR,198.3600006103516,198.3600006103516,0.00040347907780535763,-0.015240987822360053,0.00020166037039048845,0.09343474232993798,0.07222263090461065,0.0882191317210239,-0.03502118244865027,-0.07679091971778229,0.0005826171262603985,-0.0033332746667373847,0.03709703140363585,1247
2026-09-28,FR0010564351,0P0000J3CO.F,EUR,202.8600006103516,202.8600006103516,-0.01101791419966025,-0.016293281885667144,-0.019194513298636084,0.05887879043473543,0.07099161769497618,0.07130900640111273,-0.03237068132455978,-0.06353414906261601,-0.007376412273289001,-0.012834220734600166,0.011119022314416194,1239
2026-09-29,FR0010592022,0P0000D2MT.F,EUR,131.86000061035156,131.86000061035156,0.007487742137666675,-0.019190730319862515,-0.005655682049227395,0.09500085214547416,0.11106555787070954,0.09636903261189093,-0.05379817857654812,-0.08556696470410918,0.006261472154810432,-0.00519507449422929,0.03461033087636056,1248
2026-09-29,FR0010601971,0P0000KWR3.F,EUR,341.2200012207031,341.2200012207031,-0.011157173969913448,-0.030845222011315454,-0.02371894456036039,0.060150427981887855,0.06726993393710048,0.06958898056007189,-0.04988292972822472,-0.0711168777125627,-0.009623100862922507,-0.02712596899818709,-0.0030119700290538454,1243
2026-09-29,FR0010611293,0P0000GBJZ.F,EUR,1867.5999755859373,1867.5999755859373,-0.006991904513658276,-0.02122530292867031,-0.027403107935555893,0.000691158999142516,0.051079434268146824,0.04389191537907502,-0.030033127395757142,-0.046674149360825035,-0.0065809637414834254,-0.015484467191134277,-0.012420687243317796,1243
2026-09-28,FR0010616177,0P0000HR6L.F,EUR,182.22999572753903,182.22999572753903,-0.006325337619118132,-0.02867653571403328,-0.009942420163686516,0.06461411273532569,0.10108386333302355,0.09520774823920734,-0.044801141039179426,-0.09792365079112963,-0.011934028363281945,-0.02380727548654904,0.0022827919266843466,1239
2026-09-29,FR0010651224,0P0000HR5T.F,EUR,4595.43017578125,4595.43017578125,-0.012955984367448825,-0.0662295120352624,-0.050499536319238314,0.021737973998632976,0.09827952211703184,0.1286774079020845,-0.09420020788820238,-0.1305381968790127,-0.028512723861209177,-0.05078261630822467,-0.02100141397137789,1248
2026-09-29,FR0010657122,0P0000HX49.F,EUR,1335.6500244140625,1335.6500244140625,-0.00767467288115975,-0.03815269746617711,-0.04966375835696801,-0.022411378921783576,0.11447396425445429,0.10672451375595592,-0.06587642280455464,-0.10558753610008986,-0.010215371033534204,-0.03221241579965983,-0.034871879400652506,1245
2026-09-28,FR0010668145,0P0000IT7S.F,EUR,684.02001953125,684.02001953125,0.005808243510947886,-0.01894634669699502,-0.05260385106475074,0.05504912853118826,0.11770677040267537,0.1234575633046726,-0.07103875073039301,-0.10189111228019454,0.0029494066250823625,-0.019409362965413623,-0.0024595482216068776,1239
2026-09-29,FR0010679902,0P0000IKS1.F,EUR,417.6499938964844,417.6499938964844,-0.011151604362230616,-0.0628506249954206,-0.035026925781807994,0.014353727600627808,0.09658413592075678,0.10351480688731332,-0.0828941600921076,-0.13823713827402528,-0.023676984634115716,-0.04943053856268831,-0.040946313219046626,1248
2026-09-29,FR0010687749,0P0000HRVB.F,EUR,355.3999938964844,355.3999938964844,-0.0003094592729278034,-0.03057743079291264,-0.021637437807183635,0.0914227453467793,0.1272742992921581,0.11881645921652474,-0.05663693095460853,-0.10297291465046632,-0.0005132586628883162,-0.012093394922473522,0.028139440603221377,1246
2026-09-29,FR0010689141,0P0000IKSO.F,EUR,1962.8399658203125,1962.8399658203125,0.001438733411374571,-0.04530200465629153,0.0015256219974089102,0.06057608972388695,0.08377295597309771,0.11511994347792677,-0.05233025945893832,-0.11447905426548899,-0.012661663785893507,-0.02081969720047938,-0.001773046748855367,1248
2026-09-29,FR0010697482,0P0000J0GI.F,EUR,142.39999389648438,142.39999389648438,-0.001122360163085756,-0.003219982583661407,-0.0033595392631867727,0.006573780078862113,0.00972499996623097,0.008244304430080953,-0.003987738313159794,-0.009263859031025667,-0.0012414695655450503,-0.0021261284765846655,0.0011772535275154095,1246
2026-09-28,FR0010697532,0P0000JC17.F,EUR,216.8300018310547,216.8300018310547,-0.004499314717063774,-0.010270220838025645,-0.015125371437426649,-0.004499314717063774,0.012825086818839957,0.011064159536512467,-0.015259551174425678,-0.016331674292715648,-0.005522060990626021,-0.009398434315972759,-0.009177086279259394,1247
2026-09-29,FR0010700823,0P0000IVLV.F,EUR,1456.75,1456.75,0.004031963255566096,0.018784651320309154,0.049675343523670534,0.18449406750279485,0.11920570452022919,0.11012321210090222,-0.038700809851986206,-0.10079621358980673,0.018037440146442707,0.01982681860327795,0.07176239302952392,1209
2026-09-29,FR0010702084,0P0000KU3M.F,EUR,250.3999938964844,250.3999938964844,0.004291469368193912,-0.04013493853902128,-0.04627687854270668,0.05143817053938138,0.11385398770836903,0.10163330259918947,-0.06869738214395071,-0.11380472679777409,-0.004583544871736178,-0.02373983190701523,-0.00223324496497157,1247
2026-09-29,FR0010751008,0P0000KM3H.F,EUR,1492.8499755859375,1492.8499755859375,-0.011265951764172555,-0.027725356671774226,-0.041625720303346325,-0.02066454587496669,0.04893740328414434,0.03703662213462204,-0.043127922865044854,-0.0431709631640359,-0.012355084028353058,-0.023866873966083557,-0.029170140713151604,1247
2026-09-29,FR0010752543,0P0000KTWR.F,EUR,416.1600036621094,416.1600036621094,-0.010321037664424826,-0.020569523087600405,-0.027231700902194955,-0.002851329637002742,0.033311108505252644,0.02614792156321656,-0.027921170966893616,-0.027921170966893616,-0.010753905486345805,-0.017658807572719093,-0.016091582942840743,1248
2026-09-29,FR0010784348,0P00001NRR.F,EUR,1144.3599853515625,1144.3599853515625,-0.02364190040469305,-0.05391952005872713,-0.05403684803435038,0.012152615638953757,0.11362437195938134,0.11822982970115736,-0.09415028803877179,-0.11998356423860601,-0.029145748647901648,-0.05566367498870273,-0.02644982890911607,1247
2026-09-30,FR0010836163,69X3.MU,EUR,3034.10009765625,3034.10009765625,0.0,,,,,,0.0,0.0,,,,9
2026-09-30,FR0010858498,0PP0.MU,EUR,548.27001953125,548.27001953125,0.006278841502772581,,,,,,0.0,0.0,,,,9
2026-09-30,FR0010859769,EHQ8.MU,EUR,511.1900024414063,511.1900024414063,0.0041447629543400755,,,,,,-0.0064036680561671,-0.0064036680561671,,,,9
2026-09-29,FR0010896944,0P0000P2U7.F,EUR,145.47999572753906,145.47999572753906,-0.014296366032295005,-0.024998397014222906,-0.005468984539470978,0.09243821977812705,0.10813215260742115,0.10116284140735927,-0.034702479950502796,-0.09251694310225123,-0.012999019166573755,-0.01897981577639063,0.04432529019493692,1248
2026-09-30,FR0010908533,EDEN.PA,EUR,27.729999542236328,27.729999542236328,0.0018063307987463695,-0.06946307878591751,0.20095276565549924,0.5817274085933615,0.272265857099227,0.28450263852145796,-0.10153947958559117,-0.41323413035555057,-0.027068764745036722,-0.03221980155418447,0.28599077687105523,1289
2026-09-30,FR0010909531,ROY2.MU,EUR,294.95001220703125,294.95001220703125,6.787892634574355e-05,,,,,,0.0,0.0,,,,9
2026-09-29,FR0011034131,0P0000VH9P.F,EUR,497.3999938964844,497.3999938964844,0.005823839170903344,-0.022962545965345194,0.003672479465538947,0.08029451123688203,0.09539978720568469,0.09394343834676927,-0.041049233571808674,-0.08317117171309074,0.002532524705022965,-0.004541016415642529,0.04177464953239185,1248
2026-09-29,FR0011069137,0P0000TV0S.F,EUR,296.95001220703125,296.95001220703125,-0.012700658131376885,-0.00910965208045611,0.0309690430355809,0.1733444367732473,0.11538553001400444,0.11722875069354366,-0.03883555398547767,-0.10720976035915342,-0.002391932144027331,0.002266831336128705,0.0461920890142542,1211
2026-09-29,FR0011153014,0P0000UUVR.F,EUR,266.9599914550781,266.9599914550781,-0.012027682553479191,-0.020402164181486215,-0.008541997426758319,0.07562749840458682,0.0768744530110699,0.07720637581311236,-0.03313894600672973,-0.07922510462060839,-0.013163527834303856,-0.017930088163619073,0.03269747679583568,1245
2026-09-29,FR0011169341,0P0000V0BE.F,EUR,612.1599731445312,612.1599731445312,0.002981856357085144,-0.020716373934977494,-0.025471218613158264,0.09092197520089251,0.13088439473215163,0.12302348782181548,-0.05687711868348344,-0.1248088989990811,0.0036371886269930265,-0.009171552074514255,0.026804545825932502,1247
2026-09-28,FR0011170182,0P0000VOSS.F,EUR,1264.719970703125,1264.719970703125,-0.05463412942750201,-0.10046445012574556,0.038784370187371575,-0.08700298892674807,0.3051647889366295,0.2846317206470135,-0.10769948915240124,-0.3734400146634508,-0.05281981146064252,-0.03867293030718577,-0.12234482823754655,1190
2026-09-29,FR0011198332,0P0000VG0E.F,EUR,118.4499969482422,118.4499969482422,-0.00033758896319080467,-0.0012647683626372253,0.0016065855621485436,0.008514261609054552,0.006019258768468075,0.0038560839588358624,-0.001938765344887683,-0.001938765344887683,-0.0003966580796246344,-0.0004185905591269634,0.006222926145394547,1246
2026-09-29,FR0011261197,0P00017SX2.F,EUR,3372.110107421875,3372.110107421875,-0.013313396955723422,-0.03555621781341278,0.004148132638754909,0.0028908648771535095,0.11587066848144266,0.10529481763741061,-0.046441660676277974,-0.09957122066905022,-0.011039347073714567,-0.016641291536572456,-0.02271904021874316,1245
2026-09-28,FR0011271550,0P0000WJFT.F,EUR,311.29998779296875,311.29998779296875,0.0010933764703930926,-0.04064841085507531,-0.04632076776172622,0.06741178218712784,0.10304674289902681,0.10402363748927126,-0.06711625368249075,-0.1080676260275274,-0.012329266741904377,-0.03403322116224661,-0.004669904277826764,1249
2026-09-29,FR0011288513,0P0000XP79.F,EUR,133.9499969482422,133.9499969482422,-0.008365449122704316,-0.019471514898066755,-0.02574738819904898,-0.005198640772166141,0.0300079023609872,0.022786617902651376,-0.026474647205024793,-0.029187461979047202,-0.00913565040917197,-0.016100859190129935,-0.01704596262927749,1247
2026-09-29,FR0011350685,0P0000XRPO.F,EUR,1316.1600341796875,1316.1600341796875,-0.00581628817025559,-0.012929345971739226,-0.015829991528384157,-0.0002354299986592201,0.019604789435185403,0.01442555148807065,-0.016427743095282943,-0.01867545607765031,-0.006652184052789223,-0.010753645962550684,-0.00918020705560152,1245
2026-09-29,FR0011363746,0P0000YA5J.F,EUR,200.5,200.5,-0.005554980380475305,-0.014015274246241272,-0.020182792280035722,0.00637456356821775,0.035401143662153495,0.029607403890643893,-0.021057248938937123,-0.031872118869212596,-0.004947961321021377,-0.010916912980946103,-0.007214653283566741,1236
2026-09-28,FR0011400712,0P0000Y520.F,EUR,932.1599731445312,932.1599731445312,0.0009448756764607324,-0.014359144405512891,0.031915197667808926,0.09515137030263876,0.13089542350364236,0.14286865975664323,-0.07302708876997388,-0.12448297538646003,0.00957357114908608,0.0014479542037848514,0.03546304845285064,1192
2026-09-30,FR0011550193,ETZ.PA,EUR,20.959999084472656,20.959999084472656,-0.006635132439145375,-0.015500320190874661,0.002630872806537843,0.03865206974733404,0.10122514520046118,0.08420895830502614,-0.03908047730895259,-0.09410045263958577,-0.007681520435589451,-0.01823023158240389,0.028731048096025003,1289
2026-09-29,FR0011586544,0P000115CR.F,EUR,3318.139892578125,3318.139892578125,-0.0010868088874463888,-0.006092619398535115,0.03316062932401431,0.1911375502555348,0.11616351096730103,0.10786478090201193,-0.03778567595914151,-0.11714410061051672,0.006624966587424508,0.008320847217419658,0.07676957159047615,1250
2026-09-29,FR0011631050,0P00011S1H.F,EUR,222.57000732421875,222.57000732421875,-0.0033137353565227956,-0.034738461459050685,-0.02085253743911164,0.030178218839918225,0.12084929412697824,0.11586544319628829,-0.055730884726721386,-0.1151385532086443,-0.010949419016657025,-0.023875695852416223,-0.018328298452727543,1247
2026-09-29,FR0011694256,0P00014KUO.F,EUR,156.4199981689453,156.4199981689453,-0.024812941888935458,-0.07547729823388016,-0.10443149611086966,-0.04412124937443529,0.12664769876344606,0.1172074345442695,-0.12344919379321173,-0.15234934691037816,-0.0308610312122648,-0.0731929921812251,-0.07316004873105708,1247
2026-09-30,FR0011726835,GTT.PA,EUR,215.8000030517578,215.8000030517578,-0.04003558664511164,0.03352490372456951,0.11351909005968652,0.09767153605042433,0.24967619640187735,0.22472514241327832,-0.04933919360459116,-0.15003473389952182,-0.014926723874437164,0.034952437315734386,0.1252898815135035,1289
2026-09-30,FR0011950732,ELIOR.PA,EUR,1.7970000505447388,1.7970000505447388,-0.0338709479977678,-0.12597273562939548,-0.12084142399351838,-0.29529408464794693,0.2855346090044313,0.2212902483235083,-0.17146838593941893,-0.4032797716032931,-0.0640381066636807,-0.11431582809899477,-0.23694435669982572,1289
2026-09-30,FR0012333284,ABVX.PA,EUR,88.0,88.0,0.05011929349988353,-0.08949820371769768,-0.2792792702724606,-0.16745503745765766,0.4570560954546761,0.357252246383315,-0.337266103035065,-0.4844771430760161,-0.04712920366969142,-0.12237835519308449,-0.13724432929728558,1289
2026-09-29,FR0012355139,0P0001572S.F,EUR,127.2699966430664,127.2699966430664,-0.015471552280443501,-0.028250779133778048,-0.04908846290041502,-0.0011772212214289368,0.079337859020238,0.06546048272792523,-0.050433354637570704,-0.05565120950851987,-0.013035995822153423,-0.025164827988522154,-0.02788521578397818,1245
2026-09-30,FR0012435121,ELIS.PA,EUR,21.600000381469727,21.600000381469727,-0.029649588527666637,-0.08706675736380876,-0.18057663576125194,-0.1585803970088,0.3416168158644701,0.265474650927089,-0.2040971526382479,-0.2560284051549274,-0.040809968016188414,-0.0932142040785271,-0.13367079437401475,1289
2026-09-30,FR0012757854,SPIE.PA,EUR,42.15999984741211,42.15999984741211,-0.04181818528608838,-0.014570582643196328,-0.13919725951089668,-0.09438065689904784,0.2542143666890403,0.22619990468440182,-0.13919725951089668,-0.20037918105240293,-0.031165049084127205,-0.062446519770737896,-0.1010422036899854,1289
2026-09-30,FR0013176526,FR.PA,EUR,14.55500030517578,14.55500030517578,-0.023154316925313,0.05356501970823424,0.1949917849337628,0.34507192139899234,0.37968686996915724,0.34440615252336493,-0.0942581587900383,-0.2740685965690174,-0.008582497232941466,0.0037100608943265723,0.16105191871778124,1289
2026-09-29,FR0013202132,0P0001AC1I.F,EUR,115.12000274658205,115.12000274658205,-0.010656564603517271,-0.01791501836079301,-0.02183702643819474,0.0038367844457216638,0.03965093993734545,0.02697755683314057,-0.023180740471726802,-0.027311290746644623,-0.008385463164315099,-0.01408472662133664,-0.01401590744187764,1239
2026-09-30,FR0013227113,SOI.PA,EUR,157.0500030517578,157.0500030517578,0.042482637999116335,0.40223217010498047,0.5970104626823753,1.1709982167845001,1.0152518343152226,0.9850797648608006,-0.19213484289047866,-0.5504682471501512,0.10912976536802788,0.25433688675419797,0.7175018725266864,1289
2026-09-29,FR0013254331,0P0001BGYT.F,EUR,419.6799926757813,419.6799926757813,-0.00777834961209245,-0.00864554186651445,0.039403631015208385,0.15972141873847434,0.11471060272306499,0.11470961215529091,-0.036921992311737206,-0.11598420067942472,0.0012286134556298567,0.0025575037229335074,0.041592062446492495,1209
2026-09-30,FR0013269123,RUI.PA,EUR,35.119998931884766,35.119998931884766,0.0017112822659344218,0.030516345215756413,0.11989790332759354,0.05804693424867957,0.2527243347228406,0.19230607475067674,-0.044751350766358944,-0.11528145624745234,0.0029700352949373343,0.02886200648167314,0.07104972270936538,1289
2026-09-30,FR0013280286,BIM.PA,EUR,78.30000305175781,78.30000305175781,0.04539387792541172,0.035714346985879386,0.13232106036114222,-0.1348755900929296,0.24601817349166835,0.28100155754049383,-0.07805201750923207,-0.42097341181666226,0.05735799453654877,0.06478463591667372,-0.0523605912300279,1289
2026-09-30,FR0013326246,URW.PA,EUR,89.22000122070312,89.22000122070312,-0.03608466320211712,-0.07658871160755265,-0.11444167522875315,-0.10145266731368308,0.16304338002034208,0.1403861989031726,-0.15750708276524128,-0.15750708276524128,-0.045244396577575396,-0.10002782944638633,-0.07534289266060401,885
2026-09-29,FR0013333838,0P0001DXTL.F,EUR,118.0199966430664,118.0199966430664,-0.0019450601009183277,-0.010065463557706544,-0.003714354590636848,0.028765650167790868,0.020394320780768072,0.027856608166727696,-0.013375740401087355,-0.033081040146226814,-0.002965280902014311,-0.005624878271284772,0.009986877634669655,1246
2026-09-29,FR0013334380,0P0001DXU9.F,EUR,104.1500015258789,104.1500015258789,0.002502667607642506,-0.03920664151453335,-0.04141739472436323,0.10680130940195198,0.17439501275253852,0.163226009162654,-0.07766028315599927,-0.1084672057823034,-0.003115545753009985,-0.017973473274784824,0.02474744524358652,1246
2026-09-29,FR0013342755,0P0001E0HL.F,EUR,187.0200042724609,187.0200042724609,0.0004279545844112498,-0.027102905742465988,-0.059728456453378875,0.05553681004313926,0.17293142912741005,0.15835305842106687,-0.10438913410146156,-0.11584945799770097,0.004233999228307805,-0.013979931969560377,0.00611920720653969,1247
2026-09-29,FR0013351285,0P0001EPLY.F,EUR,160.22000122070312,160.22000122070312,-0.018380100340420036,-0.0396211744758318,-0.023167924355406377,0.049521795999210694,0.06424203598246385,0.06469684462693667,-0.049928831827677045,-0.09545535463958221,-0.01560880930992914,-0.03201444021172328,-0.019155898259519022,1243
2026-09-29,FR0013433067,0P0001ILL4.F,EUR,94.83999633789062,94.83999633789062,-0.017609328376992917,-0.06745330202755873,-0.05178964686092968,-0.04433697723289898,0.1899053479680053,0.23088275394923735,-0.11316681697844033,-0.20466606893546202,-0.02297315068147332,-0.053271958688751564,-0.0878870818602312,1175
2026-09-30,FR0013451333,FDJU.PA,EUR,20.739999771118164,20.739999771118164,-0.048187292349352706,-0.06365687908330875,-0.08714786980968392,-0.11942020891972938,0.14128780081733192,0.147723912271949,-0.11215756724220238,-0.22470343752768673,-0.05025759905924809,-0.062403948798334885,-0.07239254206361967,1289
2026-09-30,FR0014000MR3,ERF.PA,EUR,75.23999786376953,75.23999786376953,-0.012079907485581742,0.03380048262892288,0.12198032512644352,0.11172176656976451,0.2846369152698942,0.25360420753374124,-0.07004213550513194,-0.20375860905809895,0.007485144946339561,0.04460534146847306,0.12990438579110553,1289
2026-09-30,FR0014003TT8,DSY.PA,EUR,20.479999542236328,20.479999542236328,-0.03441770739022543,-0.07455940718947207,0.1399943984573886,0.16900329391988445,0.3426645288337866,0.3563481569624823,-0.1264616741878486,-0.47274530078621,-0.018051932760621225,-0.038619529079506054,0.027990497469530196,1289
2026-09-30,FR0014004L86,AM.PA,EUR,285.6000061035156,285.6000061035156,-0.019230789384494407,0.025862113379601537,-0.03903097451905546,-0.12027342329313251,0.17813583354287774,0.23604448078798057,-0.14044944087776323,-0.20795749519430162,0.00028021832125024737,-0.035369754702359923,-0.058194656521498245,1289
2026-09-29,FR00140081Y1,0P0001P1UF.F,EUR,127.63999938964844,127.63999938964844,-0.002110892539524789,-0.005376781980527268,-0.00607381085826475,0.006307182867040462,0.011011380526714402,0.01237472519876615,-0.0075439509013045525,-0.012880632916910884,-0.002364347532977651,-0.0040092467258523445,-0.0007253436813706715,1091
2026-09-28,FR0014008NN3,0P0001P5RF.F,EUR,1133.6800537109375,1133.6800537109375,-0.030371359210123572,-0.040644412600582935,0.047724680034187505,0.018919181341278124,0.22952807137471457,0.19516319908980498,-0.05895235356476336,-0.21793387774801054,-0.024701161697543772,-0.012743334995637401,-0.03277996431581376,1018
2026-09-30,FR001400AJ45,ML.PA,EUR,33.709999084472656,33.709999084472656,0.0017829882874629277,-0.020912030622169064,-0.014903627061296443,0.1509889241948954,0.17930130934223343,0.16985756083860587,-0.06027861934200207,-0.17488391923233015,-0.0022937747843830847,-0.016248990817044784,0.06842816715865929,1289
2026-09-29,FR001400C7W0,0P0001Q63A.F,EUR,120.1780014038086,120.1780014038086,-0.0028293945064102877,-0.0052066337783870376,-0.003623069002202328,0.009890689645953632,0.008938858384494562,0.006638808716705467,-0.00527253258887761,-0.010383330479376118,-0.0028550669390791095,-0.0035528630988158616,0.002320238498314753,946
2026-09-30,FR001400J770,AF.PA,EUR,11.670000076293944,11.670000076293944,0.0021468112964826425,0.015224027183741828,-0.09112150018613008,0.1531620759153034,0.31150585286596644,0.3501231841874539,-0.15716431200446324,-0.3487062871159111,0.0063598120705052885,-0.014890595900220127,0.03426318734803191,1289
2026-09-29,FR001400KAV4,0P0001RSZC.F,EUR,118.5199966430664,118.5199966430664,-0.007037566714056309,-0.01610495148722213,-0.020333994425585367,0.0007599116580150334,0.02478310268206579,0.01919349454753763,-0.020907352571142623,-0.023963510996798165,-0.008001640055447456,-0.01339560772864623,-0.01103988454402094,725
2026-09-29,FR001400L7X7,0P0001S005.F,EUR,1083.6400146484375,1083.6400146484375,-0.0025037471370457087,-0.007446627712220155,-0.007682952321228398,0.007053543493240166,0.012511447959295971,0.009804025195047323,-0.00821875904603675,-0.011346908589593308,-0.0033111252206365904,-0.005545821445381516,-0.0023915475020127586,686
2026-09-29,FR001400MCQ6,0P0001SCG2.F,EUR,111.12999725341795,111.12999725341795,-0.006614869714810179,-0.015328755516371362,-0.015764824647585773,0.005064642851942969,0.02276599770509008,0.01651075239994962,-0.016812684629352703,-0.023477096143128984,-0.0075286349114844775,-0.011800096662380022,-0.007759911336132186,621
2026-09-28,FR001400TS43,0P0001UK5Q.F,EUR,246.91000366210935,246.91000366210935,-0.02545783443599625,0.007549196612855358,-0.19128097462735882,-0.10811296442603224,0.2822408247407249,0.4124614368708628,-0.25101266680889334,-0.4031498049663377,0.01067533123949227,-0.029324289937632808,-0.13317083251273187,414
2026-09-29,FR001400U4T1,0P0001UJXE.F,EUR,100.3499984741211,100.3499984741211,-0.010550184521220696,-0.021834466748510972,-0.026956257668325767,-0.0017550583628055394,0.03130230786428239,0.02371845066482872,-0.02752734698356818,-0.02752734698356818,-0.011485892744824255,-0.01848593334715598,-0.015526171123282362,422
2026-09-28,FR001400Y4C3,0P0001VF8D.F,EUR,102.13800048828124,102.13800048828124,-0.0046678064253993234,-0.016238991465504005,-0.01800772101081738,-0.001095349747860741,0.023819991337083242,0.018500855247110534,-0.018998010653424435,-0.018998010653424435,-0.007887797101689853,-0.012481413164532551,-0.010495066005839382,327
2026-09-29,FR0014010443,0P0001X7LU.F,EUR,121.45999908447266,121.45999908447266,-0.00581156662940141,-0.028786170993122084,-0.012440026066116161,0.06050816710938878,0.13679659603332106,0.1189642015201432,-0.06508550861145868,-0.07909845364679069,-0.0002963128333585141,-0.011589781666385468,0.036975431442229256,260
2026-09-30,FR00140182K6,WLN.PA,EUR,11.116000175476074,11.116000175476074,-0.07366665204366052,-0.20189547557281218,0.10562962851947222,0.14645215158503633,0.46325318263233567,0.727277683189123,-0.2514395493856262,-0.7105567100228656,-0.14161498009601892,-0.11114521649910258,-0.1316007959478136,1289
2026-09-30,IE0000MMQ5M5,XZME.DE,EUR,11.465999603271484,11.465999603271484,0.0006981515131943006,0.00578947253944917,0.05269917319625361,0.12433807165518695,0.10842613058208896,0.1318511237581804,-0.034831229676225206,-0.12315044752045123,0.0064074140732781615,0.011232357486817168,0.06705823975988978,1141
2026-09-30,IE0002EI5AG0,XDEE.DE,EUR,11.881999969482422,11.881999969482422,-0.012630914262510395,-0.04007111645843986,-0.01098717913709224,0.04761064728352893,0.06705122440890526,0.08912402076424632,-0.0619552847475725,-0.07195734552495425,-0.01769180951926219,-0.03315681774298529,0.016064453989652838,1251
2026-09-29,IE0003UN5CT1,JSEE.L,EUR,31.670000076293945,31.670000076293945,-0.008375731466334413,-0.01100785442288088,-0.0274088268316639,0.061238145182191284,0.11004876948631585,0.10415103453369534,-0.046823814462068625,-0.10927735477485356,-0.0014267534927742132,-0.013596908930059937,0.032319473869516724,454
2026-09-30,IE00069JGT58,JSEU.L,USD,37.90542571111065,37.90542571111065,0.010158526497534792,0.026109868880907605,0.04463285302084019,0.1870677270756662,0.11830803974228646,0.1264651638701874,-0.033805521724557974,-0.09540032619128536,0.0203619756541098,0.025733191554430546,0.10213141178809293,795
2026-09-30,IE0006YM7D84,XZHY.L,USD,33.467204226237754,33.467204226237754,-0.005437364625442198,-0.005011063659129178,-0.01675613767457762,0.015108824198741155,0.05211893151529586,0.056190914661384386,-0.023524910528965548,-0.03299643726822499,-0.0034410357142010684,-0.006171421908603314,0.008294758051684337,1072
2026-09-30,IE000ANHU3J3,JSEM.SW,USD,36.49646704277361,36.49646704277361,-0.01830551512468792,0.020980695804251326,0.019969909058189517,0.18360492681480078,0.23311528082492836,0.23236553302943183,-0.083465514868589,-0.13277301158653176,0.0059320197432515265,0.02686812680604178,0.10846689778407148,393
2026-09-30,IE000I8KRLL9,SEMI.AS,USD,18.787600354146026,18.787600354146026,0.016682687970213772,0.13784867705454973,0.03929275165318136,0.48295528852297087,0.36835178769153504,0.4574043726563265,-0.20970860104144706,-0.28230899511903307,0.06317272060916923,0.09167106137624059,0.2722449317199769,1289
2026-09-30,IE000R85HL30,WEBD.DE,EUR,124.91999816894533,124.91999816894533,-0.0033508710803937802,-0.11391685377570604,-0.07576209837019054,0.002383164164675211,0.5246742368451034,0.32354721387404517,-0.18689110265098707,-0.18689110265098707,-0.00416129883700167,-0.07432109285211763,-0.043395087608281147,1281
2026-09-30,IE000RDRMSD1,BLKC.AS,USD,15.2748883216002,15.2748883216002,-0.0922657247393216,0.06378794326970261,0.03513139928363351,0.080460028509586,0.5026354429051625,0.4961605961019744,-0.12696722986829134,-0.4311174525246234,-0.028527917418573856,0.017932337101897122,0.03782046908290093,1025
2026-09-30,IE000U58J0M1,INRA.AS,USD,22.159418199469368,22.159418199469368,-0.021354517233699966,0.011632423322569752,-0.09145512225519581,-0.09841984099791279,0.2713852567210387,0.25226010975263774,-0.13313191550686898,-0.26848004196481356,-0.015654937883553655,-0.022769810550386627,-0.07553445512658052,1176
2026-09-30,IE000UX5WPU4,XYPL.DE,EUR,9.808600425720217,9.808600425720217,-0.0004687126757282334,-0.013080229224986084,-0.022901769216226442,-0.017705827571324106,0.046814710254736665,0.03676765120941337,-0.03239188740138765,-0.04029930153085548,-0.004960659157233982,-0.014690700190278627,-0.019525627611814755,1095
2026-09-30,IE000VA628D5,SP20.AS,USD,6.13690133144881,6.13690133144881,0.013632171774081936,0.056424115219124715,0.09060386690863442,0.18829104122275675,0.14735739552643728,0.16604147664365432,-0.044330093330838816,-0.1284309111272145,0.0331600709662383,0.05413792197341838,0.1236043920352623,476
2026-09-30,IE0030351732,WYZ1.F,EUR,53.64500045776367,53.64500045776367,-0.007107273420224991,,,,,,-0.026441726637748686,-0.026441726637748686,,,,9
2026-09-30,IE00B3ZW0K18,IUSE.L,EUR,158.14999389648438,158.14999389648438,-0.001452272883173067,0.0036171599111973762,0.026681386584567868,0.123064803798552,0.09754892447080153,0.11082637899625526,-0.026802918883324978,-0.08666481270306314,0.004302295851700277,0.0070060156430507,0.0625537380596346,1270
2026-09-30,IE00B4L5Y983,IWDA.L,USD,129.13998572750364,129.13998572750364,0.005636508556566389,0.018534047270559073,0.03133314468839332,0.13922036160096773,0.11328720039106989,0.11454561902306735,-0.0314395943389254,-0.06426178066922439,0.01215212367259566,0.015751526446273312,0.08312074562002647,1270
2026-09-30,IE00B6R51Z18,IOGP.L,USD,29.861146120507485,29.861146120507485,-0.021612832381836644,-0.06239824965423735,0.10930068683228056,0.015310000089236109,0.2311500019051601,0.2671757919197539,-0.08562153816997653,-0.1893189566400566,-0.03909008739393616,-0.020342799535333134,0.059039866537755614,1270
2026-09-30,IE00B6R52143,ISAG.L,USD,48.94375003018052,48.94375003018052,-0.024538844871274446,-0.06610242009515854,0.016893994412433777,-0.0413570754884196,0.08125602706277546,0.14138057594893833,-0.06697781029896299,-0.0928890168616453,-0.03464151353360223,-0.017604371810248876,0.006207963883800627,1270
2026-09-30,IE00BDQYWQ65,TIP5.L,USD,4.273111502880428,4.273111502880428,0.008209002353361194,0.011618385298000522,0.0001430052528905712,0.019957750678761377,0.043380637340788404,0.0445360259179651,-0.023758590358265108,-0.0393317021918399,0.00863928018682425,0.008023842469284448,0.017271527013385857,1270
2026-09-30,IE00BF4G6Z54,JREM.L,USD,45.39933365623859,45.39933365623859,-0.010135006370123323,0.01071349808723987,0.0263763846302818,0.15004661681073173,0.19876222964799034,0.22060073550418716,-0.08317521735587285,-0.13277031521209293,0.0006044884462605982,0.020121672555430514,0.09500547793633718,1269
2026-09-30,IE00BFMNHK08,XZEU.DE,EUR,36.69499969482422,36.69499969482422,-0.002717719230802773,-0.0143701276924586,0.004516860690968683,0.07688918189942706,0.10729283960738915,0.08968611266564103,-0.04838921969104015,-0.10329516595899846,-0.002602567953314372,-0.014994534389635716,0.04500393317631324,1280
2026-09-30,IE00BG0J4B71,EH1Y.DE,EUR,4.746699810028076,4.746699810028076,-0.004362897537669941,-0.014143885232655196,-0.014838166386147655,0.001838716115214467,0.038742715569221764,0.03280880746585457,-0.023024641332396234,-0.03306860401077327,-0.005615404736031393,-0.011796354164399947,-0.005849802163750972,1143
2026-09-30,IE00BG0J4C88,LOCK.L,USD,11.534098522215062,11.534098522215062,-0.005111450740910017,0.0896544075785175,0.09373938545341742,0.3681829146401141,0.2316033226748066,0.24838697311752392,-0.06918210405872405,-0.12423833383261185,0.037551782849235105,0.06148795775147731,0.2110810406000534,1270
2026-09-30,IE00BG370F43,XZEM.L,USD,60.171400126012834,60.171400126012834,-8.957775489659703e-05,0.03274176349839708,0.027487242856769623,0.054138431319820324,0.18963808327788237,0.21125765545713834,-0.08180541545851416,-0.13248037332383544,0.011786133928562537,0.029127906722242525,0.04227266405869834,1270
2026-09-30,IE00BHZPJ015,EDM4.DE,EUR,10.354000091552734,10.354000091552734,-0.004039997813043872,-0.007286693326876592,0.0070025779444673475,0.05642286199025359,0.11282294367424738,0.10653661210403634,-0.04846799355787268,-0.10782747063876086,-0.003081058561599348,-0.013408645959353538,0.03848743035646529,1283
2026-09-30,IE00BHZPJ239,EDM2.SW,USD,8.370983288498211,8.370983288498211,-0.00786344848943299,0.020567081233914486,0.035819176138276676,0.14813835107194073,0.19776141894977795,0.21934844826591074,-0.08193844034404107,-0.1345260918002107,0.005652366502705952,0.024242166282506306,0.09368847289311644,1265
2026-09-30,IE00BJ5JPH63,3SUD.DE,EUR,5.067200183868408,5.067200183868408,-0.020490207979786623,-0.033309102433936366,-0.0418273924201793,-0.0410294737527942,0.06220724595715836,0.052131502997224834,-0.04532944734124056,-0.05161889474625048,-0.02304154133860481,-0.03155322375447922,-0.035591457550390504,1283
2026-09-30,IE00BJZ2DC62,XRMU.L,USD,59.38766665679895,59.38766665679895,0.007283689489779421,0.029884863191368405,0.04145982976225171,0.17920592180494865,0.11882401711794101,0.13086994476026756,-0.033469853884432466,-0.08608559168927943,0.019636170901222494,0.02641548482352918,0.10052294017184771,1270
2026-09-30,IE00BJZ2DD79,XRSU.L,USD,368.37260159390905,368.37260159390905,-0.0031661129987274883,-0.02102085235839657,-0.048612339663734905,0.10357038737994739,0.13047747649637273,0.14127537482364147,-0.07171247571566874,-0.09191930547627514,-0.009461467342775864,-0.02862577392789345,0.03889396453418681,1270
2026-09-30,IE00BKBF6H24,IWLE.DE,EUR,10.854999542236328,10.854999542236328,-0.002527006970739598,0.0011989978415223312,0.029929348224910335,0.08930346180410709,0.09561699998523335,0.09649294691156791,-0.029517160170236978,-0.07851649475827649,0.002398601169351311,0.0024018436210422323,0.05665349401438968,1283
2026-09-29,IE00BL25JL35,XDEQ.SW,USD,79.8316461738653,79.8316461738653,8.218379486502059e-06,0.014499414721804493,0.023549966759099705,0.1263140169110777,0.1045962402985586,0.09992212564600703,-0.039215467351097044,-0.0645891391851322,0.013266965174197898,0.011203929838334181,0.07395913185864211,1264
2026-09-30,IE00BL25JM42,XDEV.SW,USD,74.05845928842851,74.05845928842851,-0.0058437523460808105,0.015669224348773714,0.06232515028083707,0.2701136660735777,0.13178561437845038,0.14081299533744157,-0.03157630572934933,-0.05770898221228993,0.0001553210121003623,0.017133918796370606,0.15483037844307068,1255
2026-09-30,IE00BL25JN58,XDEB.DE,EUR,44.78499984741211,44.78499984741211,-0.00455660865540275,-0.011477771863170338,0.013464612790087482,0.06339779324549966,0.07161083184993476,0.08729774584456075,-0.024500063829753338,-0.053087219156055854,-0.0024890534691629496,-0.004459207574928237,0.03489611086268085,1282
2026-09-30,IE00BL25JP72,XDEM.SW,USD,88.27134287226535,88.27134287226535,0.011030150706842434,0.06954498981859047,0.043788337770094055,0.19031484490435613,0.1640387382436431,0.22243587335181741,-0.09019751894323846,-0.12784451494966353,0.031516811783177445,0.04420029768537792,0.1233291198222255,1255
2026-09-30,IE00BM67HK77,XDWH.L,USD,54.66765007903621,54.66765007903621,0.010383797689264451,-0.0036131288807493833,0.015414169560867386,0.12582971370616747,0.14081951227281103,0.15463277152680835,-0.05875719335444407,-0.10318579402849182,0.01479150871552437,0.01497419355492191,0.07659583924028324,1270
2026-09-30,IE00BM67HM91,XDW0.L,USD,66.22992575908455,66.22992575908455,-0.0049922277920234626,-0.013015995066792296,0.14833782141476193,0.09365965250292052,0.17460357172142169,0.21270993248423023,-0.05429453431446529,-0.15272657622424402,-0.011608659820378509,0.015248091354448823,0.12130278700228092,1270
2026-09-30,IE00BM97MR69,XT0D.L,USD,56.23511701746397,56.23511701746397,0.008737031151689667,0.02294605782030268,0.015273722446455196,0.04582704925343517,0.037839865715840464,0.04175175320029091,-0.0240998227837117,-0.035956034609163745,0.0135385393898384,0.01772754681309774,0.03614977454771351,1270
2026-09-30,IE00BMDFDY08,UEEF.DE,EUR,5.640399932861328,5.640399932861328,-0.015155765111242725,-0.026644556676707842,-0.023070556718274182,-0.020287611368920766,0.04798823850578906,0.04114781504538551,-0.03260084333221258,-0.03260084333221258,-0.016068019975985837,-0.0212845281723425,-0.01869993359839217,1283
2026-09-30,IE00BMG6Z448,EXCH.AS,USD,8.319027874617863,8.319027874617863,-0.011154651227106238,0.029055734297738445,0.042855889800984315,0.1825760107915433,0.24452803190775813,0.27207214102875243,-0.11316628814460838,-0.17728773058573388,0.00292067237532323,0.034779696039819674,0.12891147038197337,1289
2026-09-29,IE00BQ3D6V05,0P000166SB,USD,79.99871531718019,79.99871531718019,0.012963238898613838,0.02786369114327858,-0.020528630688461114,0.23867658797241398,0.12780137458453453,0.20096670674001513,-0.10995559549498857,-0.12341477579416804,0.02134955085784407,0.027022876678441055,0.09857455273459048,1208
2026-09-30,IE00BYVQ9F29,NQSE.DE,EUR,17.70800018310547,17.70800018310547,0.0031724311411718276,0.04880356354704918,0.05605919332846554,0.1810057135864367,0.15157043183208663,0.18262430206173116,-0.07844728120495814,-0.11870130610035734,0.026854336188745,0.039939122629754964,0.10474490352939125,1283
2026-09-30,IE00BYZK4552,RBOT.L,USD,19.30275223194087,19.30275223194087,0.00879547117163093,0.07427878289513101,0.08078204320440041,0.3452962007756679,0.21770995400052556,0.2606609238451619,-0.07714870408643226,-0.1270730588029788,0.04024838283322785,0.0511970244657447,0.18555860585596218,1270
2026-09-30,IE00BZ02LR44,XZW0.L,USD,50.28225908548948,50.28225908548948,0.00916554991693852,0.020835667296307037,0.0416774357698142,0.171508166488888,0.12849655922222403,0.14045410005323417,-0.03517718499463052,-0.10518426628150501,0.01540375087777801,0.022203402317320764,0.09083947606745624,1270
2026-09-30,IE00BZ036J45,XDGE.DE,EUR,9.609999656677246,9.609999656677246,-0.014278116406138963,-0.02535497045689028,-0.03952901076915816,-0.05345205618936488,0.06410312568828486,0.05424402379448003,-0.04804952575900212,-0.07103261079112344,-0.01619544635500947,-0.025105766550209352,-0.04321695185210206,1283
2026-09-30,IE00BZ163G84,VECP.AS,EUR,46.75,46.75,-0.0006412736229091109,-0.010404405462141386,-0.018006322140713737,-0.013608722447466137,0.03564876809609781,0.02794883282997464,-0.02544735439129464,-0.03007659148121422,-0.004015233930490303,-0.011874919694688124,-0.015316995720345394,1288
2026-09-30,IT0000072618,ISP.MI,EUR,6.664000034332275,6.664000034332275,-0.006411174270727793,0.0016534129872869396,0.0958724218662581,0.19554957565898468,0.18054855962655564,0.17267415403740155,-0.03816682751964695,-0.18962136424504183,-0.009689111803103168,-0.009203227237620126,0.12579656835747666,1279
2026-09-30,IT0003128367,ENEL.MI,EUR,8.729999542236328,8.729999542236328,-0.010877030258682807,-0.030107860231888717,-0.11313731882495925,-0.09330158492756324,0.1865880982522794,0.17106556588614974,-0.1325168675690619,-0.1325168675690619,-0.017809985540755302,-0.06706653347919089,-0.06341150088512948,1279
2026-09-30,IT0003132476,ENI.MI,EUR,24.084999084472656,24.084999084472656,0.0018718039613820903,0.023083447713915684,0.14606531500133602,0.049286957157600675,0.22808409293191378,0.2801828943443223,-0.07494912450458358,-0.18371762343297826,0.01315250565346604,0.028042141355596684,0.14493831326647655,1279
2026-09-30,IT0003242622,TRN.MI,EUR,9.19200038909912,9.19200038909912,-0.0017375970556240405,-0.03343846815239315,-0.10234369193785708,-0.07628124681044979,0.1740656732405109,0.15719538725949941,-0.13442623614171878,-0.13442623614171878,-0.00808249500439917,-0.04865989382375513,-0.04332018670896687,1279
2026-09-30,LU0029874905,TEP6.F,EUR,69.10900115966797,69.10900115966797,-0.02224075213453791,,,,,,-0.02363170189880326,-0.02363170189880326,,,,9
2026-09-30,LU0048574536,FPGK.MU,EUR,60.92499923706055,60.92499923706055,-0.010443762150951885,,,,,,-0.010443762150951885,-0.010443762150951885,,,,9
2026-09-30,LU0050427557,FJRC.F,EUR,33.25600051879883,33.25600051879883,-0.035330931691754164,,,,,,-0.03541801664949307,-0.03541801664949307,,,,9
2026-09-30,LU0052474979,JPJX.F,EUR,169.40699768066406,169.40699768066406,-0.004571495073540932,,,,,,-0.025892593144885345,-0.025892593144885345,,,,9
2026-09-30,LU0053696224,JPJW.F,EUR,59.05500030517578,59.05500030517578,0.0080741450759656,,,,,,-0.026301934376576797,-0.026301934376576797,,,,9
2026-09-30,LU0055114457,FPGL.F,EUR,15.96500015258789,15.96500015258789,-0.016993970964752525,,,,,,-0.048342808871172704,-0.048342808871172704,,,,9
2026-09-30,LU0058908533,JPJV.F,EUR,91.052001953125,91.052001953125,-0.03657853362313124,,,,,,-0.04001178913472303,-0.04001178913472303,,,,9
2026-09-30,LU0070212591,IH5Y.MU,EUR,2481.35009765625,2481.35009765625,-3.935607943983399e-07,,,,,,-3.935607943983399e-07,-3.935607943983399e-07,,,,9
2026-09-30,LU0073232471,MSJ6.F,EUR,211.58599853515625,211.58599853515625,-0.028651165527535993,,,,,,-0.034247322862720475,-0.034247322862720475,,,,9
2026-09-30,LU0088087324,SESG.PA,EUR,4.314000129699707,4.314000129699707,-0.08640406222431907,-0.07185878889511044,-0.4521904597206722,-0.3069879203549415,0.43184789539684026,0.47734449123043576,-0.456000010172526,-0.5666161031160692,-0.07879561931139978,-0.1675221502569152,-0.3250954808614841,1289
2026-09-30,LU0090841262,0P00000DWT,USD,80.01180990046224,80.01180990046224,-0.055895651394922585,-0.10913434725490945,0.1320236540198243,0.023251471361350973,0.3322236300823093,0.41948300290459073,-0.11435959369590554,-0.35059423030144754,-0.041200941793049006,0.013605912927345809,0.018389162719522734,1015
2026-09-30,LU0099161993,C5Q1.F,EUR,337.1050109863281,337.1050109863281,0.0009471897108719318,,,,,,-0.008712845489619148,-0.008712845489619148,,,,9
2026-09-30,LU0099574567,FJ2P.F,EUR,95.27799987792967,95.27799987792967,-0.010098702566964435,,,,,,-0.014109108664772774,-0.014109108664772774,,,,9
2026-09-30,LU0107398884,JPJF.F,EUR,26.983999252319336,26.983999252319336,-0.004831293376530432,,,,,,-0.021408263029394248,-0.021408263029394248,,,,9
2026-09-30,LU0113257694,ZPJS.F,EUR,24.174999237060547,24.174999237060547,-0.008489899625993336,,,,,,-0.009802326336384115,-0.009802326336384115,,,,9
2026-09-30,LU0114722498,FJRQ.F,EUR,76.4739990234375,76.4739990234375,-0.006715048629699627,,,,,,-0.016767571507272594,-0.016767571507272594,,,,9
2026-09-30,LU0119750205,IUGL.F,EUR,31.143999099731445,31.143999099731445,-0.00884736100338368,,,,,,-0.020782933472783816,-0.020782933472783816,,,,9
2026-09-29,LU0131510165,0P00001UFS.F,EUR,899.25,899.25,-0.0072092882219362275,-0.0462731255906047,-0.016417659752473335,0.04275376853409041,0.09587824829995265,0.10368565293372935,-0.06219692950948463,-0.07983177414353115,-0.022620210964084397,-0.03758249793805446,-0.01728131376694242,1084
2026-09-29,LU0138007074,0P000026CA.F,EUR,9296.6103515625,9296.6103515625,-0.015172873116309327,-0.06798188739627942,-0.05433835127740971,0.06785910588932098,0.18364631855369973,0.17468001362241722,-0.09038874185237777,-0.18821294351051976,-0.015656776217259805,-0.03168556019570623,-0.04194628227676367,1083
2026-09-29,LU0141799501,0P000013Y8.F,EUR,40.37620162963867,40.37620162963867,-0.00906109279121503,-0.019261954332267184,-0.017036677873818018,0.01800204439499531,0.03168138526328425,0.021882003789992277,-0.02032321512039581,-0.02912220284095368,-0.011371242781314073,-0.015070645706519947,-0.00794821351180286,1076
2026-09-30,LU0147396450,0P00000SKL,USD,76.81980672682478,76.81980672682478,0.005175658488757229,0.01774986236517684,0.0014301058790697763,0.1124258221373362,0.08195856015929413,0.08191882274094554,-0.02794189737695174,-0.05847591595879342,0.008704882112707812,0.008174550250853896,0.0452335871333176,1004
2026-09-30,LU0147409709,0P00000LM2,USD,63.97241777733115,63.97241777733115,-0.015247628187729845,0.04015365662988657,0.010239225704030241,-0.021065348939886208,0.2642338671288665,0.2293408205444774,-0.08322682207633625,-0.1619830152579782,0.003986949264456197,0.024676784434040533,0.00971626165602868,1013
2026-09-30,LU0154236920,0P00000S3T,USD,79.87954305170805,79.87954305170805,-0.0010314443119264771,0.02629825561185961,-0.002140703844879077,0.20744732076700023,0.1389525278208988,0.15223516334262344,-0.05760712843206328,-0.07975715410368611,0.014247387741897155,0.016110861795624265,0.08589264685409082,1014
2026-09-30,LU0173614495,FJRH.F,EUR,57.417999267578125,57.417999267578125,-0.006230755843264824,,,,,,-0.025717959372117516,-0.025717959372117516,,,,9
2026-09-30,LU0202403266,FJ2E.HM,EUR,554.3300170898438,554.3300170898438,0.00149229043921828,,,,,,-0.014811090122962667,-0.014811090122962667,,,,9
2026-09-30,LU0227384020,XE67.F,EUR,17.6200008392334,17.6200008392334,-0.010279091299359444,,,,,,-0.010616142300232778,-0.010616142300232778,,,,9
2026-09-30,LU0231205187,TESU.F,EUR,60.61299896240234,60.61299896240234,-0.024510792223754407,,,,,,-0.02958645580591801,-0.02958645580591801,,,,9
2026-09-30,LU0246036288,0P000026OM.F,EUR,302.1386108398437,302.1386108398437,0.0018768598971190542,-0.0025004795826746307,0.0056222744127396584,0.056011787509114175,0.11316175968471386,0.09945721900320105,-0.053226897145107865,-0.11572868599376362,0.009016672721578356,-0.004787124794714881,0.03109815129366611,1114
2026-09-30,LU0248178732,0P00002A0A.F,EUR,495.027587890625,495.027587890625,0.0020403960110289,-0.014661806064753646,-0.04403311883833716,0.11660363295033993,0.08765043590882521,0.11827157933429885,-0.07194186720603224,-0.07648822010872047,0.004268610760240321,-0.017736791391132156,0.04532512705629976,1081
2026-09-30,LU0260869739,FLX6.MU,EUR,36.09999847412109,36.09999847412109,0.0,,,,,,0.0,0.0,,,,9
2026-09-30,LU0261952419,FJR3.F,EUR,40.233001708984375,40.233001708984375,0.006303062014760608,,,,,,-0.005277470310174448,-0.005277470310174448,,,,9
2026-09-30,LU0261953904,IPGU.MU,EUR,31.825000762939453,31.825000762939453,0.0,0.005211652442279835,-0.002288543249808095,0.02943554327876652,0.01849953099018808,0.014125157635281703,-0.007461309937927263,-0.018100128537090643,0.0023385403861826415,0.002317401239657846,,192
2026-09-30,LU0266009793,XRUG.MU,EUR,135.61900329589844,135.61900329589844,-0.01143686185128212,,,,,,-0.01143686185128212,-0.01143686185128212,,,,9
2026-09-29,LU0266012235,0P00006CAL.F,EUR,166.25,166.25,-0.009237205146413019,-0.04902189088875242,-0.04689556280029017,0.039582303048599554,0.0880457607847622,0.10119669907450535,-0.08992340021295442,-0.08992340021295442,-0.01600726271924502,-0.044133709019508194,-0.013773065351250557,1084
2026-09-30,LU0274211480,DBXD.DE,EUR,235.3000030517578,235.3000030517578,-0.008637046551680738,-0.02425872275674923,0.012260727644364033,0.04531317934994461,0.11809646333352368,0.10856644534298032,-0.05063547606497221,-0.12282175414505347,-0.013933984068065786,-0.024153537119036894,0.013704190346117473,1283
2026-09-30,LU0278272843,TGD0.MU,EUR,61.05199813842773,61.05199813842773,0.0035834978129167805,,,,,,0.0,0.0,,,,9
2026-09-30,LU0278937759,AEF5.F,EUR,33.994998931884766,33.994998931884766,-0.004218079244779571,,,,,,-0.011048817574366931,-0.011048817574366931,,,,9
2026-09-30,LU0280435388,P3IA.F,EUR,223.677001953125,223.677001953125,0.0022852594237465773,,,,,,-0.012331635359758786,-0.012331635359758786,,,,9
2026-09-30,LU0284394235,5L42.F,EUR,194.3710021972656,194.3710021972656,-0.008280871206975404,,,,,,-0.009084264293772848,-0.009084264293772848,,,,9
2026-09-30,LU0289089384,JP5D.F,EUR,38.64799880981445,38.64799880981445,-0.001421086386932946,,,,,,-0.012065443122637909,-0.012065443122637909,,,,9
2026-09-30,LU0290356871,DBXP.DE,EUR,173.4250030517578,173.4250030517578,0.0013568947805233655,-0.0028174122605337804,-0.0035622690896619513,5.7721454387094084e-05,0.014682282593533661,0.012389769168424629,-0.007166403773139596,-0.01239343130496584,-0.0006396194981923564,-0.002918353093832149,-0.00244074297668162,1283
2026-09-29,LU0290357259,0MUJ.IL,EUR,242.1499938964844,242.1499938964844,-0.013243684110974097,,,,0.05164712615470368,,-0.015850473915470897,-0.015850473915470897,,,,13
2026-09-30,LU0290357846,DBXG.DE,EUR,228.1300048828125,228.1300048828125,-0.02475202347578287,-0.03949303120275016,-0.07305674569480636,-0.0842565456237312,0.10791943618531318,0.09504482084598097,-0.08300504058931135,-0.1293080554942121,-0.027323855431268362,-0.04972518144649052,-0.08251270543193712,1283
2026-09-30,LU0290357929,XGIN.DE,EUR,212.2700042724609,212.2700042724609,-0.009472695988747226,-0.0190849803165849,-0.02547976707895716,-0.03271812611359792,0.039486958527682525,0.03487432516436134,-0.028482466716863275,-0.04792673151720628,-0.013583146363362886,-0.01919560478427229,-0.028140504441765524,1283
2026-09-30,LU0290358497,XEON.DE,EUR,150.35000610351562,150.35000610351562,0.0005456965520995727,0.0018657877365990672,0.005221709432436938,0.009785555263597034,0.0012769411161622877,0.0013299204818040574,-0.00011318309784169589,-0.00028315894672692465,0.0008804205235692919,0.0021776972014635465,0.008233961128330192,1283
2026-09-30,LU0292096186,XGSD.DE,EUR,38.52000045776367,38.52000045776367,-0.007727955677973464,-0.015463247085912513,0.049658370469237934,0.09139897213080195,0.09096356421857199,0.07981118306562035,-0.024442759974085515,-0.03695373235385879,-0.011845277540968313,-0.011058446865771177,0.07224608245135844,1283
2026-09-30,LU0292097747,XASX.L,GBP,589.8856818830782,589.8856818830782,-0.005747114141795184,-0.01996931390798995,-0.003132573626414503,0.03997686385006838,0.1278405142860817,0.12437700754958342,-0.0476897196685625,-0.11277113453442278,-0.007005993597100968,-0.02054306494516711,0.02469714134593093,1270
2026-09-30,LU0292103222,DXSE.DE,EUR,220.6999969482422,220.6999969482422,-0.012748852894695628,-0.04355364269450834,-0.05884862708638727,-0.019111124674479174,0.1652268605605546,0.1593297728400768,-0.08951461788163362,-0.12667634179434772,-0.010014257701040918,-0.0308826719226446,-0.027336614114120805,1283
2026-09-30,LU0292105359,DXSK.DE,EUR,136.6199951171875,136.6199951171875,-0.0016077260054866427,-0.021486893746715863,-0.05282868889198489,0.0174262463446746,0.1581836931124697,0.16784682736850745,-0.08263457409530695,-0.16959672496210454,-0.007425093365881041,-0.026659670741287167,-0.019149661823010256,1283
2026-09-29,LU0304955437,0P00009UZB.F,EUR,643.3400268554688,643.3400268554688,-0.0037783801460428146,-0.04103621933025914,-0.0470166342224152,0.09025896187485327,0.18429485181702715,0.17057415803263676,-0.08999620876453229,-0.1709681485622948,0.0007319107043022299,-0.013921610098297177,-0.009727744114341297,1080
2026-09-30,LU0329355670,FHQV.F,EUR,411.6969909667969,411.6969909667969,-0.014175700140173553,,,,,,-0.02135821290936435,-0.02135821290936435,,,,9
2026-09-30,LU0352312184,ALW3.F,EUR,259.1809997558594,259.1809997558594,-0.004876115155760363,,,,,,-0.01472679233408336,-0.01472679233408336,,,,9
2026-09-30,LU0386882277,PBFH.MU,EUR,417.6969909667969,417.6969909667969,0.006282994192757352,,,,,,0.0,0.0,,,,9
2026-09-30,LU0390135415,FT94.F,EUR,94.9000015258789,94.9000015258789,-0.009291151280322985,,,,,,-0.011765308389140028,-0.011765308389140028,,,,9
2026-09-29,LU0392098371,0P0000JND6.F,EUR,150.41000366210938,150.41000366210938,-0.01130612742718351,-0.02754247467038029,-0.034409709593229865,-0.019491462538079873,0.054922186644793446,0.038370382203239295,-0.03812145616632312,-0.03812145616632312,-0.011955571434131729,-0.023613459289274163,-0.02577790004236069,1117
2026-09-29,LU0413543058,0P0000JC7Q.F,EUR,63.18000030517578,63.18000030517578,-0.004412209003094469,0.022661080504068565,-0.029791191025526742,0.08818461610026906,0.18840655821956898,0.24404231677861757,-0.11164011004042118,-0.1483880728068636,0.006820509994243107,0.02396712597642625,0.06908166589596831,1147
2026-09-30,LU0478205379,D5BG.DE,EUR,160.19000244140625,160.19000244140625,0.0003435097664925557,-0.011020241363464467,-0.01877432452136074,-0.01403335238607939,0.0382290761297289,0.031203165404462538,-0.02545164954926782,-0.02992194790383662,-0.004106285307599156,-0.012177111113899186,-0.015744145016492905,1283
2026-09-30,LU0496786574,LYPS.DE,EUR,70.13999938964844,70.13999938964844,0.002515615320336062,0.026729459832324,0.043687829672104384,0.15880252992175237,0.08746489605042236,0.10360687164481938,-0.031373690344112415,-0.07117796160306766,0.01825424354378824,0.024414178508479933,0.09506229879163897,1283
2026-09-30,LU0514695690,LU0514695690-USD.LU,USD,15.43691873642008,15.43691873642008,-0.029006392868797137,-0.029286796990419695,-0.013230577120420084,-0.04735085832400765,0.17868385982039137,0.15868687433761433,-0.05991020648724177,-0.20339320201876643,-0.0186370299091686,-0.02566880112944614,-0.0569613041602709,1313
2026-09-30,LU0533033667,TNOW.MI,EUR,1279.6500244140625,1279.6500244140625,0.014701365684081535,0.08175400933106203,0.12057345982912127,0.34812106361317485,0.1590610199921479,0.21284772269140254,-0.06493379645736164,-0.15633227391759896,0.04751194662197156,0.07274156431037238,0.2023761924760079,1279
2026-09-30,LU0568621618,LU0568621618-USD.LU,USD,115.9351187076215,115.9351187076215,0.010059190967593112,0.02503332336093078,0.013415479837521893,0.04501678699826783,0.03769247732721232,0.043580190964933214,-0.02485952922150525,-0.036101772405168986,0.015233471808663746,0.019882563505053685,0.03817170478125176,1079
2026-09-29,LU0571100824,0P0000ZJKU.F,EUR,187.2700042724609,187.2700042724609,0.0070445123214550875,-0.009939147156686423,-0.02827935301848028,0.06053914560287543,0.07308922882649964,0.06878786094147729,-0.05082910438495747,-0.05433553960763737,0.0020520757306032866,-0.008537554659832525,0.019751409840778944,1068
2026-09-29,LU0616241476,LU0616241476.LU,EUR,126.9000015258789,126.9000015258789,-0.01252815383842687,-0.028107571359989647,-0.04507485808774958,-0.02885127952777744,0.051083391038909,0.042522430734160746,-0.04530059952378418,-0.05959529091455673,-0.01312335064127279,-0.024684915965736298,-0.03663006218974085,1127
2026-09-30,LU0616856935,FP7X.F,EUR,191.8209991455078,191.8209991455078,-0.031705917662065985,,,,,,-0.03851045224174454,-0.03851045224174454,,,,9
2026-09-29,LU0641745681,0P0000V07V.F,EUR,121.1500015258789,121.1500015258789,-0.0016481001298475073,-0.005499902894629316,-0.020139096377074228,0.0019021118129047832,0.05962135812273745,0.06348560684229615,-0.03847706898113523,-0.09149679928668508,0.00089639862562918,-0.0001303873900824204,-0.01531722810198577,1113
2026-09-30,LU0702159772,FJR9.MU,EUR,41.65399932861328,41.65399932861328,-0.00979419352791,,,,,,-0.00979419352791,-0.00979419352791,,,,9
2026-09-29,LU0740858229,0P0000VOBL.F,EUR,174.0500030517578,174.0500030517578,-0.010292264029977516,-0.020705523908427392,-0.014606815148798913,0.04140488222804417,0.05180656777521743,0.04963178432497417,-0.025639599764100796,-0.04437875007878134,-0.010924979998107376,-0.012948191927913077,0.00955819516648515,1016
2026-09-30,LU0772926084,O7Z0.MU,EUR,146.10699462890625,146.10699462890625,-0.005201895247730515,,,,,,-0.005641980070196118,-0.005641980070196118,,,,9
2026-09-30,LU0823410724,9XQ0.MU,EUR,615.7479858398438,615.7479858398438,-0.002838846883149504,-0.030173085064780003,-0.042971996129546386,0.09069204850309531,0.051906491268197526,0.05931088292335427,-0.0600171329242104,-0.07647265690006522,-0.012664247490188907,-0.03228302816596085,0.03481087254649351,200
2026-09-30,LU0823425839,ZSRD.F,EUR,178.45399475097656,178.45399475097656,-0.030383764594513196,,,,,,-0.03514118664788912,-0.03514118664788912,,,,9
2026-09-30,LU0839027447,XDJP.DE,EUR,39.095001220703125,39.095001220703125,0.03125827955844507,0.081017564800276,0.05346646686631629,0.21399942288201723,0.2283029378602623,0.25725466969618793,-0.1113980434045646,-0.1601806331877259,0.04036939563751729,0.05502998701602757,0.14926171416245837,1281
2026-09-30,LU0840617350,AH8J.F,EUR,239.76199340820312,239.76199340820312,0.0007053256448696921,,,,,,-0.005895964472247828,-0.005895964472247828,,,,9
2026-09-29,LU0870553459,0P0000XTFE.F,EUR,274.3500061035156,274.3500061035156,0.004466741840489341,-0.01359076227999756,-0.02084298614156266,0.060330897651347026,0.13076534652428037,0.11651653893592491,-0.06344841088475339,-0.09784224955302956,0.008204209110517224,-0.0006119568280066323,0.024476746322157794,1117
2026-09-30,LU0914729966,TC60.MU,EUR,350.32000732421875,350.32000732421875,0.0003712409889093937,,,,,,0.0,0.0,,,,9
2026-09-29,LU0914731947,0P000100RL.F,EUR,190.33999633789065,190.33999633789065,0.0025281561466132807,-0.016279957960850466,-0.018410640280526303,0.1040603426713469,0.1308257865938784,0.12658352640509046,-0.054549129873747715,-0.11271244330571528,-1.3143036856289037e-05,-0.007289148080782071,0.03815068282630141,1104
2026-09-29,LU0914733059,0P00011IV8.F,EUR,212.0399932861328,212.0399932861328,-0.004880836005184852,-0.032620142687323384,-0.037188405758944,0.09808382487809975,0.18507272743795136,0.17200121428803103,-0.0781443828767796,-0.11810523160610065,-0.0072150986574536224,-0.019136223406185038,0.03312964412514874,1104
2026-09-30,LU0922334643,FPG6.MU,EUR,41.680999755859375,41.680999755859375,-0.001174210086615446,,,,,,-0.001174210086615446,-0.001174210086615446,,,,9
2026-09-29,LU0935222066,0P00010URS.F,EUR,112.01000213623048,112.01000213623048,-0.0016933584418844516,-0.007970963569996936,-0.008848774277470883,0.006922009054728173,0.016662264512027233,0.012330361764390327,-0.01008224456288398,-0.01584492251204206,-0.0029951688570727386,-0.0055806598990277845,-0.004220109259135518,1092
2026-09-30,LU0941349275,I4G0.MU,EUR,138.34500122070312,138.34500122070312,0.0,,,,,,0.0,0.0,,,,9
2026-09-29,LU0992632538,0P00013N23.F,EUR,138.1699981689453,138.1699981689453,-0.010101759876862682,-0.01881841370148596,-0.0169335100045217,0.008172164117096203,0.029967614309139086,0.025532716019867292,-0.024360945256264088,-0.034728582145374776,-0.0105518809646723,-0.017059371343882024,-0.010201376899012682,1102
2026-09-29,LU1033933703,0P00012DVG.F,EUR,323.6499938964844,323.6499938964844,0.005748931552806091,0.012038793778841539,0.002291629946371332,0.13800984825015905,0.09933718878283139,0.10345816287315827,-0.04620943451539339,-0.07255281524046797,0.012231847200046886,0.009147002612464261,0.057981557548586915,1115
2026-09-30,LU1100076550,1SCD.MU,EUR,232.74400329589844,232.74400329589844,0.0,,,,,,0.0,0.0,,,,9
2026-09-30,LU1109942653,XHYG.DE,EUR,15.466500282287598,15.466500282287598,-0.006870607087643199,-0.009256279430055692,-0.011401874092455633,0.002720448953217547,0.03993621295176058,0.03148109904151827,-0.019867591446003474,-0.028147873491851882,-0.005222623839840401,-0.009568167692648899,-0.002342790299970643,1283
2026-09-29,LU1159238036,LU1159238036.LU,EUR,25.60919952392578,25.60919952392578,-0.00017961118200238158,-0.012215583170831157,0.0018504234917153806,0.148899532143286,0.12483822783464309,0.1198557143581981,-0.04483248811305185,-0.10213260250245715,0.00013725019285182327,-0.0062429169918012395,0.051786565446122035,1079
2026-09-29,LU1160356009,0P0001678E.F,EUR,1514.22998046875,1514.22998046875,0.010220724352844046,-0.032490337243933576,0.06204363938483071,0.14249604717727427,0.18150526128604388,0.17160006772119782,-0.07070805382953571,-0.1200729496753532,0.0030710072387676313,0.010654971780178935,0.075958548370465,1076
2026-09-29,LU1161083644,0P00016MO1,USD,20.0103168751516,20.0103168751516,-0.007229806971302821,-0.022922659598684114,0.041666136499438844,0.09906542006999342,0.10025431231458291,0.09242906946634082,-0.03707651210166918,-0.07086191472608194,-0.010095239940797196,-0.01193701475179243,0.05222730884099103,1020
2026-09-30,LU1161527038,EDNN.MU,EUR,233.7469940185547,233.7469940185547,-0.0059114449389737755,,,,,,-0.0059114449389737755,-0.0059114449389737755,,,,9
2026-09-29,LU1183791794,0P00016RHQ.F,EUR,175.88999938964844,175.88999938964844,-0.006080286651323319,-0.031026562541767166,-0.05950731192984737,0.07868270589446302,0.1800844022898859,0.16779311529190927,-0.1019440654924878,-0.10652983119589832,-0.0049475453566426575,-0.021940808628674757,0.005843110537442353,1111
2026-09-30,LU1291097779,EEMK.PA,EUR,17.375,17.375,-0.012576514582524179,0.018303065952183672,0.03618755037613042,0.13296250318002323,0.2013875529814148,0.2105388131960208,-0.07948283564073788,-0.13262607355357947,0.0036550402287338635,0.023779022085538726,0.09146903379131577,1289
2026-09-30,LU1291098827,EEMU.PA,EUR,20.434999465942383,20.434999465942383,-0.0038995820661065217,-0.008491079050297556,0.009883807737001593,0.0631047412427872,0.12244830483799253,0.11145767408270904,-0.04754060668318072,-0.10277607011442924,-0.004469793639032327,-0.013683444446153992,0.042056001319349834,1289
2026-09-30,LU1291102447,0E4H.IL,EUR,21.633899688720703,21.633899688720703,1.2646183051751683,1.2646183051751683,,,4.488949673150708,2.839061053804927,0.0,0.0,1.1299402346893084,1.2087536980125675,,51
2026-09-30,LU1301026388,2QJ0.MU,EUR,210.7469940185547,210.7469940185547,0.0,,,,,,0.0,0.0,,,,9
2026-09-29,LU1303940784,0P00018KOU.F,EUR,28.38999938964844,28.38999938964844,-0.004558242146866509,-0.018326441398592963,-0.00630032576473516,0.08028914185208347,0.08920528045598307,0.08710519575063391,-0.031023771507394104,-0.10474171860749526,-0.0051337966317129835,-0.005639054082542616,0.020118482070001775,1108
2026-09-29,LU1329694266,0P00018EGL.F,EUR,235.1000061035156,235.1000061035156,-0.004024558084983032,-0.008518847230380544,-0.022656399414260564,0.08206379840953804,0.09669713893469106,0.10629030943915718,-0.04326888593482081,-0.08607298754556802,-0.0005377533376642596,-0.004187381952443392,0.02911599925044195,1116
2026-09-29,LU1379103812,0P00018FWZ.F,EUR,643.0999755859375,643.0999755859375,-0.0026519780697117357,-0.014119087561323074,-0.01642611468922095,0.16569082771123744,0.12321042347273915,0.13621383723092054,-0.049243678720523265,-0.07933928105110122,-0.0024996087150154223,-0.008206739891727599,0.0687357414152523,1078
2026-09-29,LU1435385593,0P00019846.F,EUR,310.3500061035156,310.3500061035156,-0.022088415589890498,-0.02674987032326348,0.028739106464551467,0.10162574456466578,0.17592501596292198,0.17401515849797022,-0.06464263345394483,-0.18107797123110614,-0.012390057908411412,0.0033889410426515276,0.015825424534880783,1126
2026-09-29,LU1486845537,0P00018X0B.F,EUR,116.31300354003906,116.31300354003906,-0.002333023515628474,-0.005242623105921607,-0.0027179432465398445,0.009442439404000691,0.008578249996641106,0.00648706194600365,-0.0054807772909498675,-0.00857780195084168,-0.002602948761199153,-0.003352888788507369,0.002475168841343356,1097
2026-09-29,LU1530899142,0P00019MC0.F,EUR,2565.050048828125,2565.050048828125,0.0010342439062500652,0.035605539909981276,0.03066212577174987,0.2901238729238831,0.17739486366034776,0.21108447470977132,-0.09865184137446215,-0.170881689258088,0.027088191250150162,0.034640058513753624,0.13292067218219117,1060
2026-09-30,LU1582988058,0P0001CGZV.F,EUR,12.558799743652344,12.558799743652344,-0.015667789142059352,-0.010845515124224048,-0.023193637641747533,0.0189117000335719,0.05519292113892147,0.057676100352646704,-0.023694769648311298,-0.056615818138602614,-0.011340381657341414,-0.015014944575977518,-0.0015716207113953828,1098
2026-09-30,LU1598757687,MT.AS,EUR,59.41999816894531,59.41999816894531,-0.06248032237983181,-0.07531907572963359,0.11081812446934003,0.13043317970209833,0.28166925986296604,0.2873460970028183,-0.12022509085745736,-0.2619465623536297,-0.06892934240886872,-0.0557841596060783,0.1100252822885428,1289
2026-09-29,LU1623762843,0P0001FE3K.F,EUR,155.16000366210938,155.16000366210938,-0.011215871318970283,-0.02255261249319318,-0.029340020408689216,-0.01159378337981698,0.0296702242173776,0.02212240289793781,-0.029825481348841554,-0.031521146246358045,-0.012439951499204738,-0.020238030751058456,-0.021138305288326498,1112
2026-09-30,LU1670631289,0P0001DFNP.F,EUR,11.406900405883787,11.406900405883787,-0.019756239700005285,-0.023766279843335902,-0.03291195489930976,0.007578783785809895,0.050696972749881636,0.04375641564219702,-0.033782206037978546,-0.05265460607611028,-0.017876706039162804,-0.023222419649237103,-0.019889457512240583,1096
2026-09-30,LU1670707527,0P0001DFNB.F,EUR,22.68280029296875,22.68280029296875,-0.007799229087753878,-0.024051493767498933,-0.01346527258095398,0.08504183439032054,0.08595490221488641,0.09039774501940435,-0.04637620681243726,-0.092062237404823,-0.014554151323800113,-0.02394145145751192,0.03392787542085096,1098
2026-09-30,LU1670719613,AN0B.MU,EUR,13.484000205993652,13.484000205993652,0.0013367446348204748,,,,,,0.0,0.0,,,,9
2026-09-30,LU1681043912,CC1.PA,EUR,257.75,257.75,-0.024228635413076738,-0.03301439953470853,-0.06442831215970957,-0.12075727318276741,0.14359311196300284,0.17281652434835573,-0.09753525425011,-0.2132003444575019,-0.013302708393147733,-0.04320517565910287,-0.10050915720376108,1289
2026-09-30,LU1681044480,AASI.PA,EUR,59.08000183105469,59.08000183105469,-0.01336004046076289,0.02605071122437863,0.02962706049659003,0.16402098586674563,0.22166121644956763,0.23965702295502564,-0.0973993401086195,-0.16060702050246078,0.007288717194144256,0.029289841961790186,0.10155340158296822,1289
2026-09-29,LU1694789535,0P0001CH1E.F,EUR,128.52000427246094,128.52000427246094,-0.005571039849121662,-0.00787393134581138,-0.006186228011510364,0.005869982383186034,0.02674569493262488,0.019934304998990616,-0.011394223839352846,-0.021087619460482876,-0.0049897254549100545,-0.006680832068263753,-0.002129718305246331,1117
2026-09-30,LU1819480192,EHQ6.MU,EUR,313.3009948730469,313.3009948730469,0.012343269790090261,,,,,,0.0,0.0,,,,9
2026-09-30,LU1829219390,BNKE.PA,EUR,393.5499877929688,393.5499877929688,-0.00943871159128784,-0.014276799516671712,0.06913877008275904,0.18919907371204236,0.17484436211567175,0.1757153878446669,-0.031261568509615256,-0.17132240226421158,-0.017739620267358314,-0.011680065533260842,0.126706799237583,1289
2026-09-30,LU1829221024,UST.PA,EUR,109.58999633789062,109.58999633789062,0.005689594477766402,0.07073764505819846,0.0630517046357768,0.23760578837964408,0.1430513044781374,0.17328336620673707,-0.0741999489068964,-0.1004836368906451,0.0391814348005326,0.056250430962276665,0.1373093961499403,1289
2026-09-30,LU1861137484,EUSRI.PA,EUR,90.31999969482422,90.31999969482422,-0.007145229385035701,-0.014511749142515185,-0.010408644496365915,0.040433155568992296,0.11125780110499242,0.09726202161754317,-0.04830604529024518,-0.1023277887365529,-0.0028869132105346917,-0.014988928223819475,0.0212918125381647,1289
2026-09-30,LU1861138961,MSRU.L,USD,72.70674177048238,72.70674177048238,0.00011063586561199656,0.030873895172373933,0.04489658573393718,0.13119066379374145,0.19068605941271674,0.20176616049464466,-0.07339244238486986,-0.11701396963064925,0.01279666821745784,0.03536042911788173,0.09249561822499919,1270
2026-09-29,LU1876459212,0P0001FKPX.F,EUR,4483.5,4483.5,-0.021655217031635754,-0.03464598320057122,0.009888256009122465,0.15662330078351827,0.10887978023127962,0.10263981579410525,-0.04328121893755987,-0.09673177833130864,-0.02169797985262356,-0.023097137402830703,0.058013971041459556,1031
2026-09-30,LU1900066462,CEC.PA,EUR,48.16999816894531,48.16999816894531,-0.013415311495321491,0.016673640418334967,0.1039303316570579,0.11854173238194887,0.15421581233064838,0.15274162982865222,-0.03287949658154654,-0.09557020854051512,-0.011101279491322225,0.009391892423251225,0.13339304947552266,1289
2026-09-29,LU1951200481,0P0001H0TE.F,EUR,292.29998779296875,292.29998779296875,0.016907825321053505,0.06063351963832031,0.028320097776495246,0.3933644269894798,0.22468411671148633,0.22133772443860267,-0.08981197493712922,-0.16763490233573852,0.03924820474685431,0.05309193492945963,0.15613058503000543,1095
2026-09-29,LU1951204046,0P0001H0TH.F,EUR,176.6999969482422,176.6999969482422,-0.00011319755728134151,0.0002830628558476711,0.019913402298656235,0.13189415320856335,0.09760422659792498,0.0979461237468453,-0.037086682521467296,-0.13027168506338482,0.008584649598688543,0.009912791939101773,0.04043351271327622,1096
2026-09-29,LU1951225553,0P0001H0TF.F,EUR,191.69000244140625,191.69000244140625,0.0021434737804575388,-0.022588174515985493,0.018868943676382033,0.25075041962667033,0.20030068002392598,0.17508336040421235,-0.07629518509617139,-0.1521618507592264,0.01597179565773299,0.012533475188974963,0.09771396371890262,1096
2026-09-29,LU1951229035,0P0001H0TG.F,EUR,184.2100067138672,184.2100067138672,0.003869246397096404,-0.02657999700532987,-0.017074845983203413,0.06283175011224884,0.11935273496203112,0.1137725269781699,-0.06752966028252883,-0.08892292793840006,0.00198268271375035,-0.014270329515256308,0.01063527256851926,1096
2026-09-30,LU1953136527,REUSE.PA,EUR,22.5802001953125,22.5802001953125,-0.0007125029195231836,-0.0015608455233538931,-0.001860951385258769,0.07860156496849613,0.09936626462848601,0.09832994379714638,-0.05256775728678653,-0.07680804811696162,0.004805268142899832,-0.006658489543331703,0.03608508888770756,1289
2026-09-29,LU2095319849,0P0001JAB0.F,EUR,120.26000213623048,120.26000213623048,-0.013615453228719487,-0.0572279363599868,0.011608385890779838,0.049206065734600735,0.18751985383396114,0.16570175812969293,-0.06511233426265506,-0.2145669508844873,-0.020360936278308484,-0.029044678489728915,-0.011858341023301078,1096
2026-09-29,LU2147879543,0P0001L9PD.F,EUR,773.3499755859375,773.3499755859375,-0.004582252360829764,-0.012425347718699187,0.0010873203061372294,0.07550131868227017,0.057445473895497874,0.05463094840735814,-0.025105978759957903,-0.06462585851593328,-0.0014661596847425074,-0.004616880317326766,0.01982379516609689,1056
2026-09-29,LU2181906426,0P0001L535.F,EUR,285.04998779296875,285.04998779296875,0.023886472853002383,0.040860304681026305,0.031556478284786804,0.46948135927039125,0.2349944281900722,0.3515827419444701,-0.17118891780566592,-0.22199790594022362,0.043281214907094245,0.06635846490945685,0.20748589628843916,1106
2026-09-29,LU2210151341,0P0001KKA7.F,EUR,12.119999885559082,12.119999885559082,-0.001647484118455722,-0.016233751154162812,-0.02179180389685631,-0.008183337093661147,0.05231696505519124,0.06448084437637193,-0.035115689525953786,-0.06790124319835567,-0.008791664414583567,-0.015274628348245445,-0.02784518568021699,1146
2026-09-30,LU2244387457,ASRE.DE,EUR,9.619199752807615,9.619199752807615,0.0009989682819133705,-0.010431493326458097,-0.0168840433436227,-0.015394710434268544,0.03617458484781641,0.02812358098442723,-0.02201023196105456,-0.033279658736767526,-0.0038121550742766797,-0.011119986614593791,-0.017176145396896603,1283
2026-09-28,LU2257980289,0P0001LZLW.F,EUR,184.00999450683597,184.00999450683597,-0.002980077259608249,-0.011708512304554719,-0.052130068106089666,0.030868316564907294,0.10126369650484784,0.10518843985916804,-0.06923196880111027,-0.0865476736691041,0.00034516875050583096,-0.01647005654661471,-0.008537726111438548,1034
2026-09-29,LU2358392376,0P0001OOS9.F,EUR,506.3800048828125,506.3800048828125,0.012800499531689047,0.023713759488659614,-0.0007301334330290787,0.14389629814077698,0.16220118748805107,0.15396743655265646,-0.06441376059655546,-0.08943559868933093,0.02528073446538248,0.01883839940775167,0.04156265449723473,1048
2026-08-13,LU2459590019,0P0001OS4A,USD,32.7232286283375,32.7232286283375,0.004499105658849034,0.005475125287047744,0.060352602796345245,0.1042763861843663,0.087369021677686,0.09641785958015901,-0.022372601723535612,-0.07641815975661459,0.005937655254111496,0.011429412807712813,0.06785466354049907,971
2026-09-30,LU2533811910,BJLL.DE,EUR,10.094499588012695,10.094499588012695,0.0,0.0003963837402898296,0.004028216390923989,0.010724622956655327,0.008558061805147572,0.010578578521337664,-0.0014882030882035213,-0.003047524042999572,0.00023777836339733405,0.0009250815919166211,0.007536090297134201,778
2026-09-30,LU2611731824,GLDU.AS,USD,64.25297632357038,64.25297632357038,-0.04840495702231351,-0.07244603995854237,0.22938981256604318,-0.09695324260346971,0.3499431422952857,0.47869934974809575,-0.14251350052879785,-0.3623354744639051,-0.05477416721667294,-0.016939107485168026,-0.004640896556492358,1252
2026-09-30,LU2616774076,BJLJ.DE,USD,9.91594443779883,9.91594443779883,-0.005195987048965067,-0.002335743519160882,-0.027314652561370223,-0.0057562833650876,0.06586690238814723,0.06738644897274576,-0.03499781073607333,-0.050071814819599214,-0.0026695966215239952,-0.006799638685874632,-0.010144513738915562,755
2026-09-28,LU2638914734,0P0001RNZQ.F,EUR,338.5299987792969,338.5299987792969,-0.030722128747372568,0.05084589536908646,0.2128475376232588,0.42126031869273706,0.4120180069902424,0.3803198516022534,-0.09354630872537983,-0.3124012853622107,0.022420264807557322,0.09595506481000826,0.18666994952679317,702
2026-09-29,LU2707622630,0P0001T0AG.F,EUR,130.16000366210938,130.16000366210938,-0.036565523450984516,-0.0546880575625035,0.033918534380516174,-0.02311619411643384,0.20091134518782985,0.1810428650179726,-0.06204511310273286,-0.23394246327931445,-0.034568159253722475,-0.023692095024554716,-0.05011037117117201,551
2026-09-29,LU2798962978,0P0001UBP6.F,EUR,147.72000122070312,147.72000122070312,0.0030555913301235638,-0.01644584313570907,0.03663158751370621,0.11697543456108228,0.11066817001170896,0.10365927858750328,-0.030106550021525624,-0.08982159224906872,-0.005131931870260509,0.0007953865512477787,0.05058109289137569,426
2026-09-30,LU3038520774,DEFS.PA,EUR,5.776000022888184,5.776000022888184,-0.02908049458650752,-0.023499567178576708,-0.01651628123210236,-0.05728739031460983,0.17005465135124542,0.17995636932573802,-0.13799880329444303,-0.2196261406823472,-0.00801180851789074,-0.05053094658429591,-0.033189741013890495,357
2026-09-29,LU3103551860,0P0001XEZ8.F,EUR,113.93000030517578,113.93000030517578,-0.0033242696311247544,0.0008784896118119168,0.0047623328197727854,0.09442845317138393,0.07808606022013205,0.07505346034931616,-0.023314487832326813,-0.047610174847362186,0.004722454226946393,0.005681181661907342,0.04630206048041363,256
2026-09-30,NL0000226223,STMPA.PA,EUR,46.95000076293945,46.95000076293945,0.018217309509193758,0.07610797014199044,-0.19563275637281552,0.35412081933387474,0.4299023468514532,0.5917984398724724,-0.3341576429473502,-0.3985444317360619,0.053267073410282695,0.04488240425376855,0.13255214725470976,1289
2026-09-30,NL0000235190,AIR.PA,EUR,190.72000122070312,190.72000122070312,-0.022049035778659354,-0.03138645437962917,-0.033644098951731594,0.12435812139480218,0.16415857421461302,0.240120409996483,-0.11569173108204112,-0.2771117091213976,-0.02377100931858589,-0.059334147927143976,0.01321942460910952,1289
2026-09-30,NL0006294274,ENX.PA,EUR,159.3000030517578,159.3000030517578,-0.0068577985447833,0.0025173641953317727,0.07417397015265692,0.12251360229442598,0.16474627748352552,0.20334988102905005,-0.05021175377207321,-0.13907785679286322,-0.0007213646039012644,0.0009047933858563617,0.13250531072669047,1289
2026-09-30,NL0010273215,ASML.AS,EUR,1608.5999755859375,1608.5999755859375,0.061221746779568154,0.11260196518167764,0.05332711668964207,0.2568901398563379,0.3506090434031719,0.404320029063171,-0.14951881917374388,-0.2077144161694917,0.08456884528543651,0.07937388091036612,0.20750919476674534,1289
2026-09-30,NL0010832176,ARGX.BR,EUR,847.2000122070312,847.2000122070312,0.013639656114575516,-0.05929376507495887,0.05926484763379647,0.20170214497451244,0.20858205109924788,0.4531723732670648,-0.10218797825983039,-0.273723521535453,-0.015456115970910789,0.017931566518258002,0.15167846234039684,1289
2026-09-30,NL0011794037,AD.AS,EUR,32.029998779296875,32.029998779296875,0.02495996093749997,0.044683592260369887,-0.0982195885852789,-0.20725986781357641,0.2191309501460578,0.22027226615740841,-0.1452948608359106,-0.25714308631402005,0.013046533090046442,-0.0013200579199902363,-0.09431083990848299,1289
2026-09-30,NL0011821202,INGA.AS,EUR,31.540000915527344,31.540000915527344,-0.007239519638726488,0.007345942303037978,0.14736941144602045,0.3157096395047929,0.16706195672906493,0.19888726651709518,-0.037540448599762466,-0.16877161691741893,-0.00995069054453368,0.02310434458767463,0.21195701220291352,1289
2026-09-30,NL0012969182,ADYEN.AS,EUR,879.2999877929688,879.2999877929688,0.02172904106149831,-0.1533795412455098,0.05926998392248195,-0.05053448766517765,0.36265740394883855,0.5038475794125163,-0.22643068496512253,-0.4839642318575442,-0.04622961596445385,-0.07878471564431733,-0.11915191982442819,1289
2026-09-30,NL00150001Q9,STLAM.MI,EUR,3.923500061035156,3.923500061035156,-0.052752324206887136,-0.1304299671857415,-0.16441270427047272,-0.43359318101528666,0.40368932652275163,0.40120703835682175,-0.26139155308539064,-0.6248799436257024,-0.10023849648891536,-0.14598655359680557,-0.3689760813365961,1279
