date,asset_id,symbol,quote_currency,close_eur,close,ret_5d,ret_20d,ret_60d,ret_120d,vol_20d_ann,vol_60d_ann,drawdown_60d,drawdown_252d,sma20_ratio,sma50_ratio,sma200_ratio,observations
2026-09-22,AT0000A09ZL0,N550.MU,EUR,360.9100036621094,360.9100036621094,,,,,,,0.0,0.0,,,,3
2026-09-22,BE0003470755,SOLB.BR,EUR,25.21999931335449,25.21999931335449,-0.023993840385922338,-0.014073518820378661,-0.04033490660560257,0.0002667369290771937,0.2135674187383883,0.16948966723603093,-0.06819867249098455,-0.14035087843632954,-0.02194991338395169,-0.03278263053339947,-0.015491773105772655,1283
2026-09-22,BE0974293251,ABI.BR,EUR,68.0999984741211,68.0999984741211,-0.009598656800529848,0.009786417687162263,-0.06275811943519383,0.12328183932242687,0.16978511411479644,0.2227026324675676,-0.1156914534747937,-0.14298171470367416,-0.0014955747732852132,-0.023420719921355637,0.04563189534061851,1283
2026-09-22,DE0005140008,DBK.DE,EUR,33.35499954223633,33.35499954223633,0.00044989170905185283,0.004668637823342925,0.1259071575438424,0.3465369360024002,0.27524335402566363,0.26947199337185695,-0.07552449686543927,-0.2676722440208219,-0.03332851424467431,0.008392429759095377,0.11876959832506828,1277
2026-09-22,DE0005190003,BMW.DE,EUR,60.31999969482422,60.31999969482422,-0.04040726838792086,0.0399999947383487,0.05344047263341034,-0.19487025377749712,0.3132248626357118,0.2598516827678491,-0.06289106690748958,-0.38203233061612984,-0.02345837486973612,0.006138241911089581,-0.16920612549902403,1277
2026-09-22,DE0005552004,DHL.DE,EUR,58.70000076293945,58.70000076293945,0.051971354220966104,0.03272344485148415,0.1054614397314455,0.32728107049501376,0.17652509420897042,0.19303997506591972,-0.05845729999922167,-0.14333072083959342,0.050540499306843456,0.045280047267868495,0.18239944135810648,1277
2026-09-22,DE0005557508,DTE.DE,EUR,27.030000686645508,27.030000686645508,-0.06470584624803077,-0.07113400919892598,0.13333334399635843,-0.12154695207924548,0.23726748408011233,0.29881142909158176,-0.07368058930927834,-0.27769587398998596,-0.0434059195031985,-0.03517348883089133,-0.045834294139111775,1277
2026-09-22,DE0005810055,DB1.DE,EUR,282.29998779296875,282.29998779296875,0.01766400145745095,-0.01808699898097821,0.18216073779439057,0.12370788375855413,0.21124807949277313,0.21371509267509398,-0.06009615132693824,-0.11953220395825659,0.0032517378051915014,0.03148152060585119,0.15681462766336862,1277
2026-09-22,DE0006048432,HEN3.DE,EUR,74.76000213623047,74.76000213623047,0.02579589672973448,-0.012938945803797619,0.0165896274886439,0.19260928461282867,0.17386262594547836,0.18557678578960204,-0.09398495881178781,-0.2432210362584949,0.0005755257312629602,-0.009937672773903117,0.05632788963732471,1277
2026-09-22,DE0007030009,RHM.DE,EUR,1005.4000244140624,1005.4000244140624,-0.022554882094625084,-0.10087634741854368,0.015042932270633358,-0.35342268289050693,0.3509829965725397,0.39469153870281426,-0.1840197894679262,-0.5192044852564789,-0.04366475975624884,-0.07655396373594758,-0.2598298445902253,1277
2026-09-22,DE0007100000,MBG.DE,EUR,43.435001373291016,43.435001373291016,-0.06711769561485981,-0.033058701161767234,-0.011042732601870275,-0.11810655813379978,0.2809808024782494,0.23873172359898828,-0.09904579551671389,-0.2555356413480826,-0.06039757823210479,-0.057062498431505015,-0.13140913120985742,1277
2026-09-22,DE0007164600,SAP.DE,EUR,185.8000030517578,185.8000030517578,-0.0068419861383837155,0.0018332596008969748,0.3865671869534164,0.2689956097960555,0.3744422338153528,0.430062146967523,-0.10826954296796709,-0.460752560270804,0.0067186996389840825,0.08007684701463758,0.12401002328069755,1277
2026-09-22,DE0007236101,SIE.DE,EUR,274.75,274.75,0.061630652856872414,-0.0378217063724724,-0.022763628082598353,0.28778997956387986,0.2812944043024139,0.2754395356772709,-0.10953941463317052,-0.20503662867365802,0.010965155493697143,-0.00044748115698078905,0.07928673846213008,1277
2026-09-22,DE0007664039,VOW3.DE,EUR,75.37999725341797,75.37999725341797,-0.06961243672343576,0.0283764545028935,0.0753209542685811,-0.07893295313078863,0.45388882256981483,0.3472436130933241,-0.09771354111054786,-0.3130182380526333,-0.03847137513346777,-0.006165027507025411,-0.10613636278193483,1277
2026-09-22,DE0008430026,MUV2.DE,EUR,507.2000122070313,507.2000122070313,-0.010920389468102587,-0.01933487966739844,0.03828047534704471,-0.024918082800174712,0.16770729656671604,0.1666270810162373,-0.06060606060606055,-0.1969919530344898,-0.010399362134800527,-0.014188502982528162,0.00584085986405003,1277
2026-09-22,DE000A0F5UK5,EXV6.DE,EUR,84.54000091552734,84.54000091552734,0.014398903652112827,-0.043015571427337695,0.08001515807054682,0.10701199799553862,0.22685951247463051,0.26036323103108777,-0.07666746769953992,-0.18396071944220127,-0.0249922128385216,0.009661903642646852,0.07143236160012645,1276
2026-09-22,DE000A0Q4R28,EXV5.DE,EUR,40.23500061035156,40.23500061035156,-0.01649961475380568,-0.0048231435407447565,0.03725349238583697,-0.004181688319719656,0.20973823668368255,0.18626809727106292,-0.04433257834687121,-0.20091842125448933,-0.01793393998005055,-0.00979253874619801,-0.041115461388799734,1276
2026-09-22,DE000A0Q4R85,4BRZ.DE,USD,46.79487449727504,46.79487449727504,0.003924682532952861,0.09029238944422291,0.09853690413438665,0.004034507867858306,0.2509028182173252,0.20620691775241756,-0.08221780748007512,-0.1777901213915941,0.020780271935382233,0.052600618305581825,0.06882146193615712,1277
2026-09-22,DE000A1EWWW0,ADS.DE,EUR,148.35000610351562,148.35000610351562,0.04545463343526657,-0.02785058866326018,-0.17307686092166152,0.1203414539541543,0.24502342647715755,0.35900297307048795,-0.24481107767008126,-0.328630068972118,0.009630161623481959,-0.06559417291789527,-0.04309531005024103,1277
2026-09-18,DE000A2JJ1W5,0P0001FAJ5.F,EUR,124.16000366210938,124.16000366210938,-0.0012869693782785463,-0.010361831913357378,-0.012958082848831265,0.017538166513009656,0.044650563474933694,0.04134652526359755,-0.02422855115623168,-0.04542575052266418,-0.006779561504580145,-0.00902220977311663,-0.004444527925178687,1239
2026-09-22,DE000BASF111,BAS.DE,EUR,51.52000045776367,51.52000045776367,-0.006172833601124972,-0.003095972261364044,0.10132539123888429,0.0547393558133491,0.18286200124427648,0.20220919712006405,-0.043040760898150454,-0.13370372630931704,-0.018535793057908534,0.006946219530816977,0.06372516020108532,1277
2026-09-22,DE000BAY0017,BAYN.DE,EUR,49.220001220703125,49.220001220703125,0.01047017338978029,-0.0008119590376152175,0.016732108569389226,0.24350758837036168,0.17910430165903318,0.29082011257432205,-0.1368065808388388,-0.3065455353648504,0.006338200250626702,0.01670690238577932,0.16082130011947293,1277
2026-09-22,DE000DTR0CK8,DTG.DE,EUR,43.33000183105469,43.33000183105469,0.0020814095535224286,-0.07788890650517488,0.026777276011511697,0.06643675564452312,0.18965565837426138,0.23366490482790997,-0.12923387186708368,-0.12923387186708368,-0.035127727586572566,-0.049455477414921734,0.0433463704370558,1218
2026-09-22,ES0113211835,BBVA.MC,EUR,25.280000686645508,25.280000686645508,0.015261087306701837,0.023896319960545975,0.15592134049189355,0.3910124899352583,0.18504639132823497,0.22955024146085964,-0.03640350664384784,-0.18701772533483707,0.008195605024363006,0.036890012257769556,0.21777223706662907,1281
2026-09-22,ES0113900J37,SAN.MC,EUR,12.84000015258789,12.84000015258789,0.013737547871949474,0.020667744869527604,0.06256211036989057,0.32413773840686266,0.21835324553410937,0.24525656346864255,-0.07163414468080698,-0.171891814315276,0.007374878140627539,0.024619612713409067,0.1698069505255868,1281
2026-09-22,ES0148396007,ITX.MC,EUR,53.20000076293945,53.20000076293945,0.011791534999882503,-0.08716537616267117,-0.034833058892435265,0.06521686493825696,0.22793012269578852,0.23279541698155465,-0.12453463596749692,-0.14986185286846476,-0.037574388347504595,-0.05278749673445404,-0.017834748867762706,1281
2026-09-22,FI0009000681,NOKIA.HE,EUR,9.369999885559082,9.369999885559082,0.07849910011253525,0.05162739012622741,-0.18513130994787408,0.39171526909641874,0.5507029603811912,0.6171283846460573,-0.34288707717699163,-0.4829458829898745,0.041064826685422995,0.06734682691788696,0.1121995912255247,1259
2026-09-18,FR0000003196,0P00000QEY.F,EUR,479.7000122070313,479.7000122070313,-0.0020595190857868317,-0.018074604618609436,-0.03521646698370662,-0.01729012616899428,0.03642071989485487,0.03228811892262742,-0.03583700805179968,-0.04546806514967183,-0.010369743025443023,-0.01768251096498663,-0.025643407422957343,1240
2026-09-18,FR0000003998,0P00000I2M.F,EUR,3349.969970703125,3349.969970703125,-0.013202603944175717,-0.04200903709930337,-0.016998718653908895,0.13120014588602813,0.11112157691992824,0.11554169825799504,-0.05889677538119498,-0.1083091867769127,-0.0273330710794234,-0.0300402526300112,0.02656775302135239,1239
2026-09-18,FR0000027609,0P00000H0V.F,EUR,5076.18017578125,5076.18017578125,-0.006287733714606225,-0.012869516964876926,-0.01155281414142717,-0.0004883139238403,0.02214715905071763,0.017492235227323984,-0.015492782590815102,-0.015492782590815102,-0.008320899963909612,-0.010609070458539538,-0.007329945432493101,1238
2026-09-22,FR0000045072,ACA.PA,EUR,18.364999771118164,18.364999771118164,0.0008174054134399977,-0.03367531796421408,0.04376246023375785,0.19991421127492393,0.19727694098050055,0.19331126130893878,-0.09950495806760284,-0.16688568702410778,-0.009372267035991588,-0.024798224401021862,0.07774929443969691,1283
2026-09-22,FR0000051807,TEP.PA,EUR,70.27999877929688,70.27999877929688,0.00803209335612376,-0.010140862263424255,0.5284906367765194,0.5250664627889505,0.26576839912860223,0.500083614827229,-0.05855073790619336,-0.35422847770430843,0.0021102893098565723,0.055990945862414154,0.23348700453848092,1283
2026-09-22,FR0000052292,RMS.PA,EUR,1353.5,1353.5,-0.01563636363636367,-0.13042081593318344,-0.1530037546933667,-0.18203610148357996,0.2603591813411916,0.3667963893687336,-0.21951934349355218,-0.4022590820314641,-0.0669860582142795,-0.12399357962047264,-0.23094343707797826,1283
2026-09-22,FR0000054470,UBI.PA,EUR,5.484000205993652,5.484000205993652,-0.009035004449130302,-0.011891888733876255,0.020089337784404915,0.4281250855652632,0.4624198894041226,0.5894334211664254,-0.21459440385286976,-0.6284035361234737,0.055671101100194686,0.030966640381613786,0.0803804221679063,1283
2026-09-22,FR0000073272,SAF.PA,EUR,333.8999938964844,333.8999938964844,0.035991332742361104,-0.02879579478765426,-0.03217393073482788,0.17525827789529624,0.27702952026914096,0.2610411464599635,-0.11551154921609863,-0.23617513957875091,0.007057521248574616,-0.01569466294785904,0.06464853030385465,1283
2026-09-18,FR0000097156,0P00000QGO.F,EUR,667.9000244140625,667.9000244140625,0.011877748817481937,0.008014001635059387,0.033484997247911874,0.17764259131274396,0.09465175799133589,0.09515882783847819,-0.033817453515913254,-0.07356647804504624,0.0049064574032393615,0.008767353978147208,0.08555168820654568,1235
2026-09-22,FR0000120073,AI.PA,EUR,166.33999633789062,166.33999633789062,0.0006014848497504222,-0.008582682392914265,-0.040050799228395606,0.0353298298902458,0.18763707338361732,0.16529736046526528,-0.09506377759033169,-0.11975581494880227,-0.01244978201552005,-0.024762632923268302,0.04192815059617061,1283
2026-09-22,FR0000120172,CA.PA,EUR,16.334999084472656,16.334999084472656,-0.025939258283659283,0.027681573704772866,0.01852402662310748,0.08338438170830198,0.20903244943952948,0.2356165524585494,-0.06434318236822179,-0.07772792185500088,0.0018245080346441789,0.015196475034801482,0.08367776020124285,1283
2026-09-22,FR0000120271,TTE.PA,EUR,77.77999877929688,77.77999877929688,-0.033668768249433545,0.0274769077266519,0.1433191264875806,-0.00843119146930904,0.1889068652802755,0.2214278707817712,-0.0529877622835736,-0.17510288938050222,0.0001092933603012991,0.022785838729182828,0.11415245503738225,1283
2026-09-22,FR0000120321,OR.PA,EUR,389.25,389.25,0.021117490910773418,0.0019305019305020377,0.014596653701567819,0.10803160080039231,0.19457810165536482,0.20614884849275297,-0.060913705583756306,-0.14438105060176987,0.01652422573358825,0.01656537816087278,0.0458621109610684,1283
2026-09-22,FR0000120404,AC.PA,EUR,47.150001525878906,47.150001525878906,0.04522280842220194,0.010501536220943075,-0.07258061793143311,0.14219873318515042,0.2138090339524097,0.21982777038963655,-0.11787818900063174,-0.2065086535708529,0.018930737912510986,0.017492697637326193,0.04162367375541476,1283
2026-09-22,FR0000120503,EN.PA,EUR,43.790000915527344,43.790000915527344,0.0004569444266506739,-0.05195925054203954,-0.10284778357967084,-0.09322588918957708,0.2228788197955968,0.2380341936839194,-0.12275024471533291,-0.18150941380914654,-0.00980246124593298,-0.0541013238688538,-0.07177252887892649,1283
2026-09-22,FR0000120578,SAN.PA,EUR,74.11000061035156,74.11000061035156,-0.001347506742417126,-0.05880108431585773,-0.012919568420973526,-0.052391885320226095,0.1713383252658735,0.2679819101888628,-0.08946448560677267,-0.16176475958940295,-0.018176510422160952,-0.026239361198883926,-0.022355576158061163,1283
2026-09-22,FR0000120644,BN.PA,EUR,61.0,61.0,-0.009418671870876638,-0.06784844553423952,-0.1497072509559343,-0.08826922870788256,0.19362300642832156,0.2083002571139617,-0.1856756983576594,-0.2165525329181609,-0.03003704846313604,-0.08020603571073659,-0.0976548049857765,1283
2026-09-22,FR0000120693,RI.PA,EUR,60.0,60.0,-0.012508201819088294,-0.10714281659547786,-0.025168265981386884,-0.0121746653837016,0.26159600716495746,0.2911380429562272,-0.15500571065390922,-0.31613160066066215,-0.026132115981967186,-0.07332536572473614,-0.09666108854613154,1283
2026-09-22,FR0000120966,BB.PA,EUR,67.30000305175781,67.30000305175781,0.0014881861318036815,0.008995594167436227,0.18070180792557555,0.28778514183906134,0.13328007644117562,0.2353142418441461,-0.04202900762143347,-0.14495416219181756,0.0019354378074176726,0.025227041260722505,0.19108481573510616,1283
2026-09-22,FR0000121014,MC.PA,EUR,406.9500122070313,406.9500122070313,0.0012301635748144246,-0.0970712199135757,-0.15936788457711204,-0.12199170474185272,0.2517522625792923,0.2654107395362729,-0.19936397752678525,-0.37223105713475246,-0.04359573756430457,-0.1006709055911651,-0.18500802387777826,1283
2026-09-22,FR0000121147,FRVIA.PA,EUR,9.279000282287598,9.279000282287598,0.002268298509319866,0.06288668600670211,0.06239982407144229,-0.0668744917061792,0.5233806584713158,0.47336949851983984,-0.10287980996565815,-0.42797438225722206,-0.008807376718052984,0.012564599152845357,-0.14643875320847644,1283
2026-09-22,FR0000121220,SW.PA,EUR,57.45000076293945,57.45000076293945,0.015017708687872222,0.007894750227007918,0.1342546699349294,0.2693328080749542,0.19626712881856856,0.25297116754630816,-0.04418009416371382,-0.2701083367043837,0.0002176378178555538,0.013602932176106863,0.19006412478219192,1283
2026-09-22,FR0000121329,HO.PA,EUR,236.3000030517578,236.3000030517578,-0.01500621482416531,-0.054799987792968796,0.05115658293542036,-0.10459611715737394,0.2273356575538656,0.2730532860595916,-0.17212206268303964,-0.19597073557214617,-0.0011412970512520992,-0.033869739229038576,-0.020941578010261752,1283
2026-09-22,FR0000121485,KER.PA,EUR,231.8999938964844,231.8999938964844,-0.010454500291111501,-0.06189321699288386,-0.062272579721927124,-0.11591724949928639,0.3043547201387997,0.48492459637851715,-0.2192248962574309,-0.33857798991233146,-0.04024834090546581,-0.09262007446563247,-0.11098762603976942,1283
2026-09-22,FR0000121667,EL.PA,EUR,142.6999969482422,142.6999969482422,-0.011772832549154066,-0.10336159333403261,-0.13014328379365947,-0.23622208719428806,0.24351772337387417,0.2786639623171905,-0.209778255695675,-0.5563296695825171,-0.048793517445577805,-0.10553666306253817,-0.2787590154274733,1283
2026-09-22,FR0000121964,LI.PA,EUR,36.58000183105469,36.58000183105469,-0.008672078091915392,-0.06540617267538351,0.026707903888977258,0.1137892989334055,0.14075278780071324,0.13274979908580592,-0.09004498537619854,-0.10371167754765254,-0.01714218957156488,-0.04190670184804712,0.06836337766498635,1283
2026-09-22,FR0000121972,SU.PA,EUR,295.70001220703125,295.70001220703125,0.07410107271564326,-0.0018564988792194592,0.036089763597832114,0.2717646596353731,0.3654600770278784,0.36939164143858694,-0.12524119680717438,-0.17762918089750313,0.020182889944301285,0.02714986576628875,0.1247722833355911,1283
2026-09-22,FR0000124141,VIE.PA,EUR,31.68000030517578,31.68000030517578,0.005714295402405645,-0.06960349441961877,-0.13062564492097206,-0.011816594159777427,0.17948379857508426,0.197537223744892,-0.16444562902496562,-0.16444562902496562,-0.010355646144444952,-0.06754417069580332,-0.03520965346400373,1283
2026-09-22,FR0000125007,SGO.PA,EUR,71.16000366210938,71.16000366210938,0.02270770033739078,-0.12429237273694238,-0.10106113731560207,0.0400369936276983,0.2620001277478833,0.29519792061720684,-0.19195695573069294,-0.2782018825349041,-0.03547171543952132,-0.08075787752506725,-0.08365330426079409,1283
2026-09-22,FR0000125338,CAP.PA,EUR,107.3000030517578,107.3000030517578,-0.012879429032100265,-0.019195598216005028,0.21987271678700115,0.07682517855173998,0.4305620043257224,0.4196812570533879,-0.09201077073251984,-0.41502642376831267,0.00973983233302489,0.031708973840588905,-0.0005282177994682113,1283
2026-09-22,FR0000125486,DG.PA,EUR,112.5999984741211,112.5999984741211,0.01808318288962707,-0.05852842884036202,-0.11893587022436025,-0.11893686957947225,0.22583797629982896,0.22605505358944053,-0.1356528402434034,-0.20030232855906616,-0.002701395592328404,-0.04411016875245832,-0.0837114469428134,1283
2026-09-22,FR0000130452,FGR.PA,EUR,108.4499969482422,108.4499969482422,0.026017030079448222,-0.08596716769036006,-0.15995358775363444,-0.1699737096447952,0.3156979018392675,0.2498393468555142,-0.18441364220448975,-0.24989103793071143,-0.00041478745930323413,-0.06785053434779398,-0.12539336026380488,1283
2026-09-22,FR0000130577,PUB.PA,EUR,98.45999908447266,98.45999908447266,-0.003441335594969841,-0.047314943994632874,0.19042437642774424,0.42003420974014793,0.28964737527398887,0.2799187432144068,-0.07742553003588604,-0.23345260324938366,-0.008683840663137765,0.01425895249552056,0.1882566351843018,1283
2026-09-22,FR0000130809,GLE.PA,EUR,73.6500015258789,73.6500015258789,0.012231986854289278,-0.018261732584523127,-0.04808066548592005,0.16271424003966017,0.2722750554032284,0.29309184380999675,-0.15671380804415136,-0.20391642461152326,0.0015026139698224306,-0.04384423465594889,0.03160399905590916,1283
2026-09-22,FR0000131104,BNP.PA,EUR,102.3000030517578,102.3000030517578,0.009871668014551416,-0.02049022730393979,0.001566513247165613,0.2645032488046848,0.25284919617555074,0.2289988402209095,-0.10762410515253296,-0.16594331091635783,-0.005840537610106611,-0.03590974423656834,0.10243722189721494,1283
2026-09-22,FR0000131906,RNO.PA,EUR,27.280000686645508,27.280000686645508,-0.07837836705828527,-0.004016016993578564,0.08771932893269185,-0.02479040692118606,0.43920355451408927,0.35449512098195285,-0.08916553431209229,-0.2784341010453456,-0.04926200860538055,-0.028614539525842364,-0.04695319068945136,1283
2026-09-22,FR0000133308,ORA.PA,EUR,14.489999771118164,14.489999771118164,-0.08378121052299281,-0.0921052796688766,-0.12208418613181238,-0.16930595047677033,0.3110936447231395,0.28226858702345997,-0.16724137420745,-0.20698425781495877,-0.059625228383220485,-0.09251466573500067,-0.10792132313001035,1283
2026-09-22,FR0000172041,XED2.F,EUR,483.26800537109375,483.26800537109375,,,,,,,-0.0072963351951134126,-0.0072963351951134126,,,,3
2026-09-18,FR0000172124,0P00000GPO.F,EUR,56.25,56.25,-0.011423576598381557,-0.029168081925530553,-0.04369261659568424,-0.03300667404817492,0.04632049744706539,0.04717716418400802,-0.048714433448081795,-0.05463102888390703,-0.017913262491762394,-0.027149868357126072,-0.03350515368894713,1230
2026-09-22,FR0000284689,CL54.F,EUR,33.53200149536133,33.53200149536133,,,,,,,0.0,0.0,,,,3
2026-09-18,FR0000292302,0P00000PYA.F,EUR,568.6300048828125,568.6300048828125,-0.002648489365469464,-0.01154243124619636,0.01219334121668747,0.09043672086448074,0.07252771954894537,0.07431497746434518,-0.030280271035459383,-0.06867224362644508,-0.00933467699262025,-0.008566393961555896,0.024772940760477535,1240
2026-09-18,FR0000295230,0P00000PM8.F,EUR,223.1100006103516,223.1100006103516,-0.008796462569428565,-0.04934169206438943,-0.03227066728659278,0.04305753612281227,0.10384722499539352,0.11400423489920296,-0.0631547718368991,-0.16301981420780265,-0.03085613830935141,-0.034590483228784,-0.035890819706870025,1260
2026-09-18,FR0000299356,0P00000JPU.F,EUR,293.3500061035156,293.3500061035156,-0.0057954025256795605,-0.021579617979618715,0.011830824078780555,0.09108838089063287,0.12634825560089577,0.11044493533820542,-0.050695879600846094,-0.10168187143662966,-0.02302963482320275,-0.01854048568114619,0.010906856859478564,1228
2026-09-18,FR0000422859,0P00000PLK.F,EUR,902.1400146484376,902.1400146484376,-0.009540751049434193,-0.025787784690551763,-0.015560900682802248,0.09448475476198026,0.12476519556995201,0.11786047808715656,-0.05913649458409431,-0.11875263294966842,-0.023486257433328217,-0.023237688919144683,-0.004318167954784458,1238
2026-09-18,FR0000438905,0P00000QF5.F,EUR,489.1099853515625,489.1099853515625,0.00745637436405211,0.0022540020981656195,0.03675519160119389,0.15922070922178677,0.11306799330827937,0.09975041965635115,-0.0324187350522257,-0.08915819628885746,0.005534309220385447,0.009055081628172923,0.08991039138715351,1186
2026-09-18,FR0000447807,0P00000RUS.F,EUR,213.5800018310547,213.5800018310547,0.009834524023899283,0.013476303804987433,0.04205696152821359,0.17590704228002574,0.11498534837504677,0.11004562524351628,-0.04078916959911505,-0.08659418215219217,0.005953400733553327,0.007385360925617368,0.08063830316500353,1239
2026-09-22,FR0000974149,ODAB.HM,EUR,739.8930053710938,739.8930053710938,,,,,,,-0.00669711810633189,-0.00669711810633189,,,,3
2026-09-18,FR0000975880,0P00000MML.F,EUR,427.1000061035156,427.1000061035156,-0.009462374510808003,-0.04605555941429318,-0.04323474027072727,0.04648029057836611,0.1369884270099697,0.12495779183937805,-0.0816524738184714,-0.12650891219419702,-0.02272825406279355,-0.04000811706570473,-0.028169088463803393,1239
2026-09-18,FR0000980427,0P00001O87.F,EUR,2566.830078125,2566.830078125,-0.0066870328966419645,-0.021018735940874556,-0.021511375704487135,0.024842178237143298,0.04391098946397397,0.04462840457553817,-0.030913117713922467,-0.04381792125829931,-0.013189586405206732,-0.018907149226568,-0.005858010101052136,1242
2026-09-18,FR0000987950,0P00000NYV.F,EUR,664.4299926757812,664.4299926757812,-0.010278140762978949,0.02275066221239541,0.018595745990819257,0.16882448544066886,0.14315427977719597,0.22955016705214032,-0.10217496300435924,-0.10217496300435924,0.010297131562604367,0.018913760318426398,0.12122852997569877,1120
2026-09-18,FR0000987968,0P00000NZ3.F,EUR,475.9800109863281,475.9800109863281,0.00335166485126992,0.009159155516000661,-0.06617484654844696,0.21949223428455356,0.18276799740686533,0.3069028352306043,-0.16322176981876269,-0.16322176981876269,0.006856880790143238,0.006318955661873682,0.11880665134400625,1158
2026-09-17,FR0000988057,0P00000NZ7.F,EUR,852.739990234375,852.739990234375,0.018574024710784842,0.0015032628998286057,0.017747377521386998,0.1532708797636022,0.11156600821582727,0.10758651300306352,-0.03313392419228933,-0.07747073986381181,0.008463969250713133,0.007540288055337019,0.07873755625053169,1197
2026-09-18,FR0000989915,0P00000QLD.F,EUR,1572.8399658203125,1572.8399658203125,-0.011140788225943665,-0.07674426420063962,-0.07857243180064155,-0.023426477412970548,0.12824816646790257,0.13317857503150307,-0.1209010176016907,-0.16747917648785893,-0.04056629940302192,-0.07792001318218833,-0.08441967253157812,1239
2026-09-22,FR0006174348,BVI.PA,EUR,27.809999465942383,27.809999465942383,0.0010798696384228812,0.0010798696384228812,0.03846149189273573,0.08967258365072128,0.1501377228113704,0.22065254478606658,-0.07584561619350039,-0.13772048651286128,0.011088876316391216,0.006470928337765747,0.04652011499318509,1283
2026-09-17,FR0007023692,0P00000C3O.F,EUR,380.8699951171875,380.8699951171875,-0.005743107434587724,-0.024010853197182436,0.007965939454595894,0.06698230679759054,0.07362741905623499,0.07428969906632919,-0.03241593433027423,-0.057652550446265716,-0.010799226970663045,-0.005652755856692893,0.04453284457344098,1223
2026-09-18,FR0007028543,0P00000PY3.F,EUR,106.9000015258789,106.9000015258789,-0.0017741602251273303,-0.024367967293801418,-0.033279076182311074,0.03505037557482704,0.08403391963981405,0.07746071729012984,-0.045613735348593254,-0.07215834198969395,-0.01416502739272818,-0.02114651758931818,-0.0020346621321764014,1201
2026-09-22,FR0007052782,CAC.PA,EUR,82.6500015258789,82.6500015258789,0.012371412834166762,-0.03004339380470955,-0.025123817929779357,0.05019065731647321,0.13180599795271636,0.11998017162776019,-0.07316513357898446,-0.10850611902089558,-0.005756134637628252,-0.02516292621458327,0.005754663222319545,1283
2026-09-22,FR0007054358,MSE.PA,EUR,72.12999725341797,72.12999725341797,0.015486392975156749,-0.01877302193863417,0.0019447061231112617,0.13287261391188432,0.12769113419974812,0.12513450243034285,-0.04902228077396764,-0.10843727157026495,-0.0023996344610036635,-0.0070482973108495495,0.055797072512794754,1283
2026-09-18,FR0007061882,0P00000O6Y.F,EUR,689.989990234375,689.989990234375,-0.014750424065867573,-0.020457174446684823,-0.0014471989668921603,0.13007514610520898,0.12466499841991333,0.11650166325942556,-0.046830352302243416,-0.12151241584563843,-0.0244540515952566,-0.02002837057359763,0.020087270884518338,1239
2026-09-18,FR0007062567,0P00000K4N.F,EUR,565.3800048828125,565.3800048828125,0.022830875776520987,-0.024028971523353482,0.04284788236218606,0.09264842728666856,0.18442655146756676,0.15058702904295215,-0.07313298381321787,-0.17320314463395015,-0.002828994737086976,-0.003088866531034462,0.03770362465916599,1194
2026-09-18,FR0007064324,0P00000H22.F,EUR,519.239990234375,519.239990234375,-0.013208179887084004,-0.05699031121478604,-0.030074412174377563,0.03781576317793656,0.08216894036399286,0.10299530642372441,-0.06653484901685391,-0.10149436880129137,-0.03456663808877414,-0.04118702422942577,-0.0257306966379085,1235
2026-09-18,FR0007072160,0P00000IK7.F,EUR,172.9499969482422,172.9499969482422,-0.0027101904374675634,-0.01177074237616349,-0.009450223926654289,0.007690916668859682,0.020936539344514192,0.01964952626990372,-0.014192917570185704,-0.025147919362124238,-0.007053124569493252,-0.009464936627032738,-0.005499243567012813,1241
2026-09-18,FR0007076930,0P00000NME.F,EUR,556.5999755859375,556.5999755859375,-0.008196786388159905,-0.039980772947714294,-0.003919187042576322,0.1199194679797535,0.11275339799815172,0.10420008591334137,-0.06165181714826895,-0.08584313776124475,-0.020406771636242937,-0.02895620235368601,0.036035990298285636,1232
2026-09-18,FR0007374145,0P00000QRC.F,EUR,543.2999877929688,543.2999877929688,0.003472359613894138,0.007136853274293697,0.11824633316401112,-0.050556583302543534,0.3825254187416893,0.4637393255544409,-0.16881757435601374,-0.3714610457589358,-0.016604441240340884,0.09972675281691434,0.09566705750979376,1168
2026-09-18,FR0007382965,0P00000MUL.F,EUR,3559.409912109375,3559.409912109375,-0.000693445816363325,-0.009932965774189895,0.004952128209546824,0.0621584483977915,0.04701544166846423,0.04537928744036039,-0.024007435772887664,-0.05346302661329583,-0.0071119255732973174,-0.007999879397832088,0.016423865944867666,1238
2026-09-18,FR0007390174,0P00000FNC.F,EUR,108.22000122070312,108.22000122070312,-0.00018474356486553045,-0.047862064632501644,0.2502311029693294,0.13473836745361334,0.3399592914777264,0.4162681683112749,-0.11099121252261879,-0.33703705023274577,-0.016101306145809846,0.08005717915910826,0.0835501155518068,1244
2026-09-18,FR0010004085,0P00001NLH.F,EUR,990.1400146484376,990.1400146484376,-0.001220518451906849,0.000414288935143059,0.03277291065739374,0.16907928754603652,0.08930761381028145,0.10981271644814113,-0.0345192340392364,-0.0930771863389761,-0.0016450210415945854,0.002863136782419673,0.06268568855576628,1204
2026-09-18,FR0010058529,0P00000QIF.F,EUR,1160.949951171875,1160.949951171875,-0.014866750928576367,-0.04029924937400742,-0.03099935372800522,0.10752305005297425,0.1419056458096139,0.14736755597870596,-0.07672122846149532,-0.16355001019165538,-0.02283479107093833,-0.030744058224866033,0.0005233818188583594,1241
2026-09-18,FR0010086512,0P00000G8V.F,EUR,339.010009765625,339.010009765625,-0.012064648709008141,-0.07061978787701573,-0.05835781314700561,0.020407544638030517,0.12684157539706298,0.12663948602337077,-0.08015188985418653,-0.11388989985918296,-0.031434559498479175,-0.04580665098296055,-0.02028595434795699,1235
2026-09-18,FR0010097683,0P00000CGO.F,EUR,587.1099853515625,587.1099853515625,-0.00627944539227554,-0.01687907876661543,-0.0056061746797235745,0.051734958517566154,0.05809388277313162,0.07234694126501424,-0.023946099714670543,-0.08550661982129948,-0.006370247596096501,-0.0033665520100093493,0.015939362500423604,1232
2026-09-17,FR0010128587,0P000015L9.F,EUR,700.0599975585938,700.0599975585938,-0.005059545753813954,-0.008174800435719609,-0.0765232883574758,0.06550786391265606,0.1337151547089653,0.14036217754185432,-0.09363248747868291,-0.09552951169543256,-0.004973301722752677,-0.014138030080763309,0.004156274008896732,1225
2026-09-22,FR0010135103,Y9U6.F,EUR,845.0,845.0,,,,,,,0.0,0.0,,,,3
2026-09-18,FR0010147603,0P000018HU.F,EUR,439.3299865722656,439.3299865722656,0.0036781169402189118,0.004159851811426085,0.020653248026290205,0.07842795745128406,0.0742223669073884,0.11728333257873287,-0.039956885578391055,-0.06154886324087783,-0.0031969337110951956,0.008446656529291996,0.0386935695535473,1241
2026-09-22,FR0010149120,Y9U4.F,EUR,1911.5360107421875,1911.5360107421875,,,,,,,-0.00018842329571311378,-0.00018842329571311378,,,,3
2026-09-22,FR0010149302,Y9U3.F,EUR,1921.47705078125,1921.47705078125,,,,,,,0.0,0.0,,,,3
2026-09-18,FR0010156604,0P00001BB3.F,EUR,250.33999633789065,250.33999633789065,-0.005126608591541459,-0.008711479396253607,-0.002311501017404516,0.034890461572388176,0.03587712655777454,0.02718913368811731,-0.014232773296950607,-0.02863110837153171,-0.007257025484994295,-0.007489239138406267,0.010577871109946457,1241
2026-09-18,FR0010158048,0P00001BW0.F,EUR,322.260009765625,322.260009765625,-0.01119939202685094,-0.040521587368391954,-0.02740383495087062,0.12004729736681408,0.08942627098611057,0.10518247692288436,-0.06124416353536166,-0.12274891322971371,-0.024419739856159417,-0.027879137259221975,0.007383948689706266,1241
2026-09-18,FR0010174144,0P0000M6PZ.F,EUR,257.45001220703125,257.45001220703125,-0.0093885963441378,-0.03424853636849956,-0.0025569454185676577,0.002765529327971361,0.05912449595473049,0.0874253673590293,-0.051889209304343376,-0.07384152486145013,-0.022544653716945473,-0.024415160901114286,-0.008625814871192627,1049
2026-09-18,FR0010177899,0P00000PNB.F,EUR,89.33000183105469,89.33000183105469,-0.005676697769641859,-0.01597264780502372,-0.016730838399511727,0.03403174513459395,0.04557984806626695,0.046123575441261534,-0.026935590768915052,-0.046937452596716,-0.009930600718716986,-0.014413608234391306,0.0011111872623019714,1239
2026-09-22,FR0010208488,ENGI.PA,EUR,23.770000457763672,23.770000457763672,0.006776782857937036,-0.061587030029257694,-0.13845595047834425,-0.13808735368893388,0.2150235629732573,0.23247292665568553,-0.1525729233098997,-0.162258606199024,-0.013426840584995325,-0.06683310258561159,-0.06668386039361496,1283
2026-09-22,FR0010220475,ALO.PA,EUR,15.114999771118164,15.114999771118164,-0.032640014648437465,-0.06582203423796829,-0.006572486392825816,-0.3772146894919789,0.33355354318949326,0.276568384702554,-0.11639582878330634,-0.4988270828675222,-0.051057100071969286,-0.05907035061174737,-0.2614381899637268,1283
2026-09-22,FR0010221234,ETL.PA,EUR,1.8025000095367432,1.8025000095367432,-0.0027662490835066444,-0.033771087999014404,-0.2530045877542374,-0.18253964993015037,0.4255626126056505,0.41069202281488276,-0.31803921751955855,-0.614412444666804,-0.013585422945861736,-0.08806207797611287,-0.22215173218126716,1283
2026-09-18,FR0010229187,0P00000FV4.F,EUR,320.57000732421875,320.57000732421875,-0.010586397147473003,-0.03139347473747334,-0.01067799730923924,0.09439434872655372,0.09374919936446267,0.10981770740454384,-0.040434204459219525,-0.07929475665366614,-0.0138128185027514,-0.010171525938231007,0.04073162689175347,1237
2026-09-22,FR0010230490,0PP1.MU,EUR,697.0230102539062,697.0230102539062,-0.0030123453341167616,-0.03144300597365968,-0.04378284372665986,-0.009333583977749416,0.06492422671800656,0.04450440561411144,-0.047390188329915484,-0.05556809031668952,-0.01571235526990089,-0.025531293852275705,-0.03407896968971513,211
2026-09-22,FR0010261198,MEU.PA,EUR,247.1999969482422,247.1999969482422,0.017283938058609838,-0.01670643218062917,0.005900292770059767,0.1018497446983957,0.10612428976259117,0.09548421878962797,-0.03686089155476535,-0.09773398341024497,0.0008400897971785337,-0.003607505044367687,0.05033579953346168,1283
2026-09-17,FR0010286013,0P00000EUQ.F,EUR,491.8500061035156,491.8500061035156,-0.013992704241205023,-0.019730929539580222,-0.004976616834027392,0.020033604208297806,0.05751437512832249,0.05324746076360918,-0.02807463528598564,-0.06016847910817125,-0.012411853743377166,-0.011446187366206062,-0.00014442094153144236,1225
2026-09-22,FR0010307819,LR.PA,EUR,140.8000030517578,140.8000030517578,0.05904480093047049,0.0315018538590317,-0.04671627650000765,0.052503655402244886,0.37968564889926154,0.2891426310642522,-0.12863913603639465,-0.18306531519533542,0.019920335194642202,0.027932335639595296,0.016132838766044877,1283
2026-09-22,FR0010313833,AKE.PA,EUR,56.59999847412109,56.59999847412109,-0.007017570629454628,-0.029991431803998214,0.02629187503397934,0.03402983917964186,0.16117454397750286,0.25130965361644847,-0.10184440464351752,-0.22841862264948765,-0.027240715070368737,-0.03495313267467992,0.016805972594798435,1283
2026-09-22,FR0010315770,WLD.PA,EUR,435.6400146484375,435.6400146484375,0.028034747519906755,0.02222118150579111,0.033105725230339944,0.17154768723377134,0.10135538905186284,0.09651519247898856,-0.030554849535535222,-0.06579517880427155,0.01795158388179119,0.020006815978686143,0.08821816951389394,1283
2026-09-22,FR0010321828,EHQ1.HM,EUR,367.6340026855469,367.6340026855469,,,,,,,0.0,0.0,,,,3
2026-09-22,FR0010340141,ADP.PA,EUR,111.5,111.5,0.02670351350483635,-0.008888888888888835,-0.021929824561403466,0.040301210916973584,0.2831853287492132,0.3323518461523451,-0.13739838638925939,-0.23520484593542768,0.023452203518590453,0.008319768493398438,0.023058913395308744,1283
2026-09-18,FR0010363366,0P00006A6D.F,EUR,348.7300109863281,348.7300109863281,-0.0026882557992080613,-0.008472834270136453,-0.015053907837706215,0.05614951515139199,0.04543347055957297,0.056495330333267514,-0.030897642519637114,-0.06620432661115794,-0.005618728848447718,-0.00974492964075635,0.012725970223574246,1238
2026-09-18,FR0010375600,0P00006TTL.F,EUR,282.29998779296875,282.29998779296875,-0.009994761229243587,-0.04492861283776428,-0.03278859589652694,0.06447954298202752,0.1375214762904631,0.13436385349194707,-0.0701480804633906,-0.11891872079739285,-0.024364992978504807,-0.02987227957607952,-0.009537150781299353,1241
2026-09-18,FR0010380675,0P00007ZHT.F,EUR,3197.320068359375,3197.320068359375,0.004416874069544052,0.0495163579838056,0.03620352444036978,0.22076580869929963,0.08897046184326973,0.13749113790487444,-0.03491375153012677,-0.08934768111999025,0.016776088898784902,0.03384872177557963,0.14546967088162854,1204
2026-09-18,FR0010400762,0P0000KOPQ.F,EUR,258.1400146484375,258.1400146484375,-0.007421050568800158,-0.00806938082055042,-0.009515695323510709,0.04934965304242889,0.07432031971383016,0.07241073522375255,-0.030162190593845284,-0.05504625658299789,-0.00698956396198247,-0.006984210846891603,0.011461775605569269,1214
2026-09-22,FR0010411983,SCR.PA,EUR,32.439998626708984,32.439998626708984,-0.005518096599317679,-0.03567184258953082,0.022054154399452353,0.1160068509357175,0.18832124900452496,0.1801701459514634,-0.07554783474133209,-0.18987342828689058,-0.021801432863256753,-0.0317921178479913,0.07761981880377289,1283
2026-09-18,FR0010415448,0P00008IB9.F,EUR,543.0999755859375,543.0999755859375,0.0164320409892329,-0.013818608855998948,-0.06704692932763712,0.21976412259615374,0.18116192669604847,0.29707196034862826,-0.1471557987796812,-0.15046376283067087,-0.0007911617481679567,-0.008648585326273439,0.10120620146639503,1165
2026-09-22,FR0010451203,RXL.PA,EUR,37.130001068115234,37.130001068115234,0.045326593175751606,0.020054931638322282,-0.02826480089595973,0.11501507263676358,0.31251446567865804,0.27214210293486707,-0.1111959037333462,-0.16975636676009265,0.023626419512395636,0.011584339917435793,0.0493698576890238,1283
2026-09-22,FR0010533075,GET.PA,EUR,18.76000022888184,18.76000022888184,0.014054066426045342,-0.03049096335692547,0.008602142157562165,0.011769083201688568,0.1480151036323806,0.13408321252014865,-0.0530927216262963,-0.07211297161310692,0.010014016814992477,0.00501437199214716,0.06817208201662028,1283
2026-09-18,FR0010546903,0P00000PUS.F,EUR,75.98999786376953,75.98999786376953,-0.015035692017715263,-0.017582425820041547,0.0011857224780151832,0.04813790156923492,0.12195293683657578,0.1150216583973009,-0.042979533527988334,-0.11959289705296672,-0.02010343851114904,-0.019430750514134343,0.009137858521514719,1236
2026-09-18,FR0010546929,0P00000MHU.F,EUR,40.84000015258789,40.84000015258789,-0.011377419633953445,-0.013764783794362634,0.03105275241815786,0.14945121181330068,0.1200989495181979,0.11205817685323856,-0.030389335511780358,-0.09560373294814584,-0.014918531666958224,-0.012787349524421177,0.08056478341437279,1231
2026-09-18,FR0010557967,0P0000ADK9.F,EUR,197.13999938964844,197.13999938964844,-0.006050201524648191,-0.013016952197914322,0.0063297883195405635,0.10442576688878669,0.07258830422548844,0.09234072326942208,-0.035021182448650046,-0.07679091971778229,-0.009513480270160857,-0.008314188948918333,0.03336336621106284,1241
2026-09-17,FR0010564351,0P0000J3CO.F,EUR,203.6699981689453,203.6699981689453,0.0012289843783812593,-0.013465724487241482,-0.010157447480983683,0.0712143950897084,0.060497683299269564,0.06704961647920682,-0.03237068132455978,-0.06353414906261601,-0.008463630961118018,-0.009789800372106527,0.016739221469372012,1232
2026-09-18,FR0010592022,0P0000D2MT.F,EUR,129.7100067138672,129.7100067138672,-0.0038399506506342496,-0.028607744329747997,-0.015035277476132092,0.08926775881221327,0.09586895939155166,0.09750362701705566,-0.05379817857654812,-0.08556696470410918,-0.015987970771491278,-0.021245662410234623,0.01993722322340985,1242
2026-09-18,FR0010601971,0P0000KWR3.F,EUR,342.3900146484375,342.3900146484375,-0.0029121405904123376,-0.030523539285428836,-0.015837825078221623,0.04921407390373367,0.06105578522566186,0.06981079979083092,-0.04531005837686386,-0.0711168777125627,-0.014195784689606472,-0.027234770858807877,0.0020690644827725535,1237
2026-09-18,FR0010611293,0P0000GBJZ.F,EUR,1871.0,1871.0,-0.002808774577428119,-0.018733726636299353,-0.018316727208329664,0.014262591237253153,0.04629883555147397,0.04292705793477122,-0.02966911449211851,-0.046674149360825035,-0.010650182796023588,-0.015431882082152404,-0.010549517967640698,1237
2026-09-17,FR0010616177,0P0000HR6L.F,EUR,184.8300018310547,184.8300018310547,0.008071969884219765,-0.013345433062316725,-0.0010269291807302183,0.08271334170148847,0.09669975281173969,0.09795833106284349,-0.044801141039179426,-0.09792365079112963,-0.0048403763550920464,-0.011690941064533167,0.01886131949035197,1233
2026-09-18,FR0010651224,0P0000HR5T.F,EUR,4645.990234375,4645.990234375,-0.013546209949562793,-0.055207244499268615,-0.016382345844745183,0.05531920368385057,0.10109536047058035,0.1323593764028905,-0.08423437469923578,-0.1305381968790127,-0.03622829010324724,-0.04249721324575784,-0.008953093630354125,1242
2026-09-18,FR0010657122,0P0000HX49.F,EUR,1336.6600341796875,1336.6600341796875,-0.00927237439177242,-0.039817779742390425,-0.04292533477539473,0.004380783659456711,0.12059096318672592,0.11000638314905818,-0.06587642280455464,-0.10558753610008986,-0.01966376107329859,-0.03500087924848827,-0.034374720971086736,1239
2026-09-18,FR0010668145,0P0000IT7S.F,EUR,677.0800170898438,677.0800170898438,0.003899480814310019,-0.028258969085169117,-0.03497616686828453,0.03394676999722801,0.10740279545255058,0.1356737025574955,-0.07103875073039301,-0.10189111228019454,-0.014760808627184985,-0.03340977896994568,-0.010862760008303662,1233
2026-09-18,FR0010679902,0P0000IKS1.F,EUR,418.010009765625,418.010009765625,-0.024002424932167532,-0.06937240405769562,-0.0221530854714187,0.03886973392208937,0.08688198616485757,0.10570559940827325,-0.08210361140092237,-0.13823713827402528,-0.041410951950095476,-0.05236701173443903,-0.04091674715566773,1242
2026-09-18,FR0010687749,0P0000HRVB.F,EUR,350.7099914550781,350.7099914550781,-0.009545609640965735,-0.023091945807581782,-0.030839814885716965,0.11580921440368352,0.12035017065523218,0.1156568274498509,-0.05663693095460853,-0.10297291465046632,-0.020908761924151142,-0.026093424837796086,0.018631068138509566,1240
2026-09-18,FR0010689141,0P0000IKSO.F,EUR,1948.3900146484373,1948.3900146484373,-0.018794258488507132,-0.02945425415813263,-0.0009742265898953217,0.0636362043090124,0.08916604661080443,0.11418705939755572,-0.05233025945893832,-0.11447905426548899,-0.030457827573246665,-0.027580535417862873,-0.007863748794006975,1242
2026-09-18,FR0010697482,0P0000J0GI.F,EUR,142.4600067138672,142.4600067138672,-0.0004910690102374327,-0.00279990126540286,-0.0017518042760746866,0.009066539909982074,0.008797882093098092,0.007932608947742248,-0.003777868586109956,-0.009263859031025667,-0.001751761582336031,-0.0018790495447807976,0.0017766761143840348,1240
2026-09-18,FR0010697532,0P0000JC17.F,EUR,217.80999755859372,217.80999755859372,2.220446049250313e-16,-0.007201795138567557,-0.011616815425495752,0.0017015963623674413,0.011961332960326846,0.01014410015609282,-0.011885837700140733,-0.011885837700140733,-0.0035774479338026577,-0.006157168036064031,-0.004678901246655154,1241
2026-09-18,FR0010700823,0P0000IVLV.F,EUR,1430.0999755859375,1430.0999755859375,0.01068566009829941,0.0018915168317887865,0.03535899502990736,0.11712593535411364,0.11880287059997956,0.10901751155650467,-0.038700809851986206,-0.10079621358980673,0.006425166058860787,0.004261827590279266,0.055982294005935795,1203
2026-09-18,FR0010702084,0P0000KU3M.F,EUR,247.47000122070312,247.47000122070312,-0.015005589038500244,-0.04529142633921024,-0.04107414965970302,0.07460162593006947,0.10782059289896413,0.1020603578659444,-0.06869738214395071,-0.11380472679777409,-0.02838060434602596,-0.03867070535370809,-0.013366217480039855,1241
2026-09-18,FR0010751008,0P0000KM3H.F,EUR,1503.5,1503.5,-0.003697588078285574,-0.022965328822528774,-0.0333924441719633,-0.009127739683515768,0.041090018936810545,0.032892675126688864,-0.035981183543515205,-0.035981183543515205,-0.013046368796363561,-0.020431576939597962,-0.022973349691031708,1241
2026-09-18,FR0010752543,0P0000KTWR.F,EUR,419.5700073242188,419.5700073242188,-0.0026622812776339044,-0.013681579547720757,-0.017423484862778338,0.008266653211837172,0.02835673992261588,0.023677979110207636,-0.021285510314327016,-0.027542721463298614,-0.007837816905030603,-0.011886451569079637,-0.00813334881596639,1242
2026-09-18,FR0010784348,0P00001NRR.F,EUR,1167.3599853515625,1167.3599853515625,-0.012009701570099729,-0.04622001738404524,-0.027256712026368146,0.07313838293089492,0.13354604055918182,0.12532716318506779,-0.0759440036162109,-0.11998356423860601,-0.024093385084241414,-0.04066792245937312,-0.005854845312786128,1241
2026-09-22,FR0010836163,69X3.MU,EUR,3031.5439453125,3031.5439453125,,,,,,,0.0,0.0,,,,3
2026-09-22,FR0010858498,0PP0.MU,EUR,542.0449829101562,542.0449829101562,,,,,,,0.0,0.0,,,,3
2026-09-22,FR0010859769,EHQ8.MU,EUR,508.9500122070313,508.9500122070313,,,,,,,-0.001983733362214357,-0.001983733362214357,,,,3
2026-09-18,FR0010896944,0P0000P2U7.F,EUR,146.39999389648438,146.39999389648438,-0.00819732205720436,-0.011879115295102438,0.017585312192692326,0.14285704075752204,0.11715084156248359,0.10600880433195378,-0.02873068567554027,-0.09251694310225123,-0.011882422652098601,-0.012497614836434523,0.055357950892776175,1242
2026-09-22,FR0010908533,EDEN.PA,EUR,28.26000022888184,28.26000022888184,-0.01050417516352864,-0.06299733515062667,0.25600001017252616,0.7574306063371927,0.2575206664030513,0.29844048020960506,-0.08942028785407541,-0.41323413035555057,-0.033631398829435666,-0.008817517381414564,0.3299947035410955,1283
2026-09-22,FR0010909531,ROY2.MU,EUR,293.3489990234375,293.3489990234375,,,,,,,0.0,0.0,,,,3
2026-09-18,FR0011034131,0P0000VH9P.F,EUR,489.9200134277344,489.9200134277344,8.167009170234607e-05,-0.03066756279570282,0.015609773317519116,0.10489165643873677,0.09368898197720626,0.09901444980636284,-0.041049233571808674,-0.08317117171309074,-0.019836520392749524,-0.01722540725084143,0.028659594346429396,1242
2026-09-18,FR0011069137,0P0000TV0S.F,EUR,296.1499938964844,296.1499938964844,-0.004370543813062788,-0.01072284744839358,0.028048690828030853,0.12566041285786578,0.09954569800311286,0.11822649257346594,-0.03883555398547767,-0.10720976035915342,-0.003873187732816641,0.0023516083801751186,0.046621922431389295,1205
2026-09-18,FR0011153014,0P0000UUVR.F,EUR,268.8299865722656,268.8299865722656,-0.00943302235894039,-0.011181846468976797,0.006326165423222507,0.10976709245431349,0.07874162209351436,0.08246191419991707,-0.026366300262656073,-0.07922510462060839,-0.010381065517436783,-0.010563897329040506,0.044193984365026306,1239
2026-09-18,FR0011169341,0P0000V0BE.F,EUR,602.8300170898438,602.8300170898438,-0.016253465778866882,-0.02879006728813638,-0.02136393992299146,0.10291265366687186,0.12058783229709627,0.12510399912244563,-0.05687711868348344,-0.1248088989990811,-0.017896237976564366,-0.025373594353671813,0.013607471256176673,1241
2026-09-17,FR0011170182,0P0000VOSS.F,EUR,1336.2099609375,1336.2099609375,0.0030025297192532996,0.011782028725090266,0.016129247861216722,-0.16862035981737078,0.310969208849468,0.2937147599633592,-0.0810342650903042,-0.3734400146634508,-0.020218415324236072,0.024727137825569345,-0.0702278798576802,1183
2026-09-18,FR0011198332,0P0000VG0E.F,EUR,118.41999816894533,118.41999816894533,-0.00016889794029517624,-0.001265088355106414,0.0021155962077834545,0.009118020526094783,0.0053538241632978215,0.003481278001980108,-0.001938765344887683,-0.001938765344887683,-0.0010418282591682093,-0.0005452319807582873,0.0064567081643038815,1240
2026-09-18,FR0011261197,0P00017SX2.F,EUR,3387.330078125,3387.330078125,0.00032487387525215183,-0.023069687440832043,0.021831369923102528,0.019122881011699455,0.11243456561668486,0.10141384982760343,-0.046441660676277974,-0.09957122066905022,-0.0157426471777784,-0.011380057207278638,-0.019207507827966208,1239
2026-09-18,FR0011271550,0P0000WJFT.F,EUR,309.9800109863281,309.9800109863281,-0.01122803513132975,-0.0494034945336671,-0.013932989468542156,0.08612479893310376,0.08767075755334906,0.10854574110517547,-0.06663447454555815,-0.1080676260275274,-0.028559035460405835,-0.04069862928492607,-0.007124624261097723,1243
2026-09-18,FR0011288513,0P0000XP79.F,EUR,134.80999755859375,134.80999755859375,-0.0016292766251350121,-0.013898098617244115,-0.018278543779121414,0.005144664975594182,0.024740854980971873,0.020040888453487046,-0.021601579038781793,-0.029187461979047202,-0.007750470465666015,-0.011939416732515196,-0.011071089370037202,1241
2026-09-18,FR0011350685,0P0000XRPO.F,EUR,1322.9000244140625,1322.9000244140625,-0.0013437428093586723,-0.008707246760725984,-0.009597779901661663,0.007609044012384825,0.015858126226022222,0.012424591022466533,-0.011717059603942648,-0.01867545607765031,-0.00482877922980518,-0.006983606972748135,-0.004143228271459298,1239
2026-09-18,FR0011363746,0P0000YA5J.F,EUR,200.75999450683597,200.75999450683597,-0.0020876736466639567,-0.011716081962997893,-0.016894432660517378,0.013580991988423552,0.029663348035633145,0.027377449779375243,-0.02066638596298709,-0.031872118869212596,-0.007327884755634617,-0.011110506151209454,-0.005845808659002083,1230
2026-09-18,FR0011400712,0P0000Y520.F,EUR,916.9000244140624,916.9000244140624,0.010770252861950214,-0.013810275942928718,0.007737497170819951,0.028941476906832353,0.12424855352246553,0.1436518876063682,-0.07302708876997388,-0.12448297538646003,-0.007551836920043131,-0.0128987142282454,0.02011426902218516,1186
2026-09-22,FR0011550193,ETZ.PA,EUR,21.23500061035156,21.23500061035156,0.01602875588209418,-0.019395061786027123,0.00592136411112687,0.09526511633763879,0.10581285467918053,0.09634555954033927,-0.03908047730895281,-0.09410045263958577,-0.0007998981455011878,-0.006038165460515832,0.04578919375996282,1283
2026-09-18,FR0011586544,0P000115CR.F,EUR,3282.64990234375,3282.64990234375,0.00678104332913132,0.005590614062602084,0.03583357093162087,0.18615985368464916,0.11534135663517275,0.10729441629071747,-0.03778567595914151,-0.11714410061051672,-0.002717252435384343,0.0003448110809889382,0.06879852211063131,1244
2026-09-18,FR0011631050,0P00011S1H.F,EUR,221.4499969482422,221.4499969482422,-0.015427713182252,-0.030811013066969872,-0.011692820504020096,0.052769149144992866,0.1062867310678695,0.11138782824543039,-0.055730884726721386,-0.1151385532086443,-0.023993594125040096,-0.029217733809775992,-0.02211017112261915,1241
2026-09-18,FR0011694256,0P00014KUO.F,EUR,159.36000061035156,159.36000061035156,-0.00815334271191237,-0.06390980105583577,-0.07284154012560717,0.011359987325822107,0.11924188187649694,0.11937097131984237,-0.1057655144009797,-0.15234934691037816,-0.034872027393147986,-0.06549508692791939,-0.05732533514442917,1241
2026-09-22,FR0011726835,GTT.PA,EUR,222.3999938964844,222.3999938964844,0.025830215709866433,0.0743961057801179,0.19634212586539657,0.12013012538747714,0.2390829887535158,0.23796370160588423,-0.04761906250095216,-0.15003473389952182,0.02972494482006338,0.08608595624625637,0.17108980545825414,1283
2026-09-22,FR0011950732,ELIOR.PA,EUR,1.9170000553131104,1.9170000553131104,-0.0010421960500168748,-0.10504197424834427,-0.019437333385204036,-0.23442488229272607,0.21311864638050315,0.21243875212143762,-0.12778809595506047,-0.3768406824452747,-0.041595825808291687,-0.0673529503648963,-0.19452206429996044,1283
2026-09-22,FR0012333284,ABVX.PA,EUR,90.0,90.0,-0.041022893305456165,-0.1202346303502525,-0.22077922077922074,-0.11242604885927387,0.36266167595060983,0.4058970534834237,-0.33333333333333337,-0.4844771430760161,-0.07130326961399369,-0.1385251560720624,-0.12378059479107084,1283
2026-09-18,FR0012355139,0P0001572S.F,EUR,128.19000244140625,128.19000244140625,-0.0034981106217137903,-0.0206279850319544,-0.043715035262542834,0.005254123400075139,0.06582328233038004,0.05903503251857435,-0.047182481054466985,-0.05565120950851987,-0.0129854053998677,-0.021565388044418876,-0.02138499753681078,1239
2026-09-22,FR0012435121,ELIS.PA,EUR,22.399999618530277,22.399999618530277,-0.018404911564884996,-0.08196721439623011,-0.17343176002880012,-0.08218718595389873,0.3773436130415497,0.30011223909424034,-0.2560284051549274,-0.2560284051549274,-0.031393254503129575,-0.07529724076556132,-0.10249598012855232,1283
2026-09-22,FR0012757854,SPIE.PA,EUR,44.880001068115234,44.880001068115234,0.024189899148178595,0.008299233488392899,-0.10293374784092624,0.04332508695762827,0.31050654587375903,0.26422664350755887,-0.1829383895923451,-0.20037918105240293,0.027578924152036777,-0.014897668824908172,-0.04501647493121519,1283
2026-09-22,FR0013176526,FR.PA,EUR,14.899999618530272,14.899999618530272,0.03760445506709553,0.0578629448474266,0.162699969287444,0.48221188108442004,0.4079731788410702,0.3743587754172863,-0.0942581587900383,-0.2740685965690174,0.02825987336662128,0.04195801667161159,0.1991699434608234,1283
2026-09-17,FR0013202132,0P0001AC1I.F,EUR,115.72000122070312,115.72000122070312,-0.0006908620807110077,-0.012290904714882367,-0.01456185880974814,-0.0007771033571182251,0.026455671575921737,0.02084165935995572,-0.021397611572529285,-0.027311290746644623,-0.007091582957977849,-0.01058498743535441,-0.009035309245608802,1233
2026-09-22,FR0013227113,SOI.PA,EUR,153.75,153.75,0.25,0.41055045871559637,0.3107416538783796,2.075,0.9888832342969673,1.0397723171724305,-0.2702702667871647,-0.5504682471501512,0.18058087312200288,0.2981059009644431,0.7520818413801711,1283
2026-09-18,FR0013254331,0P0001BGYT.F,EUR,416.5299987792969,416.5299987792969,-0.002801085452577179,-0.015853869222902106,0.03252273121163496,0.10602759434052089,0.10466311250978834,0.11373833711729907,-0.036921992311737206,-0.11598420067942472,-0.006294607009112774,-0.002305188519584278,0.03679730213314958,1203
2026-09-22,FR0013269123,RUI.PA,EUR,35.34000015258789,35.34000015258789,-0.0073033239516064885,0.05178576659183354,0.15114004150937244,0.07014088776178062,0.2548662642401687,0.19584511024809848,-0.037569076842227433,-0.11528145624745234,0.020060616965317912,0.045042703908514614,0.08275226795441881,1283
2026-09-22,FR0013280286,BIM.PA,EUR,72.5,72.5,-0.004120920867881295,-0.039735099337748325,0.05531300175487197,-0.2152107101169034,0.19035980320904874,0.273319822641986,-0.07805201750923207,-0.42097341181666226,-0.010441555019193749,-0.003997745721493917,-0.13101834609662477,1283
2026-09-22,FR0013326246,URW.PA,EUR,93.9800033569336,93.9800033569336,0.001065254648928926,-0.08757278294239235,-0.08267441526218544,-0.001219797860910421,0.15484315327858705,0.13691021043093998,-0.12691220252836255,-0.13122940803438632,-0.016508346732894585,-0.06591655965113585,-0.024687887458857527,879
2026-09-18,FR0013333838,0P0001DXTL.F,EUR,118.0999984741211,118.0999984741211,-0.0006769489833143849,-0.0063104754701642785,0.0019512659894775908,0.03487553129819965,0.021205099758148604,0.028080379172684803,-0.012706940624981566,-0.033081040146226814,-0.0048367908159252515,-0.00500112373478534,0.01147045571517924,1240
2026-09-18,FR0013334380,0P0001DXU9.F,EUR,102.8499984741211,102.8499984741211,-0.02028962483045893,-0.030448749068441305,-0.05216112386582994,0.12244899658429942,0.1662705163398997,0.16267690173719956,-0.07766028315599927,-0.1084672057823034,-0.02473486192758967,-0.03278652954186434,0.01592888213335697,1240
2026-09-18,FR0013342755,0P0001E0HL.F,EUR,184.3000030517578,184.3000030517578,-0.0086601074640269,-0.02882437212179001,-0.07060009977077963,0.08629022205377934,0.15228451194362613,0.15847440577769528,-0.10438913410146156,-0.11584945799770097,-0.017441338837104747,-0.032065251463201494,-0.005418378428670101,1241
2026-09-18,FR0013351285,0P0001EPLY.F,EUR,161.91000366210938,161.91000366210938,-0.002218528384008045,-0.027333911259411092,-0.0283845159917403,0.03682120815289891,0.05086093997579801,0.0629005205382591,-0.04115276604912188,-0.09545535463958221,-0.014261553012853034,-0.026000952030097113,-0.008289042959271797,1237
2026-09-18,FR0013433067,0P0001ILL4.F,EUR,96.54000091552734,96.54000091552734,0.013969140256735901,-0.046706782702978455,-0.04867956521474359,-0.04585885921776467,0.16929744800647634,0.23423866506022023,-0.11316681697844033,-0.20466606893546202,-0.014988410242964822,-0.04028152538597296,-0.07475426814793418,1170
2026-09-22,FR0013451333,FDJU.PA,EUR,22.190000534057617,22.190000534057617,0.0018059104386565217,-0.00804650417625774,0.037400709080727346,-0.07088103833035153,0.08592353874476984,0.14615489810839022,-0.0620719488464786,-0.22470343752768673,-0.001619705930282489,-0.007877937738117513,-0.007625124115142046,1283
2026-09-22,FR0014000MR3,ERF.PA,EUR,78.73999786376953,78.73999786376953,0.07158402649065199,0.06290491249368935,0.1484830902520906,0.19091393212075758,0.2179147163877583,0.23245252786431186,-0.07004213550513194,-0.20375860905809895,0.07343937404454137,0.10584914417855829,0.1931953538556177,1283
2026-09-22,FR0014003TT8,DSY.PA,EUR,21.26000022888184,21.26000022888184,0.011899095539100957,-0.06136862750811101,0.19337634530171832,0.2228235333095565,0.3641756841249043,0.3699314777823795,-0.1264616741878486,-0.47274530078621,-0.005821955530462053,0.01412429705965379,0.0637304694367542,1283
2026-09-22,FR0014004L86,AM.PA,EUR,290.0,290.0,0.0020732761443327252,-0.010238907849829393,0.00974926070320059,-0.12370475680130921,0.18226010132503404,0.2674847928709589,-0.14044944087776323,-0.20795749519430162,0.020156905141587078,-0.017947849644429414,-0.041589053965702893,1283
2026-09-18,FR00140081Y1,0P0001P1UF.F,EUR,127.80999755859376,127.80999755859376,-0.0008599172289408541,-0.004129646208665072,-0.003508474719435495,0.00923877269886475,0.009813434216162506,0.012059353547049007,-0.0064551393625367215,-0.012880632916910884,-0.0024819112109678576,-0.0031198933681868546,0.0007724305477780913,1085
2026-09-17,FR0014008NN3,0P0001P5RF.F,EUR,1162.8299560546875,1162.8299560546875,0.0067617326032209935,0.020366403745937456,0.002396368354426359,-0.03346383970393618,0.2264313205198807,0.21843334008160317,-0.07682426737296033,-0.21793387774801054,-0.004642861704944656,0.02085335070029104,-0.002657489680609637,1011
2026-09-22,FR001400AJ45,ML.PA,EUR,33.79999923706055,33.79999923706055,0.022692890085122652,-0.02845650050054882,0.0014814588758680358,0.1902113366759135,0.19919336512333724,0.1787303866808604,-0.06027861934200207,-0.17488391923233015,-0.008477828696111467,-0.017755969690282924,0.07847065612778725,1283
2026-09-18,FR001400C7W0,0P0001Q63A.F,EUR,120.48799896240234,120.48799896240234,5.806853049117322e-05,-0.0020540774790239746,-0.0005226297478346797,0.015003312517305023,0.00746781828827081,0.005705129031399422,-0.0040889234442388345,-0.010383330479376118,-0.0013236951512037853,-0.0012571372842578032,0.005342813302302574,940
2026-09-22,FR001400J770,AF.PA,EUR,12.029999732971191,12.029999732971191,0.06838361353797406,-0.0029009406240689817,-0.11997076328966416,0.34173547460137343,0.2823167955436007,0.3683289222989282,-0.18231442184638846,-0.3487062871159111,0.03510580416220899,0.008627386684891603,0.06827500602026171,1283
2026-09-18,FR001400KAV4,0P0001RSZC.F,EUR,119.16000366210938,119.16000366210938,-0.002511262553678284,-0.011530479920864312,-0.013004221412821315,0.009317348181120177,0.021584791334289713,0.017428437499501438,-0.016197000660045924,-0.023963510996798165,-0.006826164818996672,-0.009779189877580197,-0.005724811603875279,719
2026-09-18,FR001400L7X7,0P0001S005.F,EUR,1085.530029296875,1085.530029296875,-0.0012236682485438077,-0.0058429766950585105,-0.004685308885544304,0.007274901239585407,0.01155900717005497,0.00927522377400928,-0.006974057907818354,-0.011346908589593308,-0.0035382180925499496,-0.00443865500476881,-0.0005082714829737212,680
2026-09-18,FR001400MCQ6,0P0001SCG2.F,EUR,111.75,111.75,-0.000983377523255502,-0.009835199400572647,-0.00860540463270476,0.015263017260231493,0.019056410470801175,0.014433167909987174,-0.013361668062002341,-0.023477096143128984,-0.005628111261387403,-0.007589392626221714,-0.0021452788947889934,615
2026-09-18,FR001400TS43,0P0001UK5Q.F,EUR,244.5800018310547,244.5800018310547,0.025793773200489367,-0.07240114773958473,-0.1467346171781675,-0.15577643490083504,0.2850420045851461,0.43603638058910155,-0.2631443756239523,-0.4031498049663377,0.0014023404394605254,-0.043757711595515336,-0.13957491987072868,408
2026-09-18,FR001400U4T1,0P0001UJXE.F,EUR,101.22000122070312,101.22000122070312,-0.002856870351930052,-0.014218923647578707,-0.016517654279896377,0.01100197733215924,0.026187586238962335,0.020759543222942056,-0.02035473986034453,-0.02727006453639813,-0.008347038368487492,-0.012275796862442068,-0.007026559519584752,416
2026-09-18,FR001400Y4C3,0P0001VF8D.F,EUR,102.61699676513672,102.61699676513672,-0.002323695612861054,-0.01160642106054477,-0.01175870780956767,0.000155932599639641,0.022780082325139814,0.01770774734418075,-0.015223396263358002,-0.015223396263358002,-0.0066426076397880784,-0.009183741618957408,-0.005851987557059513,322
2026-09-18,FR0014010443,0P0001X7LU.F,EUR,120.83999633789062,120.83999633789062,-0.0012397845154753506,-0.027209828124274527,0.001325787473568596,0.09081059459691754,0.13252420790983285,0.12494213537559143,-0.06508550861145868,-0.07909845364679069,-0.01250712766742057,-0.014824945352365004,0.036989266652309505,254
2026-09-22,FR00140182K6,WLN.PA,EUR,12.41800022125244,12.41800022125244,-0.09198592082118084,-0.006559982299804812,0.20797670659698642,0.07459332672242325,0.5741553686482841,0.7383753336607938,-0.17740610397311785,-0.7105567100228656,-0.08768989646745562,0.006488943515569501,-0.03757829803124024,1283
2026-09-22,IE0000MMQ5M5,XZME.DE,EUR,11.553999900817873,11.553999900817873,0.0262923713935328,0.008202431270331711,0.046747580088165375,0.19458229764715984,0.11750261053682554,0.13494341989045486,-0.037437036428006,-0.12315044752045123,0.012798036915572908,0.023673666295488394,0.07823904949630744,1135
2026-09-22,IE0002EI5AG0,XDEE.DE,EUR,12.095999717712402,12.095999717712402,-0.0004958286796858946,-0.036635875047091426,0.00198808554850749,0.10224163868604985,0.06559448383062302,0.09324257175737348,-0.048328289432227556,-0.07195734552495425,-0.01384339615506791,-0.017713021311877686,0.03692233408368106,1245
2026-09-21,IE0003UN5CT1,JSEE.L,EUR,31.82999992370605,31.82999992370605,0.014906359442587558,-0.01842577207104157,-0.004301267224087302,0.1312305308092634,0.12099714686401199,0.10829560594736659,-0.046823814462068625,-0.10927735477485356,-0.0031357543028218693,-0.009856330451616713,0.04099766075733258,448
2026-09-22,IE00069JGT58,JSEU.L,USD,37.77943109422594,37.77943109422594,0.03445062179437697,0.02915746872509306,0.06530628107255376,0.24499666250911334,0.13573015219836815,0.12834428169504214,-0.033805521724557974,-0.09540032619128536,0.02471227081996319,0.02711424482164082,0.10371543555232954,788
2026-09-21,IE0006YM7D84,XZHY.L,USD,33.77135261588602,33.77135261588602,0.013637582780565705,0.012347260236715174,-0.012418923555386208,0.028898729131513035,0.050230191606067606,0.056996873020171354,-0.02731335523429157,-0.03299643726822499,0.006528593621010215,0.0012813183744253553,0.018585681774704765,1065
2026-09-22,IE000ANHU3J3,JSEM.SW,USD,37.15602241996885,37.15602241996885,0.06000120365546291,0.06109357912263946,0.015348067348156302,0.2960912596017635,0.22996524922778158,0.24437802156510754,-0.1054794754139683,-0.13277301158653176,0.036421160191938196,0.052885926461348376,0.1400655477159385,386
2026-09-22,IE000I8KRLL9,SEMI.AS,USD,18.26630687285588,18.26630687285588,0.1085089022833341,0.09842024400554372,-0.12612120826180495,0.6733873734502718,0.3496549473984939,0.49999005304139205,-0.27078031155154125,-0.28230899511903307,0.07022156525993917,0.0683590513222414,0.26059293648647297,1283
2026-09-22,IE000R85HL30,WEBD.DE,EUR,124.18000030517578,124.18000030517578,0.02917285377285128,-0.14008727126873954,-0.10994841956375312,0.0368984783001729,0.5278586699609381,0.3254914201443415,-0.18689110265098707,-0.18689110265098707,-0.053231878087391604,-0.08885598737011657,-0.04908069608582011,1275
2026-09-22,IE000RDRMSD1,BLKC.AS,USD,16.57482029538099,16.57482029538099,0.10631744167880242,0.09154878572485425,0.04746228605707459,0.3969218942957251,0.526033794581969,0.5084984040500001,-0.1399124818161832,-0.4311174525246234,0.07873764222411994,0.11600945567150611,0.12907322077541084,1019
2026-09-22,IE000U58J0M1,INRA.AS,USD,22.90838873779683,22.90838873779683,0.024781232272645948,0.026205121933419173,-0.1294316602460872,-0.00910811227592856,0.24014247406981942,0.2705764136857041,-0.1781288088620805,-0.2635708296778273,0.017238220495244594,0.0003889013726843249,-0.04267109081988574,1170
2026-09-22,IE000UX5WPU4,XYPL.DE,EUR,9.885199546813965,9.885199546813965,0.005676794504016813,-0.015614446618169353,-0.02671198931967378,-0.0034879996123696744,0.039082652164061316,0.03555091534748483,-0.032422579747981684,-0.032422579747981684,-0.0034207125289192897,-0.009924840149269198,-0.012412278921966613,1089
2026-09-22,IE000VA628D5,SP20.AS,USD,6.105044077236348,6.105044077236348,0.05183306659999509,0.07623089567881403,0.08973402843817646,0.25107783126253413,0.15115092841049446,0.16498537787888415,-0.044330093330838816,-0.1284309111272145,0.04586871972053719,0.056426983511987494,0.1229670835811314,470
2026-09-22,IE0030351732,WYZ1.F,EUR,55.20299911499024,55.20299911499024,,,,,,,0.0,0.0,,,,3
2026-09-22,IE00B3ZW0K18,IUSE.L,EUR,159.41000366210938,159.41000366210938,0.024090966926482382,0.01470399407286882,0.04778496320248826,0.200286172671452,0.10474167853125736,0.11100745573286686,-0.026802918883324978,-0.08666481270306314,0.01211735875223785,0.0174851085328267,0.07442217456185807,1264
2026-09-22,IE00B4L5Y983,IWDA.L,USD,129.21558588206338,129.21558588206338,0.02765087240473707,0.02466884824304949,0.03971805853570065,0.1899799766985908,0.11159211695277302,0.11292670583764858,-0.0314395943389254,-0.06426178066922439,0.017617782978327723,0.01930840617706453,0.0885587082640531,1264
2026-09-22,IE00B6R51Z18,IOGP.L,USD,29.92360971227097,29.92360971227097,-0.07822322493846201,-0.03197329083621325,0.10258640573938282,-0.08186158874615013,0.2571029396750514,0.2661106363812861,-0.07822322493846201,-0.1893189566400566,-0.04195548598935317,-0.010788554979079157,0.06885431731047653,1264
2026-09-22,IE00B6R52143,ISAG.L,USD,49.91627830013847,49.91627830013847,-0.02128976274877603,0.004825135411631987,0.040322794295828635,-0.029122947358245277,0.1754790651535504,0.14365899764941606,-0.05614900088941177,-0.0928890168616453,-0.020059664931931342,0.002429878935646723,0.03049655026751852,1264
2026-09-22,IE00BDQYWQ65,TIP5.L,USD,4.242665833494958,4.242665833494958,0.005058744003791249,0.010211073905609602,-0.010641509074140187,-0.005450045777014578,0.03892576979108374,0.04270552189971671,-0.023758590358265108,-0.0393317021918399,0.0054663419284111114,0.00042727125711783387,0.010941696480166963,1264
2026-09-22,IE00BF4G6Z54,JREM.L,USD,46.1627482858968,46.1627482858968,0.048093030425349736,0.05684058906597511,0.02344863893345228,0.26168678598591355,0.18411935075647806,0.24106587938104299,-0.09836140820485617,-0.13277031521209293,0.02468371584353024,0.043103506003213,0.1225644172264635,1263
2026-09-22,IE00BFMNHK08,XZEU.DE,EUR,37.10499954223633,37.10499954223633,0.02542484825285607,-0.020330045089469895,0.00013479968520035968,0.13958838996467549,0.11327770268135041,0.09749010500259607,-0.04838921969104015,-0.10329516595899846,0.002086255195439035,-0.004926440476934579,0.060294312657638294,1274
2026-09-22,IE00BG0J4B71,EH1Y.DE,EUR,4.781099796295166,4.781099796295166,0.005785020837550503,-0.009488534876367027,-0.01219119685365333,0.018698107238149353,0.029871139210889967,0.031404898879660546,-0.01987171546159039,-0.03306860401077327,-0.00354103087914881,-0.006524300281775641,0.0014865448912269041,1137
2026-09-22,IE00BG0J4C88,LOCK.L,USD,11.535237363510449,11.535237363510449,0.03782481765259238,0.09303674425414399,0.13474994404552332,0.40579433409357746,0.2858207695358992,0.2456399209986283,-0.06918210405872405,-0.12423833383261185,0.057582336371376996,0.07394275992084665,0.22179161123807067,1264
2026-09-22,IE00BG370F43,XZEM.L,USD,60.954536222909184,60.954536222909184,0.05261480947889474,0.06338724438070664,0.01589089749055561,0.13528235628360186,0.18100221099965405,0.22699312391343432,-0.09226267944110567,-0.13248037332383544,0.033757529484570226,0.046122160671715706,0.05953866988973244,1264
2026-09-22,IE00BHZPJ015,EDM4.DE,EUR,10.473999977111816,10.473999977111816,0.022053066838069846,-0.013004191691404987,-0.006638818000965108,0.12406097415816819,0.12060300544056649,0.1169073901433576,-0.04846799355787268,-0.10782747063876086,0.0038721036419200328,-0.001837374987431195,0.05419162536754385,1277
2026-09-22,IE00BHZPJ239,EDM2.SW,USD,8.502769235758283,8.502769235758283,0.054382142912369424,0.03844665065759112,0.005997532862497934,0.25439967330759816,0.1819708942095118,0.23277321608960944,-0.09829503042123988,-0.1345260918002107,0.02923108579961342,0.04698266792307182,0.1192062334785291,1259
2026-09-22,IE00BJ5JPH63,3SUD.DE,EUR,5.223400115966797,5.223400115966797,0.00923565646645197,-0.010119776777178013,-0.020441026990160704,0.012836472921285091,0.04376882562242862,0.044372734855543466,-0.02940510798094187,-0.04608865584082156,-0.0018859881951398538,-0.005666650340531376,-0.006494642134054596,1277
2026-09-22,IE00BJZ2DC62,XRMU.L,USD,59.2281711818628,59.2281711818628,0.034872741173850086,0.037064363023970426,0.04582831888540295,0.23074351978496832,0.12337115832395555,0.13042560152035207,-0.033469853884432466,-0.08608559168927943,0.025335138298103077,0.027562025084347352,0.10251069575451588,1264
2026-09-22,IE00BJZ2DD79,XRSU.L,USD,373.8097212928381,373.8097212928381,0.014346698489424936,-0.01842561504755813,-0.03604369755205705,0.1804521681718485,0.12782412788395317,0.14192028332190454,-0.06717984934329724,-0.09191930547627514,-0.004101533743577357,-0.019528100093849865,0.05839616517090285,1264
2026-09-22,IE00BKBF6H24,IWLE.DE,EUR,10.94499969482422,10.94499969482422,0.02270603981871111,0.005419806815679218,0.031448275043910234,0.15269225349446125,0.09545116355897135,0.09660782624645102,-0.029517160170236978,-0.07851649475827649,0.009318524449027699,0.012751853641207456,0.06895679278030298,1277
2026-09-22,IE00BL25JL35,XDEQ.SW,USD,79.68294573595067,79.68294573595067,0.027515070481655135,0.013304079635880983,0.0253623727918304,0.1750506210185001,0.10517912262164682,0.10280406777794938,-0.039215467351097044,-0.0645891391851322,0.01450045406021383,0.011018791468490496,0.07656227352069056,1258
2026-09-22,IE00BL25JM42,XDEV.SW,USD,74.55617579174698,74.55617579174698,0.01738782595623989,0.030986898875070112,0.03322487524231588,0.35299135579056684,0.10345236820380625,0.1407991451571046,-0.03709217316836555,-0.05770898221228993,0.014312403884950697,0.03132528406601387,0.17516403064690422,1249
2026-09-22,IE00BL25JN58,XDEB.DE,EUR,45.005001068115234,45.005001068115234,-0.00011102540778318293,-0.004534351260976455,0.035907501076052784,0.048578820785657006,0.07541955333410164,0.09152594577442362,-0.024500063829753338,-0.053087219156055854,-0.0008713440362136948,0.0026400171390401628,0.04215997401097793,1276
2026-09-22,IE00BL25JP72,XDEM.SW,USD,87.1638498270358,87.1638498270358,0.048667144518757866,0.043670970365025985,-0.04637038624317069,0.29541959141480123,0.16832188945017423,0.24444525082808982,-0.12784451494966353,-0.12784451494966353,0.0360662907051561,0.03600647348421249,0.11694709642586676,1249
2026-09-22,IE00BM67HK77,XDWH.L,USD,54.16243064957667,54.16243064957667,0.017730608438098816,-0.014022570536858181,0.025737675973855012,0.11858288907643733,0.13810169229814365,0.168574037975515,-0.05875719335444407,-0.10318579402849182,0.005369733337984073,0.010968254852038228,0.07000024825904472,1264
2026-09-22,IE00BM67HM91,XDW0.L,USD,65.23556204686675,65.23556204686675,-0.04840749390231869,0.004684463607068645,0.13726550593151265,-0.017092011048738698,0.212471123321093,0.21439152077577942,-0.05429453431446529,-0.15272657622424402,-0.019497755899945735,0.01050223162669961,0.11556700647841778,1264
2026-09-22,IE00BM97MR69,XT0D.L,USD,55.66209981305606,55.66209981305606,0.007627927974307447,0.02067366058201059,0.0005496666749160717,0.015421651406946735,0.033032581943207254,0.04168844489842549,-0.0240998227837117,-0.035956034609163745,0.011220095634585148,0.008848392806475758,0.027256886129357838,1264
2026-09-22,IE00BMDFDY08,UEEF.DE,EUR,5.75,5.75,0.004998814449464817,-0.011314038966706907,-0.007148522993721262,0.00820594362582705,0.03658753379776905,0.03741502366567742,-0.016231714089242955,-0.027595803436302302,-0.003856383085279358,-0.004500698646171197,0.00015184883502183943,1277
2026-09-22,IE00BMG6Z448,EXCH.AS,USD,8.44958344532716,8.44958344532716,0.054467156695833685,0.05457912498070927,-0.005241006378576829,0.3177013737599841,0.22539892103380338,0.28976386998168124,-0.1423556297436558,-0.17728773058573388,0.03006678988739675,0.06000399828246583,0.1591339987218543,1283
2026-09-18,IE00BQ3D6V05,0P000166SB,USD,78.37191974743861,78.37191974743861,0.015352452805727834,0.014082648504454953,-0.06440448212143801,0.17229376703740096,0.12341832624564623,0.2199745550289549,-0.12341477579416804,-0.12341477579416804,0.009777380204584185,0.005528966204148222,0.08371909270109512,1202
2026-09-22,IE00BYVQ9F29,NQSE.DE,EUR,17.63800048828125,17.63800048828125,0.051633744469405274,0.0420654536308418,0.00811615203539362,0.256267844458979,0.1482856456348457,0.18918540553568644,-0.09087792216740032,-0.11870130610035734,0.03394106167470934,0.04140592268108523,0.1057406324429242,1277
2026-09-22,IE00BYZK4552,RBOT.L,USD,19.07717252953051,19.07717252953051,0.07391458016818797,0.04994646327972574,0.027705963094207364,0.46727836434239367,0.24988395491204282,0.288757811516613,-0.11458996038263136,-0.1270730588029788,0.04234281010033891,0.05042304889668148,0.18283240460529715,1264
2026-09-21,IE00BZ02LR44,XZW0.L,USD,49.975936820904224,49.975936820904224,0.025608883822179074,0.01743742501572565,0.049171411347809446,0.22699101174863823,0.1343011088140282,0.13754963740223533,-0.03517718499463052,-0.10518426628150501,0.014965141277915706,0.021603013518752157,0.08932400118498207,1263
2026-09-22,IE00BZ036J45,XDGE.DE,EUR,9.86180019378662,9.86180019378662,0.010596022995137622,-0.009182990732595653,-0.028320721487002487,-0.021124189381619973,0.04905390490743364,0.049920516842448595,-0.038508705354688866,-0.051614783222507565,0.00048799303763824575,-0.003848738062285806,-0.01962873478212901,1277
2026-09-22,IE00BZ163G84,VECP.AS,EUR,47.02000045776367,47.02000045776367,0.003573405312209177,-0.012403119284226105,-0.020089343031943874,-0.00294836141026944,0.029649152796662387,0.027431970196153278,-0.02439727378764589,-0.026026535640138904,-0.0030274017342470927,-0.008405288592225224,-0.009997392177552689,1282
2026-09-22,IT0000072618,ISP.MI,EUR,6.7820000648498535,6.7820000648498535,0.012541073633966171,-0.008479544801777927,0.13222042136803713,0.31824581706366817,0.1919487626696789,0.18099539557376418,-0.03816682751964695,-0.18962136424504183,0.006769195502974945,0.014904827424032208,0.15307326347795303,1273
2026-09-22,IT0003128367,ENEL.MI,EUR,8.918000221252441,8.918000221252441,0.020249404212685285,-0.06637351564966365,-0.08971342797150905,-0.06161996776802625,0.20066622455326774,0.1703506515251021,-0.12972914566103333,-0.12972914566103333,-0.014514827549808706,-0.060159653361766874,-0.04170134941997594,1273
2026-09-22,IT0003132476,ENI.MI,EUR,23.13999938964844,23.13999938964844,-0.042003998590962044,0.005967885210435897,0.13500689450771697,-0.040890006776685195,0.21465231696471387,0.28629408744915635,-0.07494912450458358,-0.18371762343297826,-0.010013713510653055,0.002549389136098368,0.11398933409018608,1273
2026-09-22,IT0003242622,TRN.MI,EUR,9.312000274658203,9.312000274658203,0.008447050782381726,-0.0584428765014946,-0.09062495285179362,-0.046029058365571696,0.19537638936548943,0.16533594363857618,-0.13442623614171878,-0.13442623614171878,-0.01203129744296727,-0.04841123842238004,-0.02913118171606166,1273
2026-09-22,LU0029874905,TEP6.F,EUR,70.59600067138672,70.59600067138672,,,,,,,0.0,0.0,,,,3
2026-09-22,LU0048574536,FPGK.MU,EUR,61.4630012512207,61.4630012512207,,,,,,,0.0,0.0,,,,3
2026-09-22,LU0050427557,FJRC.F,EUR,34.40999984741211,34.40999984741211,,,,,,,-0.00904653380961673,-0.00904653380961673,,,,3
2026-09-22,LU0052474979,JPJX.F,EUR,170.63499450683594,170.63499450683594,,,,,,,0.0,0.0,,,,3
2026-09-22,LU0053696224,JPJW.F,EUR,58.39699935913086,58.39699935913086,,,,,,,0.0,0.0,,,,3
2026-09-22,LU0055114457,FPGL.F,EUR,16.257999420166016,16.257999420166016,,,,,,,-0.030877424760856642,-0.030877424760856642,,,,3
2026-09-22,LU0058908533,JPJV.F,EUR,94.5270004272461,94.5270004272461,,,,,,,-0.003373851512566417,-0.003373851512566417,,,,3
2026-09-22,LU0070212591,IH5Y.MU,EUR,2479.050048828125,2479.050048828125,,,,,,,0.0,0.0,,,,3
2026-09-22,LU0073232471,MSJ6.F,EUR,221.46600341796875,221.46600341796875,,,,,,,0.0,0.0,,,,3
2026-09-22,LU0088087324,SESG.PA,EUR,4.877999782562256,4.877999782562256,0.03787233628099873,0.0041169167853361,-0.31919053614332504,-0.2007856434484061,0.3923926803081237,0.5310746298525625,-0.44092010864959486,-0.5328275241689141,0.01709754022765475,-0.11858775637887375,-0.23943957519044345,1283
2026-09-21,LU0090841262,0P00000DWT,USD,83.6691613268754,83.6691613268754,0.02934505639331686,-0.00444803653376713,0.22019323294558868,0.15932971613242475,0.3760672227589757,0.4345251572941331,-0.11115691925305471,-0.35059423030144754,-0.023322959349782568,0.0862354258696858,0.07128254218015595,1009
2026-09-22,LU0099161993,C5Q1.F,EUR,333.9779968261719,333.9779968261719,,,,,,,-1.4985441734727267e-05,-1.4985441734727267e-05,,,,3
2026-09-22,LU0099574567,FJ2P.F,EUR,95.3489990234375,95.3489990234375,,,,,,,-0.0022105166786595687,-0.0022105166786595687,,,,3
2026-09-22,LU0107398884,JPJF.F,EUR,27.16900062561035,27.16900062561035,,,,,,,-0.010813332190748204,-0.010813332190748204,,,,3
2026-09-22,LU0113257694,ZPJS.F,EUR,24.36400032043457,24.36400032043457,,,,,,,-0.00217764392673081,-0.00217764392673081,,,,3
2026-09-22,LU0114722498,FJRQ.F,EUR,77.6969985961914,77.6969985961914,,,,,,,-0.005444210231241087,-0.005444210231241087,,,,3
2026-09-22,LU0119750205,IUGL.F,EUR,31.77300071716309,31.77300071716309,,,,,,,0.0,0.0,,,,3
2026-09-18,LU0131510165,0P00001UFS.F,EUR,905.780029296875,905.780029296875,-0.01011972039782516,-0.04756996625231236,-0.01059548147290823,0.049522678389965824,0.09664802320379852,0.10316793218409345,-0.05538694171409697,-0.07983177414353115,-0.026301058241070985,-0.03202692805947527,-0.00846411406964287,1079
2026-09-18,LU0138007074,0P000026CA.F,EUR,9242.25,9242.25,-0.015897248887822735,-0.06810837125271618,-0.024529656200564576,0.011251269665252916,0.18286733460153382,0.17708838897393514,-0.09038874185237777,-0.18821294351051976,-0.03594220795805281,-0.042301367765736786,-0.04989325250426446,1077
2026-09-21,LU0141799501,0P000013Y8.F,EUR,40.74829864501953,40.74829864501953,0.0006138429500657239,-0.00980515118287062,-0.007308537487712097,0.02393467168572805,0.02270919126287349,0.01680563984075681,-0.015948518828761693,-0.02912220284095368,-0.004947664191902179,-0.0069454105539188404,0.0013352028766173696,1072
2026-09-21,LU0147396450,0P00000SKL,USD,76.34320681560415,76.34320681560415,0.01679275457234075,0.005620715255549191,-0.002970608779697126,0.10516954872528461,0.08642691568131777,0.08369707504984707,-0.03174749447867875,-0.05847591595879342,0.006100542719986279,0.0029158329236105285,0.04207282476869545,997
2026-09-21,LU0147409709,0P00000LM2,USD,63.9735889316423,63.9735889316423,-0.009871111209351469,0.09423311949628888,0.03746641524140015,-0.0037116945921631395,0.2892634214292756,0.22802393846330973,-0.08322682207633625,-0.1619830152579782,0.017034127293029444,0.026700693499388306,0.012075065807857888,1007
2026-09-21,LU0154236920,0P00000S3T,USD,79.31366113590772,79.31366113590772,0.011948220881253135,0.025804155092867376,-0.008510185659942993,0.17277885466110599,0.1387011263410903,0.1548598874289966,-0.06427779643773479,-0.07975715410368611,0.018535228666491044,0.01017104524806478,0.0852781956899058,1007
2026-09-22,LU0173614495,FJRH.F,EUR,58.25899887084961,58.25899887084961,,,,,,,0.0,0.0,,,,3
2026-09-22,LU0202403266,FJ2E.HM,EUR,549.7789916992188,549.7789916992188,,,,,,,-0.004012832404913236,-0.004012832404913236,,,,3
2026-09-22,LU0227384020,XE67.F,EUR,17.733999252319336,17.733999252319336,,,,,,,-0.004979028229925575,-0.004979028229925575,,,,3
2026-09-22,LU0231205187,TESU.F,EUR,62.48699951171875,62.48699951171875,,,,,,,0.0,0.0,,,,3
2026-09-21,LU0246036288,0P000026OM.F,EUR,299.1463928222656,299.1463928222656,0.014410056645937308,-0.02756053770909961,-0.008720992554305584,0.09454430058475505,0.11514895702953845,0.10963534823470449,-0.053226897145107865,-0.11572868599376362,-0.008706677513447558,-0.013973258423097712,0.02294023034446413,1107
2026-09-21,LU0248178732,0P00002A0A.F,EUR,490.3200988769531,490.3200988769531,0.0017312755793816859,-0.03123778254945886,-0.031429162039119385,0.10527993970453231,0.1001923498853296,0.13751113323394157,-0.07194186720603224,-0.07648822010872047,-0.014199548434583376,-0.031813931137345874,0.041246250677882124,1074
2026-09-22,LU0260869739,FLX6.MU,EUR,35.67599868774414,35.67599868774414,,,,,,,0.0,0.0,,,,3
2026-09-22,LU0261952419,FJR3.F,EUR,39.70800018310547,39.70800018310547,,,,,,,-0.0012890161172327552,-0.0012890161172327552,,,,3
2026-09-22,LU0261953904,IPGU.MU,EUR,31.825000762939453,31.825000762939453,0.005211652442279835,0.005211652442279835,-0.002288543249808095,0.033279271145096656,0.01849953099018808,0.014125157635281703,-0.007461309937927263,-0.018100128537090643,0.003903653210762359,0.002040945157381069,,186
2026-09-22,LU0266009793,XRUG.MU,EUR,137.18800354003906,137.18800354003906,,,,,,,0.0,0.0,,,,3
2026-09-18,LU0266012235,0P00006CAL.F,EUR,166.69000244140625,166.69000244140625,-0.006496580914417849,-0.040853853035352494,-0.0254325948051779,0.002526000830896047,0.08491481091672698,0.11423692203000425,-0.08713035668295654,-0.08713035668295654,-0.025862633365653642,-0.04747045660641103,-0.009550640063603955,1078
2026-09-22,LU0274211480,DBXD.DE,EUR,239.8000030517578,239.8000030517578,0.0111744011110122,-0.02202281388129146,0.027420776875049402,0.10685441868202639,0.12873592391599806,0.12799673189774033,-0.04680252498630488,-0.12282175414505347,-0.0053403720567934965,-0.0037928879398761994,0.03445004597242218,1277
2026-09-22,LU0278272843,TGD0.MU,EUR,60.83399963378906,60.83399963378906,,,,,,,0.0,0.0,,,,3
2026-09-22,LU0278937759,AEF5.F,EUR,33.99100112915039,33.99100112915039,,,,,,,-0.00014699534226747524,-0.00014699534226747524,,,,3
2026-09-22,LU0280435388,P3IA.F,EUR,218.8040008544922,218.8040008544922,,,,,,,0.0,0.0,,,,3
2026-09-22,LU0284394235,5L42.F,EUR,195.60299682617188,195.60299682617188,,,,,,,-0.009084264293772848,-0.009084264293772848,,,,3
2026-09-22,LU0289089384,JP5D.F,EUR,39.25699996948242,39.25699996948242,,,,,,,0.0,0.0,,,,3
2026-09-22,LU0290356871,DBXP.DE,EUR,173.6300048828125,173.6300048828125,0.0017885849613072935,-0.004557822302055037,-0.004900110178801986,0.0030618068203875914,0.01389070216127608,0.012782572501806111,-0.00804327248802128,-0.01239343130496584,-0.0010068491818763237,-0.0022181573739680216,-0.0012731831253822712,1277
2026-09-22,LU0290357259,0MUJ.IL,EUR,246.22610473632807,246.22610473632807,0.006133817940033204,,,,,,-0.0033611609635348927,-0.0033611609635348927,,,,8
2026-09-22,LU0290357846,DBXG.DE,EUR,237.22999572753903,237.22999572753903,0.014063406222955877,-0.025149004407146958,-0.07570329485442451,-0.05969320210617146,0.10172567586487202,0.09693358699275262,-0.08852178327953975,-0.10713333948320569,-0.0004171608356985379,-0.019424692891400475,-0.04808166577814066,1277
2026-09-22,LU0290357929,XGIN.DE,EUR,216.02999877929688,216.02999877929688,0.004463623110548154,-0.009309358901333331,-0.017017815991518748,-0.017151975523736374,0.030767919036559066,0.031840826197275456,-0.021385980146841677,-0.03486801804596307,-0.0020418442288417937,-0.0044764807128914175,-0.011548415004219992,1277
2026-09-22,LU0290358497,XEON.DE,EUR,150.2449951171875,150.2449951171875,0.0003328192718206058,0.0016667222783313118,0.004868990378972926,0.00998926051407989,0.0013380932153616838,0.0013116124957651227,-0.00011318309784169589,-0.00028315894672692465,0.0007513062332653586,0.001991075524330199,0.008023869514030002,1277
2026-09-22,LU0292096186,XGSD.DE,EUR,39.15499877929688,39.15499877929688,0.004618353103857498,0.00012764376049068105,0.07830179135175386,0.12819919840877647,0.09751122014279832,0.07821809383099856,-0.019756808215319777,-0.03695373235385879,0.0009970085258184103,0.007481557491556323,0.09649780061866076,1277
2026-09-22,LU0292097747,XASX.L,GBP,598.7032767124415,598.7032767124415,0.013996278436267051,-0.01815877657789622,0.041012580328800174,0.11175722277774836,0.12987694720122828,0.12827637462458433,-0.04665860878822725,-0.11277113453442278,-0.001453926277575568,-0.007147273864094306,0.043215743911102944,1264
2026-09-22,LU0292103222,DXSE.DE,EUR,224.0,224.0,0.01265824181911257,-0.048023811751809475,-0.043756670224119554,0.0006700642948165303,0.17128928728398385,0.18009017581587258,-0.09954285785315797,-0.12667634179434772,-0.005030373026821855,-0.01956064165976601,-0.012603629252359028,1277
2026-09-22,LU0292105359,DXSK.DE,EUR,138.36000061035156,138.36000061035156,0.0013027062101000908,-0.019418889969103903,-0.029188910590800532,0.04834069623690129,0.1508190369067277,0.18041047933072304,-0.07898301020361831,-0.16959672496210454,-0.002185147556236333,-0.02142177343717333,-0.006227234170558593,1277
2026-09-18,LU0304955437,0P00009UZB.F,EUR,631.0700073242188,631.0700073242188,-0.006188964843749978,-0.05117947223322916,-0.025585212385639156,0.02837081599191582,0.1806984481011149,0.1720495531991251,-0.08999620876453229,-0.1709681485622948,-0.025715315228997282,-0.03709973269903466,-0.030137765894491908,1074
2026-09-22,LU0329355670,FHQV.F,EUR,416.16900634765625,416.16900634765625,,,,,,,-0.003369404514902752,-0.003369404514902752,,,,3
2026-09-22,LU0352312184,ALW3.F,EUR,261.7179870605469,261.7179870605469,,,,,,,0.0,0.0,,,,3
2026-09-22,LU0386882277,PBFH.MU,EUR,412.3179931640625,412.3179931640625,,,,,,,0.0,0.0,,,,3
2026-09-22,LU0390135415,FT94.F,EUR,95.51000213623048,95.51000213623048,,,,,,,0.0,0.0,,,,3
2026-09-18,LU0392098371,0P0000JND6.F,EUR,151.3800048828125,151.3800048828125,-0.0032263794701310466,-0.022976619998054004,-0.026808087991858076,-0.013489684630804466,0.04618947850569816,0.03347487414033,-0.031650450944724184,-0.031650450944724184,-0.013152076921147171,-0.02062772909159838,-0.02007394985361155,1111
2026-09-18,LU0413543058,0P0000JC7Q.F,EUR,62.380001068115234,62.380001068115234,-0.009212166848656445,0.04576696517018419,-0.03555966645344155,0.14165449789395756,0.18129727430751566,0.25218800855110113,-0.11164011004042118,-0.1483880728068636,0.0066161298581068895,0.014351846493704246,0.06207378600680635,1141
2026-09-22,LU0478205379,D5BG.DE,EUR,161.22000122070312,161.22000122070312,0.005268908624805224,-0.013099898271626387,-0.02026672907852134,-0.0022280022668149657,0.033424967188675145,0.03089555048033765,-0.02563869612932279,-0.02681097757087425,-0.002525851149528968,-0.008130836157110966,-0.009795777484149615,1277
2026-09-22,LU0496786574,LYPS.DE,EUR,69.9800033569336,69.9800033569336,0.03181865479356971,0.03267131827892222,0.03732479686744927,0.19623937362279653,0.10249475659992956,0.10762897349400925,-0.031373690344112415,-0.07117796160306766,0.0229902884156572,0.025858487680143316,0.09759328400856537,1277
2026-09-22,LU0514695690,LU0514695690-USD.LU,USD,15.708152090423244,15.708152090423244,-0.0020861190549440467,-0.004903903552474831,0.051424043524865404,-0.0065891736251122435,0.11046274581570069,0.1675203386792576,-0.05969434439344401,-0.21207412036516404,-0.004632470205665373,-0.009063040858169447,-0.04356654453843667,1306
2026-09-22,LU0533033667,TNOW.MI,EUR,1252.510009765625,1252.510009765625,0.06301665115051258,0.08456512641837977,0.0573808976156851,0.3975319249089748,0.18481958038942817,0.22513322352668574,-0.06768876615972874,-0.15633227391759896,0.04610161483499242,0.06175959272652731,0.18660704205367806,1273
2026-09-21,LU0568621618,LU0568621618-USD.LU,USD,114.4451272712848,114.4451272712848,0.010563027737563013,0.02014316795390858,-0.00036057377720155603,0.022013536935876044,0.03904239403227202,0.04336862922737426,-0.02485952922150525,-0.036101772405168986,0.011168268232302214,0.008351884833410983,0.026666100884286115,1072
2026-09-18,LU0571100824,0P0000ZJKU.F,EUR,185.1199951171875,185.1199951171875,-0.005693402085581001,-0.02337118366260682,-0.050179574579623965,0.03355476794347467,0.06037278595112684,0.07055863879858998,-0.05433553960763726,-0.05433553960763726,-0.013214373031289917,-0.022663749621796514,0.01065023560562084,1062
2026-09-18,LU0616241476,LU0616241476.LU,EUR,127.83999633789062,127.83999633789062,-0.003818323744818053,-0.02225624215762423,-0.03987981826512088,-0.02225624215762423,0.043032975426815,0.03825970573892772,-0.040384362959879794,-0.05240536010899555,-0.013230039252331793,-0.021032818799741948,-0.030651945643512812,1121
2026-09-22,LU0616856935,FP7X.F,EUR,196.0890045166016,196.0890045166016,,,,,,,-0.0069947900428709575,-0.0069947900428709575,,,,3
2026-09-18,LU0641745681,0P0000V07V.F,EUR,120.69000244140624,120.69000244140624,-0.0006623681699403638,-0.008950536613701598,-0.03640716613647721,-0.007646770960148985,0.05358121670877764,0.06309378612099782,-0.04630740959487267,-0.09149679928668508,-0.004298270118772818,-0.005360107957324778,-0.020425037532125323,1107
2026-09-22,LU0702159772,FJR9.MU,EUR,42.06600189208984,42.06600189208984,,,,,,,0.0,0.0,,,,3
2026-09-18,LU0740858229,0P0000VOBL.F,EUR,175.1199951171875,175.1199951171875,-0.005339102887885749,-0.01363072130483367,-0.004604090219491375,0.05487621776878271,0.04570675094255057,0.04808433025560068,-0.02138502614230353,-0.04437875007878134,-0.008694886584598716,-0.007546568070445292,0.01763424146422321,1010
2026-09-22,LU0772926084,O7Z0.MU,EUR,146.5590057373047,146.5590057373047,,,,,,,0.0,0.0,,,,3
2026-09-22,LU0823410724,9XQ0.MU,EUR,617.5009765625,617.5009765625,-0.009206800253996894,-0.04255097256851248,-0.040266797879982885,0.12618125274598313,0.0603992754110255,0.05930806036592986,-0.05734106855480414,-0.07647265690006522,-0.021961895057197034,-0.03424928862061638,,194
2026-09-22,LU0823425839,ZSRD.F,EUR,184.87600708007807,184.87600708007807,,,,,,,0.0,0.0,,,,3
2026-09-22,LU0839027447,XDJP.DE,EUR,38.13999938964844,38.13999938964844,0.04037096422248898,0.039803682451623024,-0.03302700475644271,0.2804200340666805,0.1906636165776049,0.2619321974439569,-0.13223249120377267,-0.1601806331877259,0.027582240944311165,0.03364547035513299,0.13075336642426283,1275
2026-09-22,LU0840617350,AH8J.F,EUR,238.9080047607422,238.9080047607422,,,,,,,0.0,0.0,,,,3
2026-09-18,LU0870553459,0P0000XTFE.F,EUR,269.4599914550781,269.4599914550781,0.007364766131910283,-0.026728289706032138,-0.013328504456560863,0.08425875914463599,0.11420002063478066,0.11612891857607315,-0.06344841088475339,-0.09784224955302956,-0.014120865004762284,-0.018153225330790446,0.00776238769942772,1111
2026-09-22,LU0914729966,TC60.MU,EUR,347.3999938964844,347.3999938964844,,,,,,,0.0,0.0,,,,3
2026-09-18,LU0914731947,0P000100RL.F,EUR,187.6199951171875,187.6199951171875,-0.006618309060814065,-0.026160118598155147,-0.019031681973191716,0.1205877281527632,0.12144195851926413,0.13026539546982346,-0.054549129873747715,-0.11271244330571528,-0.019715949828418178,-0.02262010382639612,0.026565545112897215,1098
2026-09-18,LU0914733059,0P00011IV8.F,EUR,210.3699951171875,210.3699951171875,-0.01281093809543099,-0.032870582083648126,-0.038572288906251195,0.13004937139462402,0.1731764293190436,0.17685244644176862,-0.0781443828767796,-0.11810523160610065,-0.022936881445923873,-0.028568075112210378,0.02970059970472616,1098
2026-09-22,LU0922334643,FPG6.MU,EUR,41.72999954223633,41.72999954223633,,,,,,,0.0,0.0,,,,3
2026-09-18,LU0935222066,0P00010URS.F,EUR,112.05999755859376,112.05999755859376,-0.0016037090930296483,-0.006824463883408183,-0.006560332208718878,0.0061052282451457,0.015537888856855243,0.01186454013637983,-0.009551621420090473,-0.01584492251204206,-0.004782494818836747,-0.005943426252162154,-0.003815497924789968,1086
2026-09-22,LU0941349275,I4G0.MU,EUR,138.34500122070312,138.34500122070312,,,,,,,0.0,0.0,,,,3
2026-09-18,LU0992632538,0P00013N23.F,EUR,139.30999755859375,139.30999755859375,-0.00014357476636794875,-0.013734530558628277,-0.008187449097992294,0.014935182382334489,0.028390757510312416,0.024219057678709514,-0.017441048622119038,-0.034728582145374776,-0.007272130536915666,-0.010496663257433592,-0.0016786934243250284,1096
2026-09-18,LU1033933703,0P00012DVG.F,EUR,319.1499938964844,319.1499938964844,0.004500795260881096,-0.0065679381342234056,0.005545162629001954,0.12467845879610584,0.0909436305802034,0.10852557197014989,-0.04620943451539339,-0.07255281524046797,0.003067492650568493,-0.004156881160885417,0.04635328649342929,1109
2026-09-22,LU1100076550,1SCD.MU,EUR,230.68600463867188,230.68600463867188,,,,,,,0.0,0.0,,,,3
2026-09-22,LU1109942653,XHYG.DE,EUR,15.602999687194824,15.602999687194824,0.00544507248410131,-0.00560832946478651,-0.006000776927796103,0.022064721876468907,0.03234787210507093,0.028521827108296233,-0.015033699611703089,-0.028147873491851882,-0.0003299792616019426,-0.0021376788257359003,0.006704412929186887,1277
2026-09-18,LU1159238036,LU1159238036.LU,EUR,25.310199737548828,25.310199737548828,-0.011930180192087025,-0.024188801753569966,-0.006313098409931328,0.1510181607263006,0.11859576549375443,0.12428923626872292,-0.04483248811305185,-0.10213260250245715,-0.016354978312524082,-0.017414502863171477,0.04416262704770646,1073
2026-09-18,LU1160356009,0P0001678E.F,EUR,1488.8599853515625,1488.8599853515625,0.016897515447424016,-0.015974596324796475,0.11851011692195845,0.0980279729848954,0.2122651000891523,0.1849815779144431,-0.07070805382953571,-0.1200729496753532,-0.023461759379206693,-0.0006351251456147011,0.06158229488961253,1070
2026-09-18,LU1161083644,0P00016MO1,USD,20.041565594743343,20.041565594743343,-0.0004190238980910088,-0.012316600221925933,0.03205123402357701,0.06984541100297825,0.10325229574373973,0.09163034692665134,-0.03798748846692801,-0.07086191472608194,-0.012846302592410042,-0.007121115048869031,0.05784007241318778,1014
2026-09-22,LU1161527038,EDNN.MU,EUR,235.13699340820312,235.13699340820312,,,,,,,0.0,0.0,,,,3
2026-09-18,LU1183791794,0P00016RHQ.F,EUR,174.81300354003906,174.81300354003906,-0.003465957273025899,-0.023500171109475554,-0.06530106708560768,0.08463633086196465,0.16635952135948137,0.17094135783325215,-0.1019440654924878,-0.10652983119589832,-0.01744714646061063,-0.03276587150295296,0.0037235399387598456,1105
2026-09-22,LU1291097779,EEMK.PA,EUR,17.63409996032715,17.63409996032715,0.046962874130795695,0.03978323385753546,0.007904750961480023,0.2378542371217951,0.1829705856221802,0.22577388689276456,-0.09670322314642421,-0.13262607355357947,0.02490914651685361,0.04547277410634054,0.11631098073972335,1283
2026-09-22,LU1291098827,EEMU.PA,EUR,20.649999618530277,20.649999618530277,0.020508969392687648,-0.014319863173460012,-0.003378363761773695,0.13101107866847062,0.12922534805913719,0.12229111000515049,-0.04754060668318072,-0.10277607011442924,0.0014913104297571422,-0.0030463966812922516,0.05686143237879082,1283
2026-09-22,LU1291102447,0E4H.IL,EUR,21.31999969482422,21.31999969482422,1.2317595195470288,1.2317595195470288,,,4.3723125547396045,2.9478125230517476,0.0,0.0,1.1022840970785848,,,45
2026-09-22,LU1301026388,2QJ0.MU,EUR,210.7469940185547,210.7469940185547,,,,,,,0.0,0.0,,,,3
2026-09-18,LU1303940784,0P00018KOU.F,EUR,28.299999237060547,28.299999237060547,-0.0007062308608473122,-0.009450488647102961,0.010353409703998562,0.10936883509001039,0.09200444500830134,0.08819076090715502,-0.031023771507394104,-0.10474171860749526,-0.01099095941612449,-0.008152108808857195,0.0192761778325532,1102
2026-09-18,LU1329694266,0P00018EGL.F,EUR,235.7700042724609,235.7700042724609,0.014937585773212136,0.0022104326140739428,-0.0002544102028068096,0.07943414636463642,0.09692346985125198,0.10826397423816127,-0.04326888593482081,-0.08607298754556802,0.0012166707725187464,-0.0015414754016022103,0.035659938048633766,1110
2026-09-18,LU1379103812,0P00018FWZ.F,EUR,637.6400146484375,637.6400146484375,0.0028624568325210653,-0.018517044927689685,-0.008659702327299179,0.17172313307445064,0.12453514419828417,0.13389856834163932,-0.049243678720523265,-0.07933928105110122,-0.013307735162826462,-0.017580427668415388,0.06490772254718169,1072
2026-09-18,LU1435385593,0P00019846.F,EUR,310.94000244140625,310.94000244140625,0.006930099524071975,-0.009303457103286061,0.069514637950564,0.10863907401179107,0.16336536798871104,0.17391967472571757,-0.06464263345394483,-0.18107797123110614,-0.011817572796835485,0.0092302420175423,0.017686125939860853,1120
2026-09-18,LU1486845537,0P00018X0B.F,EUR,116.52999877929688,116.52999877929688,-0.00019735763330563927,-0.002798321646837243,-0.00043748554121736394,0.013383669163553824,0.007251794194143184,0.005611512819208336,-0.004497502999955327,-0.00857780195084168,-0.0018899359024642237,-0.0016652999459990658,0.004749809737652377,1091
2026-09-18,LU1530899142,0P00019MC0.F,EUR,2502.949951171875,2502.949951171875,0.029770492211645294,-0.0053133611083971966,0.02577811974551869,0.2253324801971226,0.1677802438073565,0.22728412359099248,-0.09865184137446215,-0.170881689258088,0.013488386178971412,0.013643984474659199,0.11233778849383369,1054
2026-09-21,LU1582988058,0P0001CGZV.F,EUR,12.75179958343506,12.75179958343506,0.006003565453993831,-0.0003763382379160518,-0.007340770440512734,0.04434773249789048,0.05179413264968088,0.05618511725131784,-0.020613728201645976,-0.056615818138602614,-0.00022895789449617343,-0.0007369488130973822,0.015293707576556237,1091
2026-09-22,LU1598757687,MT.AS,EUR,64.0199966430664,64.0199966430664,0.01233388589338369,0.023337519784625727,0.2172509534219471,0.4089332763797966,0.29404760384507944,0.3480373696878578,-0.08532426013240335,-0.2619465623536297,-0.010540682104155374,0.02361763987722032,0.21164390388121856,1283
2026-09-18,LU1623762843,0P0001FE3K.F,EUR,156.75,156.75,-0.0021008519684740934,-0.015327611055878654,-0.017241379310344862,-6.375674397907094e-05,0.024910245735047732,0.019498427901758177,-0.021321756765369404,-0.02571631111241912,-0.008112285654046314,-0.012689224262409482,-0.011352574869999299,1106
2026-09-21,LU1670631289,0P0001DFNP.F,EUR,11.626399993896484,11.626399993896484,-0.00016337033660518419,-0.01030861216382628,-0.011973831071598884,0.024469801362591248,0.03787437313501116,0.037016078867772986,-0.018111575959527948,-0.05265460607611028,-0.00626935666555295,-0.00700267023335277,-0.0008126178963625552,1089
2026-09-21,LU1670707527,0P0001DFNB.F,EUR,22.87829971313477,22.87829971313477,-0.005727906495393453,-0.012308250467935489,0.015490894646237319,0.13826921049417584,0.08476557232915684,0.09490604557150958,-0.038157076184087146,-0.092062237404823,-0.014009615233135486,-0.01530396505814946,0.04794526014933842,1091
2026-09-22,LU1670719613,AN0B.MU,EUR,13.440999984741213,13.440999984741213,,,,,,,0.0,0.0,,,,3
2026-09-22,LU1681043912,CC1.PA,EUR,266.3999938964844,266.3999938964844,0.03718118577392571,-0.0164298028678298,-0.0677165567927056,-0.04310344922084264,0.13931089215792544,0.17654127737408032,-0.10567550422538807,-0.21151187688867035,0.006317802442931342,-0.016248169505953536,-0.07306568686650017,1283
2026-09-22,LU1681044480,AASI.PA,EUR,59.86000061035156,59.86000061035156,0.05797099104186665,0.04632060073914834,-0.008283631460306085,0.27366851538156234,0.20545135863580724,0.2618713179158561,-0.12027836419513571,-0.16060702050246078,0.02995578993695669,0.0498255085923609,0.1257002716679454,1283
2026-09-18,LU1694789535,0P0001CH1E.F,EUR,128.89999389648438,128.89999389648438,-0.0018584907410438278,-0.005094193227434207,-0.0031707035020520635,0.011138927691858758,0.02079852971560769,0.017286714097070378,-0.008622643178461287,-0.021087619460482876,-0.004087224925426458,-0.004298015715268888,0.0009768579865687688,1111
2026-09-22,LU1819480192,EHQ6.MU,EUR,303.3869934082031,303.3869934082031,,,,,,,0.0,0.0,,,,3
2026-09-22,LU1829219390,BNKE.PA,EUR,403.3999938964844,403.3999938964844,0.012931560317600344,0.010647626368502916,0.09012297582394146,0.3414293345608397,0.18265282491485416,0.18901937894268758,-0.03777279349247642,-0.17132240226421158,0.005101483051149547,0.018707431337907643,0.16352338748719553,1283
2026-09-22,LU1829221024,UST.PA,EUR,108.27999877929688,108.27999877929688,0.059180233040195374,0.06365418009117807,0.008193642839063875,0.2819206921272459,0.14842497732052776,0.18502804293021213,-0.08746628286134306,-0.1004836368906451,0.045173725693943956,0.05031581556928999,0.13115387257762445,1283
2026-09-22,LU1861137484,EUSRI.PA,EUR,91.73999786376952,91.73999786376952,0.030207689161427798,-0.016720312293268313,-0.010889510902754584,0.11133985707582417,0.11510964698106038,0.10377928066682,-0.049525021546992454,-0.1023277887365529,0.00609753317053352,-0.0010888767538541622,0.039806754551098056,1283
2026-09-22,LU1861138961,MSRU.L,USD,73.108818503064,73.108818503064,0.04869009711218664,0.06773152925613135,0.02808634472422855,0.21516707025379356,0.18758614564938927,0.2165744984756948,-0.09379195170588517,-0.11701396963064925,0.02912371817034276,0.04792238973238638,0.1052572099946203,1264
2026-09-18,LU1876459212,0P0001FKPX.F,EUR,4546.990234375,4546.990234375,-0.0067844544374982,-0.014416335889238074,0.04281829732423992,0.1284702048457187,0.1075636014002387,0.10539916872713516,-0.03084936615430267,-0.09673177833130864,-0.014090337485306859,-0.008773296371959893,0.07905597761893479,1025
2026-09-22,LU1900066462,CEC.PA,EUR,49.6150016784668,49.6150016784668,0.01795239987417907,0.03085394924986473,0.149693038625899,0.2736490654946915,0.16220665996406475,0.15258414716236327,-0.022164674489976388,-0.09557020854051512,0.023902786996821357,0.049076024493230896,0.1780202171909786,1283
2026-09-18,LU1951200481,0P0001H0TE.F,EUR,280.5299987792969,280.5299987792969,0.029128003771510924,-0.0009259936525960466,0.003362074658315839,0.2480757816743422,0.22420234293609353,0.22712256317194546,-0.08981197493712922,-0.16763490233573852,0.014318258077770984,0.01614501132164481,0.11768056504767022,1089
2026-09-18,LU1951204046,0P0001H0TH.F,EUR,174.80999755859375,174.80999755859375,0.009878633129888792,0.0023509385118025694,0.023417833014299116,0.10262397477901275,0.09431300662143537,0.0951923358215877,-0.037086682521467296,-0.13027168506338482,0.0003089940602039043,0.0011270516565098365,0.03066280891111761,1090
2026-09-18,LU1951225553,0P0001H0TF.F,EUR,189.2899932861328,189.2899932861328,0.03115969784656336,-0.01195327551432701,0.0448773982097459,0.20229922732997951,0.2272863818535452,0.17425523346677374,-0.07629518509617139,-0.1521618507592264,0.005033362023127541,0.002503971926049564,0.08903610129670736,1090
2026-09-18,LU1951229035,0P0001H0TG.F,EUR,182.3300018310547,182.3300018310547,0.016502240031468718,-0.02549441003129549,0.001538032269174261,0.03933198109416569,0.11760859712902427,0.11981905766985229,-0.06752966028252883,-0.08892292793840006,-0.014514989547615542,-0.02591087813305548,0.002418230011713929,1090
2026-09-22,LU1953136527,REUSE.PA,EUR,22.549999237060547,22.549999237060547,0.01630593018640858,-0.00832049280776792,-0.024780520445618293,0.1053487342573951,0.09914539497977072,0.09924277583565984,-0.05256775728678653,-0.07680804811696162,3.2781251411373447e-05,-0.008286888046864394,0.037762507270038936,1283
2026-09-18,LU2095319849,0P0001JAB0.F,EUR,120.83999633789062,120.83999633789062,0.0018238566265893486,-0.036056192170181744,0.03583055498513499,0.03930506430522662,0.1938043781394928,0.17637458116179977,-0.06511233426265506,-0.2169341651746023,-0.028828180998004882,-0.02541316843741792,-0.009104560438239595,1090
2026-09-18,LU2147879543,0P0001L9PD.F,EUR,771.2999877929688,771.2999877929688,-0.0019797746762431068,-0.010240274617465128,0.010825133680386179,0.06832696523624304,0.04968230548474893,0.0534007792385506,-0.025105978759957903,-0.06462585851593328,-0.006816958949661611,-0.006714386103683356,0.018374830229110906,1050
2026-09-18,LU2181906426,0P0001L535.F,EUR,271.07000732421875,271.07000732421875,0.0007753894410931217,0.02044116991548739,-0.04225697454920452,0.3753615726873165,0.2301480186278684,0.3731049230984447,-0.2120293538634972,-0.22199790594022362,0.009720267062073518,0.01987914797304291,0.16234049267123907,1100
2026-09-18,LU2210151341,0P0001KKA7.F,EUR,12.170000076293944,12.170000076293944,-0.005718929422645402,-0.01775627610433228,-0.03105098171124565,-0.0016406484641345864,0.057363321513050736,0.06780168829205056,-0.03264337479209578,-0.06790124319835567,-0.010729948583566018,-0.013232570583123215,-0.025019420667175107,1140
2026-09-22,LU2244387457,ASRE.DE,EUR,9.669400215148926,9.669400215148926,0.0031747259873193823,-0.01219761579478229,-0.019489708419316965,-0.007472612282763635,0.032183872793623086,0.027988107122386047,-0.02410792684707186,-0.030398943811505652,-0.0031648880004624402,-0.008034267123205208,-0.012574854241567679,1277
2026-09-17,LU2257980289,0P0001LZLW.F,EUR,182.75,182.75,-0.0012023895678819896,-0.023040722842111894,-0.06836257856728212,0.02174885036550367,0.0923268016758795,0.11162494928614154,-0.07886419724660343,-0.0865476736691041,-0.011036888876530315,-0.027006364533278204,-0.0134659862755806,1027
2026-09-18,LU2358392376,0P0001OOS9.F,EUR,492.4500122070313,492.4500122070313,-0.008436699254634639,-0.006636499157125164,-0.029521275220168897,0.08790263823402311,0.1560009336201384,0.155186352173544,-0.07139935108977102,-0.08943559868933093,0.0008841392304432816,-0.009223084102399137,0.015776166266807,1042
2026-08-13,LU2459590019,0P0001OS4A,USD,32.7232286283375,32.7232286283375,0.004499105658849034,0.005475125287047744,0.060352602796345245,0.1042763861843663,0.087369021677686,0.09641785958015901,-0.022372601723535612,-0.07641815975661459,0.005937655254111496,0.011429412807712813,0.06785466354049907,971
2026-09-22,LU2533811910,BJLL.DE,EUR,10.100000381469728,10.100000381469728,0.0009415295233115017,0.0009911029465419219,0.004075988283999132,0.01137486814217592,0.010322571025573381,0.011080979320567156,-0.0014882030882035213,-0.003047524042999572,0.000916716274049767,0.0018768210803896679,0.008558624742401877,772
2026-09-22,LU2611731824,GLDU.AS,USD,67.8782895783066,67.8782895783066,0.024552559784420058,-0.09153517255778698,0.2564153927196,-0.003598921480226558,0.33220993800042337,0.49260406142902624,-0.12324617440953567,-0.3623354744639051,-0.02511311145637074,0.06414177366370266,0.05553469662235888,1246
2026-09-22,LU2616774076,BJLJ.DE,USD,10.030774552424855,10.030774552424855,0.013879863581883978,0.00785737109736484,-0.027278918878821945,0.004166798307556396,0.05676133024726828,0.06527220611643336,-0.04469824836054315,-0.050071814819599214,0.00860038922238271,0.0021416554435762514,0.0012396133536167753,749
2026-09-17,LU2638914734,0P0001RNZQ.F,EUR,321.0,321.0,-0.0004048356766286343,0.09784870863651896,0.08361741921825439,0.2310169810490481,0.42511734757964975,0.37944916017942665,-0.09354630872537983,-0.3124012853622107,-0.00429457582335302,0.06781028070078521,0.1352172898267019,695
2026-09-18,LU2707622630,0P0001T0AG.F,EUR,135.1199951171875,135.1199951171875,0.005581603239219524,-0.00029600875878854627,-0.01602106095025846,-0.04515581681645642,0.20821402748782553,0.22086656247449737,-0.08716871695058914,-0.23394246327931445,-0.004538257673503465,0.01762463002738901,-0.011048161467187123,545
2026-09-18,LU2798962978,0P0001UBP6.F,EUR,147.27000427246094,147.27000427246094,-0.002370890504695633,-0.003248702047641716,0.025271546214404195,0.11315193405435253,0.11700321441890461,0.10601400108427557,-0.030106550021525624,-0.08982159224906872,-0.008456409624196137,0.0008849010430926896,0.051660428846272755,421
2026-09-22,LU3038520774,DEFS.PA,EUR,5.902999877929688,5.902999877929688,0.01951639323335974,-0.046827057864610167,0.04755982931007474,-0.03181896674700224,0.17144774788161915,0.2149639494381709,-0.13799880329444303,-0.2196261406823472,0.00042367432127909943,-0.02720146161057324,-0.010583905199659682,351
2026-09-18,LU3103551860,0P0001XEZ8.F,EUR,113.05999755859376,113.05999755859376,-0.0010602822606330387,0.004352828152242472,-0.004139885719692482,0.09788302459772158,0.06757013958166512,0.07239698757415869,-0.023314487832326813,-0.047610174847362186,-8.846642902105017e-05,-0.0009013839532366896,0.041495360554759886,250
2026-09-22,NL0000226223,STMPA.PA,EUR,45.185001373291016,45.185001373291016,0.08361320248712811,0.0640060385716188,-0.297894533062504,0.5588398366274774,0.41313624612882643,0.6034942432068008,-0.35284534349946883,-0.3985444317360619,0.036416445938846964,-0.02100637275589401,0.10940450222959042,1283
2026-09-22,NL0000235190,AIR.PA,EUR,196.1999969482422,196.1999969482422,0.007186826871416363,-0.04082134431160478,0.00853296864088926,0.21003609547061886,0.19197508117035045,0.26556836321834904,-0.10222836414867376,-0.2771117091213976,-0.00793852833596942,-0.034733851998336895,0.04260527216503962,1283
2026-09-22,NL0006294274,ENX.PA,EUR,160.8000030517578,160.8000030517578,0.018366113156246255,-0.026634346112384688,0.14857145036969865,0.14652533331650597,0.1876384434502969,0.2119135429467145,-0.05021175377207321,-0.13907785679286322,0.0031817511927407782,0.018507983930068583,0.15250890387728577,1283
2026-09-22,NL0010273215,ASML.AS,EUR,1481.199951171875,1481.199951171875,0.07426740551016242,-0.013191238393154614,-0.13850138735186368,0.2801574170803567,0.3365608580448405,0.44369600485932165,-0.2077144161694917,-0.2077144161694917,0.015905200410783138,-0.006947484275580784,0.12769012095844068,1283
2026-09-22,NL0010832176,ARGX.BR,EUR,867.4000244140625,867.4000244140625,0.010014015770068774,-0.013421278013119653,0.06901651258938446,0.3402348702932225,0.23498734056469708,0.4618664735421762,-0.13071735337218138,-0.273723521535453,-0.010303132455314667,0.05536469902727337,0.18352402816735292,1283
2026-09-22,NL0011794037,AD.AS,EUR,32.15999984741211,32.15999984741211,0.006257846328807437,0.0310996888985402,-0.07296467742433854,-0.20382518579267428,0.18843003745457032,0.2251367865276813,-0.14600071359196543,-0.25714308631402005,0.028017956604954763,-0.010438257383122318,-0.09197471275433855,1283
2026-09-22,NL0011821202,INGA.AS,EUR,32.22999954223633,32.22999954223633,0.01704004414889071,0.06863394248331978,0.18030943077447348,0.4663738859857949,0.18437240650814218,0.20507818068170533,-0.037540448599762466,-0.16877161691741893,0.021625933581111756,0.05856769754685853,0.2521872276096835,1283
2026-09-22,NL0012969182,ADYEN.AS,EUR,912.9000244140624,912.9000244140624,-0.02007294081358657,-0.15393880962552142,0.11274987475294651,0.08009939804691824,0.36991199589269497,0.4978301577765833,-0.19378213875377448,-0.4839642318575442,-0.06786061643339181,-0.04029315251761645,-0.09829331025818822,1283
2026-09-22,NL00150001Q9,STLAM.MI,EUR,4.251500129699707,4.251500129699707,-0.052484925218819534,-0.052379286273636194,-0.14551300604348316,-0.3538753527363061,0.402226486741833,0.41452860539107733,-0.20523732903756153,-0.5963606709603685,-0.06414403309690042,-0.10096129291175926,-0.3360019027522061,1273
