date,asset_id,symbol,quote_currency,close_eur,close,ret_5d,ret_20d,ret_60d,ret_120d,vol_20d_ann,vol_60d_ann,drawdown_60d,drawdown_252d,sma20_ratio,sma50_ratio,sma200_ratio,observations
2026-10-09,AT0000A09ZL0,N550.MU,EUR,361.5700073242188,361.5700073242188,0.008695712880225859,,,,0.042819152974047855,,-0.00810772147945793,-0.00810772147945793,,,,16
2026-10-08,BE0003470755,SOLB.BR,EUR,24.799999237060547,24.799999237060547,0.022258821231824655,-0.04834997140074848,-0.052712034072910585,-0.050529391520140465,0.2090055686823826,0.1718756463376855,-0.10081539508910731,-0.14035087843632954,-0.012699575116619788,-0.034824193412058446,-0.032561455240729065,1295
2026-10-08,BE0974293251,ABI.BR,EUR,68.44000244140625,68.44000244140625,0.06009921049471956,0.01936257169460509,-0.032239801186957684,0.11762299506364604,0.2263414496746463,0.21963278447142603,-0.1414893593276555,-0.14298171470367416,0.01628978213140675,-0.0011500144101432852,0.03828598370775249,1295
2026-10-08,DE0005140008,DBK.DE,EUR,29.65999984741211,29.65999984741211,-0.044150847854251274,-0.14880187090394914,-0.06376264009800692,0.10445422906087898,0.30889972768590485,0.26531819295152836,-0.17034965461784313,-0.2676722440208219,-0.07714088641016004,-0.10337489092275742,-0.005400815927379843,1289
2026-10-08,DE0005190003,BMW.DE,EUR,52.18000030517578,52.18000030517578,-0.048157595847226786,-0.16778309935813918,-0.10528119721841067,-0.32597613586248186,0.23922932308200015,0.2548968540904875,-0.18084772872508326,-0.43349342560886106,-0.09485151260540792,-0.11710162372811816,-0.25989118460567096,1289
2026-10-08,DE0005552004,DHL.DE,EUR,54.93999862670898,54.93999862670898,-0.014352404515030281,0.0,-0.03580205215718202,0.17500324300510295,0.2214467204869229,0.17737618349808618,-0.06277721549350201,-0.14333072083959342,-0.025782906683382345,-0.018893554297065074,0.09103573730690795,1289
2026-10-08,DE0005557508,DTE.DE,EUR,26.82999992370605,26.82999992370605,0.02915229143760656,-0.037661379794377225,0.00562217454327274,-0.02151714627812784,0.248588881354312,0.28841099834422057,-0.10657986901391259,-0.27769587398998596,-0.014798225269983312,-0.03990667737890252,-0.05376878489689574,1289
2026-10-08,DE0005810055,DB1.DE,EUR,292.6000061035156,292.6000061035156,0.020578980276512393,0.0461208199266574,0.12150254100660751,0.12212311557347855,0.1492122114398248,0.18358714170863152,-0.06009615132693824,-0.1180042995028453,0.029466119005563396,0.04328605412638842,0.1781727831265214,1289
2026-10-08,DE0006048432,HEN3.DE,EUR,73.83999633789062,73.83999633789062,0.026696304474801202,0.002171498806353922,-0.015204147346007724,0.16143830646971025,0.19609871535921708,0.1863905103796304,-0.10200500098187815,-0.2432210362584949,0.006145280838911749,-0.0169347591877278,0.03810127110717687,1289
2026-10-08,DE0007030009,RHM.DE,EUR,934.9000244140624,934.9000244140624,-0.011524596658476938,-0.08018496462254943,-0.03008610775544751,-0.33634739908906475,0.3092055837474871,0.3454081618486503,-0.23706753524956237,-0.512782301496862,-0.04778877966859796,-0.127862481261948,-0.2932836332262726,1289
2026-10-08,DE0007100000,MBG.DE,EUR,39.025001525878906,39.025001525878906,-0.025836240936880528,-0.16711126011855482,-0.1490405362735615,-0.22722769255685338,0.2552336098888573,0.23096007442272137,-0.19052059184859083,-0.3256099930940447,-0.08117014208434747,-0.12989479606074006,-0.20419303519599175,1289
2026-10-08,DE0007164600,SAP.DE,EUR,184.6199951171875,184.6199951171875,-0.011352738104391857,0.038240847558679736,0.34132516663664214,0.25319309412928903,0.26116261594921775,0.40603587736231184,-0.0734895059540539,-0.460752560270804,-0.002474658041713651,0.013326573030047584,0.12522409936891066,1289
2026-10-08,DE0007236101,SIE.DE,EUR,264.25,264.25,-0.028135322060348522,0.023827949442270846,-0.02382715890717535,0.09352371890891398,0.2768941665283455,0.2603974996673371,-0.10953941463317052,-0.20503662867365802,-0.025653787976560816,-0.04213517850124959,0.027319582895087402,1289
2026-10-08,DE0007664039,VOW3.DE,EUR,66.5999984741211,66.5999984741211,-0.020876186989492562,-0.17960090879828583,-0.09338416411444761,-0.1994209936084973,0.3458077016460231,0.34315446611414974,-0.198555960324577,-0.3458252402010681,-0.09225968808276375,-0.11192423614534674,-0.19314397029948072,1289
2026-10-08,DE0008430026,MUV2.DE,EUR,519.0,519.0,0.040497218727710615,0.04216867469879526,0.013276039888535207,-0.02687340376115277,0.15715198970007188,0.16760213869174023,-0.06060606060606055,-0.19219710519296374,0.019606312087042665,0.011049474104448676,0.031182308335649944,1289
2026-10-08,DE000A0F5UK5,EXV6.DE,EUR,81.61000061035156,81.61000061035156,0.00877625551398209,-0.04916697111354673,0.05344003258569807,0.0006073734368179373,0.2256926655368892,0.23740965584384136,-0.10370042531379975,-0.18396071944220127,-0.020864072202343764,-0.03824850286453041,0.019118222419254094,1288
2026-10-08,DE000A0Q4R28,EXV5.DE,EUR,37.33000183105469,37.33000183105469,-0.008630911134722474,-0.09095329162448873,-0.07139300690090111,-0.11228970501870428,0.18323592939399103,0.17251233786081768,-0.10543967791632147,-0.21645977687385443,-0.04869901772201546,-0.07228147381264571,-0.09972201800108293,1288
2026-10-08,DE000A0Q4R85,4BRZ.DE,USD,53.94888578225118,53.94888578225118,0.17948320702981135,0.14427298201186822,0.2273059776593267,0.11136574208820993,0.6177068710997,0.3963205496766496,-0.08221780748007512,-0.1777901213915941,0.12897754519634308,0.18679298414536993,0.21408174990003626,1289
2026-10-08,DE000A1EWWW0,ADS.DE,EUR,146.5,146.5,0.026989178186081375,0.02662931417676262,-0.19923475023918225,0.05439296724614029,0.23976633231827013,0.3499505991932105,-0.22437826584589193,-0.328630068972118,0.014771338692812108,-0.02783768145352672,-0.04883045880968784,1289
2026-10-08,DE000A2JJ1W5,0P0001FAJ5.F,EUR,124.73999786376952,124.73999786376952,0.0028137187542280895,0.00531911688406872,-0.004151399198408234,0.0026524732091190995,0.04434446911905437,0.042200219402386954,-0.02422855115623168,-0.04542575052266418,0.002185289373910937,-0.004040063084687517,-0.00019237828627560738,1253
2026-10-08,DE000BASF111,BAS.DE,EUR,51.77000045776367,51.77000045776367,0.04797568539837416,-0.029433814966872474,0.06929669480105982,0.008954219220721704,0.21776169959100591,0.20256326684208484,-0.07956021592594587,-0.13370372630931704,0.010920563694793772,0.003102127289381418,0.05759817316057636,1289
2026-10-08,DE000BAY0017,BAYN.DE,EUR,42.59000015258789,42.59000015258789,-0.06189430129620721,-0.12546202288771324,-0.10750211519042474,0.061432218323918875,0.3209626269307471,0.24941597954767344,-0.16161415763335574,-0.3065455353648504,-0.1057593358462049,-0.11788706960809203,-0.011450733543749814,1289
2026-10-08,DE000DTR0CK8,DTG.DE,EUR,40.68999862670898,40.68999862670898,-0.01975426952496051,-0.07058017904854608,-0.049743135994760435,-0.025611651035305716,0.19404186988004798,0.22671961961627357,-0.17983867829349498,-0.17983867829349498,-0.041246022192458986,-0.09055964322962429,-0.02818861204436862,1230
2026-10-08,ES0113211835,BBVA.MC,EUR,23.020000457763672,23.020000457763672,-0.033179295501821304,-0.07735471928492244,0.01858407385861427,0.20744819370137768,0.26397840387859,0.2411702895831613,-0.09405743423850699,-0.18701772533483707,-0.06508272513267421,-0.07038725399207924,0.09148096946885231,1293
2026-10-09,ES0113900J37,SAN.MC,EUR,12.020000457763672,12.020000457763672,0.01795400185032836,-0.06720465957911326,0.01743696680230178,0.17811189287046925,0.3142105177362097,0.2633220974458956,-0.08832613365165665,-0.171891814315276,-0.03362219125654653,-0.04616494136744487,0.07880866459880953,1294
2026-10-08,ES0148396007,ITX.MC,EUR,52.84000015258789,52.84000015258789,-0.004146272427611897,-0.0318798391369195,-0.026529083623675898,0.012944510499224293,0.18277710940279895,0.20672367142265535,-0.12453463596749692,-0.14986185286846476,-0.004258847890190709,-0.05255079476644442,-0.02324605095036869,1293
2026-10-08,FI0009000681,NOKIA.HE,EUR,9.088000297546388,9.088000297546388,-0.011098943144092988,-0.016450159884947912,-0.0021384559661002944,0.026342196313897892,0.595211986730385,0.5653265144466842,-0.19103557025880913,-0.4829458829898745,-0.011228105941519906,0.017839094604032546,0.04890647362954814,1271
2026-10-08,FR0000003196,0P00000QEY.F,EUR,477.6700134277344,477.6700134277344,0.0039935776907691345,-0.00659259407349444,-0.02768330223721238,-0.025262676611808366,0.04540281550580267,0.037248330806070616,-0.034263686373574465,-0.05328822889222562,-0.0026277199649903382,-0.014679025371850507,-0.027619293257966304,1254
2026-10-07,FR0000003998,0P00000I2M.F,EUR,3323.1298828125,3323.1298828125,-0.013026503657298294,-0.03548510141885275,-0.012610103098392278,0.05013791048050997,0.1326189911193353,0.11050648918001939,-0.06643693051208333,-0.1083091867769127,-0.016301039572665932,-0.0354654830962392,0.012536720239405774,1251
2026-10-07,FR0000027609,0P00000H0V.F,EUR,5099.330078125,5099.330078125,0.004048235796203281,-0.004938894813784067,-0.010428685798352766,0.005916003917546542,0.03437483039444087,0.02272001706519266,-0.01782235577681579,-0.01824339485090609,0.0020282156146433916,-0.0036695361080090194,-0.0027384526798065467,1249
2026-10-08,FR0000045072,ACA.PA,EUR,16.21500015258789,16.21500015258789,-0.041666661969689156,-0.12540456570270464,-0.09514508462316185,0.0033408383288939802,0.22028003086150744,0.21439827988797824,-0.19727725048717648,-0.19727725048717648,-0.0864917287970467,-0.12889551314744652,-0.05208352712927622,1295
2026-10-08,FR0000051807,TEP.PA,EUR,69.95999908447266,69.95999908447266,-0.015479855219725724,0.013325581644631823,0.2874493722492357,0.3556635428796484,0.3268551510315048,0.44983556166630134,-0.06838525773172399,-0.35422847770430843,-0.007645513866732068,-0.0002915223177953896,0.20998679390914377,1295
2026-10-08,FR0000052292,RMS.PA,EUR,1262.5,1262.5,-0.029965424510180583,-0.10397444996451388,-0.2599648300117233,-0.23275600121543605,0.22531443181099045,0.34330219929831624,-0.2599648300117233,-0.4332347661019327,-0.05820480781783266,-0.13884834181411398,-0.26300784849859615,1295
2026-10-08,FR0000054470,UBI.PA,EUR,5.0,5.0,-0.028371533432716145,0.02564102564102555,-0.13043478260869568,-0.025341152347144846,0.4165438936233993,0.550446378672133,-0.17826088615085767,-0.5843558498535533,-0.05288680202280227,-0.050865989018592184,-0.0028160449935438203,1295
2026-10-08,FR0000073272,SAF.PA,EUR,310.79998779296875,310.79998779296875,-0.04954132173404047,-0.034782646605687084,-0.05560625333076041,0.15336555808303132,0.2707778277093061,0.24757831867627494,-0.14521456937356292,-0.23617513957875091,-0.054356290407918006,-0.08281250868788059,-0.015782913074042226,1295
2026-10-08,FR0000097156,0P00000QGO.F,EUR,682.27001953125,682.27001953125,0.00976813649863062,0.04007750212699124,0.040648583954946416,0.13772349897309533,0.09073410508548302,0.09761369269816184,-0.033817453515913254,-0.07356647804504624,0.013034346769269733,0.018558826614493373,0.09475937819355873,1249
2026-10-08,FR0000120073,AI.PA,EUR,167.94000244140625,167.94000244140625,0.009012256536874652,0.006955292424749571,-0.05161508524473901,0.013293374064732077,0.1656819037092417,0.15375074014690093,-0.08182326131591211,-0.10528746423158142,0.002088434628761293,-0.006069861780452879,0.041372038370580455,1295
2026-10-08,FR0000120172,CA.PA,EUR,16.149999618530273,16.149999618530273,0.03194888256789352,-0.02210110715153557,-0.010367747289987572,0.03254184706956198,0.22602881188334492,0.22071909866165298,-0.08834025602950824,-0.08834025602950824,-0.003040280832648956,0.00649388506048143,0.0595771458270995,1295
2026-10-08,FR0000120271,TTE.PA,EUR,77.58000183105469,77.58000183105469,0.04120251787419327,-0.010206627333460339,0.11481543201078792,0.033253191571732676,0.22744952408956984,0.22411114071967397,-0.07491612547316417,-0.17510288938050222,-0.003426100528814424,0.008957021448420699,0.08941923835902554,1295
2026-10-08,FR0000120321,OR.PA,EUR,374.0499877929688,374.0499877929688,0.006186920761180437,-0.003994142055003591,-0.01914256770344791,0.10582287736053342,0.17999946981300835,0.19849320809630328,-0.060913705583756306,-0.14438105060176987,-0.014205178973100585,-0.021672071587372277,0.0026677138085140495,1295
2026-10-08,FR0000120404,AC.PA,EUR,44.790000915527344,44.790000915527344,0.017723304334063217,-0.02205236546632805,-0.05206347268725198,0.06448979932278043,0.2334652182145145,0.22238786079058143,-0.07941858775683919,-0.2065086535708529,-0.013653365122869077,-0.025630750240198452,-0.009598881638277379,1295
2026-10-08,FR0000120503,EN.PA,EUR,40.630001068115234,40.630001068115234,-0.005872225839044454,-0.07343209847330312,-0.14821802058161093,-0.1769723580638296,0.18749742185116533,0.2270748158169608,-0.17836197287653854,-0.23339620626197666,-0.04716116177118701,-0.09457590174218522,-0.13829383900799552,1295
2026-10-08,FR0000120578,SAN.PA,EUR,70.93000030517578,70.93000030517578,-0.029685338088119573,-0.03588418377870628,-0.07811284046692601,-0.0728436487863664,0.23258703414051984,0.26079032787955075,-0.12424925591445146,-0.18284910471945748,-0.02561988319894226,-0.05242203954111735,-0.05974408515136631,1295
2026-10-08,FR0000120644,BN.PA,EUR,59.27999877929688,59.27999877929688,0.029524086387321624,-0.040155434093845255,-0.18526667071414626,-0.09888038908216112,0.2048066799761826,0.21197902175833006,-0.2127426536565704,-0.2513954887883294,-0.009986991881023477,-0.06549719163729939,-0.11118421259984923,1295
2026-10-08,FR0000120693,RI.PA,EUR,61.09999847412109,61.09999847412109,0.035593194476628565,0.026890730657497253,-0.0403563832964593,-0.037149780246257036,0.24368124338324818,0.25946447602042666,-0.1746302450595819,-0.31613160066066215,0.021568276709581058,-0.03969473653951372,-0.0693126333190065,1295
2026-10-08,FR0000120966,BB.PA,EUR,64.80000305175781,64.80000305175781,-0.003076876126802852,-0.02262443334774822,0.05024314830609211,0.1691548099449931,0.1300546572001391,0.22098327574583776,-0.06086952098901721,-0.14495416219181756,-0.024610467785474155,-0.029097065206623363,0.12411062798869632,1295
2026-10-08,FR0000121014,MC.PA,EUR,380.8999938964844,380.8999938964844,0.003689048475584711,-0.06297664478109621,-0.24289407816442743,-0.18382670042002935,0.21729454031451845,0.24523795644936414,-0.24756512979433354,-0.41002499289898786,-0.04065687274355745,-0.11670652860637099,-0.2155673008557345,1295
2026-10-08,FR0000121147,FRVIA.PA,EUR,8.64799976348877,8.64799976348877,0.026590691214648743,-0.11138517759684663,-0.06830422890157306,-0.15298729371422148,0.617471643076373,0.5484824237184818,-0.1518324959236952,-0.4321537064566676,-0.046506012497131266,-0.054408706649391236,-0.18501477159911994,1295
2026-10-08,FR0000121220,SW.PA,EUR,54.45000076293945,54.45000076293945,0.018709073633790707,-0.03199998643663193,0.01114210410064742,0.2878430069776119,0.22985312493392818,0.20984723624419482,-0.0917586720678718,-0.2701083367043837,-0.026374595208950247,-0.03942840805056613,0.11119615722775023,1295
2026-10-08,FR0000121329,HO.PA,EUR,215.6999969482422,215.6999969482422,-0.042609880042079884,-0.04175925766501609,-0.019990954262872784,-0.09652990671951689,0.25844340949764244,0.2595401264765405,-0.2066936307826407,-0.2066936307826407,-0.06096951265963024,-0.11162914195897988,-0.10606835121392932,1295
2026-10-08,FR0000121485,KER.PA,EUR,206.5500030517578,206.5500030517578,-0.04947077703187841,-0.11787312220442892,-0.19126856700132056,-0.122770207190525,0.27867494925449193,0.4730484382837636,-0.29469011867205763,-0.39207847202043944,-0.08254027325325375,-0.1620791484668772,-0.1936954271431227,1295
2026-10-08,FR0000121667,EL.PA,EUR,143.0,143.0,-0.011065048658229104,-0.019540664958854093,-0.15634218289085544,-0.27355029198220393,0.2955879012755759,0.262383705187667,-0.1932675708760998,-0.5563296695825171,-0.011372668936325936,-0.0751041323629622,-0.2484763240439093,1295
2026-10-08,FR0000121964,LI.PA,EUR,34.599998474121094,34.599998474121094,0.003480247490658339,-0.05773427767172168,-0.0693921949940256,0.012082369577615326,0.17429439909796668,0.15243686667411419,-0.13906957070915493,-0.13906957070915493,-0.037846594952528845,-0.07742193791357721,0.0037050269578584594,1295
2026-10-08,FR0000121972,SU.PA,EUR,261.1000061035156,261.1000061035156,-0.107655500146695,-0.09151004993563594,-0.01229430650637986,-0.03181532653009722,0.5342730995760742,0.4282521358036831,-0.1815112442065665,-0.1815112442065665,-0.08035043611974624,-0.10515689419991925,-0.018181712345757495,1295
2026-10-08,FR0000124141,VIE.PA,EUR,30.88999938964844,30.88999938964844,0.012123162723958858,-0.01749367477947028,-0.17006989853438548,-0.08616532026535595,0.15682297076901738,0.1838404632915959,-0.1879498681025903,-0.1881663456064845,-0.011108640363498234,-0.052971093284604476,-0.06419927306484463,1295
2026-10-08,FR0000125007,SGO.PA,EUR,64.76000213623047,64.76000213623047,-0.0235222793391463,-0.09197977547200997,-0.1547898745132925,-0.13225380418709254,0.25931163680100294,0.29185982863613114,-0.24292726860989378,-0.26538594351894085,-0.059363492053650546,-0.144296251968261,-0.15573452496669715,1295
2026-10-08,FR0000125338,CAP.PA,EUR,110.8499984741211,110.8499984741211,-0.011150758403342564,0.09211821156769551,0.21519400340637995,0.07180937055336312,0.42204630140781035,0.4300644474308713,-0.09201077073251984,-0.41502642376831267,0.03767843547824956,0.03444412862582613,0.053013316234644,1295
2026-10-08,FR0000125486,DG.PA,EUR,106.9499969482422,106.9499969482422,0.012784076644205111,-0.03256450478640083,-0.11023294789021842,-0.1820267919828512,0.20439908762772013,0.2124113783058346,-0.16719246109941488,-0.23610971910707668,-0.025401554179362518,-0.07203348458191583,-0.12639745049582862,1295
2026-10-08,FR0000130452,FGR.PA,EUR,98.9800033569336,98.9800033569336,-0.005825574687452484,-0.07235233188482104,-0.19067865178184085,-0.25669441611568833,0.2255476263560387,0.24072142708651575,-0.21194263885817122,-0.2975800404228973,-0.04947107491707259,-0.11312690959426974,-0.19602857777979577,1295
2026-10-08,FR0000130577,PUB.PA,EUR,95.27999877929688,95.27999877929688,-0.000629301037322394,-0.020559210784299897,0.042678941158898365,0.2691119456094009,0.190557073443992,0.2571905714578834,-0.09529297131941261,-0.23345260324938366,-0.013199809848475352,-0.032656977561949185,0.1405333291838271,1295
2026-10-08,FR0000130809,GLE.PA,EUR,62.5,62.5,-0.043354983966386595,-0.15403353649815532,-0.17415433736823593,-0.09926254319790384,0.34108408228891246,0.3110632813135052,-0.25798412075149035,-0.25798412075149035,-0.10771027070381545,-0.1645569545637905,-0.12660412031814738,1295
2026-10-08,FR0000131104,BNP.PA,EUR,89.19999694824219,89.19999694824219,-0.025562638670328375,-0.13094312666920882,-0.13347586134928358,0.012174536667580282,0.291746534461704,0.2550779993106235,-0.20921990660485046,-0.20921990660485046,-0.07950823223733072,-0.1359158935359449,-0.04877308737575403,1295
2026-10-08,FR0000131906,RNO.PA,EUR,26.040000915527344,26.040000915527344,0.02398744015065568,-0.09958503295881282,-0.031610208010949714,-0.10452084329360722,0.384549293482397,0.34709372831580015,-0.16958274308956722,-0.2899423181587555,-0.033425480256196516,-0.06720825450847057,-0.07514611632510504,1295
2026-10-08,FR0000133308,ORA.PA,EUR,14.225000381469728,14.225000381469728,0.02967794524356049,-0.08314533891764997,-0.11645962456982462,-0.15960085419204162,0.29590963333628567,0.27150801908151373,-0.212356308955846,-0.24994611057160776,-0.02367876457847784,-0.07365799722445798,-0.12585600223531535,1295
2026-10-09,FR0000172041,XED2.F,EUR,460.0199890136719,460.0199890136719,-0.0017750785723084084,,,,0.12089929787698228,,-0.06511856293941665,-0.06511856293941665,,,,16
2026-10-07,FR0000172124,0P00000GPO.F,EUR,55.88999938964844,55.88999938964844,0.0030509362028181553,-0.02545770049377538,-0.05029735193237583,-0.031872512856018886,0.07245072264326236,0.056023849419694786,-0.05522515011498541,-0.06538919305080049,-0.006664909639202632,-0.0243723730522879,-0.03741410017863522,1241
2026-10-09,FR0000284689,CL54.F,EUR,34.12799835205078,34.12799835205078,0.013873594477080697,,,,0.14888714349452026,,-0.011022825498815836,-0.011022825498815836,,,,16
2026-10-07,FR0000292302,0P00000PYA.F,EUR,572.3499755859375,572.3499755859375,0.004263743593220015,0.0055340184668875025,0.010308671902776512,0.0430067892226651,0.06986471325208334,0.07444242925572173,-0.030280271035459383,-0.06867224362644508,0.0023124502304587846,-0.005040980466546774,0.027802986745051328,1253
2026-10-08,FR0000295230,0P00000PM8.F,EUR,226.77999877929688,226.77999877929688,0.0008385296989144031,0.009886004830953476,-0.019075235155235903,-0.002463260172492765,0.10755867325603792,0.11260523387903211,-0.06315477183689933,-0.16301981420780265,-0.00014990094979561164,-0.01695171063188239,-0.016022505634316064,1274
2026-10-07,FR0000299356,0P00000JPU.F,EUR,290.9200134277344,290.9200134277344,0.003483873453370645,-0.03464286047017484,-0.014798994177693925,0.005565019815171102,0.11833062347061128,0.10079475228445745,-0.06594692866744101,-0.10168187143662966,-0.005833325407421097,-0.024396093319206447,-0.0021868291881546043,1241
2026-10-08,FR0000422859,0P00000PLK.F,EUR,883.7899780273438,883.7899780273438,-0.0073678864923611975,-0.024482039574189596,-0.0348687302858145,-0.02735931956063009,0.1404295599710382,0.1161534756618718,-0.07069256180016414,-0.11875263294966842,-0.019694536389264994,-0.04008908398949029,-0.02704882597041447,1252
2026-10-08,FR0000438905,0P00000QF5.F,EUR,503.6099853515625,503.6099853515625,0.015076654092946562,0.049340514319092144,0.04411917021897316,0.190792512441873,0.09340284156631189,0.10091579407486288,-0.0324187350522257,-0.08915819628885746,0.017966651602852712,0.02756661376612546,0.10970659066265465,1200
2026-10-08,FR0000447807,0P00000RUS.F,EUR,222.22000122070312,222.22000122070312,0.016932074299380373,0.0613746305736087,0.05457479087595085,0.16773514270655965,0.10545810530836444,0.1109783082443089,-0.04078916959911527,-0.08659418215219217,0.027345654011625475,0.0353574018466265,0.11289231870731498,1253
2026-10-09,FR0000974149,ODAB.HM,EUR,728.3410034179688,728.3410034179688,-0.006980596279029139,,,,0.10479746673714269,,-0.020711388715686896,-0.020711388715686896,,,,16
2026-10-08,FR0000975880,0P00000MML.F,EUR,406.7799987792969,406.7799987792969,-0.020916076770582492,-0.04800020912136249,-0.07999546670912827,-0.06921721640274958,0.13680854471327406,0.12263749626823336,-0.12339455372646357,-0.12650891219419702,-0.04061320697357318,-0.07423549570391264,-0.0722073928137954,1253
2026-10-07,FR0000980427,0P00001O87.F,EUR,2554.409912109375,2554.409912109375,-0.004858026581852304,-0.014738065490125019,-0.024572735728467632,-0.009473319379501688,0.04379984201348506,0.04200046431894493,-0.035602255520173265,-0.04381792125829931,-0.005777588270488798,-0.019088484284210838,-0.011862243357488311,1255
2026-10-08,FR0000987950,0P00000NYV.F,EUR,681.1500244140625,681.1500244140625,0.0003818674969984226,0.03428643399900144,-0.00023480228545669224,0.1184545631297591,0.19473207885498417,0.2318167367248465,-0.10217496300435924,-0.10217496300435924,0.021003947909097764,0.0401962194055252,0.13657509603080809,1128
2026-10-08,FR0000987968,0P00000NZ3.F,EUR,516.3900146484375,516.3900146484375,0.04083609047271897,0.0990997369407165,0.033213961503241185,0.34015884156758247,0.23650823927279177,0.2867512699879784,-0.12923426886010891,-0.16322176981876269,0.05351961489240531,0.08003275846635205,0.19613623605446273,1168
2026-10-08,FR0000988057,0P00000NZ7.F,EUR,888.1199951171875,888.1199951171875,0.028178430844396196,0.05641793352846136,0.044220508776759315,0.18414418948184608,0.10633659458206557,0.11007345891067483,-0.03313392419228933,-0.07747073986381181,0.027939858287368224,0.03877230867952619,0.11121126754737976,1211
2026-10-08,FR0000989915,0P00000QLD.F,EUR,1462.0699462890625,1462.0699462890625,-0.015474294995779014,-0.07818648063247402,-0.1579102229457935,-0.17155664275231886,0.1535642493488061,0.12684778254022314,-0.18281310882921464,-0.22611091899480618,-0.051439476403532525,-0.10934277788591784,-0.1429240106984897,1253
2026-10-08,FR0006174348,BVI.PA,EUR,26.15999984741211,26.15999984741211,-0.016541373223593392,-0.061356330833477135,-0.044209022824976296,0.06534441727365947,0.17556716953524587,0.230279785438703,-0.11069353332581777,-0.13772048651286128,-0.03181036373882151,-0.04620231477680681,-0.017727575034829468,1295
2026-10-07,FR0007023692,0P00000C3O.F,EUR,382.4400024414063,382.4400024414063,0.012362055122291382,-0.013592605632610888,0.010516332178273524,0.09390468941220442,0.097105715540619,0.08077143962708963,-0.033364056323013425,-0.057652550446265716,0.0026334802863854367,-0.0018421126609695637,0.044050851159306736,1233
2026-10-08,FR0007028543,0P00000PY3.F,EUR,106.86000061035156,106.86000061035156,0.0029094091948844714,0.0009366660932947912,-0.020980310430727678,0.019656464681364394,0.0853699000120327,0.0809103358915069,-0.045613735348593254,-0.07215834198969395,-0.0016396403510179347,-0.0166631685585249,-0.004280213988991921,1215
2026-10-08,FR0007052782,CAC.PA,EUR,78.18000030517578,78.18000030517578,-0.01635635376007316,-0.04635280429561506,-0.07468336747703441,-0.03002479174639594,0.11825953032036589,0.11198892263655065,-0.11179273702762349,-0.11179273702762349,-0.036171305426009326,-0.06663896461707863,-0.04911217225514608,1295
2026-10-08,FR0007054358,MSE.PA,EUR,69.83000183105469,69.83000183105469,-0.0075326716131224325,-0.022125777202460006,-0.02321997597311598,0.05451526040176091,0.135222820453849,0.12169244607303177,-0.06469329753737951,-0.10843727157026495,-0.021399416162125484,-0.0380243898385666,0.015635252033566527,1295
2026-10-08,FR0007061882,0P00000O6Y.F,EUR,676.02001953125,676.02001953125,-0.008477513002645987,-0.027295314996878872,-0.024248704736245963,0.01719856184099333,0.13057960014914347,0.11680153630198613,-0.06612882364517203,-0.12151241584563843,-0.02235145558977003,-0.039288776326147024,-0.004053181024315289,1253
2026-10-07,FR0007062567,0P00000K4N.F,EUR,600.3400268554688,600.3400268554688,0.036427106168129386,0.05695529353914286,0.06324499524262395,0.19644466588277987,0.17132865517333387,0.14971473290372173,-0.07313298381321787,-0.17320314463395015,0.041759617676058625,0.04548528965016185,0.09886584630680306,1207
2026-10-07,FR0007064324,0P00000H22.F,EUR,502.6400146484375,502.6400146484375,-0.01954503768771676,-0.07071677968553625,-0.06887479561951615,-0.013754496874320954,0.12533111119396345,0.11197212399197455,-0.09982921128862354,-0.11976791296344502,-0.03130374210849718,-0.06274167765005267,-0.05702434896949449,1246
2026-10-07,FR0007072160,0P00000IK7.F,EUR,173.0800018310547,173.0800018310547,0.0005202401007737834,-0.0048297858022897655,-0.008421662532238638,-0.0014423354142907296,0.02187399520978473,0.01842803601976572,-0.015104931135409005,-0.025147919362124238,5.7833507101090476e-06,-0.0063632126440301695,-0.004979692869165997,1254
2026-10-08,FR0007076930,0P00000NME.F,EUR,535.3599853515625,535.3599853515625,-0.004037065516416027,-0.04167268488907938,-0.047334393161490906,-0.0023852662155906534,0.10806848880705038,0.10339503338872587,-0.0974594116765175,-0.0974594116765175,-0.029420526186947904,-0.058572977937115356,-0.011669164677251653,1246
2026-10-08,FR0007374145,0P00000QRC.F,EUR,503.5299987792969,503.5299987792969,-0.00247632632636563,-0.09277146578503559,0.16205488360837483,0.047362485546109445,0.34576435671755795,0.4325974724541106,-0.1540378318240947,-0.3714610457589358,-0.040360580825604564,-0.02985442868295174,-2.711071466598991e-05,1181
2026-10-08,FR0007382965,0P00000MUL.F,EUR,3568.4599609375,3568.4599609375,0.0033233806953694156,0.004082783934771017,-3.085477369524359e-05,0.026889036863406046,0.0438923381524624,0.045736126598978265,-0.024007435772887664,-0.05346302661329583,-0.00025452914391188575,-0.0064402730078885195,0.015965748147412917,1252
2026-10-07,FR0007390174,0P00000FNC.F,EUR,99.38999938964844,99.38999938964844,-0.022233173657701277,-0.10443326380167262,0.16477202926153933,-0.07509770857601172,0.3389924976298583,0.4157960480602623,-0.14862085653254653,-0.33703705023274577,-0.051974941711877776,-0.052296750772705125,-0.014990700998228745,1257
2026-10-07,FR0010004085,0P00001NLH.F,EUR,1011.3300170898438,1011.3300170898438,0.01905446736797467,0.02257837926172268,0.03581673999645685,0.14211343803238363,0.1023489380993674,0.11092139498612674,-0.033693901235802515,-0.0930771863389761,0.01517549616888303,0.016292366030666416,0.0765058246981456,1217
2026-10-08,FR0010058529,0P00000QIF.F,EUR,1133.81005859375,1133.81005859375,-0.016754352247581927,-0.03029337467108051,-0.050895210573616345,0.00608732216966823,0.1725328709486004,0.14596341113838945,-0.08990134509463166,-0.16355001019165538,-0.02688358239679245,-0.04921747604679427,-0.023558648238195423,1255
2026-10-07,FR0010086512,0P00000G8V.F,EUR,328.17999267578125,328.17999267578125,-0.025101779652627387,-0.05971003665659469,-0.08985521965454657,-0.006448502614380014,0.13857691879508519,0.12892741856793574,-0.10953736658340418,-0.11388989985918296,-0.03409853915806893,-0.06569994862732076,-0.05117507182758574,1246
2026-10-07,FR0010097683,0P00000CGO.F,EUR,592.0,592.0,0.015054404406436683,0.00020273554808003524,0.007059665878060173,0.07258034819254933,0.08907947654151603,0.0794613971723554,-0.024798944578964477,-0.08550661982129948,0.006173013840894637,0.00484737563108939,0.022494183546035496,1242
2026-10-06,FR0010128587,0P000015L9.F,EUR,687.6599731445312,687.6599731445312,-0.014008602488926547,-0.03067295859973085,-0.041655654876913584,-0.031928446734639904,0.14603308045749877,0.1261073908568861,-0.061466786009790275,-0.10395436576214123,-0.01199060371193772,-0.02377991818575942,-0.019141233450034933,1238
2026-10-09,FR0010135103,Y9U6.F,EUR,857.0,857.0,0.00998672876692619,,,,0.0775473591165476,,-0.010894342592280948,-0.010894342592280948,,,,16
2026-10-08,FR0010147603,0P000018HU.F,EUR,447.0,447.0,0.011129238095310523,0.013697407161568309,0.032952835622845233,0.0654780380440787,0.08538415388453649,0.11462304509433213,-0.03333102988071146,-0.06154886324087783,0.01596567116724623,0.017950547058934063,0.05092285640990735,1255
2026-10-09,FR0010149120,Y9U4.F,EUR,1909.4019775390625,1909.4019775390625,-0.0006620801288816924,,,,0.022900322919602277,,-0.004180880996284775,-0.004180880996284775,,,,16
2026-10-09,FR0010149302,Y9U3.F,EUR,1929.0830078125,1929.0830078125,0.0003738650953444278,,,,0.20267528405634952,,-0.027231184094916983,-0.027231184094916983,,,,16
2026-10-08,FR0010156604,0P00001BB3.F,EUR,252.67999267578125,252.67999267578125,0.01128628855575542,0.003614363855416025,0.003973299543473141,0.02084675304724226,0.05405726516300917,0.03690735265227218,-0.015730978957441466,-0.02863110837153171,0.007230927442677393,0.002458910203860132,0.0176411525921234,1255
2026-10-08,FR0010158048,0P00001BW0.F,EUR,317.79998779296875,317.79998779296875,-0.0103696852963302,-0.020556641300091938,-0.03413065990332653,0.012650165346098863,0.11770237702744601,0.10259902307967428,-0.07184581349891261,-0.12274891322971371,-0.019046520870983574,-0.03910466534488044,-0.009504030101896266,1255
2026-10-08,FR0010174144,0P0000M6PZ.F,EUR,252.2400054931641,252.2400054931641,0.007549428174836947,-0.030629054316271165,-0.02568661894628832,-0.03666357691335387,0.06775725390803664,0.07332573625511224,-0.07862563685521728,-0.08133213701377529,-0.012225769844268042,-0.03801853767285679,-0.03029592840790729,1063
2026-10-08,FR0010177899,0P00000PNB.F,EUR,88.7699966430664,88.7699966430664,-0.0024722016629319388,-0.009373998008745943,-0.02009051516059035,0.0019187152581607858,0.047570665407097916,0.043217500834547,-0.031952021839537936,-0.046937452596716,-0.0065135981671010645,-0.016878231077409822,-0.006660899569676859,1253
2026-10-08,FR0010208488,ENGI.PA,EUR,22.709999084472656,22.709999084472656,0.008436883785385652,-0.0654321070991204,-0.1478424236568492,-0.16206137217906236,0.2066949886481212,0.21425732987120844,-0.18963657013840252,-0.1988986334149726,-0.028428458237176102,-0.07488882847513278,-0.11297684198683078,1295
2026-10-08,FR0010220475,ALO.PA,EUR,15.779999732971191,15.779999732971191,0.04261641852231457,0.018064498901367188,-0.008170968930717115,-0.07176472158992997,0.31087664287800665,0.2838283024954948,-0.1409157685505299,-0.5127345882204348,0.03014376928704876,-0.005451754529033348,-0.20740460105950498,1295
2026-10-08,FR0010221234,ETL.PA,EUR,1.406000018119812,1.406000018119812,-0.08074533435341247,-0.24449217513657984,-0.3460465322074655,-0.5209539878940223,0.2932642450061768,0.3943594576953821,-0.3666666666666666,-0.6882483488324785,-0.15797037599096386,-0.24011910293345984,-0.38917169122387363,1295
2026-10-07,FR0010229187,0P00000FV4.F,EUR,317.489990234375,317.489990234375,-0.014771170723429039,-0.020606542606225742,-0.026522426030386903,0.08867395301781089,0.10808300439415817,0.1081129263166352,-0.04269562467270549,-0.07929475665366614,-0.01309442470377331,-0.019964973389783536,0.025257952708753084,1248
2026-10-08,FR0010230490,0PP1.MU,EUR,684.1090087890625,684.1090087890625,0.0,-0.03731907714765659,-0.05515811231272294,-0.05556501619792109,0.06951870319548656,0.04668895103583667,-0.05515811231272294,-0.06956858838666835,-0.011009222420914955,-0.032939224211160134,-0.049154268354133834,223
2026-10-08,FR0010261198,MEU.PA,EUR,240.1000061035156,240.1000061035156,-0.0029069640339322023,-0.015378305950946358,-0.023189572324952223,0.03930396356648802,0.10458635092605771,0.08994321010992841,-0.04835512009779663,-0.09773398341024497,-0.016044071252276138,-0.029895050167814907,0.013587414631877959,1295
2026-10-07,FR0010286013,0P00000EUQ.F,EUR,488.55999755859375,488.55999755859375,0.00045050829822046445,-0.027799337859705564,-0.006789990606492102,0.02978311890257901,0.0592220882107239,0.05701187170715196,-0.03200028607393535,-0.06016847910817125,-0.010763839299748557,-0.0161651349698535,-0.006879845405370788,1233
2026-10-08,FR0010307819,LR.PA,EUR,138.0,138.0,-0.012522361359570633,-0.010752688172043001,0.002178671448123337,-0.06255099806953646,0.4642036111457356,0.3427352200792326,-0.0944234578808334,-0.18306531519533542,-0.005727886251525649,-0.002609117170849551,-0.010892183711328163,1295
2026-10-08,FR0010313833,AKE.PA,EUR,54.45000076293945,54.45000076293945,0.008333347461841667,-0.0660377105403751,-0.037985826309954174,-0.06631580593014696,0.1829281603968206,0.24484058237831996,-0.13632718858089465,-0.22841862264948765,-0.027461473312088258,-0.06872133564219995,-0.028813037829734878,1295
2026-10-08,FR0010315770,WLD.PA,EUR,441.1499938964844,441.1499938964844,0.016685465127033172,0.044636530069607216,0.037633776854518075,0.1231478060683191,0.09141294033099406,0.0963891113737537,-0.030554849535535222,-0.06579517880427155,0.017073395973036476,0.023989399792232913,0.09147952611924715,1295
2026-10-09,FR0010321828,EHQ1.HM,EUR,367.4869995117188,367.4869995117188,-0.0018144511681030817,,,,0.10437034538218137,,-0.014407615615324443,-0.014407615615324443,,,,16
2026-10-08,FR0010340141,ADP.PA,EUR,102.0999984741211,102.0999984741211,-0.021093044230736768,-0.0572484247731152,-0.0572484247731152,-0.030796346119626006,0.33588752103635783,0.34152727677058925,-0.16991871159251148,-0.23520484593542768,-0.055067109351370824,-0.07380530354043369,-0.05800789212289259,1295
2026-10-08,FR0010363366,0P00006A6D.F,EUR,345.4100036621094,345.4100036621094,-0.004840222113880133,-0.010711700700999693,-0.022221609824230604,0.013348643155793205,0.05409280742203205,0.04955465430064958,-0.030754529296087574,-0.06620432661115794,-0.009337022815827267,-0.01659273204641376,-0.0007449266933904353,1252
2026-10-08,FR0010375600,0P00006TTL.F,EUR,282.739990234375,282.739990234375,-0.00824303249395808,0.0007077995448609986,-0.02139008343534199,0.006048895665264009,0.1380233787750179,0.12531728796555677,-0.07005546642478755,-0.11891872079739285,-0.009715839482929423,-0.027369500248483725,-0.009944533095096575,1255
2026-10-08,FR0010380675,0P00007ZHT.F,EUR,3150.6298828125,3150.6298828125,0.007908088012185788,-0.015104977913666273,0.0356283175969212,0.16020510983711622,0.13066218933490714,0.13569752401095886,-0.0328478637587033,-0.08934768111999025,-0.009877600656800878,0.006136031255509433,0.10584901735732166,1218
2026-10-08,FR0010400762,0P0000KOPQ.F,EUR,256.8500061035156,256.8500061035156,-0.006382955112125277,-0.010669397834406236,-0.008262806330556538,0.005126449290917767,0.06624314232029135,0.06667643836705882,-0.024904132217425712,-0.05504625658299789,-0.008069436427616261,-0.012208061707287277,0.002910553393798976,1228
2026-10-08,FR0010411983,SCR.PA,EUR,31.76000022888184,31.76000022888184,0.012109658326260986,-0.01610900155140471,-0.026364154848647514,0.04206076541843018,0.21409887926110246,0.1987704126012081,-0.09515574150432382,-0.18210858871411817,-0.020659861943010394,-0.04517958842215952,0.04201526324766247,1295
2026-10-08,FR0010415448,0P00008IB9.F,EUR,581.8200073242188,581.8200073242188,0.0040727319609183965,0.050292411449391006,0.04123264400901272,0.29676597479570654,0.2213379375600968,0.2770884930525596,-0.10207429654538747,-0.15046376283067087,0.046963285940220256,0.056187320109432504,0.1596519737050317,1176
2026-10-08,FR0010451203,RXL.PA,EUR,33.33000183105469,33.33000183105469,-0.025438564692300658,-0.07673121219249135,-0.14428751788965666,-0.022970633296800602,0.3845587072048766,0.30874467013254875,-0.14428751788965666,-0.16975636676009265,-0.06697455056331136,-0.07968340686181119,-0.06351956204952536,1295
2026-10-08,FR0010533075,GET.PA,EUR,18.739999771118164,18.739999771118164,0.02967027393088406,0.015718102774349596,0.01242569094501933,0.007051089934733801,0.13116030336231838,0.13231862602561176,-0.0618556123292201,-0.07211297161310692,0.010324269318428225,0.005300080389365247,0.053450170434242494,1295
2026-10-08,FR0010546903,0P00000PUS.F,EUR,73.23999786376953,73.23999786376953,-0.02502668815328335,-0.04598148930120727,-0.03453734149093213,-0.024896854365413335,0.1548475350336546,0.11887084230564887,-0.07688427975396694,-0.11959289705296672,-0.037057033933143524,-0.053695442393178694,-0.033049175460209135,1250
2026-10-08,FR0010546929,0P00000MHU.F,EUR,38.84999847412109,38.84999847412109,-0.012957371146390395,-0.05081851491683642,-0.04074077841676327,0.11190612481659357,0.1549770027360558,0.12220779234069584,-0.07763534047215503,-0.09560373294814584,-0.04075261447176581,-0.057788981451109556,0.01673486392271739,1245
2026-10-08,FR0010557967,0P0000ADK9.F,EUR,194.0399932861328,194.0399932861328,-0.010656256282298382,-0.01866182431162766,-0.010807556772012727,0.03543222842000837,0.08010914516596225,0.0828439376092591,-0.04423214854372959,-0.07679091971778229,-0.015842216861163383,-0.025457475291226772,0.011645568425546537,1255
2026-10-07,FR0010564351,0P0000J3CO.F,EUR,204.5500030517578,204.5500030517578,0.005406763922417124,0.0003423675942955118,-0.00505857923370745,0.03601094267845539,0.07612804887598784,0.07007899177509876,-0.03237068132455978,-0.06353414906261601,0.004162960544563443,-0.004798162019701846,0.018051453660105743,1246
2026-10-08,FR0010592022,0P0000D2MT.F,EUR,132.35000610351562,132.35000610351562,0.010228315799293952,0.023667824087597156,0.0069233387492901866,0.059562903076458174,0.09787269740748668,0.09645362137026214,-0.05379817857654812,-0.08556696470410918,0.008446301221840091,-0.0029004746680652005,0.035071649439534,1256
2026-10-08,FR0010601971,0P0000KWR3.F,EUR,325.5299987792969,325.5299987792969,-0.026903416832096072,-0.04951967046824335,-0.08192788339182866,-0.03549527610943248,0.0944240355076898,0.07633425893807497,-0.09232103088551691,-0.09232103088551691,-0.041169941324443515,-0.06329095716540212,-0.04947806977412594,1251
2026-10-08,FR0010611293,0P0000GBJZ.F,EUR,1861.25,1861.25,-0.0019732931557483457,-0.006252114931297625,-0.02042054042316166,-0.016216272716192526,0.04512530832044866,0.041572318871648896,-0.03138094106104572,-0.046674149360825035,-0.004824168520102812,-0.016397792478474282,-0.015737021268642293,1251
2026-10-07,FR0010616177,0P0000HR6L.F,EUR,177.3000030517578,177.3000030517578,-0.014507256724053175,-0.04912583574109752,-0.047542256969656194,-0.038242488843743705,0.12309630654167733,0.09346573272629398,-0.07444131153545908,-0.09792365079112963,-0.02478465066176594,-0.04389352197871532,-0.02606255977493166,1246
2026-10-08,FR0010651224,0P0000HR5T.F,EUR,4531.1201171875,4531.1201171875,0.008412553400941603,-0.035944209073957345,-0.04341761223800822,-0.02809463068684359,0.10986278449493811,0.11950861900407217,-0.11432705818944777,-0.1305381968790127,-0.019148897444194568,-0.05753965755241852,-0.03563081062504114,1256
2026-10-08,FR0010657122,0P0000HX49.F,EUR,1293.7900390625,1293.7900390625,-0.008559589726396921,-0.03373508035548234,-0.06855240065490387,-0.0841720933102148,0.13168486183345746,0.10869970574996517,-0.09358467426921113,-0.11979287735623811,-0.028304263996309698,-0.05477811029383184,-0.06424688344156548,1253
2026-10-07,FR0010668145,0P0000IT7S.F,EUR,686.969970703125,686.969970703125,0.005341513990200442,-0.0050834345164390005,-0.021800504008462895,0.0063872276191754285,0.12436946123348049,0.12255374050070938,-0.06995667126656246,-0.10189111228019454,0.009234785998668782,-0.011355701958290276,0.0005816923489387893,1245
2026-10-08,FR0010679902,0P0000IKS1.F,EUR,394.1099853515625,394.1099853515625,-0.04319011606830159,-0.07561867078788176,-0.09661675026484107,-0.07827775450628194,0.11068888016953722,0.11364706188626775,-0.13458500080448732,-0.15086294528389577,-0.05166276191516361,-0.09224503871152745,-0.09218565550013447,1256
2026-10-08,FR0010687749,0P0000HRVB.F,EUR,347.0899963378906,347.0899963378906,-0.006042427821822849,-0.01621269595613739,-0.03250175236824915,0.011599811011766548,0.14418168325803157,0.11793400128962855,-0.06031891889926866,-0.10297291465046632,-0.015819377099739018,-0.032657603220087816,-0.0002547808974271426,1254
2026-10-08,FR0010689141,0P0000IKSO.F,EUR,1903.81005859375,1903.81005859375,-0.021056557604148818,-0.04059239621461208,-0.03139625153867265,-0.02898045329692822,0.1108817074760214,0.11142919303605173,-0.07401332859296916,-0.11447905426548899,-0.02624089888160419,-0.04729546412685948,-0.03229351152572757,1256
2026-10-08,FR0010697482,0P0000J0GI.F,EUR,142.61000061035156,142.61000061035156,-0.00014025290455099704,0.0009124430566456176,-0.00014025290455099704,0.005428682264110085,0.008630638078878757,0.007829188066009605,-0.003987738313159794,-0.009263859031025667,0.0007754597459894708,-0.000601267454788279,0.0023810194283915287,1254
2026-10-07,FR0010697532,0P0000JC17.F,EUR,217.1300048828125,217.1300048828125,0.0004147235507929725,-0.005405124313944798,-0.011832662336873079,-0.00695169931901074,0.01865781741178682,0.013569917039180455,-0.015193541873585903,-0.017874097507285525,-0.0013154262840859854,-0.006510980812591938,-0.007702813193540714,1254
2026-10-08,FR0010700823,0P0000IVLV.F,EUR,1487.739990234375,1487.739990234375,0.020159925053912175,0.06177645499176854,0.052231768256953304,0.14500553404600902,0.1014897352589932,0.1120919425360568,-0.038700809851986206,-0.10079621358980673,0.025042478476463792,0.03403256050657433,0.08976073476109137,1217
2026-10-08,FR0010702084,0P0000KU3M.F,EUR,244.1999969482422,244.1999969482422,-0.007599505507847826,-0.023629617559022154,-0.052937788761554416,-0.009491345832782772,0.12438656613318108,0.10445444070254327,-0.07824707017188581,-0.11380472679777409,-0.017560811866779824,-0.043021710074590214,-0.02717497590861051,1255
2026-10-08,FR0010751008,0P0000KM3H.F,EUR,1503.25,1503.25,0.00045917725704480716,-0.004008512974489342,-0.026260072961164393,-0.019956179601716806,0.047565323376984575,0.0378658786556026,-0.03681467380655101,-0.0431709631640359,0.0007396191365329763,-0.013178276221063268,-0.021599814043150256,1255
2026-10-08,FR0010752543,0P0000KTWR.F,EUR,416.2300109863281,416.2300109863281,-0.0003602331877742282,-0.011001222559485546,-0.02293424651096687,-0.010719159938979317,0.03432627719954436,0.026584035622864703,-0.02695742027008452,-0.029276382778100074,-0.004145086062088965,-0.014358701306663058,-0.015611992402745578,1256
2026-10-08,FR0010784348,0P00001NRR.F,EUR,1107.56005859375,1107.56005859375,-0.008468926941407773,-0.056496359093946014,-0.08381307150405248,-0.0529951762219556,0.12055206438102904,0.11621072235627583,-0.1232802851379956,-0.1232802851379956,-0.038149690258333924,-0.07502888119896178,-0.05756372929362252,1255
2026-10-09,FR0010836163,69X3.MU,EUR,2974.282958984375,2974.282958984375,-0.009419918536499594,,,,0.05301170604060097,,-0.019714952291152832,-0.019714952291152832,,,,16
2026-10-09,FR0010858498,0PP0.MU,EUR,550.3930053710938,550.3930053710938,0.0038721538005284106,,,,0.03231730882385976,,0.0,0.0,,,,16
2026-10-09,FR0010859769,EHQ8.MU,EUR,527.5999755859375,527.5999755859375,0.026758783017009957,,,,0.11126018380025288,,-0.008158865352388744,-0.008158865352388744,,,,16
2026-10-08,FR0010896944,0P0000P2U7.F,EUR,140.35000610351562,140.35000610351562,-0.007776534948452873,-0.04119414249319309,-0.04197948052207767,0.015263313993834515,0.13844854211759747,0.11109909774874874,-0.06874129220908798,-0.09251694310225123,-0.03370495702926202,-0.04914110285849027,0.003256785409214702,1256
2026-10-08,FR0010908533,EDEN.PA,EUR,27.65999984741211,27.65999984741211,0.03055140425344427,-0.023305079608907264,0.05211102640455301,0.4556807441235968,0.2677338785602865,0.2708026104646735,-0.1208647379975889,-0.41323413035555057,-0.010163187483992475,-0.03449431771665523,0.2655893101761868,1295
2026-10-09,FR0010909531,ROY2.MU,EUR,294.95001220703125,294.95001220703125,0.0,,,,0.022072097575677352,,0.0,0.0,,,,16
2026-10-07,FR0011034131,0P0000VH9P.F,EUR,491.9400024414063,491.9400024414063,-0.004230504914792155,0.0010989185014840253,0.011889087411053545,0.037585437247408704,0.0918942822079237,0.09265756948287501,-0.04443576771227731,-0.08317117171309074,-0.002863058259539697,-0.01628486466911061,0.027720936915013983,1255
2026-10-08,FR0011069137,0P0000TV0S.F,EUR,300.0,300.0,0.013102812869076885,0.015984832160037543,0.03018443323665232,0.10656197192801398,0.1064950927623103,0.1169477472917175,-0.03883555398547767,-0.10720976035915342,0.006738431394729849,0.006547256929880341,0.05372967494641778,1219
2026-10-08,FR0011153014,0P0000UUVR.F,EUR,262.19000244140625,262.19000244140625,-0.0033829412204827713,-0.030075483362433708,-0.023682687174298223,0.027229261865958865,0.09393614701913584,0.077141198768798,-0.05041463057713158,-0.07922510462060839,-0.02044368300429189,-0.03302160706336621,0.009690442072099348,1253
2026-10-08,FR0011169341,0P0000V0BE.F,EUR,596.0,596.0,-0.010821249618099715,-0.017263790803997092,-0.03209044019137619,0.01864665717029257,0.15061530013845145,0.12360227408643053,-0.06357040595771235,-0.1248088989990811,-0.018186619322057784,-0.03405538440132694,-0.002941404155142213,1255
2026-10-07,FR0011170182,0P0000VOSS.F,EUR,1231.199951171875,1231.199951171875,-0.019924718949579034,-0.11101484199476264,-0.011346394434754936,-0.19438323369746668,0.23358258558635528,0.2731053911869739,-0.13134893823536886,-0.3734400146634508,-0.05070796751823636,-0.06649186939434926,-0.1455104717518052,1197
2026-10-08,FR0011198332,0P0000VG0E.F,EUR,118.66000366210938,118.66000366210938,0.0004215753435672376,0.0019421038279228142,0.0027041349849719065,0.00927110632061301,0.005257690772322512,0.004359192363426584,-0.001938765344887683,-0.001938765344887683,0.0013248896852087189,0.0010663964373811563,0.007331752134853486,1254
2026-10-08,FR0011261197,0P00017SX2.F,EUR,3377.199951171875,3377.199951171875,0.005591924099351608,-0.006001352779849034,0.0010730064095252345,-0.018812010900377762,0.11003332639987547,0.10921336896810054,-0.04791632439583271,-0.09957122066905022,-0.0030386971486832115,-0.01532597174635697,-0.019803585141887292,1252
2026-10-07,FR0011271550,0P0000WJFT.F,EUR,304.44000244140625,304.44000244140625,-0.016634884710110653,-0.03511659152531699,-0.05031663759641403,-0.023917895482723273,0.1038421614728569,0.1030111141398441,-0.08331572108819785,-0.1080676260275274,-0.01952952427099064,-0.04861369269841098,-0.0277844880651702,1256
2026-10-08,FR0011288513,0P0000XP79.F,EUR,134.11000061035156,134.11000061035156,0.0002983015137465461,-0.007695104203477632,-0.020093526141574447,-0.010842315982078854,0.030708714866604866,0.023258060169416256,-0.024132381672632874,-0.029187461979047202,-0.00245462885248815,-0.012075207984983072,-0.015341821484048168,1255
2026-10-08,FR0011350685,0P0000XRPO.F,EUR,1318.199951171875,1318.199951171875,3.028235658231182e-05,-0.005304761739836628,-0.011540289776378776,-0.004185141420045113,0.020289319012594547,0.0148259022372166,-0.015971554580839764,-0.01867545607765031,-0.0014635275559374827,-0.00754711271236741,-0.007523459694833368,1253
2026-10-08,FR0011363746,0P0000YA5J.F,EUR,200.47999572753903,200.47999572753903,0.0010485417216670179,-0.002487809785197914,-0.014549777223482607,-0.0026366787412599457,0.03389121115050716,0.02893768160839381,-0.020540895599197362,-0.031872118869212596,-0.001693074425625496,-0.009258081337792712,-0.007413476581644374,1244
2026-10-07,FR0011400712,0P0000Y520.F,EUR,946.9299926757812,946.9299926757812,0.01552896163782247,0.052027572891954366,0.030402945340330056,0.11169421700496152,0.09473490385875757,0.13235091226066328,-0.07302708876997388,-0.12448297538646003,0.019033762226134288,0.012420218655554205,0.049535641358628535,1199
2026-10-08,FR0011550193,ETZ.PA,EUR,20.6299991607666,20.6299991607666,-0.002417850274241351,-0.015509461423179549,-0.02619779651484133,0.031809527661707415,0.10920024769628196,0.0922255206750859,-0.05149429145900686,-0.09410045263958577,-0.01653025018275489,-0.03140996197546153,0.009878211900133715,1295
2026-10-08,FR0011586544,0P000115CR.F,EUR,3375.64990234375,3375.64990234375,0.01262913497591689,0.04320665133494406,0.03264675992904009,0.1504380790917017,0.08770161254135661,0.10484002133026966,-0.03778567595914151,-0.11714410061051672,0.017056110283677928,0.01904738769472436,0.09041230952297807,1258
2026-10-08,FR0011631050,0P00011S1H.F,EUR,213.22999572753903,213.22999572753903,-0.026302614827802495,-0.05070786055224574,-0.05218475987670357,-0.06862062787776879,0.14126089122728666,0.11733580491589458,-0.09078120483141194,-0.12678654492128982,-0.037525383375236254,-0.06015404061151386,-0.059228933533311934,1255
2026-10-08,FR0011694256,0P00014KUO.F,EUR,150.19000244140625,150.19000244140625,-0.009888588409637689,-0.0639451212339106,-0.12983779182875077,-0.12776583824886278,0.14037464430122396,0.11770516185281081,-0.1568517469013001,-0.18134744933455926,-0.04188367780938085,-0.09090797082652002,-0.10798255841061966,1255
2026-10-08,FR0011726835,GTT.PA,EUR,216.3999938964844,216.3999938964844,0.03342884529146839,0.011214924749927135,0.1535180536032461,0.1095291976859003,0.2101453800917691,0.22619651359993018,-0.077533066535311,-0.15003473389952182,-0.0072939377843749265,0.02633173670971045,0.1180334271654575,1295
2026-10-08,FR0011950732,ELIOR.PA,EUR,1.7719999551773071,1.7719999551773071,0.0011299289674266966,-0.10550227009155,-0.11752985753539291,-0.29960475287914,0.28213206417903336,0.22381403234621228,-0.18215611941403098,-0.4109772289504635,-0.03920188737334074,-0.10943140755345915,-0.2382820487563604,1295
2026-10-08,FR0012333284,ABVX.PA,EUR,77.0999984741211,77.0999984741211,-0.0837790008784457,-0.2313061203563953,-0.3537301215267229,-0.2223903450571566,0.43641405937369976,0.3652828643584889,-0.3537301215267229,-0.4844771430760161,-0.11090611996478716,-0.20216895704058524,-0.23795217228924015,1295
2026-10-08,FR0012355139,0P0001572S.F,EUR,127.97000122070312,127.97000122070312,0.002899708079989294,-0.00342654332885195,-0.030162908825986823,-0.014174534877870903,0.07098820656033696,0.06301600413428106,-0.04443611776022083,-0.05565120950851987,-0.0013890150097060072,-0.016074041684808194,-0.021889577059271303,1253
2026-10-08,FR0012435121,ELIS.PA,EUR,21.100000381469727,21.100000381469727,0.0028516855195621638,-0.08260867906653357,-0.16863667930742354,-0.1749301607228202,0.3446190331133709,0.2705196283228881,-0.1949347669920357,-0.2560284051549274,-0.03802314785037564,-0.095693599031894,-0.1517387615079293,1295
2026-10-08,FR0012757854,SPIE.PA,EUR,41.47999954223633,41.47999954223633,0.0102288883316628,-0.04595940639214102,-0.12175337996753788,-0.07762188218955579,0.28921322731260574,0.23407053089486723,-0.1523797411535872,-0.21585082940225453,-0.03578841973941016,-0.06323169375648763,-0.11224230036031901,1295
2026-10-08,FR0013176526,FR.PA,EUR,13.40999984741211,13.40999984741211,-0.03525178306227705,-0.09422495298942901,0.022493334459951386,0.25836764488866937,0.5213734870446091,0.4086218202247309,-0.13455953878967986,-0.2740685965690174,-0.07969460915140736,-0.07525532949121216,0.061615763829497405,1295
2026-10-08,FR0013202132,0P0001AC1I.F,EUR,114.93000030517578,114.93000030517578,-0.0021705157087829052,-0.011779902928913177,-0.0205385725918642,-0.006397491791162002,0.040867141408061025,0.027166441340399486,-0.023139099532864305,-0.027311290746644623,-0.004383379150280975,-0.013171451570864412,-0.015158234714363616,1247
2026-10-08,FR0013227113,SOI.PA,EUR,152.39999389648438,152.39999389648438,-0.0387890825411451,0.11607462827165804,0.6899533530799682,0.3892433740758312,0.9303901212264953,0.9674992536329353,-0.19213484289047866,-0.5504682471501512,0.021088389871001034,0.15514047960673683,0.5938562680821584,1295
2026-10-08,FR0013254331,0P0001BGYT.F,EUR,423.5499877929688,423.5499877929688,0.014928544904174501,0.02277116001875923,0.0323689256706865,0.08940553636689108,0.09615044319057571,0.11329112458717908,-0.036921992311737206,-0.11598420067942472,0.008806636637141763,0.006665764753269077,0.04834824245294356,1217
2026-10-08,FR0013269123,RUI.PA,EUR,34.400001525878906,34.400001525878906,-0.01432664693808805,-0.013761454344538682,0.07165118881896726,0.08435809852897003,0.24550662179765817,0.19766315757928346,-0.05635361526334104,-0.11528145624745234,-0.021587612340657758,0.001537282830351483,0.04449352726930145,1295
2026-10-08,FR0013280286,BIM.PA,EUR,80.4000015258789,80.4000015258789,0.04145083813645911,0.12290507317452604,0.10591478543140287,-0.08164514508970877,0.23224572230203708,0.26836677118547825,-0.07805201750923207,-0.4118945926191766,0.06086098005448015,0.080543515986085,-0.016547718054952365,1295
2026-10-08,FR0013326246,URW.PA,EUR,85.9800033569336,85.9800033569336,-0.021620322665752867,-0.07568257944736834,-0.16967647684222786,-0.1447835616741905,0.22291292094223802,0.1624438266010982,-0.1881019630021199,-0.1881019630021199,-0.058681808929447854,-0.11464872957681427,-0.10890342936751973,891
2026-10-08,FR0013333838,0P0001DXTL.F,EUR,118.11000061035156,118.11000061035156,0.001526331762146782,8.469209449368797e-05,-0.0006768916947466064,0.0213594018829113,0.013960341048578101,0.024472407575889588,-0.014128092314013574,-0.033081040146226814,-0.00020315408691928827,-0.004656895559111418,0.009698185379365842,1254
2026-10-08,FR0013334380,0P0001DXU9.F,EUR,99.98999786376952,99.98999786376952,-0.017200708047421687,-0.039573554148768286,-0.06315005416634067,0.0032105919604992206,0.19644993036183342,0.16149414554238095,-0.08784897501850131,-0.1084672057823034,-0.03013668569064576,-0.05265314014098066,-0.020062330418190277,1254
2026-10-08,FR0013342755,0P0001E0HL.F,EUR,182.3999938964844,182.3999938964844,-0.01159639897856879,-0.012024706312520173,-0.05906634947907563,-0.022822295521521152,0.19256831458239485,0.15328243358964871,-0.07626430686469654,-0.11584945799770097,-0.016454473508547673,-0.03422162956565111,-0.022240840162212172,1255
2026-10-08,FR0013351285,0P0001EPLY.F,EUR,152.0399932861328,152.0399932861328,-0.038147743143439716,-0.06119174960698848,-0.09175627939299547,-0.05559358905302536,0.0854175225699887,0.07117243435783142,-0.09843457165319802,-0.10295599528867239,-0.048789920092989325,-0.07167136101481508,-0.06823166688455895,1251
2026-10-08,FR0013433067,0P0001ILL4.F,EUR,93.69000244140624,93.69000244140624,-0.0462180673966851,-0.05363633897569464,-0.06150455050616288,-0.05952620098054828,0.17175569796604345,0.2240419785432695,-0.12011645860541309,-0.21089867942015073,-0.027309843041706028,-0.06220719786859852,-0.09732185877710953,1178
2026-10-08,FR0013451333,FDJU.PA,EUR,20.950000762939453,20.950000762939453,0.01797866086516353,-0.056731128927154595,-0.10162945810032653,-0.06037602978235557,0.15270485413699778,0.15051511802800732,-0.11749570355810512,-0.19956775858727527,-0.021165229062316326,-0.04332654726540752,-0.06217853245217131,1295
2026-10-08,FR0014000MR3,ERF.PA,EUR,75.69999694824219,75.69999694824219,0.015562060886334272,0.06739987172461537,0.08920858918334074,0.22279937951448892,0.2797689525908108,0.25122684527062566,-0.07004213550513194,-0.20375860905809895,-0.0012138862792195892,0.03720790912742622,0.1292633029367285,1295
2026-10-08,FR0014003TT8,DSY.PA,EUR,21.59000015258789,21.59000015258789,0.04958679984911818,0.0593719843792071,0.18204220498489976,0.15617409956206996,0.2604698402208441,0.35759034399276785,-0.1264616741878486,-0.47274530078621,0.029615164870798294,0.007456782490749214,0.08720860087042048,1295
2026-10-08,FR0014004L86,AM.PA,EUR,279.0,279.0,-0.013437015406629449,-0.0021459445293913193,0.0007174039303752267,-0.06898681854092925,0.2061890908083097,0.23849725357078216,-0.14044944087776323,-0.20795749519430162,-0.026178000098188936,-0.04918345291379855,-0.08125345219710856,1295
2026-10-08,FR00140081Y1,0P0001P1UF.F,EUR,127.83000183105467,127.83000183105467,0.00039132142929632074,-0.0005473001875615502,-0.0027304639157832433,0.004084551743248399,0.010486857715661149,0.012186225294620436,-0.0075439509013045525,-0.012880632916910884,0.0003717361385231488,-0.002112384233845521,0.0005443965292530883,1099
2026-10-07,FR0014008NN3,0P0001P5RF.F,EUR,1104.969970703125,1104.969970703125,-0.012943732460284019,-0.08278408276827554,0.00518521479763967,-0.042163309321229914,0.20325201874412616,0.18644814617432293,-0.08371377079233333,-0.21793387774801054,-0.03094740922928918,-0.03908000450248161,-0.05972614027855139,1025
2026-10-08,FR001400AJ45,ML.PA,EUR,33.08000183105469,33.08000183105469,-0.0006041282171671547,-0.013126450498215148,-0.05942554582604631,0.0855188095715711,0.15767041606747523,0.16621782945653396,-0.06113158439342947,-0.17488391923233015,-0.011282924096577829,-0.030491971131317852,0.04214840549529986,1295
2026-10-08,FR001400C7W0,0P0001Q63A.F,EUR,120.20099639892578,120.20099639892578,0.0001913411343887894,-0.002713091392332778,-0.003779318982767621,0.005773483636231758,0.01031738966119271,0.007320224673568048,-0.005669868593683125,-0.010383330479376118,-0.001092835911202572,-0.002945214673814145,0.002049692849136475,954
2026-10-08,FR001400J770,AF.PA,EUR,10.93000030517578,10.93000030517578,-0.03657998696210829,-0.056538604299906536,-0.1523846516348767,0.12309904552216988,0.34550960357326915,0.3508667832865923,-0.1523846516348767,-0.3487062871159111,-0.04817885434592761,-0.0716518102883501,-0.03052727626908902,1295
2026-10-08,FR001400KAV4,0P0001RSZC.F,EUR,118.69000244140624,118.69000244140624,0.0005058180003165713,-0.00677822224764657,-0.015592579067566281,-0.005363273106745892,0.025394066288298555,0.019642625125929774,-0.019529899474326817,-0.023963510996798165,-0.001845925356715128,-0.009731626376669134,-0.00949031373364917,733
2026-10-08,FR001400L7X7,0P0001S005.F,EUR,1085.219970703125,1085.219970703125,0.00020273797523051584,-0.0014630780034208257,-0.004787031825332133,0.003755167038261842,0.011801006454755613,0.010002656335553538,-0.00821875904603675,-0.011346908589593308,3.543946474571236e-05,-0.0033497526872696692,-0.0010821878739950552,694
2026-10-08,FR001400MCQ6,0P0001SCG2.F,EUR,111.0500030517578,111.0500030517578,-0.00018003640156083467,-0.008305056950315026,-0.014640585103495307,-0.003410188031744421,0.02612430764836683,0.018353777977034233,-0.01858241248053083,-0.023477096143128984,-0.00339230684489511,-0.010537025781901077,-0.0083966817229858,629
2026-10-07,FR001400TS43,0P0001UK5Q.F,EUR,248.91000366210935,248.91000366210935,0.027746815116073575,0.03158030000415457,-0.06589859075374771,-0.1927417570915959,0.287547385520135,0.4038239372305533,-0.18253775536359795,-0.4031498049663377,0.012339567285340136,-0.02149632127954182,-0.12703267094905213,421
2026-10-08,FR001400U4T1,0P0001UJXE.F,EUR,100.41999816894533,100.41999816894533,0.0004981111985171705,-0.011419606627283141,-0.02296167190485443,-0.010617952891515792,0.032476367874879904,0.02478293792532262,-0.027084757379556068,-0.028593554333610216,-0.0039576117020512225,-0.014547274508976415,-0.014606584539660683,430
2026-10-08,FR001400Y4C3,0P0001VF8D.F,EUR,102.52799987792967,102.52799987792967,0.0032781020409577977,-0.008835883422392943,-0.013252479837780107,-0.0035861423026585237,0.03038804364329068,0.020552647113320582,-0.017818819648096174,-0.018998010653424435,-0.00042556043768049445,-0.00716678479923194,-0.00665634787372138,334
2026-10-08,FR0014010443,0P0001X7LU.F,EUR,119.47000122070312,119.47000122070312,-0.01638397726633878,-0.02767153454770721,-0.009205511639540198,0.0165929597799368,0.1543910765362979,0.1177081574348022,-0.06508550861145868,-0.07909845364679069,-0.012840413404327622,-0.028515938423995135,0.015412228485783386,266
2026-10-08,FR00140182K6,WLN.PA,EUR,10.21399974822998,10.21399974822998,-0.047201539756964284,-0.26781362810871345,0.011086864887802639,-0.1698634728084617,0.3799470554986453,0.709840018181822,-0.2998355127571589,-0.6570808915597444,-0.1366894476595648,-0.18720797520452848,-0.19138637122638413,1295
2026-10-08,IE0000MMQ5M5,XZME.DE,EUR,11.503999710083008,11.503999710083008,0.015178250502442037,0.022214324368252214,0.03882963135072015,0.09541038553342696,0.12136877763228691,0.13800987135399034,-0.034134029904242746,-0.12315044752045123,0.007135020154233729,0.006653836069246077,0.06740100527685167,1147
2026-10-08,IE0002EI5AG0,XDEE.DE,EUR,11.902000427246094,11.902000427246094,0.012419263994761343,-0.016851108561712458,-0.023786085350876007,0.03675966043876322,0.09771888310998952,0.09636550644672391,-0.06861037817093696,-0.07195734552495425,-0.006593749201026067,-0.028921812523808987,0.015347115863093563,1257
2026-10-08,IE0003UN5CT1,JSEE.L,EUR,31.082500457763672,31.082500457763672,-0.0024070884135002357,-0.01058413013126247,-0.03169775902568106,0.018263745985273028,0.11988594587481552,0.1027791247950636,-0.051856957206970256,-0.10927735477485356,-0.013872234923121396,-0.029180020574481547,0.009815112641961665,461
2026-10-08,IE00069JGT58,JSEU.L,USD,38.65384582638739,38.65384582638739,0.030151583241582847,0.06486711978522686,0.05571796060575074,0.15658363201245162,0.13671216873142447,0.13606411677539107,-0.033805521724557974,-0.09540032619128536,0.026412998222845374,0.038087999384368576,0.11820326209397258,801
2026-10-08,IE0006YM7D84,XZHY.L,USD,33.922271243527284,33.922271243527284,0.018608610986736718,0.017393401551705212,-0.00455853853967414,0.029236979094592996,0.08610558384102622,0.06957539121528519,-0.022743916825883392,-0.03299643726822499,0.007574714882785605,0.007898494695862901,0.020733477282881774,1078
2026-10-08,IE000ANHU3J3,JSEM.SW,USD,36.63846286139496,36.63846286139496,0.004019618005999925,0.02549431803557134,0.04216397380459269,0.13444197228044374,0.2484856744670261,0.23071469025532856,-0.052146336739241295,-0.13277301158653176,0.0007135732069605272,0.020558118163323424,0.10251728778625924,399
2026-10-08,IE000I8KRLL9,SEMI.AS,USD,19.229836890168627,19.229836890168627,0.021192538374630754,0.12071538939319293,0.09301878904581495,0.4255785283936979,0.391558217498282,0.432105703401695,-0.165915333660979,-0.28230899511903307,0.04726057710389009,0.0948531540780333,0.27563844052026143,1295
2026-10-08,IE000R85HL30,WEBD.DE,EUR,128.55999755859375,128.55999755859375,0.015161072158866862,0.07725826632840072,-0.059615307987888055,0.0026516638172962015,0.0986945525026544,0.3233235295443733,-0.18689110265098707,-0.18689110265098707,0.029930123843255663,-0.042172442376816055,-0.016497514499041355,1287
2026-10-08,IE000RDRMSD1,BLKC.AS,USD,14.525043719019944,14.525043719019944,-0.033324376824103275,-0.042918528295874836,0.016510119277837187,-0.03099347923730489,0.4703656635415505,0.5008098883072051,-0.14180750680054433,-0.4311174525246234,-0.06993671745164975,-0.037056876645024106,-0.015730019563769182,1031
2026-10-08,IE000U58J0M1,INRA.AS,USD,22.49060488052405,22.49060488052405,0.03071549387335315,-0.005513009736212493,-0.06225375616736628,-0.09654965591725351,0.28771433728980905,0.25352698725690376,-0.10132433208808367,-0.2681388228480649,0.001760075739918321,-0.006512879142910877,-0.06400131583175872,1182
2026-10-08,IE000UX5WPU4,XYPL.DE,EUR,9.839400291442873,9.839400291442873,0.0022817460992083927,-0.0025949802604394723,-0.019051902965484202,-0.01586315775316305,0.0421540756803457,0.036910808624885404,-0.03239188740138765,-0.04029930153085548,0.0012863077697267133,-0.009530802621965151,-0.01608589795165405,1101
2026-10-08,IE000VA628D5,SP20.AS,USD,6.30281530055017,6.30281530055017,0.03724106830711427,0.09360273425302368,0.09239828917069381,0.17476404790004096,0.1572248895882962,0.17264490118975517,-0.044236383172032157,-0.1284309111272145,0.03836950346964696,0.06816641108548893,0.1476353767534626,482
2026-10-09,IE0030351732,WYZ1.F,EUR,54.83200073242188,54.83200073242188,0.03946920819757116,,,,0.22080073870386513,,-0.03674082391942335,-0.03674082391942335,,,,16
2026-10-08,IE00B3ZW0K18,IUSE.L,EUR,159.3800048828125,159.3800048828125,0.01944485490681247,0.020750643690465198,0.025347416234707376,0.0909713798211309,0.11759283753657829,0.11649594391905468,-0.026802918883324978,-0.08666481270306314,0.009555258180444559,0.009876382977094034,0.06699714645044574,1276
2026-10-08,IE00B4L5Y983,IWDA.L,USD,130.939648170442,130.939648170442,0.025287314712525877,0.04459531193285038,0.035611146694212836,0.12275741973529408,0.14265179080907084,0.12805208727612802,-0.0314395943389254,-0.06426178066922439,0.017304965754793233,0.024331437012519386,0.09264591052192439,1276
2026-10-08,IE00B6R51Z18,IOGP.L,USD,31.65691594880064,31.65691594880064,0.05745939866088978,-0.0027292624627394124,0.13393738546617162,0.12191641496304251,0.2637328524412083,0.2495101987361706,-0.08305295944975122,-0.1893189566400566,0.026045273897567167,0.034240449267842976,0.11281417176155939,1276
2026-10-08,IE00B6R52143,ISAG.L,USD,49.35122166351936,49.35122166351936,0.020466555567362654,-0.04117380041223362,0.012245349914406845,-0.0033647720973808415,0.14895980896176467,0.15461213154342934,-0.07721369534247513,-0.0928890168616453,-0.012351495384927857,-0.007357070323983472,0.010476626452556426,1276
2026-10-08,IE00BDQYWQ65,TIP5.L,USD,4.347692640390415,4.347692640390415,0.013004674310112208,0.03362508027562461,0.015245539690162069,0.04011384867882972,0.042345127597534594,0.047381414751073,-0.023758590358265108,-0.0393317021918399,0.01811357006368275,0.024466859316432776,0.03343749686409625,1276
2026-10-08,IE00BF4G6Z54,JREM.L,USD,45.639615647237314,45.639615647237314,0.013665553492383076,0.019322014066436743,0.03496792252794756,0.11836566839398022,0.24005105894945647,0.22511099946017216,-0.06032984385689977,-0.13277031521209293,9.607006381551209e-05,0.016686142734923637,0.09116168786539536,1275
2026-10-08,IE00BFMNHK08,XZEU.DE,EUR,36.06499862670898,36.06499862670898,-0.005377818639015874,-0.01015514567410647,-0.029467201969845758,0.058866622800263,0.1114954856649503,0.0959731453237721,-0.05154511033578779,-0.10329516595899846,-0.01429433427787452,-0.029976232700500205,0.023989829124620332,1286
2026-10-08,IE00BG0J4B71,EH1Y.DE,EUR,4.715799808502197,4.715799808502197,0.002892236139353077,-0.013348467029838162,-0.021557350215079762,-0.007506312881690791,0.05513309933221219,0.03978661156425855,-0.028129774050570933,-0.03306860401077327,-0.006685607413105643,-0.016052250420034997,-0.012285724174949775,1149
2026-10-08,IE00BG0J4C88,LOCK.L,USD,11.996774924098332,11.996774924098332,0.03701135005257328,0.12446654396741974,0.1461700049275425,0.3245892045429364,0.24915439824113367,0.24290587027517477,-0.06641347129877506,-0.12423833383261185,0.044493161457059394,0.0837771229085904,0.2467609261296977,1276
2026-10-08,IE00BG370F43,XZEM.L,USD,59.91245638740416,59.91245638740416,0.005468322815442628,0.024416580610452376,0.011346224437644992,0.021114148993016668,0.21485448215126213,0.2099237869883728,-0.06529172169040276,-0.13248037332383544,-0.0006793004841091355,0.016598329561548386,0.0332566883404215,1276
2026-10-08,IE00BHZPJ015,EDM4.DE,EUR,10.10200023651123,10.10200023651123,-0.008830469893245763,-0.01998441813790941,-0.02621933388595088,0.03930040730330053,0.1346829653489443,0.11676871561602196,-0.06202415903992897,-0.10782747063876086,-0.021702271471171986,-0.03628202920696988,0.010254575371086316,1289
2026-10-08,IE00BHZPJ239,EDM2.SW,USD,8.40702705556019,8.40702705556019,0.010914497955360813,0.024255596161542492,0.05446436847219838,0.11409465090177551,0.2294606087255976,0.2197844473683084,-0.05974304308454337,-0.1345260918002107,0.0012992531017737008,0.017958141564423435,0.08943602782474391,1271
2026-10-08,IE00BJ5JPH63,3SUD.DE,EUR,5.066599845886231,5.066599845886231,0.008760337357578418,-0.028009127654056387,-0.04175964228103002,-0.042303073708673256,0.07326004700199151,0.05759526045827914,-0.051373066040586335,-0.05996626709503183,-0.011788504717621273,-0.027287283908874138,-0.03465313581507701,1289
2026-10-08,IE00BJZ2DC62,XRMU.L,USD,60.67575386574898,60.67575386574898,0.029566219602152,0.06429427561291656,0.05117831698256059,0.1610292863217644,0.14080685035048698,0.14043078106790166,-0.03226947240126776,-0.08608559168927943,0.027319384357664234,0.04065428669522708,0.11825396315308545,1276
2026-10-08,IE00BJZ2DD79,XRSU.L,USD,366.0275204206562,366.0275204206562,0.005936996162756225,-0.01040820106665219,-0.05334854618543283,0.04139065144575249,0.17855948940653454,0.15320372422347225,-0.07449764261992065,-0.09191930547627514,-0.011502248015647587,-0.03129184378427974,0.027691263022609824,1276
2026-10-08,IE00BKBF6H24,IWLE.DE,EUR,10.87049961090088,10.87049961090088,0.014323001134852076,0.012433560558938295,0.01498595445212314,0.07531323203155704,0.1146370542243762,0.10424258200315933,-0.029517160170236978,-0.07851649475827649,0.0033111072288969368,0.000199626719970869,0.05445344405982344,1289
2026-10-08,IE00BL25JL35,XDEQ.SW,USD,81.517004868264,81.517004868264,0.016133008299324958,0.05384746885873293,0.03271602275664609,0.1207369352215153,0.08532509977498912,0.10456520511079617,-0.039215467351097044,-0.0645891391851322,0.021472511913103176,0.02662027237654674,0.09026065645427228,1271
2026-10-08,IE00BL25JM42,XDEV.SW,USD,74.38393387743008,74.38393387743008,0.018202189434807226,0.017965125397412463,0.06944465183418536,0.2481897455679325,0.15601129756537566,0.13231175330486064,-0.02877761686147684,-0.05770898221228993,0.001971449942449688,0.01523748847823403,0.14783637624341184,1261
2026-10-08,IE00BL25JN58,XDEB.DE,EUR,45.6349983215332,45.6349983215332,0.013885803672669672,0.026774634601866465,0.03845713137888662,0.08165441590328282,0.06689032611937057,0.08611064832810078,-0.024500063829753338,-0.053087219156055854,0.012946185869835647,0.012571965248703965,0.05180604939820799,1288
2026-10-08,IE00BL25JP72,XDEM.SW,USD,89.0428880605783,89.0428880605783,0.015819649174087846,0.06008223831348247,0.06390095846663102,0.17455612857558078,0.19153787881269652,0.2072667379936234,-0.07866962319946336,-0.12784451494966353,0.021999390819972486,0.043073271766583376,0.12438425730948954,1261
2026-10-08,IE00BM67HK77,XDWH.L,USD,53.877464143592505,53.877464143592505,0.000789213782069087,0.028726080392197595,0.03520254730332706,0.10688945294473995,0.1456298912457233,0.15991334101776866,-0.05875719335444407,-0.10318579402849182,-0.0036237802777212558,-0.0013609952416805404,0.05814488528214645,1276
2026-10-08,IE00BM67HM91,XDW0.L,USD,69.83090998564552,69.83090998564552,0.05156773330518205,0.03781674883507469,0.16304981606035795,0.1950157448659542,0.20735898545434897,0.20003323399997042,-0.05429453431446529,-0.15272657622424402,0.03771814158024078,0.061718779268508106,0.16908196807550513,1276
2026-10-08,IE00BM97MR69,XT0D.L,USD,57.10475707209424,57.10475707209424,0.012106835723575404,0.04129887416671063,0.028619850835343907,0.06509880566086812,0.04167131693309222,0.04451339203063825,-0.0240998227837117,-0.035956034609163745,0.017960040934067223,0.030769011166518423,0.049890685539705215,1276
2026-10-08,IE00BMDFDY08,UEEF.DE,EUR,5.6427998542785645,5.6427998542785645,0.006959569503795837,-0.021332710981090464,-0.02468202546664411,-0.020109119574451828,0.0663337511813552,0.0485299962936193,-0.036452485144036206,-0.036452485144036206,-0.008188951284612944,-0.018768425544498535,-0.017880867046292437,1289
2026-10-08,IE00BMG6Z448,EXCH.AS,USD,8.392743238664131,8.392743238664131,0.014907168824285222,0.024553950871813113,0.07946770427221517,0.1612320154576108,0.28147529650344427,0.2708452773395,-0.0820352657334904,-0.17728773058573388,0.0023665485157122745,0.029380961005372574,0.12606423423793633,1295
2026-10-08,IE00BQ3D6V05,0P000166SB,USD,82.66865324985143,82.66865324985143,0.004834240908522247,0.0557464466583133,0.03637605068845118,0.19807471306811375,0.12731757663265938,0.19990075553825598,-0.09062458852934518,-0.12341477579416804,0.03224731287036042,0.05085026151298466,0.12383509347018862,1216
2026-10-08,IE00BYVQ9F29,NQSE.DE,EUR,17.944000244140625,17.944000244140625,0.023149739699876992,0.060394711362779185,0.057644740288721685,0.1465815131965984,0.16744052208892357,0.17935671485210733,-0.0624778669532674,-0.11870130610035734,0.025435907792403567,0.04144178285876654,0.11298567928352643,1289
2026-10-08,IE00BYZK4552,RBOT.L,USD,19.827977788864803,19.827977788864803,0.023214698817070945,0.10848581182201888,0.11617540884912181,0.29156571668621245,0.26065638975617844,0.26272673103150423,-0.07714870408643226,-0.1270730588029788,0.0389854768286626,0.06064793975898364,0.20385710793871015,1276
2026-10-08,IE00BZ02LR44,XZW0.L,USD,50.92246365829861,50.92246365829861,0.022711589382315767,0.05133054466199938,0.051647809309315784,0.1345199429570325,0.14764786466625243,0.14913890713916747,-0.03517718499463052,-0.10518426628150501,0.01827967722558821,0.026692226147555287,0.09963340519327701,1276
2026-10-08,IE00BZ036J45,XDGE.DE,EUR,9.57699966430664,9.57699966430664,0.003247448026944877,-0.0232136041431521,-0.04259093335021458,-0.05711028713024047,0.0657189745838823,0.055519263080195294,-0.04773330832690326,-0.0729180878261746,-0.010388006431770513,-0.024318692006361053,-0.04491001286368346,1289
2026-10-08,IE00BZ163G84,VECP.AS,EUR,46.900001525878906,46.900001525878906,0.001708710627427168,-0.00047705680341714185,-0.014534677975201138,-0.011540989131621715,0.03243941975624615,0.028112817584929138,-0.025139970010020662,-0.03007659148121422,0.0013664851989569904,-0.007129105546523129,-0.011915768520301961,1294
2026-10-08,IT0000072618,ISP.MI,EUR,6.059999942779541,6.059999942779541,-0.049858866513627254,-0.09036328734763255,-0.051939963279362455,0.09440303356206114,0.2928578195015242,0.21792164878318795,-0.12389762856748932,-0.18962136424504183,-0.08386560926306941,-0.09699954451868043,0.020307538841398243,1285
2026-10-08,IT0003128367,ENEL.MI,EUR,8.758000373840332,8.758000373840332,0.010383035335788993,-0.01959019866596623,-0.10157711195823971,-0.08118758685688388,0.2017044762603344,0.17242751378709262,-0.1369971620497238,-0.1369971620497238,-0.007361449702117939,-0.05048122533603716,-0.06182307872192572,1285
2026-10-08,IT0003132476,ENI.MI,EUR,24.8799991607666,24.8799991607666,0.03537238659312547,0.04608948392683021,0.19202659100637232,0.1096732915539067,0.2064290153110487,0.2686598865542633,-0.07494912450458358,-0.18371762343297826,0.034063035395515806,0.053384711564218756,0.16769005659148783,1285
2026-10-08,IT0003242622,TRN.MI,EUR,9.128000259399414,9.128000259399414,-0.001094252102952109,-0.009333567525556585,-0.09264414725072101,-0.07547929425260314,0.1801194623832477,0.15512518925274585,-0.13442623614171878,-0.13442623614171878,-0.007448469570250804,-0.041931232085587244,-0.05136071787579288,1285
2026-10-09,LU0029874905,TEP6.F,EUR,69.89600372314453,69.89600372314453,-0.007074374081603718,,,,0.2534927134250915,,-0.04474899743508687,-0.04474899743508687,,,,16
2026-10-09,LU0048574536,FPGK.MU,EUR,60.78200149536133,60.78200149536133,0.0028212937281015815,,,,0.036399624052615195,,-0.015543800677113584,-0.015543800677113584,,,,16
2026-10-09,LU0050427557,FJRC.F,EUR,37.98500061035156,37.98500061035156,0.12301913246993634,,,,0.4085457050706759,,-0.03541801664949307,-0.03541801664949307,,,,16
2026-10-09,LU0052474979,JPJX.F,EUR,170.87600708007812,170.87600708007812,-0.012825172454312694,,,,0.20029997290092116,,-0.03615177206210096,-0.03615177206210096,,,,16
2026-10-09,LU0053696224,JPJW.F,EUR,60.49399948120117,60.49399948120117,-0.0010898594879978907,,,,0.19902513986853362,,-0.026301934376576797,-0.026301934376576797,,,,16
2026-10-09,LU0055114457,FPGL.F,EUR,16.107999801635742,16.107999801635742,0.020979867238770433,,,,0.15333820350869867,,-0.059549278576264686,-0.059549278576264686,,,,16
2026-10-09,LU0058908533,JPJV.F,EUR,91.2699966430664,91.2699966430664,-0.0224492934438163,,,,0.17436599031639158,,-0.04540996764262206,-0.04540996764262206,,,,16
2026-10-09,LU0070212591,IH5Y.MU,EUR,2479.405029296875,2479.405029296875,0.0,,,,0.005151993151011063,,-0.0007842682730768713,-0.0007842682730768713,,,,16
2026-10-09,LU0073232471,MSJ6.F,EUR,218.0,218.0,0.017540890807520304,,,,0.3659072840929882,,-0.05869368819503096,-0.05869368819503096,,,,16
2026-10-08,LU0088087324,SESG.PA,EUR,3.8540000915527344,3.8540000915527344,-0.08062972991019146,-0.16543956992551512,-0.48303150489680746,-0.41249998091924467,0.4097151910794331,0.48772598124941074,-0.48303150489680746,-0.6101163376514471,-0.13836658449614658,-0.20713290409552665,-0.3940052842793734,1295
2026-10-09,LU0090841262,0P00000DWT,USD,80.86928862323556,80.86928862323556,0.009503303175775857,-0.06521831681888801,0.22317043279923543,-0.061481400171595646,0.3091946440761778,0.417322806473266,-0.12582951694431388,-0.35059423030144754,-0.01305934330765035,0.003818448762403337,0.025161481017833998,1021
2026-10-09,LU0099161993,C5Q1.F,EUR,331.1600036621094,331.1600036621094,-0.008212003307467741,,,,0.09515794552382789,,-0.018264532831041458,-0.018264532831041458,,,,16
2026-10-09,LU0099574567,FJ2P.F,EUR,99.78800201416016,99.78800201416016,0.01658514966701463,,,,0.16967444078258098,,-0.014109108664772774,-0.014109108664772774,,,,16
2026-10-09,LU0107398884,JPJF.F,EUR,26.26300048828125,26.26300048828125,-0.0015207014007696529,,,,0.13061190867819644,,-0.051372581317871924,-0.051372581317871924,,,,16
2026-10-09,LU0113257694,ZPJS.F,EUR,24.17099952697754,24.17099952697754,-0.0009506785538144769,,,,0.037662033777263335,,-0.009802326336384115,-0.009802326336384115,,,,16
2026-10-09,LU0114722498,FJRQ.F,EUR,75.39199829101562,75.39199829101562,-0.0024479031910769056,,,,0.10722125590733254,,-0.029079242633507807,-0.029079242633507807,,,,16
2026-10-09,LU0119750205,IUGL.F,EUR,30.88400077819824,30.88400077819824,-0.0045126156811182705,,,,0.08640996427981597,,-0.03389407363607011,-0.03389407363607011,,,,16
2026-10-08,LU0131510165,0P00001UFS.F,EUR,874.3499755859375,874.3499755859375,-0.023170910910931375,-0.05676558764603146,-0.045271423202609906,-0.0352638965240919,0.08600180848263221,0.09619318325930579,-0.08816447952427098,-0.09055449807103866,-0.030801875957734204,-0.058695811246791685,-0.045463205843268795,1091
2026-10-08,LU0138007074,0P000026CA.F,EUR,9537.4296875,9537.4296875,0.023524875713396343,0.02694240009808513,-0.021680675316177567,0.028978803917110385,0.13918970223660918,0.17423866675969932,-0.09038874185237777,-0.18821294351051976,0.017477352669101665,-0.006649795509972689,-0.013065762019863092,1091
2026-10-09,LU0141799501,0P000013Y8.F,EUR,40.0713996887207,40.0713996887207,-0.004452088257418163,-0.020922269101611102,-0.024504587564057045,-0.0077136745374964955,0.04008435576683506,0.026017355160224395,-0.02892229230975707,-0.02912220284095368,-0.009809519813642198,-0.019095901257219494,-0.015259414440242591,1085
2026-10-09,LU0147396450,0P00000SKL,USD,77.7458886938309,77.7458886938309,0.017262189323040467,0.030748057609116808,0.014412927323686597,0.08835548206172361,0.09966122463068777,0.09106903481137643,-0.02794189737695174,-0.05847591595879342,0.014087695496380226,0.017134447600535285,0.0546593245082434,1010
2026-10-09,LU0147409709,0P00000LM2,USD,74.80989194317394,74.80989194317394,0.18178844365368407,0.17492278914847215,0.18319525149464466,0.10228167181916792,0.5669724120574441,0.37089116485991935,-0.08322682207633625,-0.1619830152579782,0.15037980913849713,0.18674235496459057,0.17703368512464723,1018
2026-10-09,LU0154236920,0P00000S3T,USD,82.10079814435109,82.10079814435109,0.03215633333075463,0.04856773273528869,0.021601241542942518,0.17352982646609427,0.15896959488348167,0.15910330501641945,-0.05760712843206328,-0.07975715410368611,0.028551240619308915,0.03872293354581746,0.10931611566303334,1020
2026-10-09,LU0173614495,FJRH.F,EUR,58.8849983215332,58.8849983215332,0.037109416466474254,,,,0.25858089744208335,,-0.028788400803904657,-0.028788400803904657,,,,16
2026-10-09,LU0202403266,FJ2E.HM,EUR,544.5709838867188,544.5709838867188,0.0009594221209399123,,,,0.124342575917129,,-0.01854672404959934,-0.01854672404959934,,,,16
2026-10-09,LU0227384020,XE67.F,EUR,17.906999588012695,17.906999588012695,0.016461315696990386,,,,0.07613680978998673,,-0.010616142300232778,-0.010616142300232778,,,,16
2026-10-09,LU0231205187,TESU.F,EUR,60.05500030517578,60.05500030517578,-0.015152753980709366,,,,0.11024755995582287,,-0.041722019404687116,-0.041722019404687116,,,,16
2026-10-09,LU0246036288,0P000026OM.F,EUR,301.4316101074219,301.4316101074219,0.00497036158258779,0.021710641665179775,0.008159434623781658,0.048695992848239555,0.11963181542276566,0.10878395132263359,-0.053226897145107865,-0.11572868599376362,0.0070585577701389735,-0.0067463081615014575,0.026896005888518815,1120
2026-10-09,LU0248178732,0P00002A0A.F,EUR,506.7258911132813,506.7258911132813,0.021401746516173326,0.027875159340392752,-0.008063919217074833,0.10198267889455259,0.12669945590189133,0.12816484230976022,-0.07194186720603224,-0.07648822010872047,0.023243199777741586,0.00659604603105679,0.06450012173745234,1087
2026-10-09,LU0260869739,FLX6.MU,EUR,37.63399887084961,37.63399887084961,0.02946083342950856,,,,0.1019997738781201,,0.0,0.0,,,,16
2026-10-09,LU0261952419,FJR3.F,EUR,39.64699935913086,39.64699935913086,0.0012879757268262626,,,,0.08506736339557,,-0.015832799208103987,-0.015832799208103987,,,,16
2026-10-08,LU0261953904,IPGU.MU,EUR,31.87800025939941,31.87800025939941,0.0016653415613323563,0.00688567318502753,-0.0006270128946644915,0.03114990507370141,0.018825358053300087,0.01442479748242738,-0.007461309937927263,-0.018100128537090643,0.00231414238058969,0.004211159107841755,,198
2026-10-09,LU0266009793,XRUG.MU,EUR,135.3990020751953,135.3990020751953,-0.001622200542376162,,,,0.026784068911939258,,-0.013040509510160003,-0.013040509510160003,,,,16
2026-10-08,LU0266012235,0P00006CAL.F,EUR,164.35000610351562,164.35000610351562,-0.0032144515017061837,-0.02780240676365553,-0.0693130442732145,-0.01845434957498837,0.07506729407298676,0.09405374071920562,-0.09994523214667406,-0.09994523214667406,-0.012165319892543769,-0.041559031793308554,-0.026562629668531734,1092
2026-10-08,LU0274211480,DBXD.DE,EUR,231.5,231.5,-0.00537056928034374,-0.022794402851880058,-0.004729174869522845,0.02252652933306809,0.13246206272990496,0.11876476798409633,-0.06596734194425213,-0.12282175414505347,-0.021689749723488583,-0.039167918184979555,-0.003699009705250056,1289
2026-10-09,LU0278272843,TGD0.MU,EUR,61.14300155639648,61.14300155639648,0.012267824308946684,,,,0.07034160874519538,,-0.010646624696997509,-0.010646624696997509,,,,16
2026-10-09,LU0278937759,AEF5.F,EUR,35.441001892089844,35.441001892089844,0.02676952362090912,,,,0.16753394075576689,,-0.011048817574366931,-0.011048817574366931,,,,16
2026-10-09,LU0280435388,P3IA.F,EUR,230.47900390625,230.47900390625,0.012031340755236153,,,,0.2056437125754437,,-0.030578421907850206,-0.030578421907850206,,,,16
2026-10-09,LU0284394235,5L42.F,EUR,192.3939971923828,192.3939971923828,-0.008809744670146502,,,,0.07890280597549296,,-0.018417994790008496,-0.018417994790008496,,,,16
2026-10-09,LU0289089384,JP5D.F,EUR,38.41299819946289,38.41299819946289,0.0023483634767365036,,,,0.10557733018748391,,-0.025664566210303885,-0.025664566210303885,,,,16
2026-10-08,LU0290356871,DBXP.DE,EUR,173.72999572753906,173.72999572753906,0.002192036980930512,0.001469892578480625,-0.0015230288059145947,0.0008641196848837573,0.013915345516300092,0.012784473106979418,-0.007166403773139596,-0.01239343130496584,0.001621490047454488,-0.0009184211587072166,-0.0007247600083973849,1289
2026-10-08,LU0290357259,0MUJ.IL,EUR,242.1999969482422,242.1999969482422,0.002587188276499841,,,,0.05229148589104125,,-0.01818738487304261,-0.01818738487304261,-0.00684282646431833,,,20
2026-10-08,LU0290357846,DBXG.DE,EUR,230.1100006103516,230.1100006103516,0.015265858403011645,-0.01767342322155141,-0.06413699348988122,-0.0830809911767646,0.13200821878663843,0.10721982658980633,-0.08774402624081823,-0.134956736579534,-0.009802571015470884,-0.03357274911995123,-0.07250285839445603,1289
2026-10-08,LU0290357929,XGIN.DE,EUR,212.3000030517578,212.3000030517578,-0.0013640965761715362,-0.01772082424710697,-0.02623613021103688,-0.03085910062163555,0.03948002360019661,0.03477183833024951,-0.02898617863137931,-0.04842036197923849,-0.007243427679433312,-0.016632474921108198,-0.02735700437825117,1289
2026-10-08,LU0290358497,XEON.DE,EUR,150.42799377441406,150.42799377441406,0.0003857063184804499,0.0018047516794810203,0.005185370151473467,0.01017372188308796,0.0015505139411912951,0.0014145057099408562,-0.00011318309784169589,-0.00028315894672692465,0.0008422610630418603,0.002172081097796541,0.00825576074130363,1289
2026-10-08,LU0292096186,XGSD.DE,EUR,37.98500061035156,37.98500061035156,-0.004063942888760108,-0.01847545577499321,0.0038162505983052597,0.0759416734442886,0.08770924050878379,0.08143931082198938,-0.03786724795387575,-0.03786724795387575,-0.018120226309781606,-0.02384880857007876,0.05152542538585303,1289
2026-10-08,LU0292097747,XASX.L,GBP,580.6352767060134,580.6352767060134,0.007165765452568085,-0.011849688892385801,-0.018866640761332154,0.007705028795775615,0.14252632970012818,0.1258803765261087,-0.06465785014607517,-0.11277113453442278,-0.01379590118009888,-0.03146191458398617,0.0064739607868304905,1276
2026-10-08,LU0292103222,DXSE.DE,EUR,217.5500030517578,217.5500030517578,-0.00820607705343912,0.00022989908854165186,-0.054130421514096416,-0.010011362676869973,0.17712952226601195,0.16819642881163346,-0.08951461788163362,-0.12667634179434772,-0.017433712558563963,-0.03711243553961119,-0.04100997888344682,1289
2026-10-08,LU0292105359,DXSK.DE,EUR,138.02000427246094,138.02000427246094,0.02846503286950175,0.011283767534666866,-0.0521905720338095,0.05552164324422226,0.15031729014058345,0.1669285515662515,-0.09250748906460371,-0.16959672496210454,0.009375621843245918,-0.008898484700626819,-0.00877036109653151,1289
2026-10-08,LU0304955437,0P00009UZB.F,EUR,667.6300048828125,667.6300048828125,0.026333597052747848,0.06446108400654138,0.00038960361947260047,0.0894211873843882,0.14449708657616672,0.17467445992784736,-0.08999620876453229,-0.1709681485622948,0.033007241939414955,0.020739220174701645,0.029833287771032113,1088
2026-10-09,LU0329355670,FHQV.F,EUR,418.4119873046875,418.4119873046875,-0.002298700352704075,,,,0.1884574660951106,,-0.025866268891559963,-0.025866268891559963,,,,16
2026-10-09,LU0352312184,ALW3.F,EUR,259.9200134277344,259.9200134277344,0.0005389739360051049,,,,0.08975609743672208,,-0.016772322500121395,-0.016772322500121395,,,,16
2026-10-09,LU0386882277,PBFH.MU,EUR,429.1029968261719,429.1029968261719,0.02730689017647636,,,,0.06636224193419828,,0.0,0.0,,,,16
2026-10-09,LU0390135415,FT94.F,EUR,95.9499969482422,95.9499969482422,0.017464932397868393,,,,0.14774949392305237,,-0.015523535833662505,-0.015523535833662505,,,,16
2026-10-08,LU0392098371,0P0000JND6.F,EUR,150.86000061035156,150.86000061035156,-0.0021166297190921,-0.006519627615221735,-0.029214887158599323,-0.021025343055389722,0.05008568012876953,0.04017363029325959,-0.03812145616632312,-0.03812145616632312,-0.002327860386944769,-0.016686218809359943,-0.02218047568300674,1125
2026-10-08,LU0413543058,0P0000JC7Q.F,EUR,63.290000915527344,63.290000915527344,-0.008304587618790826,0.024441601911078026,0.021300623992617007,0.11386837830786689,0.22790713726575867,0.24349956759713384,-0.06738582896008938,-0.1483880728068636,-0.0029066539701803062,0.015424722746126607,0.06170612729567204,1155
2026-10-08,LU0478205379,D5BG.DE,EUR,160.7449951171875,160.7449951171875,0.002525874944161899,-0.0007460315909519899,-0.01540487243825761,-0.011317228038855487,0.033926721421839924,0.03139402521466469,-0.02458846620350119,-0.02992194790383662,0.0014780964930356522,-0.007156753269590754,-0.012108604889683794,1289
2026-10-08,LU0496786574,LYPS.DE,EUR,71.69599914550781,71.69599914550781,0.022563265085829398,0.061156769461284455,0.052526544062617475,0.148201492644908,0.0834801236783901,0.1054996034872653,-0.03006542521461386,-0.07117796160306766,0.026949987208938486,0.03918029257420996,0.11314914230997464,1289
2026-10-08,LU0514695690,LU0514695690-USD.LU,USD,15.640981281278044,15.640981281278044,0.004357476278574968,-0.0029316939492858296,0.007333519030711333,-0.05912681210936521,0.20486136790079204,0.16884945963015363,-0.06497211750149956,-0.20339320201876643,-0.0019111821122050898,-0.011157736697918197,-0.041684525355100366,1319
2026-10-08,LU0533033667,TNOW.MI,EUR,1320.969970703125,1320.969970703125,0.027456443372895434,0.11362432321512594,0.14480705542452155,0.2963267858447747,0.16072076015059045,0.20299628324222704,-0.06163001521082834,-0.15633227391759896,0.05036872222815458,0.08723222207541892,0.22826523972466495,1285
2026-10-09,LU0568621618,LU0568621618-USD.LU,USD,117.44876189009128,117.44876189009128,0.004700863274965217,0.03740155848685811,0.029456216421214654,0.0649409879551297,0.04241128418938919,0.045309088420585654,-0.02485952922150525,-0.036101772405168986,0.01541634352230048,0.02976213716777454,0.04905269028202652,1086
2026-10-08,LU0571100824,0P0000ZJKU.F,EUR,185.9600067138672,185.9600067138672,-0.0071012153341996065,-0.012793908084039796,-0.029588258751090057,0.018345140421218042,0.07781174303445991,0.0653734530689956,-0.04120063645098815,-0.05433553960763737,-0.0025771971505671454,-0.013356473990412732,0.00956637781768599,1075
2026-10-08,LU0616241476,LU0616241476.LU,EUR,127.38999938964844,127.38999938964844,0.0025972126349402824,-0.006860566410703983,-0.03103370953960405,-0.030000779612222472,0.04529756371808349,0.040600336996161494,-0.03762420553425372,-0.05959529091455673,-0.0019899101609562875,-0.0164620499227901,-0.03147424114432107,1135
2026-10-09,LU0616856935,FP7X.F,EUR,229.94000244140625,229.94000244140625,0.1574432930018197,,,,0.38953089166728155,,-0.03851045224174454,-0.03851045224174454,,,,16
2026-10-08,LU0641745681,0P0000V07V.F,EUR,121.16999816894533,121.16999816894533,-0.005743862819896028,-0.0007422395324060416,-0.010129935920816235,-0.015918128223772254,0.07181509461559456,0.064778088025111,-0.024181085085478227,-0.09149679928668508,0.00042931485643049605,-0.0013500090447590152,-0.01347446890201398,1121
2026-10-09,LU0702159772,FJR9.MU,EUR,42.42499923706055,42.42499923706055,0.01850962502699338,,,,0.06779265709761148,,-0.00979419352791,-0.00979419352791,,,,16
2026-10-08,LU0740858229,0P0000VOBL.F,EUR,174.44000244140625,174.44000244140625,0.00559175196793249,-0.007340768892596383,-0.0101571431057641,0.016490891096028415,0.05097136607227773,0.05074063246064659,-0.02888654493120857,-0.04437875007878134,-0.0027612028913304165,-0.010139190997127678,0.009823857648177947,1024
2026-10-09,LU0772926084,O7Z0.MU,EUR,146.08999633789062,146.08999633789062,0.00346185627605311,,,,0.032636928813405505,,-0.009187714793494006,-0.009187714793494006,,,,16
2026-10-08,LU0823410724,9XQ0.MU,EUR,622.291015625,622.291015625,0.01062614890446123,-0.011189612017931894,-0.031745986523326275,0.07467207353749084,0.06312298623839445,0.06527855971898416,-0.0600171329242104,-0.07647265690006522,0.004479100212923415,-0.018821115208233596,0.04239576552137003,206
2026-10-09,LU0823425839,ZSRD.F,EUR,179.97900390625,179.97900390625,0.013201308225060382,,,,0.184865930466716,,-0.037130542946548384,-0.037130542946548384,,,,16
2026-10-08,LU0839027447,XDJP.DE,EUR,40.19499969482422,40.19499969482422,0.013745224412907042,0.08737994126614934,0.08997085894980694,0.22508161879604138,0.23498640735937903,0.25267394753768535,-0.0812759262171806,-0.1601806331877259,0.0426583153158846,0.06631993997515684,0.16846426552340366,1287
2026-10-09,LU0840617350,AH8J.F,EUR,239.6360015869141,239.6360015869141,-0.0015416078025902724,,,,0.13469744984961143,,-0.01993498135387739,-0.01993498135387739,,,,16
2026-10-08,LU0870553459,0P0000XTFE.F,EUR,267.3900146484375,267.3900146484375,-0.011021860866840538,-0.006280555998817272,-0.01795939530183066,-0.0056894195407588555,0.12146348336895009,0.11134108354127133,-0.05973221599170342,-0.09784224955302956,-0.014609984986916347,-0.026155602707707004,-0.0028509122194471104,1125
2026-10-09,LU0914729966,TC60.MU,EUR,359.489990234375,359.489990234375,0.025181048537186612,,,,0.06026095993920598,,0.0,0.0,,,,16
2026-10-08,LU0914731947,0P000100RL.F,EUR,185.00999450683597,185.00999450683597,-0.010588859982682441,-0.028563940816888733,-0.037358904434996676,0.03173091094252212,0.1465161782362942,0.12437348294540611,-0.06380933570448621,-0.11271244330571528,-0.01971851141277281,-0.03324620318177707,0.0055475753414315765,1112
2026-10-08,LU0914733059,0P00011IV8.F,EUR,206.97999572753903,206.97999572753903,-0.01311209677213998,-0.038420461196102096,-0.044148877135880116,0.020863110863324374,0.19875283966896365,0.1644994800380677,-0.08204718977533887,-0.11810523160610065,-0.020843406527508712,-0.04004647268985351,0.003177986310938463,1112
2026-10-09,LU0922334643,FPG6.MU,EUR,41.55799865722656,41.55799865722656,0.0,,,,0.012694460148881544,,-0.004121756216068917,-0.004121756216068917,,,,16
2026-10-08,LU0935222066,0P00010URS.F,EUR,112.3000030517578,112.3000030517578,0.00017816416706817328,-0.002309830423553705,-0.004609082117293051,0.003664345914254241,0.018546338723899002,0.012631975686953581,-0.009293707032744347,-0.01584492251204206,0.0013196678426969921,-0.0023612559236848574,-0.0016326537300789257,1100
2026-10-09,LU0941349275,I4G0.MU,EUR,138.34500122070312,138.34500122070312,0.0,,,,0.0,,0.0,0.0,,,,16
2026-10-08,LU0992632538,0P00013N23.F,EUR,137.7899932861328,137.7899932861328,0.00072620265054546,-0.013601611583265671,-0.02179474166488926,-0.008348353275181908,0.030321105444723696,0.024911002767178923,-0.028597570488669177,-0.034728582145374776,-0.006403370344095993,-0.016585136237623255,-0.013121541375870849,1110
2026-10-08,LU1033933703,0P00012DVG.F,EUR,331.5599975585937,331.5599975585937,0.024186780052950496,0.05541939837772558,0.03225400049139737,0.12074094667005686,0.08654304916013927,0.10745585718690606,-0.04620943451539339,-0.07255281524046797,0.023691937015877018,0.02880249033170368,0.07946044081123693,1123
2026-10-09,LU1100076550,1SCD.MU,EUR,230.08799743652344,230.08799743652344,-0.002864564976141959,,,,0.053807321096070095,,-0.011411704799106248,-0.011411704799106248,,,,16
2026-10-08,LU1109942653,XHYG.DE,EUR,15.369999885559082,15.369999885559082,-0.002271979748055375,-0.010844029244416964,-0.01757005109526455,-0.003283855643192668,0.04260029932149401,0.034103819025970684,-0.022411735465554417,-0.028147873491851882,-0.0073239839284006125,-0.014267246540741962,-0.008641100362488996,1289
2026-10-08,LU1159238036,LU1159238036.LU,EUR,24.88909912109375,24.88909912109375,-0.006613539611314945,-0.02115471442617023,-0.02541687541432114,0.047732694981101664,0.13411580114445867,0.11945532881880822,-0.05780567356099553,-0.10213260250245715,-0.02009684952013535,-0.03296473813722356,0.017582144998409932,1087
2026-10-08,LU1160356009,0P0001678E.F,EUR,1479.77001953125,1479.77001953125,-0.011965041214187622,-0.00016891663403251211,0.03711055019934539,0.0982165756625637,0.1391285626399254,0.16578981399071518,-0.07070805382953571,-0.1200729496753532,-0.010506961402956816,-0.01824176704968683,0.04852195702290252,1084
2026-10-08,LU1161083644,0P00016MO1,USD,19.85672591792914,19.85672591792914,0.003154439679616594,-0.013873564770743863,0.01367615653344556,0.05311129574569318,0.11725286419011585,0.1025781249282905,-0.04095702247337407,-0.07086191472608194,-0.009419317095095026,-0.020646536681907746,0.038012857666886335,1028
2026-10-09,LU1161527038,EDNN.MU,EUR,233.7469940185547,233.7469940185547,0.0,,,,0.011740216577846203,,-0.0059114449389737755,-0.0059114449389737755,,,,16
2026-10-08,LU1183791794,0P00016RHQ.F,EUR,172.3820037841797,172.3820037841797,-0.006111539018157863,-0.030003267029660385,-0.07083214245912406,-0.022129194937748453,0.19826535132056436,0.15871536135816178,-0.07573178620439225,-0.10652983119589832,-0.01662244617706843,-0.03505617702590269,-0.018602476683191593,1119
2026-10-08,LU1291097779,EEMK.PA,EUR,17.503799438476562,17.503799438476562,0.005070126861596469,0.023099424136500124,0.05729281217362958,0.11107018919605749,0.21842166846292252,0.2098191121176837,-0.059146045471190845,-0.13262607355357947,0.003576803275207485,0.02032141402246057,0.09055548962291682,1295
2026-10-08,LU1291098827,EEMU.PA,EUR,19.96199989318848,19.96199989318848,-0.007112641248632534,-0.02218961557794097,-0.025054968435825886,0.047434111755334296,0.14353346880411844,0.1208224493369059,-0.060390722304683786,-0.10277607011442924,-0.02104349633409386,-0.035435032091657326,0.01488131350797417,1295
2026-10-08,LU1291102447,0E4H.IL,EUR,9.553000450134276,9.553000450134276,0.0,0.0,,,0.0,0.0,0.0,0.0,0.0,0.0,,57
2026-10-09,LU1301026388,2QJ0.MU,EUR,210.28700256347656,210.28700256347656,-0.0021826714882473564,,,,0.007785763751214085,,-0.0021826714882473564,-0.0021826714882473564,,,,16
2026-10-08,LU1303940784,0P00018KOU.F,EUR,27.86000061035156,27.86000061035156,-0.014154268056993158,-0.022799004325219308,-0.013456061042721457,0.00650290112685159,0.0914841746528508,0.08450158748774915,-0.039641489467668545,-0.10474171860749526,-0.01652073437541335,-0.023901430217842634,-0.0015589235050377237,1116
2026-10-08,LU1329694266,0P00018EGL.F,EUR,235.83999633789065,235.83999633789065,-0.0025798292164286307,0.012493039769935876,-0.010945693620277419,0.033388813760536706,0.07853133265717606,0.10192914801171868,-0.03642784744532068,-0.08607298754556802,4.221676581872558e-06,-0.0032652663090981804,0.027678544544128547,1124
2026-10-08,LU1379103812,0P00018FWZ.F,EUR,648.97998046875,648.97998046875,0.015983782308681915,-0.005242249873280036,-0.0036539009707940995,0.11685131372949598,0.12246185937716372,0.13769641953316017,-0.049243678720523265,-0.07933928105110122,0.009536417095584282,0.00031378931344216987,0.07254978798953426,1085
2026-10-08,LU1435385593,0P00019846.F,EUR,315.29998779296875,315.29998779296875,0.019497523178785725,0.013370100111461669,0.04169418337044006,0.037478148114936216,0.14212447353917926,0.1732516693630201,-0.06464263345394483,-0.18107797123110614,0.0068158512101432756,0.008482989846862576,0.03238857490589986,1134
2026-10-08,LU1486845537,0P00018X0B.F,EUR,116.3280029296875,116.3280029296875,0.0001462107698104731,-0.0024011969606996253,-0.0027175937459958943,0.005349655583036128,0.009954324487531226,0.007399333207990475,-0.005891230541061776,-0.00857780195084168,-0.000919373260400036,-0.0029116650543065115,0.002161864528727575,1105
2026-10-08,LU1530899142,0P00019MC0.F,EUR,2632.43994140625,2632.43994140625,0.012290023833115171,0.07296754132265937,0.05072318091435801,0.2989504467129367,0.16303286909431064,0.20264875224609563,-0.08865396505831491,-0.170881689258088,0.029522012329344705,0.047097983640332686,0.15232854650038274,1068
2026-10-09,LU1582988058,0P0001CGZV.F,EUR,12.591500282287598,12.591500282287598,0.003346732167575306,-0.007394353464319603,-0.010693281869668003,0.0010016730183541878,0.07040752495610025,0.05877796709932354,-0.029462958786554028,-0.056615818138602614,-0.0031390431542318575,-0.010418189097915698,-0.0002195604440460297,1105
2026-10-08,LU1598757687,MT.AS,EUR,54.220001220703125,54.220001220703125,-0.04441311919664659,-0.16171921823005364,-0.06231679288013914,0.042559405968917385,0.3212343189393969,0.29023006485256375,-0.19721645712566127,-0.2619465623536297,-0.10936625727400284,-0.13537227840829558,0.0024618994926963733,1295
2026-10-08,LU1623762843,0P0001FE3K.F,EUR,155.22999572753906,155.22999572753906,0.0008381019916703369,-0.012971377182566135,-0.025304526675240413,-0.016411173973391535,0.03042409375812124,0.022960420918437592,-0.03044159596713014,-0.033830679736593705,-0.0044573033958617,-0.016035798603715734,-0.020122456998482807,1120
2026-10-09,LU1670631289,0P0001DFNP.F,EUR,11.435099601745604,11.435099601745604,0.01010537449874116,-0.019414344279086837,-0.026062353733553256,-0.021135127125960218,0.06227950275315255,0.04731764588820625,-0.04070649056400644,-0.05265460607611028,-0.0048326643150521376,-0.017482084679968368,-0.017238432480247368,1103
2026-10-09,LU1670707527,0P0001DFNB.F,EUR,22.26619911193848,22.26619911193848,0.0001302219315837405,-0.032396588476950594,-0.02214712312473288,0.024982154412404034,0.09341970267773013,0.08794813435112159,-0.07193756033160081,-0.092062237404823,-0.01866640273382969,-0.03732533109976832,0.011240728577335046,1105
2026-10-09,LU1670719613,AN0B.MU,EUR,13.534000396728516,13.534000396728516,0.003708112575720568,,,,0.016873756645270816,,0.0,0.0,,,,16
2026-10-08,LU1681043912,CC1.PA,EUR,254.0500030517578,254.0500030517578,-0.01070866383151059,-0.01759475229840668,-0.0744990781356728,-0.14748321123571206,0.14491073639504318,0.16013898950931454,-0.10545773573324713,-0.21065714390557289,-0.01921609808293201,-0.05035136202385859,-0.11048396940042637,1295
2026-10-08,LU1681044480,AASI.PA,EUR,59.08000183105469,59.08000183105469,-0.0021955287185954075,0.024094353222989584,0.04975129908474352,0.12224881809473898,0.23247536402846833,0.2357406522682983,-0.07216496769438652,-0.16060702050246078,-0.0016981672987222973,0.017708293635235295,0.09178383995850403,1295
2026-10-08,LU1694789535,0P0001CH1E.F,EUR,129.8000030517578,129.8000030517578,0.005500090897893939,0.004566181466093111,0.003013672657538269,0.009409804404128863,0.031202906761315048,0.022516823350239256,-0.011394223839352846,-0.021087619460482876,0.006018306667818996,0.0032385226322961813,0.0073471399292757145,1125
2026-10-09,LU1819480192,EHQ6.MU,EUR,333.1809997558594,333.1809997558594,0.058470146142644674,,,,0.16659250527422714,,-0.004258703806849229,-0.004258703806849229,,,,16
2026-10-08,LU1829219390,BNKE.PA,EUR,365.6000061035156,365.6000061035156,-0.02998139553186696,-0.0873689452489822,-0.03420943628859818,0.12578559614247742,0.2695690862338045,0.21551319316779796,-0.10006152343749997,-0.17132240226421158,-0.06869517772280187,-0.08040424682826786,0.0414954763719797,1295
2026-10-08,LU1829221024,UST.PA,EUR,112.72000122070312,112.72000122070312,0.025286508255068618,0.10121141606659845,0.08384616558368396,0.21088426119020642,0.1411348069929173,0.16832330004677817,-0.05701923370361328,-0.1004836368906451,0.042087511523177135,0.07104104171513015,0.16084650681528734,1295
2026-10-08,LU1861137484,EUSRI.PA,EUR,88.81999969482422,88.81999969482422,-0.005486483900618788,-0.007708662997863547,-0.0358228718342094,0.02133045978322401,0.11192639915882209,0.09961432705425781,-0.05076413396913526,-0.1023277887365529,-0.014014934980717264,-0.02940842981061531,0.002477235356001639,1295
2026-10-08,LU1861138961,MSRU.L,USD,73.09391032790542,73.09391032790542,0.014085345541279048,0.04198531652575754,0.044853053164622736,0.09794910197125017,0.22361511321516217,0.20876649447608764,-0.05935982907895532,-0.11701396963064925,0.007272938345087798,0.030019569312607297,0.09074193460351876,1276
2026-10-08,LU1876459212,0P0001FKPX.F,EUR,4308.8701171875,4308.8701171875,-0.03248860226484451,-0.07575437338929847,-0.0392322799861643,0.03401629807006157,0.13646061919590308,0.10990969997067762,-0.08054489432987655,-0.09673177833130864,-0.040708855902084395,-0.05699982994813668,0.011985213225088831,1038
2026-10-08,LU1900066462,CEC.PA,EUR,46.70500183105469,46.70500183105469,0.0012863409304786355,-0.04253786388208891,0.046141815481441695,0.09919981139289957,0.21518955635960804,0.1769724741888505,-0.060816930776576905,-0.09557020854051512,-0.032371646848128655,-0.025493010068817767,0.09067135985773667,1295
2026-10-08,LU1951200481,0P0001H0TE.F,EUR,305.92999267578125,305.92999267578125,0.013919668367504245,0.11466152517844819,0.10691796537704734,0.40651004736320906,0.16977706296052672,0.21586024876155585,-0.07057394559444441,-0.16763490233573852,0.050800279305965645,0.07990206951054701,0.19755084606991868,1103
2026-10-08,LU1951204046,0P0001H0TH.F,EUR,181.63999938964844,181.63999938964844,0.02188466604584205,0.05261939012239214,0.0463133237526423,0.12068112868719161,0.1013493566057955,0.10608038242189224,-0.037086682521467296,-0.13027168506338482,0.02626686675491019,0.03135397940604978,0.06749006328016627,1104
2026-10-08,LU1951225553,0P0001H0TF.F,EUR,196.5200042724609,196.5200042724609,0.010022083953529437,0.07853573915435597,0.0463209275315597,0.226486984413522,0.12577337619835652,0.17307989758109282,-0.07629518509617139,-0.1521618507592264,0.023363129794481186,0.02850099306044518,0.11820088730528644,1104
2026-10-08,LU1951229035,0P0001H0TG.F,EUR,185.55999755859372,185.55999755859372,0.013878227662761589,0.02220018072162544,-0.01129579710102524,0.014709916953201674,0.11768813602557303,0.11600458995990137,-0.06752966028252883,-0.08892292793840006,0.009924522366680621,-0.005281309512393362,0.01592709276726989,1104
2026-10-08,LU1953136527,REUSE.PA,EUR,22.56369972229004,22.56369972229004,0.0060101011947832905,0.015166470153108902,-0.005759176736506499,0.06678110109546842,0.0955754636310889,0.09831916709028507,-0.05256775728678653,-0.07680804811696162,0.0034679636595260632,-0.007453973983421847,0.031937630663618766,1295
2026-10-08,LU2095319849,0P0001JAB0.F,EUR,125.33999633789062,125.33999633789062,0.031095745765171268,0.04545831158551783,0.03262480782731414,0.08622928330767277,0.13720274260569773,0.16691422592460364,-0.06511233426265506,-0.19902491652682908,0.02809331883188282,0.009956101516298776,0.03231648333523207,1104
2026-10-08,LU2147879543,0P0001L9PD.F,EUR,766.989990234375,766.989990234375,-0.006644051333023593,-0.00901841251335489,-0.004878377898962061,0.03701951761751543,0.052677786057329166,0.05368310839614706,-0.02698350705064212,-0.06462585851593328,-0.00623605191851051,-0.013223501008398197,0.010415771819097808,1063
2026-10-08,LU2181906426,0P0001L535.F,EUR,292.3800048828125,292.3800048828125,-0.004494406773426607,0.06265897112931218,0.09595924065017392,0.3587062668602561,0.2581220521471236,0.34130483925609767,-0.14375113430921793,-0.22199790594022362,0.03496613985255759,0.06895683286863896,0.21772056648849314,1114
2026-10-08,LU2210151341,0P0001KKA7.F,EUR,12.0,12.0,-0.009900980750178201,-0.02280128168239337,-0.03147702441614009,-0.02439025903112113,0.04013728447408851,0.05676856026589219,-0.04229846322953712,-0.07407407679948075,-0.010105175546267553,-0.021127334714568624,-0.03542405109494573,1154
2026-10-08,LU2244387457,ASRE.DE,EUR,9.63539981842041,9.63539981842041,0.0024552762394132177,-0.0018439823934012223,-0.014745012362191612,-0.014523308662884649,0.030394793300300725,0.028027571011918252,-0.02183085873843771,-0.033279658736767526,0.00040801723417582814,-0.007788269450504148,-0.015063954634947363,1289
2026-10-07,LU2257980289,0P0001LZLW.F,EUR,187.6100006103516,187.6100006103516,0.020118519246185906,0.017518145362844573,-0.018570846326371737,0.005035637491973999,0.10529845628114555,0.10476101644841349,-0.06649098615167881,-0.0865476736691041,0.017065847334443385,0.0038374956994520204,0.00880805245305094,1041
2026-10-08,LU2358392376,0P0001OOS9.F,EUR,504.7699890136719,504.7699890136719,-0.00154287172016776,0.018194632402767308,0.002442666814707062,0.05105671840431425,0.16982663231581932,0.15393330484468434,-0.059423973779981654,-0.08943559868933093,0.010141013163258217,0.01263662006984001,0.034983813467248215,1055
2026-08-13,LU2459590019,0P0001OS4A,USD,32.7232286283375,32.7232286283375,0.004499105658849034,0.005475125287047744,0.060352602796345245,0.1042763861843663,0.087369021677686,0.09641785958015901,-0.022372601723535612,-0.07641815975661459,0.005937655254111496,0.011429412807712813,0.06785466354049907,971
2026-10-08,LU2533811910,BJLL.DE,EUR,10.102499961853027,10.102499961853027,0.000990857482925378,9.903523256293845e-05,0.0036260656832052263,0.01068074533948149,0.007684128600960061,0.010355042450170892,-0.0014882030882035213,-0.003047524042999572,0.0007503899820127113,0.001327176151096232,0.007824721876430685,784
2026-10-08,LU2611731824,GLDU.AS,USD,63.4004287614108,63.4004287614108,-0.007175235306560723,-0.0746792865000585,0.22756077092072502,-0.05454768754649897,0.29859717604487945,0.46278131147500384,-0.1594085675534097,-0.3623354744639051,-0.03963691927914825,-0.0476615554688784,-0.019591773016688574,1258
2026-10-09,LU2616774076,BJLJ.DE,USD,10.074302977408427,10.074302977408427,0.005496119030216073,0.018759749317915242,-0.010453872215965276,0.005372321034478267,0.08230460147586012,0.075140984413862,-0.0319668142004812,-0.050071814819599214,0.00925319844284922,0.010130990234656911,0.005224245196209454,762
2026-10-07,LU2638914734,0P0001RNZQ.F,EUR,332.8999938964844,332.8999938964844,-0.009019732817430293,0.02626545682663095,0.1750794501966677,0.3063098362907466,0.34614823617997076,0.37459639265774136,-0.09354630872537983,-0.3124012853622107,-0.008506199068225695,0.05408408808984322,0.15892239545686393,709
2026-10-08,LU2707622630,0P0001T0AG.F,EUR,125.73999786376952,125.73999786376952,-0.021783068061396627,-0.09389641858847475,-0.02738243308286803,-0.09740865646858332,0.16906090950178665,0.17261839340348056,-0.09389641858847475,-0.23394246327931445,-0.04476842392672575,-0.056916538760572344,-0.0849816037530301,559
2026-10-08,LU2798962978,0P0001UBP6.F,EUR,143.72999572753906,143.72999572753906,-0.021579294082061717,-0.034656482525770804,0.0013236899142630154,0.02936325074376067,0.11583488552995154,0.0963365937052166,-0.0489645266736507,-0.08982159224906872,-0.0234738874440662,-0.02730163600569202,0.017664122253821857,433
2026-10-08,LU3038520774,DEFS.PA,EUR,5.507999897003174,5.507999897003174,-0.039246452541018995,-0.03840786674732721,-0.019928823992274247,-0.034869439190351015,0.1859729558972778,0.18909568948349453,-0.16747283087748266,-0.2196261406823472,-0.04664647705233005,-0.08867697129005991,-0.07835722260011424,363
2026-10-08,LU3103551860,0P0001XEZ8.F,EUR,114.66000366210938,114.66000366210938,0.004908020994542683,0.018837770831131584,0.01361386914900753,0.07329403441776017,0.0759802877404367,0.0719009953255014,-0.023314487832326813,-0.047610174847362186,0.005899805205217268,0.008837259181350365,0.048578402805621756,264
2026-10-08,NL0000226223,STMPA.PA,EUR,47.98500061035156,47.98500061035156,0.015555568473048842,0.1018466537803806,-0.1411933260258298,0.285328057543224,0.4877714269560442,0.5882098165129387,-0.28376523887730476,-0.3985444317360619,0.04133735910465419,0.05604931683432257,0.13467168794851347,1295
2026-10-08,NL0000235190,AIR.PA,EUR,187.25999450683597,187.25999450683597,0.008943902741008092,-0.04351825684739907,-0.04273592075975374,0.1264436255961039,0.17962143079966708,0.24859745390741833,-0.13834720815864976,-0.2771117091213976,-0.026315410937354344,-0.06545043839542286,-0.004609683619781535,1295
2026-10-08,NL0006294274,ENX.PA,EUR,161.6999969482422,161.6999969482422,0.015065874767777654,0.00873358621229925,0.06591957944080806,0.13395097370329112,0.1549855048394801,0.20684389275481857,-0.05021175377207321,-0.13907785679286322,0.011763221304729843,0.007087586929942491,0.14023780376948758,1295
2026-10-08,NL0010273215,ASML.AS,EUR,1630.5999755859375,1630.5999755859375,0.021039433679359787,0.10609145949959942,0.0213736556687647,0.30914816759683905,0.3426130941223295,0.3915964853447987,-0.14951881917374388,-0.2077144161694917,0.06735614033248516,0.07946434005396652,0.20400215548777823,1295
2026-10-08,NL0010832176,ARGX.BR,EUR,705.5999755859375,705.5999755859375,-0.1615969628626882,-0.17550831309823178,-0.059450860964243124,0.04009426620432066,0.6026259783979755,0.559062694357057,-0.2266550233390563,-0.273723521535453,-0.15978997289455876,-0.15550409297538237,-0.04389340160438904,1295
2026-10-08,NL0011794037,AD.AS,EUR,32.130001068115234,32.130001068115234,0.015165922760514983,0.038461555058724395,-0.09187831083735754,-0.21662518367859807,0.19724723113406453,0.21883945444885158,-0.1452948608359106,-0.25714308631402005,0.011490666149449824,0.009938937048173946,-0.09000857151028163,1295
2026-10-08,NL0011821202,INGA.AS,EUR,29.424999237060547,29.424999237060547,-0.02727275249386618,-0.06985936386381386,0.033869967471696016,0.2346505939012935,0.24867347124806416,0.22987016321028317,-0.0892913034233217,-0.16877161691741893,-0.0635914735135189,-0.0517455550863708,0.12061927516409021,1295
2026-10-08,NL0012969182,ADYEN.AS,EUR,861.5999755859375,861.5999755859375,0.007012622920998801,-0.06245922134283188,0.008899268835992347,-0.11211876142915334,0.3250206885319235,0.49002748618935404,-0.22643068496512253,-0.4839642318575442,-0.025273232170177296,-0.09882020564588367,-0.12366042956496737,1295
2026-10-08,NL00150001Q9,STLAM.MI,EUR,4.001500129699707,4.001500129699707,0.03975577908729888,-0.11987244069085745,-0.23780949910481775,-0.452074470172409,0.38981676417863603,0.3940194691978312,-0.27235772577617223,-0.6304493780603615,-0.035968936198101376,-0.10345195900506643,-0.3373998744612309,1285
