date,asset_id,symbol,quote_currency,close_eur,close,ret_5d,ret_20d,ret_60d,ret_120d,vol_20d_ann,vol_60d_ann,drawdown_60d,drawdown_252d,sma20_ratio,sma50_ratio,sma200_ratio,observations
2026-10-07,AT0000A09ZL0,N550.MU,EUR,361.5700073242188,361.5700073242188,0.003341075514166958,,,,0.04624175897534361,,-0.00810772147945793,-0.00810772147945793,,,,14
2026-10-06,BE0003470755,SOLB.BR,EUR,24.86000061035156,24.86000061035156,0.013866237611762866,-0.05618828905325279,-0.06961073169164766,-0.05438590585329173,0.21879145569647163,0.17314778168600284,-0.10081539508910731,-0.14035087843632954,-0.014469744129274598,-0.0354470978810123,-0.030081169528658802,1293
2026-10-06,BE0974293251,ABI.BR,EUR,67.55999755859375,67.55999755859375,0.03302746150334768,-0.017452073012726443,-0.031258967191742704,0.06984154905754836,0.2312121683179861,0.21911627526695351,-0.1414893593276555,-0.14298171470367416,0.004191534591462265,-0.017400599585518095,0.027170562279952515,1293
2026-10-06,DE0005140008,DBK.DE,EUR,31.405000686645508,31.405000686645508,-0.010866120105653243,-0.12153844233159417,-0.0012720308019368298,0.15103141660500907,0.27185953863733003,0.2463053492211607,-0.13482516628878938,-0.2676722440208219,-0.038359946101249154,-0.052690931045509704,0.05239430348457885,1287
2026-10-06,DE0005190003,BMW.DE,EUR,54.63999938964844,54.63999938964844,0.0025687961403382253,-0.1422292192272957,-0.04675506488911885,-0.3078930418442207,0.23015582947710084,0.254495425253279,-0.14882259699676137,-0.4113455926527245,-0.06795853139609076,-0.08003556857605643,-0.22885319961266049,1287
2026-10-06,DE0005552004,DHL.DE,EUR,56.15999984741211,56.15999984741211,-0.014044930651669008,0.018867941503637242,-0.018525014866785594,0.17389075868056403,0.2207556975456693,0.17757095076408522,-0.05845729999922167,-0.14333072083959342,-0.003159499428404766,0.0012836965061888694,0.11760153944809448,1287
2026-10-06,DE0005557508,DTE.DE,EUR,26.40999984741211,26.40999984741211,0.00037879655402761614,-0.06513274876417308,-0.006769473642077584,-0.10686506188788425,0.2387938061039089,0.28463819034396953,-0.10657986901391259,-0.27769587398998596,-0.033468138173683326,-0.05546336906965721,-0.06845628176076135,1287
2026-10-06,DE0005810055,DB1.DE,EUR,295.29998779296875,295.29998779296875,0.028561412452553503,0.05426626689838665,0.1580391678155637,0.13848548236554015,0.18311536468124018,0.1837077208411396,-0.06009615132693824,-0.1180042995028453,0.04473647757259491,0.05671095198426235,0.19265506825053458,1287
2026-10-06,DE0006048432,HEN3.DE,EUR,73.31999969482422,73.31999969482422,-0.006773232214400293,-0.03450095683896737,0.0024610378271516797,0.1431672547531755,0.20846909295958196,0.18855061417503755,-0.10200500098187815,-0.2432210362584949,-0.000899364283142412,-0.02497407093478632,0.031693394754548576,1287
2026-10-06,DE0007030009,RHM.DE,EUR,953.0,953.0,-0.007705148090325298,-0.09393425008698586,-0.027451805024851783,-0.3477938581156974,0.3178958708254758,0.3410114227704351,-0.22092258007168963,-0.505945745170963,-0.03757303255320921,-0.11808417960167983,-0.2828882308613181,1287
2026-10-06,DE0007100000,MBG.DE,EUR,40.70000076293945,40.70000076293945,0.000860687240234359,-0.14800082953893268,-0.09776102389145458,-0.21745814119573192,0.25605151797409653,0.23227156762268233,-0.17600084570597707,-0.3135133645661471,-0.058028442872142594,-0.0986182321964475,-0.17278563859999374,1287
2026-10-06,DE0007164600,SAP.DE,EUR,188.6000061035156,188.6000061035156,0.01769910775774175,0.0379747345688668,0.37946170581921,0.27697051077105406,0.2739935670254429,0.40307868599035984,-0.0734895059540539,-0.460752560270804,0.02222225107654152,0.04137681468446264,0.14814687710046015,1287
2026-10-06,DE0007236101,SIE.DE,EUR,279.0,279.0,-0.010638297872340385,0.023853211009174258,0.02235253294226691,0.1502782786626644,0.27720296837263564,0.24918117099425305,-0.10953941463317052,-0.20503662867365802,0.031194562921669222,0.010093695700033045,0.0861965700371663,1287
2026-10-06,DE0007664039,VOW3.DE,EUR,68.87999725341797,68.87999725341797,-0.03040545656351845,-0.1711191514056586,-0.04173622863984383,-0.18793668160566968,0.31185353393973425,0.33883042257066726,-0.18796625034899206,-0.33718144146195184,-0.07786229932513378,-0.08522498337474871,-0.16848549739082708,1287
2026-10-06,DE0008430026,MUV2.DE,EUR,512.0,512.0,0.00866823058230426,0.019108292635635626,0.0,-0.05421573525281609,0.16318522767196764,0.16784510796603958,-0.06060606060606055,-0.1969919530344898,0.009981464667736972,-0.003029846999324959,0.016971986171550935,1287
2026-10-06,DE000A0F5UK5,EXV6.DE,EUR,84.02999877929688,84.02999877929688,0.027889893324732462,-0.06902285851412449,0.0585193906707695,0.03303465877904732,0.25304513090067066,0.23565725717332273,-0.10370042531379975,-0.18396071944220127,0.0014778280667036015,-0.008308370463041337,0.051629448627831254,1286
2026-10-06,DE000A0Q4R28,EXV5.DE,EUR,38.22499847412109,38.22499847412109,-0.006368670101580043,-0.08157137301516826,-0.025313845421779946,-0.10822355947029472,0.17865337257399003,0.1739430836503574,-0.09956862748324413,-0.21131735768449988,-0.033984328021693044,-0.05303033846917882,-0.07998374136829345,1286
2026-10-06,DE000A0Q4R85,4BRZ.DE,USD,54.12296111267454,54.12296111267454,0.2009372986021447,0.14547173083168596,0.2100430460897671,0.09828857118287804,0.6194989325919499,0.39596318981695805,-0.08221780748007512,-0.1777901213915941,0.14928357589332042,0.20036403054190832,0.22257617482669612,1287
2026-10-06,DE000A1EWWW0,ADS.DE,EUR,145.14999389648438,145.14999389648438,-0.0041166799555102385,-0.018261833585186737,-0.1962902049223194,0.020876643227140113,0.25708323783754217,0.3503352700914999,-0.22437826584589193,-0.328630068972118,0.006849877276097205,-0.043177360049554636,-0.058589880114206405,1287
2026-10-06,DE000A2JJ1W5,0P0001FAJ5.F,EUR,125.36000061035156,125.36000061035156,0.008690069533816347,0.0,0.002318708852921958,0.010641725935838675,0.05001101301340775,0.04157679207439097,-0.02422855115623168,-0.04542575052266418,0.007611754973144036,0.001018913744318839,0.0048644130761146265,1251
2026-10-06,DE000BASF111,BAS.DE,EUR,51.08000183105469,51.08000183105469,0.022827457663084694,-0.0482578055944346,0.03358971516823117,0.006986016836348696,0.22566133252431672,0.21203946777396374,-0.07956021592594587,-0.13370372630931704,-0.005553333699242491,-0.009941255056598264,0.045537446227175815,1287
2026-10-06,DE000BAY0017,BAYN.DE,EUR,44.43999862670898,44.43999862670898,-0.09083474517971113,-0.10058695073975876,-0.09527688124882894,0.07754674785580762,0.30747554823428663,0.24745468226702447,-0.1346456743172123,-0.3065455353648504,-0.07795093698734235,-0.08320476821198486,0.033339542071514794,1287
2026-10-06,DE000DTR0CK8,DTG.DE,EUR,40.90999984741211,40.90999984741211,-0.02964895646404342,-0.09088889227973085,-0.04460532136909323,-0.012196495720394496,0.2061483184900838,0.2266935977626982,-0.17983867829349498,-0.17983867829349498,-0.04320880759099899,-0.09209539883295692,-0.021793950176813515,1228
2026-10-06,ES0113211835,BBVA.MC,EUR,24.280000686645508,24.280000686645508,-0.035742637316222625,-0.04220906030464455,0.07576433384770609,0.23782824215966913,0.23307687325151333,0.2315628906254888,-0.06611571488643209,-0.18701772533483707,-0.02096770671850412,-0.01976613689281137,0.153461496363148,1291
2026-10-06,ES0113900J37,SAN.MC,EUR,12.520000457763672,12.520000457763672,0.0007993787928755047,-0.03185893112815186,0.04472632197569104,0.17806093065235262,0.3049232400324377,0.25303856489613324,-0.08832613365165665,-0.171891814315276,-0.0015868955403404161,-0.007004858116672397,0.12701742172823516,1291
2026-10-06,ES0148396007,ITX.MC,EUR,53.81999969482422,53.81999969482422,0.01013515255066344,-0.047770713748615634,0.0018614756487116413,0.007799260039980327,0.21836249833103627,0.20567112451438463,-0.12453463596749692,-0.14986185286846476,0.011464000438234923,-0.037656908959904034,-0.005509969694197814,1291
2026-10-06,FI0009000681,NOKIA.HE,EUR,9.60200023651123,9.60200023651123,0.048024508660460485,0.04574167599274004,-0.060930158290167014,0.12805857230455797,0.575208070912953,0.5807648009711691,-0.26102772675457686,-0.4829458829898745,0.04474041296635756,0.08303332898987392,0.11349766037001041,1269
2026-10-06,FR0000003196,0P00000QEY.F,EUR,479.0899963378906,479.0899963378906,0.005351046601008269,-0.012348458811302976,-0.027603576358611215,-0.018941721074183238,0.049489628539128305,0.03716310352780854,-0.03434210831129392,-0.05328822889222562,-0.0005726448540013251,-0.012857649621684897,-0.02500693477857585,1252
2026-10-06,FR0000003998,0P00000I2M.F,EUR,3361.3701171875,3361.3701171875,-0.008407401763122935,-0.02207575323659905,-0.021056131291740443,0.05570337620732868,0.1283210112637848,0.11541365040875981,-0.06593405688973897,-0.1083091867769127,-0.0067786044504051235,-0.024673563424870038,0.024552867204941098,1250
2026-10-06,FR0000027609,0P00000H0V.F,EUR,5094.0498046875,5094.0498046875,0.005576612003865611,-0.006802601925025464,-0.011136758031292215,0.0027144358160204884,0.034090602022260344,0.022604176366139032,-0.01782235577681579,-0.01824339485090609,0.0007417734481403038,-0.004819908102015491,-0.00376038506080989,1248
2026-10-06,FR0000045072,ACA.PA,EUR,17.114999771118164,17.114999771118164,-0.040100962178763355,-0.08353411136138433,-0.040100962178763355,0.03918488763072925,0.19007282319450153,0.2007056155606747,-0.16410893113130887,-0.16688568702410778,-0.047300977331501626,-0.08488660099153855,0.0005002002601468547,1293
2026-10-06,FR0000051807,TEP.PA,EUR,70.04000091552734,70.04000091552734,-0.01959688519085878,0.015072477036628174,0.310628793327135,0.3591893618136417,0.3273036052952894,0.4541777009983395,-0.06838525773172399,-0.35422847770430843,-0.00408092382814873,0.005662971053528976,0.2141115346103426,1293
2026-10-06,FR0000052292,RMS.PA,EUR,1282.0,1282.0,-0.05212569316081328,-0.11126516464471403,-0.22043174217087258,-0.23826500297088538,0.23286478092437157,0.3494977002584617,-0.24853458382180538,-0.4244807684298437,-0.05338551281104631,-0.13166575227412813,-0.2550877904825066,1293
2026-10-06,FR0000054470,UBI.PA,EUR,5.125999927520752,5.125999927520752,-0.04115231182615875,0.047191000509567926,-0.06151592314872467,0.022745379427083767,0.40928305713895696,0.5590824828573908,-0.17826088615085767,-0.6040492592402753,-0.026456248230159796,-0.03207777859929606,0.019563839156580887,1293
2026-10-06,FR0000073272,SAF.PA,EUR,329.3999938964844,329.3999938964844,-0.017009883924831826,-0.012589964419029376,0.004881043816652442,0.09934362932396734,0.25709883767793956,0.23431078219014334,-0.11551154921609863,-0.23617513957875091,1.5166373402264455e-05,-0.030777396879643537,0.04373229465822548,1293
2026-10-06,FR0000097156,0P00000QGO.F,EUR,687.6300048828125,687.6300048828125,0.018545155312330586,0.028031933774556483,0.048024766811133546,0.159656603147053,0.10269291384758919,0.09744723422692966,-0.033817453515913254,-0.07356647804504624,0.025098626047485473,0.029006671006334583,0.10543320543612511,1247
2026-10-06,FR0000120073,AI.PA,EUR,169.10000610351562,169.10000610351562,0.0013027073326754568,-0.023446508851524994,-0.052767185433002295,0.01941659961554798,0.19573874849584671,0.1599483808275549,-0.08604078110433389,-0.10528746423158142,0.009449810932049552,7.130443913094808e-06,0.050254485874767996,1293
2026-10-06,FR0000120172,CA.PA,EUR,15.69499969482422,15.69499969482422,-0.035044556791498094,-0.057640405418358576,-0.0443176813597872,0.003451662999160554,0.21632630872441486,0.21916604744256155,-0.08834025602950824,-0.08834025602950824,-0.033588881702394935,-0.02139893359919831,0.03169112189383694,1293
2026-10-06,FR0000120271,TTE.PA,EUR,75.72000122070312,75.72000122070312,-0.019170929871037523,-0.026109309058480745,0.063483208794892,0.03030088487490823,0.20200954725373124,0.22017541794072637,-0.07491612547316417,-0.17510288938050222,-0.029556876103403185,-0.014822981411282687,0.06672370206585199,1293
2026-10-06,FR0000120321,OR.PA,EUR,373.6000061035156,373.6000061035156,-0.018778710168048218,-0.037609494189632664,-0.01372751282213669,0.08545229480554939,0.1964537553307872,0.19902807283647672,-0.060913705583756306,-0.14438105060176987,-0.01653152494805976,-0.024331631153973188,0.0019462156368157402,1293
2026-10-06,FR0000120404,AC.PA,EUR,44.86000061035156,44.86000061035156,-0.027952348274657535,-0.04553190190741352,-0.04512556305963411,0.017980327335274104,0.23914616402725988,0.22430433075225165,-0.08231831702794545,-0.2065086535708529,-0.015072499369594872,-0.025871086553362566,-0.008409733613090165,1293
2026-10-06,FR0000120503,EN.PA,EUR,41.22999954223633,41.22999954223633,-0.032386788273830236,-0.08580929185852215,-0.12814551186234502,-0.1810509649336628,0.19541802302345546,0.23185732995836833,-0.17795751468735566,-0.23301883913436028,-0.04056036573761668,-0.08700371003235186,-0.12591102210227378,1293
2026-10-06,FR0000120578,SAN.PA,EUR,70.61000061035156,70.61000061035156,-0.012033029182353494,-0.054752295916752014,-0.06476820383640314,-0.09109109600637644,0.22064315515026367,0.2589260893867439,-0.12424925591445146,-0.18284910471945748,-0.03338191858711104,-0.0591981531410406,-0.06475564184326921,1293
2026-10-06,FR0000120644,BN.PA,EUR,58.81999969482422,58.81999969482422,0.0010211261913706249,-0.09396177828358365,-0.17986616433792135,-0.10429400454262927,0.22966723775185904,0.21329756155819876,-0.2127426536565704,-0.2513954887883294,-0.023102093944169844,-0.07880724718637844,-0.12006876930345456,1293
2026-10-06,FR0000120693,RI.PA,EUR,59.220001220703125,59.220001220703125,-0.012999979654947924,-0.024703556815617422,-0.03208143945215558,-0.08511810181858215,0.2278943602169624,0.26145671103872176,-0.1746302450595819,-0.31613160066066215,-0.007857372694152875,-0.07337862589379696,-0.09923985369836108,1293
2026-10-06,FR0000120966,BB.PA,EUR,66.0999984741211,66.0999984741211,-0.0015105510382316112,-0.007507507679512693,0.08360653236264093,0.20301675523855045,0.12141728987780524,0.21952859793739649,-0.05942026774088538,-0.14495416219181756,-0.0063885872651416875,-0.009441042561702417,0.15014870669822833,1293
2026-10-06,FR0000121014,MC.PA,EUR,385.6000061035156,385.6000061035156,-0.022807906388219945,-0.09600277308958394,-0.20157366941277477,-0.20112595523252175,0.2377456426080987,0.25317483402875623,-0.24756512979433354,-0.41002499289898786,-0.034702866718363645,-0.11288002000732611,-0.20971144095079297,1293
2026-10-06,FR0000121147,FRVIA.PA,EUR,9.491999626159668,9.491999626159668,0.10039406227760539,-0.039271304027024945,0.057015602452451075,-0.10537229657816072,0.49950999128647583,0.5052102703047134,-0.1518324959236952,-0.4321537064566676,0.04136034740236427,0.03686933469524023,-0.1088700720828566,1293
2026-10-06,FR0000121220,SW.PA,EUR,54.04999923706055,54.04999923706055,-0.03911112467447919,-0.06000001326851223,0.043436294076047544,0.28080564596880064,0.2303223359196646,0.2159408232324842,-0.0917586720678718,-0.2701083367043837,-0.03722837061297879,-0.04868348389543797,0.10548311823048295,1293
2026-10-06,FR0000121329,HO.PA,EUR,222.5,222.5,-0.01809358337635092,-0.04383324917065168,0.011363636363636465,-0.14343922506701579,0.2620437098931447,0.25323523948532206,-0.18168442444059618,-0.18830932219925633,-0.03529309491497412,-0.08787550513494014,-0.07825643779289448,1293
2026-10-06,FR0000121485,KER.PA,EUR,213.5,213.5,-0.04495639863369172,-0.12643205674371705,-0.12589559877175027,-0.13015138369476476,0.3169072603458322,0.47790650525778733,-0.285470392218346,-0.38413179447958146,-0.06164158099510231,-0.14532309317719871,-0.1694089832629111,1293
2026-10-06,FR0000121667,EL.PA,EUR,146.6999969482422,146.6999969482422,0.014522757649285456,-0.019385087145429525,-0.11171660690345897,-0.27279872388277526,0.29205718357639343,0.2625002062773587,-0.1932675708760998,-0.5563296695825171,0.012387403052248613,-0.055942053456227825,-0.23382450350957285,1293
2026-10-06,FR0000121964,LI.PA,EUR,35.36000061035156,35.36000061035156,-0.022664446874173017,-0.047926731517205945,-0.02910482185300034,0.027288941070547246,0.16950472678048917,0.1530044548503222,-0.13906957070915493,-0.13906957070915493,-0.022367199961044193,-0.06164083441282531,0.02658264705005675,1293
2026-10-06,FR0000121972,SU.PA,EUR,260.5,260.5,-0.12097184196106658,-0.13050736083765657,-0.04613696749146068,-0.032981035649607304,0.5280778956053843,0.4251690345665195,-0.162379421221865,-0.17762918089750313,-0.09228705043456609,-0.10878623832940781,-0.019484640545658127,1293
2026-10-06,FR0000124141,VIE.PA,EUR,31.34000015258789,31.34000015258789,0.013255733700833439,-0.01909235041581392,-0.16337424136300993,-0.07885786619904656,0.15268147183743147,0.1821657075855273,-0.1881663456064845,-0.1881663456064845,0.0012619651804077758,-0.04457627190194413,-0.04976570665983515,1293
2026-10-06,FR0000125007,SGO.PA,EUR,67.13999938964844,67.13999938964844,-0.03810893332106213,-0.0975806718727712,-0.10024126348985174,-0.12048735230851015,0.2646424555827453,0.2908769606689863,-0.227028267022384,-0.25071542501862887,-0.03412361715441126,-0.11799480725701139,-0.1268409902859543,1293
2026-10-06,FR0000125338,CAP.PA,EUR,109.9499969482422,109.9499969482422,0.06231881109412751,0.04168634551651129,0.2197692222401848,0.0421184947797415,0.4524913196174292,0.4358810305204871,-0.09201077073251984,-0.41502642376831267,0.0385378035815509,0.028473583198970642,0.041866838168635345,1293
2026-10-06,FR0000125486,DG.PA,EUR,109.25,109.25,0.00691244239631339,-0.04585152838427953,-0.08500838690256618,-0.1776439971340814,0.21709722527734432,0.21130856353516914,-0.16719246109941488,-0.23610971910707668,-0.0077878478232517034,-0.05653045184243699,-0.10825076645574461,1293
2026-10-06,FR0000130452,FGR.PA,EUR,102.0,102.0,-0.007299270072992692,-0.07146107039746963,-0.15772088121208971,-0.25001279023741374,0.21371662684223847,0.23593901003030526,-0.20732485057229255,-0.29346406254991264,-0.028182703347482407,-0.09331076571433061,-0.1726999467463659,1293
2026-10-06,FR0000130577,PUB.PA,EUR,94.36000061035156,94.36000061035156,-0.014825623168124857,-0.04629069858540802,0.08534619232321816,0.2527076686191003,0.21813770896068616,0.26654256440316154,-0.09529297131941261,-0.23345260324938366,-0.0241329474204538,-0.04160817333227851,0.13102424626242448,1293
2026-10-06,FR0000130809,GLE.PA,EUR,67.30999755859375,67.30999755859375,-0.03610170819252623,-0.09456549805765502,-0.10587143132227306,-0.0607733006831771,0.29972361332590974,0.2945755775009853,-0.22435609153642666,-0.22435609153642666,-0.053185565940773505,-0.10774656966767837,-0.05990380628839043,1293
2026-10-06,FR0000131104,BNP.PA,EUR,95.08999633789062,95.08999633789062,-0.02371668533675042,-0.08461687666475282,-0.07066070541924874,0.05733638463193369,0.25792859093581577,0.23922212808231283,-0.18847519114405864,-0.18847519114405864,-0.03112468747387942,-0.08509151265772408,0.01534300094749974,1293
2026-10-06,FR0000131906,RNO.PA,EUR,25.799999237060547,25.799999237060547,-0.009976985196090582,-0.12778907019591068,-0.0015480230375826132,-0.12314284262216701,0.3440117943857392,0.3425105839118962,-0.16958274308956722,-0.2899423181587555,-0.05167980602560285,-0.07784031326641194,-0.0858511587084908,1293
2026-10-06,FR0000133308,ORA.PA,EUR,14.0600004196167,14.0600004196167,0.024035024645501224,-0.08523093530880221,-0.14632659345551247,-0.18714184816738633,0.3025032608896493,0.2709730306040223,-0.212356308955846,-0.24994611057160776,-0.04242999203688769,-0.09150822139952641,-0.1357121462028813,1293
2026-10-07,FR0000172041,XED2.F,EUR,462.1189880371094,462.1189880371094,-0.0287516847880398,,,,0.09941736488688692,,-0.05337084392179159,-0.05337084392179159,,,,14
2026-10-06,FR0000172124,0P00000GPO.F,EUR,56.119998931884766,56.119998931884766,0.00880815844618743,-0.023660414425581755,-0.04671309750118857,-0.023320573859006544,0.07179298768103666,0.05562216241807643,-0.05554612734998032,-0.06538919305080049,-0.0038695295272652697,-0.021075162656665092,-0.03365173638254837,1240
2026-10-07,FR0000284689,CL54.F,EUR,34.150001525878906,34.150001525878906,0.016701920636263745,,,,0.1571098155052397,,-0.008782696045668725,-0.008782696045668725,,,,14
2026-10-06,FR0000292302,0P00000PYA.F,EUR,575.3099975585938,575.3099975585938,0.006966167275828772,-0.002358342538828495,0.01462025632568853,0.056952839630072916,0.08230504275425342,0.07364909058961816,-0.030280271035459383,-0.06867224362644508,0.00777406745395548,0.00023053561780606024,0.033419388236713976,1252
2026-10-06,FR0000295230,0P00000PM8.F,EUR,229.4600067138672,229.4600067138672,0.00013082002808739723,-0.007611774489854728,-0.010052144785169248,0.024192169211557646,0.1285659140459572,0.11169064271474587,-0.06315477183689933,-0.16301981420780265,0.012351109660110327,-0.005667135378748855,-0.00498437067276114,1272
2026-10-06,FR0000299356,0P00000JPU.F,EUR,292.1400146484375,292.1400146484375,0.0038486209781041225,-0.03216826655205762,-0.011504343906681536,0.017980359135031154,0.1179785497196684,0.10046822917001662,-0.06594692866744101,-0.10168187143662966,-0.0034418875690799267,-0.020606967775234297,0.002283268961863927,1240
2026-10-06,FR0000422859,0P00000PLK.F,EUR,906.6799926757812,906.6799926757812,0.0019670330574601547,-0.023226749316359374,-0.004086150745300499,0.014875897211111822,0.13711906208227315,0.11014903607200265,-0.0637947074712647,-0.11875263294966842,0.0029967703973181603,-0.016322662533229337,-0.001709813229776036,1250
2026-10-06,FR0000438905,0P00000QF5.F,EUR,505.8800048828125,505.8800048828125,0.019426114053977095,0.031019445455318317,0.06400250687664433,0.22084130328921425,0.11499721089675352,0.10194111227703412,-0.0324187350522257,-0.08915819628885746,0.02741577816583196,0.03443863090815902,0.11654139090540272,1198
2026-10-06,FR0000447807,0P00000RUS.F,EUR,222.8300018310547,222.8300018310547,0.028620213306075115,0.043016300634999505,0.05501630958673975,0.1859598837346701,0.12441176611889301,0.11065975018289156,-0.04078916959911527,-0.08659418215219217,0.03641620422145486,0.041162440869308314,0.11785710217335565,1251
2026-10-07,FR0000974149,ODAB.HM,EUR,742.7949829101562,742.7949829101562,0.0034284901080285923,,,,0.09378981923880615,,-0.013827315342687885,-0.013827315342687885,,,,14
2026-10-06,FR0000975880,0P00000MML.F,EUR,416.9100036621094,416.9100036621094,-0.02094728692537129,-0.04721531027331438,-0.05200326340594852,-0.043608940126756646,0.14128008841468936,0.11806803087297235,-0.10492630278600812,-0.12650891219419702,-0.021251858659951273,-0.0543213401522582,-0.049747122583429504,1251
2026-10-05,FR0000980427,0P00001O87.F,EUR,2555.77001953125,2555.77001953125,-0.004874846431215496,-0.02150505874371622,-0.02464931736202247,-0.003998398167006756,0.04672355872106594,0.04096613362688647,-0.03547763707199736,-0.04381792125829931,-0.006921281032286952,-0.019297693745737643,-0.011193640510532288,1253
2026-09-30,FR0000987950,0P00000NYV.F,EUR,669.1400146484375,669.1400146484375,-0.0045225654742301336,0.031906857971961244,-0.001953907874923333,0.11905677897495859,0.1482044585777881,0.22056302413174164,-0.10217496300435924,-0.10217496300435924,0.007646135075155547,0.023981896067252206,0.11983213350446542,1126
2026-10-06,FR0000987968,0P00000NZ3.F,EUR,526.9099731445312,526.9099731445312,0.0845785788992639,0.11789785980055911,0.0460166391770378,0.42465854927431534,0.242552707933858,0.28901825808127546,-0.13604509813721777,-0.16322176981876269,0.08711389757791843,0.10670215943240202,0.2247454175033563,1166
2026-10-06,FR0000988057,0P00000NZ7.F,EUR,890.489990234375,890.489990234375,0.026738156079556985,0.045372325977191874,0.05227768417651402,0.1956898156889897,0.11907891419172803,0.1101860077776862,-0.03313392419228933,-0.07747073986381181,0.033519830292869424,0.04281672862386521,0.11510084935764087,1210
2026-10-06,FR0000989915,0P00000QLD.F,EUR,1510.8900146484375,1510.8900146484375,-0.020924349679644294,-0.07127882882730785,-0.13036796464254596,-0.13474557710269774,0.1467791259211527,0.12149304608864303,-0.17349021612411564,-0.2172819902077544,-0.027508206138644353,-0.08645221290922744,-0.11521346953690526,1251
2026-10-06,FR0006174348,BVI.PA,EUR,26.18000030517578,26.18000030517578,-0.03287770224166664,-0.05282196514879267,-0.03714601725059663,-0.06222282649168964,0.1772024113978942,0.230029425854312,-0.10556884537964839,-0.13772048651286128,-0.03705746003951149,-0.048933761971881484,-0.017014461892546184,1293
2026-10-05,FR0007023692,0P00000C3O.F,EUR,381.3399963378906,381.3399963378906,0.006306858566753615,-0.01693693707868793,0.014471940754817725,0.09962797930060119,0.09283182441972514,0.07980971857405025,-0.033364056323013425,-0.057652550446265716,-0.0015369496400231553,-0.004449624342282021,0.042124116719938653,1231
2026-10-06,FR0007028543,0P00000PY3.F,EUR,107.88999938964844,107.88999938964844,0.013146788937585585,-0.012538922934248742,-0.015063004492316123,0.023041914719052592,0.10069951253485365,0.08175949513057146,-0.045613735348593254,-0.07215834198969395,0.007884452454511193,-0.007919002420651466,0.005518740303279923,1213
2026-10-06,FR0007052782,CAC.PA,EUR,79.62999725341797,79.62999725341797,-0.021143223761095564,-0.05123320667368858,-0.056181170307667005,-0.0320894554196014,0.12484305531219379,0.1095200904698905,-0.0992955941501732,-0.10850611902089558,-0.022908849321142566,-0.05240964665851677,-0.031631029181181436,1293
2026-10-06,FR0007054358,MSE.PA,EUR,71.5,71.5,-0.006668565359095102,-0.020816169719869992,0.0005597665272856212,0.06620940356472271,0.13473522355802714,0.11646979942684313,-0.05759446612430452,-0.10843727157026495,-0.00013285118836081633,-0.01586724789666283,0.040823573945026004,1293
2026-10-06,FR0007061882,0P00000O6Y.F,EUR,691.8499755859375,691.8499755859375,-0.003744022716380413,-0.02958176955037961,0.0028700776708134867,0.06133121752530224,0.13101896849580422,0.11175014287331683,-0.05814422910075656,-0.12151241584563843,-0.0024389676269849225,-0.018169545928133357,0.019567222758994474,1251
2026-10-06,FR0007062567,0P00000K4N.F,EUR,604.2999877929688,604.2999877929688,0.0391731453718156,0.06038002467153003,0.0775100643305282,0.20000795088438128,0.16936044729256655,0.14930881280522526,-0.07313298381321787,-0.17320314463395015,0.05158287590312183,0.05426671536122574,0.10650152920860134,1206
2026-10-06,FR0007064324,0P00000H22.F,EUR,507.0799865722656,507.0799865722656,-0.015932759815178166,-0.06747343847792964,-0.06256007802823449,-0.01030525203031607,0.12404974592247606,0.11086746911499032,-0.09982921128862354,-0.11976791296344502,-0.0263356877377825,-0.05559526718053054,-0.0487699773797734,1245
2026-10-05,FR0007072160,0P00000IK7.F,EUR,172.8800048828125,172.8800048828125,0.0003471678975293102,-0.008999668059011201,-0.010644389103125707,-0.002193175782470913,0.02326913908967214,0.01830977125083551,-0.015104931135409005,-0.025147919362124238,-0.0017927990098053348,-0.007915755698964966,-0.006086601770989408,1252
2026-10-06,FR0007076930,0P00000NME.F,EUR,543.6500244140625,543.6500244140625,-0.015269512416366648,-0.04575922844496405,-0.022335286468551985,0.02629701442527721,0.11665886916049997,0.10245257703144407,-0.0974594116765175,-0.0974594116765175,-0.01842091891124009,-0.04667257619738907,0.004490180594356685,1244
2026-10-06,FR0007374145,0P00000QRC.F,EUR,510.7099914550781,510.7099914550781,0.0037341913594486353,-0.0958964965293333,0.17453195081309314,0.10703835935251371,0.3380200632867819,0.43817112387714835,-0.1443246314709533,-0.3714610457589358,-0.03665707450845923,-0.010669927093115872,0.01627680875259796,1179
2026-10-06,FR0007382965,0P00000MUL.F,EUR,3589.139892578125,3589.139892578125,0.005933324004637974,-0.0017883605823273419,0.006429776118565211,0.0399747227528402,0.05253613663127728,0.04500757527200014,-0.024007435772887664,-0.05346302661329583,0.005929658733672127,-0.0006115534250327181,0.022291782926499026,1250
2026-10-05,FR0007390174,0P00000FNC.F,EUR,101.5999984741211,101.5999984741211,-0.001474216470554346,-0.08294974605527117,0.15915569544084285,-0.06333550907410512,0.3303389191920929,0.41582437342540446,-0.13671406010386655,-0.33703705023274577,-0.03990627602861385,-0.025705660024567756,0.007834508736377144,1255
2026-10-05,FR0010004085,0P00001NLH.F,EUR,1007.77001953125,1007.77001953125,0.01161414091793267,0.008889872511076868,0.029061300347802632,0.14153509341700143,0.10421991892002937,0.11162707849657924,-0.0345192340392364,-0.0930771863389761,0.013758284271450538,0.014734749090394406,0.07403651563899549,1215
2026-10-06,FR0010058529,0P00000QIF.F,EUR,1172.0400390625,1172.0400390625,-0.0021624045081773957,-0.021032001016351942,-0.019475879490538306,0.06537472663393551,0.15944357948886226,0.1375298234103644,-0.07672122846149532,-0.16355001019165538,0.0027944101436376823,-0.01802611117767705,0.009347939112065218,1253
2026-10-06,FR0010086512,0P00000G8V.F,EUR,332.54998779296875,332.54998779296875,-0.019460434091973178,-0.05080638789909886,-0.0742184357236717,0.0031068979652215667,0.1334142575719388,0.1270777916441019,-0.1016957854026691,-0.11388989985918296,-0.024229255251864035,-0.054563289116287716,-0.03871339266740814,1245
2026-10-05,FR0010097683,0P00000CGO.F,EUR,591.5700073242188,591.5700073242188,0.012078488718139546,-0.001249329299564672,0.006276795282639025,0.08552918282490296,0.08907694668775036,0.07945241413552104,-0.024798944578964477,-0.08550661982129948,0.005452444045604077,0.004482041698588013,0.021950344763497887,1241
2026-10-05,FR0010128587,0P000015L9.F,EUR,688.469970703125,688.469970703125,-0.01093271779088656,-0.02218474279788396,-0.04242179957832204,-0.028559002472117068,0.14956055360775017,0.1261314956555798,-0.061466786009790275,-0.10395436576214123,-0.012370692103361391,-0.02333963212571355,-0.017627441750487693,1237
2026-10-07,FR0010135103,Y9U6.F,EUR,860.4149780273438,860.4149780273438,0.020556663361588567,,,,0.079668961675769,,-0.010894342592280948,-0.010894342592280948,,,,14
2026-10-06,FR0010147603,0P000018HU.F,EUR,448.0899963378906,448.0899963378906,0.025541857618345043,0.0070569368349591155,0.03717333889769536,0.08846887488089905,0.09128202272883963,0.11533013527821023,-0.03333102988071146,-0.06154886324087783,0.019893026076227116,0.022221081084547123,0.054447130461947824,1253
2026-10-07,FR0010149120,Y9U4.F,EUR,1909.907958984375,1909.907958984375,0.0015296308363743627,,,,0.023562241096871495,,-0.004180880996284775,-0.004180880996284775,,,,14
2026-10-07,FR0010149302,Y9U3.F,EUR,1955.196044921875,1955.196044921875,0.03184196195853395,,,,0.1903605137360918,,-0.023815523583374132,-0.023815523583374132,,,,14
2026-10-06,FR0010156604,0P00001BB3.F,EUR,252.75999450683597,252.75999450683597,0.011282675993774971,-0.0034695035677735353,0.003852421647276616,0.023485534642411876,0.057719701968614694,0.036944147017497195,-0.015730978957441466,-0.02863110837153171,0.0076683237522729986,0.002859852690659581,0.018410623909757007,1253
2026-10-06,FR0010158048,0P00001BW0.F,EUR,325.6400146484375,325.6400146484375,-0.0009203773416018857,-0.017588278127117274,-0.01264359158613848,0.05596993803857031,0.11415400205278035,0.09675759835912813,-0.06212029612390213,-0.12274891322971371,0.003166909014381325,-0.016256314408559458,0.01519745569306541,1253
2026-10-06,FR0010174144,0P0000M6PZ.F,EUR,252.1199951171875,252.1199951171875,-0.007792250841274995,-0.04049328000074326,-0.023396376120397355,-0.03675401343361129,0.06891657428087142,0.07256665511133484,-0.07862563685521728,-0.08133213701377529,-0.016009582530398747,-0.04046184079779469,-0.030596297309111953,1061
2026-10-06,FR0010177899,0P00000PNB.F,EUR,89.37999725341797,89.37999725341797,0.00022377621899982714,-0.011720534712225561,-0.015313423389386127,0.012460336308693476,0.049775961990457494,0.042273240675901554,-0.02955288085780705,-0.046937452596716,-0.0006932195703224231,-0.010749192001693109,0.0003217369298267325,1251
2026-10-06,FR0010208488,ENGI.PA,EUR,23.450000762939453,23.450000762939453,0.01867942209491824,-0.02777777997437414,-0.14447278754168025,-0.12492153724158017,0.1857195870362664,0.2091170306449436,-0.18963657013840252,-0.1988986334149726,-0.002954965102097029,-0.04984559450126036,-0.08350360561251402,1293
2026-10-06,FR0010220475,ALO.PA,EUR,16.184999465942383,16.184999465942383,0.08916553431209251,-0.008272073002835278,0.06131144038966441,-0.05267776802799007,0.3313568321426983,0.2876105231191048,-0.1409157685505299,-0.5127345882204348,0.05822351160461614,0.019334895687069587,-0.19070753710430755,1293
2026-10-06,FR0010221234,ETL.PA,EUR,1.5,1.5,-0.0625000139698384,-0.2323439084296952,-0.36034115919010057,-0.4446501244834522,0.2837304451276036,0.40165502353489874,-0.36034115919010057,-0.6674057818458482,-0.1245349072213413,-0.2000298603356041,-0.3490070719644348,1293
2026-10-06,FR0010229187,0P00000FV4.F,EUR,320.9100036621094,320.9100036621094,-0.00683953790689007,-0.017151100842315414,-0.006993253308541836,0.09953409089483234,0.1046087501611744,0.10774074805950458,-0.040434204459219525,-0.07929475665366614,-0.003498041014871056,-0.009398828292708883,0.036704973929848395,1247
2026-10-06,FR0010230490,0PP1.MU,EUR,684.1090087890625,684.1090087890625,-0.005474819132745723,-0.03731907714765659,-0.05515811231272294,-0.04942748243740658,0.06951870319548654,0.04668895103583667,-0.05515811231272294,-0.06956858838666835,-0.014786432637569069,-0.03468342650134071,-0.04967192813281529,221
2026-10-06,FR0010261198,MEU.PA,EUR,244.3500061035156,244.3500061035156,-0.0022457648292195653,-0.01906864666244168,-0.003263258465780794,0.044141533383735165,0.11009040552040637,0.08653196626269773,-0.04558065739555639,-0.09773398341024497,-7.158972301279931e-05,-0.01368367966208106,0.032429987014881645,1293
2026-10-02,FR0010286013,0P00000EUQ.F,EUR,488.2300109863281,488.2300109863281,-0.002451794347323788,-0.026169332716590388,-0.006693477581543927,0.02562866255974683,0.060292611276693796,0.057017924287962325,-0.03200028607393535,-0.06016847910817125,-0.012828175596708569,-0.017013735186014345,-0.007542152368250399,1232
2026-10-06,FR0010307819,LR.PA,EUR,148.39999389648438,148.39999389648438,0.03739944586223354,0.015395142620352242,0.04507037955270676,0.015222795841879133,0.4452622928186159,0.32731801545898215,-0.0944234578808334,-0.18306531519533542,0.06893316375191239,0.07562728375710903,0.06475448338240031,1293
2026-10-06,FR0010313833,AKE.PA,EUR,55.09999847412109,55.09999847412109,-0.011659220195137432,-0.07004221984605763,-0.03333336010313881,-0.05669384578772396,0.1944068545816694,0.24608346628009584,-0.13632718858089465,-0.22841862264948765,-0.022009256098181162,-0.06076879418573167,-0.016065017038472296,1293
2026-10-06,FR0010315770,WLD.PA,EUR,444.3500061035156,444.3500061035156,0.024650653394670652,0.03730422571253267,0.046539037509258474,0.1349936298940373,0.09929503288104412,0.0956095052740242,-0.030554849535535222,-0.06579517880427155,0.028867816703787463,0.03373078588178391,0.10120546476602277,1293
2026-10-07,FR0010321828,EHQ1.HM,EUR,371.71099853515625,371.71099853515625,0.008858825416906413,,,,0.10195352467073117,,-0.01188245815572242,-0.01188245815572242,,,,14
2026-10-06,FR0010340141,ADP.PA,EUR,109.5999984741211,109.5999984741211,-0.000911563144056271,-0.017040372429407258,0.004582951484812359,0.011627793976101364,0.2997271500784309,0.3261986615334495,-0.1520324955141642,-0.23520484593542768,0.009765969412594666,-0.01077677009135436,0.010773534765322612,1293
2026-10-06,FR0010363366,0P00006A6D.F,EUR,349.739990234375,349.739990234375,0.0015463287756805055,-0.006166387443245158,-0.012396618721676078,0.031042714084356104,0.0485266410586667,0.04681334857741761,-0.026040348251668233,-0.06620432661115794,0.002173434581800082,-0.004615220675548315,0.012270134923973997,1250
2026-10-06,FR0010375600,0P00006TTL.F,EUR,288.8800048828125,288.8800048828125,-0.00024228178321927807,-0.00612398939265868,-0.005336872334322118,0.033190266726464746,0.14798940874014835,0.12181598812958629,-0.07005546642478755,-0.11891872079739285,0.011915104136732024,-0.006447345409143712,0.011764654515232564,1253
2026-10-06,FR0010380675,0P00007ZHT.F,EUR,3195.580078125,3195.580078125,0.005161773875968834,0.0026733162772618613,0.050338101427298554,0.18295227257753455,0.12562746245214876,0.13660854150543797,-0.0328478637587033,-0.08934768111999025,0.0032517566128016373,0.022170796148085703,0.1246741662009021,1216
2026-10-06,FR0010400762,0P0000KOPQ.F,EUR,260.2900085449219,260.2900085449219,0.0015776652855392648,-0.00796553204892303,-0.003598370791537575,0.02250947140667403,0.06191843015446956,0.06466085824965553,-0.021829087430467742,-0.05504625658299789,0.004098745795264813,0.001059974064828495,0.01668854445103185,1226
2026-10-06,FR0010411983,SCR.PA,EUR,32.31999969482422,32.31999969482422,-0.018225957092764866,-0.01343097219940248,-0.0018530380269227154,0.03864924137483783,0.22450722183176858,0.19979393973038256,-0.09515574150432382,-0.18210858871411817,-0.00434367059486418,-0.030745057392603137,0.06217708618390749,1293
2026-10-06,FR0010415448,0P00008IB9.F,EUR,595.6799926757812,595.6799926757812,0.08240505547153165,0.11190341103287982,0.02322389060556973,0.3779638226680886,0.21708676285069786,0.28143886201755114,-0.11587873445354835,-0.15046376283067087,0.07914899406332787,0.08445012143535124,0.19149998914560573,1174
2026-10-06,FR0010451203,RXL.PA,EUR,35.52000045776367,35.52000045776367,-0.023370868822762625,-0.06403162730760281,-0.09618317691294698,-0.018415368935670084,0.3731409130653327,0.29669904461013996,-0.1297709560592487,-0.16975636676009265,-0.013155138831542623,-0.020856410269881054,-0.001519761470031522,1293
2026-10-06,FR0010533075,GET.PA,EUR,18.65999984741211,18.65999984741211,0.000536205312942517,0.008103707005698402,0.0016103428876521608,0.00017962559156603497,0.11925760666931666,0.12909854864657744,-0.0618556123292201,-0.07211297161310692,0.00690695996731816,0.001201866249397554,0.05099847504053301,1293
2026-10-06,FR0010546903,0P00000PUS.F,EUR,75.80999755859375,75.80999755859375,-0.00940809136531573,-0.031182139826277933,0.005704435139870956,0.05000001056702885,0.1392256589001139,0.10857033503942135,-0.05331479610264278,-0.11959289705296672,-0.0076511059189099395,-0.022116875291295135,0.0013221226150257337,1248
2026-10-06,FR0010546929,0P00000MHU.F,EUR,40.04999923706055,40.04999923706055,-0.015002474486983775,-0.0367965975617498,-0.00866342266334219,0.15318168053398296,0.14439994859612698,0.11419139219364516,-0.0655270273391173,-0.09560373294814584,-0.01575288295177779,-0.03054804253858745,0.04938665571529843,1243
2026-10-06,FR0010557967,0P0000ADK9.F,EUR,197.1300048828125,197.1300048828125,-0.006200825386944997,-0.015482150081773005,0.001880516295519774,0.05915543764490594,0.07667206548137362,0.07973569384014093,-0.03502118244865027,-0.07679091971778229,-0.0019997221475129834,-0.010044662299583673,0.0283724737632578,1253
2026-10-05,FR0010564351,0P0000J3CO.F,EUR,204.16000366210935,204.16000366210935,0.00640837547001083,-0.009172527841087796,-0.00955708132750066,0.04493806203230988,0.07287237578321691,0.06763574286590816,-0.03237068132455978,-0.06353414906261601,0.0021942828261829472,-0.006311766538571573,0.01659234266629883,1244
2026-10-06,FR0010592022,0P0000D2MT.F,EUR,133.66000366210938,133.66000366210938,0.013650864882648106,0.010126936696785993,0.013727701742938914,0.0769478930367622,0.1143944305575167,0.09520090228962123,-0.05379817857654812,-0.08556696470410918,0.020574143633665942,0.006927830272382751,0.04624219194297807,1254
2026-10-06,FR0010601971,0P0000KWR3.F,EUR,333.94000244140625,333.94000244140625,-0.02133520530230626,-0.034771797372173396,-0.05114508119319794,-0.0011366501390507322,0.08176056331598629,0.07092125476490398,-0.07280285189240632,-0.07280285189240632,-0.02071673210631919,-0.04216218462748067,-0.02497049075682445,1249
2026-10-06,FR0010611293,0P0000GBJZ.F,EUR,1871.3199462890625,1871.3199462890625,0.001991845551378324,-0.011724234765515318,-0.017777752433538185,-0.006793648420109766,0.05097140156642678,0.04118660672426212,-0.029465792552069048,-0.046674149360825035,-0.00012105630233394393,-0.011767439514314137,-0.010436575595029862,1249
2026-10-06,FR0010616177,0P0000HR6L.F,EUR,179.19000244140625,179.19000244140625,-0.014031049712132648,-0.034484584421416664,-0.034484584421416664,-0.028253750691569213,0.12173637843428782,0.09153425041455189,-0.07444131153545908,-0.09792365079112963,-0.01686563994388346,-0.03467393484977854,-0.015500672384372138,1245
2026-10-06,FR0010651224,0P0000HR5T.F,EUR,4578.89990234375,4578.89990234375,-0.003597111218143989,-0.0503694942321431,-0.03125482302008509,-0.01083373574701374,0.12309675155831015,0.11791534331557751,-0.11432705818944777,-0.1305381968790127,-0.012732682416737418,-0.05032407128368788,-0.025334749909908028,1254
2026-10-06,FR0010657122,0P0000HX49.F,EUR,1320.27001953125,1320.27001953125,-0.01151499614546081,-0.03363290843144895,-0.044183035647216595,-0.05649842353574808,0.1322907350190152,0.10549872547756692,-0.08575914766208714,-0.11219361897821434,-0.011731402558394,-0.03792256432542751,-0.04541181124241167,1251
2026-10-05,FR0010668145,0P0000IT7S.F,EUR,694.4600219726562,694.4600219726562,0.015262714750016615,0.003859616401102217,-0.025811468951833394,0.048146619976467075,0.11820851905085772,0.12430008780043111,-0.06995667126656246,-0.10189111228019454,0.01997551895530214,-0.0010350977741042655,0.011709811319757346,1244
2026-10-06,FR0010679902,0P0000IKS1.F,EUR,403.1300048828125,403.1300048828125,-0.03476592655540822,-0.07012200766286658,-0.06689348882749224,-0.040280879423559734,0.10862246019635954,0.11177950728081767,-0.11789636179400209,-0.13823713827402528,-0.03716006797202831,-0.07594178823965536,-0.07236486924320173,1254
2026-10-06,FR0010687749,0P0000HRVB.F,EUR,356.7300109863281,356.7300109863281,0.0037423103902223254,-0.013604266537232457,-0.00254446824973964,0.0552269229206821,0.14093954770272596,0.11147618883091841,-0.05663693095460853,-0.10297291465046632,0.009845692465649147,-0.0066800192964290295,0.028487782262079042,1252
2026-10-06,FR0010689141,0P0000IKSO.F,EUR,1952.6700439453125,1952.6700439453125,-0.005181228246873282,-0.03460772072515683,0.00910048516238815,0.015561068233162167,0.1048611207572767,0.10784397545811285,-0.06081286320130852,-0.11447905426548899,-0.005127520451810641,-0.02473348297586231,-0.0074931480735628275,1254
2026-10-06,FR0010697482,0P0000J0GI.F,EUR,142.58999633789062,142.58999633789062,0.0013342868648180684,-0.001400637002912486,-0.0009808687300438823,0.0069203850244698994,0.010495035925561686,0.007912772927417296,-0.003987738313159794,-0.009263859031025667,0.0006561440542185437,-0.0007554617876091019,0.0023136818532090153,1252
2026-10-05,FR0010697532,0P0000JC17.F,EUR,216.4900054931641,216.4900054931641,-0.0015680317991949577,-0.00987874897605956,-0.01590981368518929,-0.009108340686973526,0.0156143601822016,0.012263192281980457,-0.01590981368518929,-0.017874097507285525,-0.004895282995603045,-0.0098615642622214,-0.010648899519610455,1252
2026-10-06,FR0010700823,0P0000IVLV.F,EUR,1490.18994140625,1490.18994140625,0.022955168289857664,0.04164654005266577,0.05741223208118762,0.15043270206231196,0.12394506021485324,0.11288404935830756,-0.038700809851986206,-0.10079621358980673,0.03301764753162861,0.038054215882232345,0.09292322547868004,1215
2026-10-06,FR0010702084,0P0000KU3M.F,EUR,249.3600006103516,249.3600006103516,-0.0041533279212568885,-0.025671051668229805,-0.03360073716219747,0.022763640159686682,0.1283412363494046,0.10030732156432584,-0.07118856253713468,-0.11380472679777409,0.0008810319178513826,-0.02432916242808747,-0.006677122934859114,1253
2026-10-06,FR0010751008,0P0000KM3H.F,EUR,1506.0899658203125,1506.0899658203125,0.008868935560104374,-0.0132218109854082,-0.027940233465046038,-0.012891964541877132,0.05441258859179314,0.03795852342464132,-0.037995840227485145,-0.0431709631640359,0.0019885363375187204,-0.012262061052411899,-0.019924685809050935,1253
2026-10-06,FR0010752543,0P0000KTWR.F,EUR,417.1600036621094,417.1600036621094,0.0024029219319499084,-0.015412208788665005,-0.02295294170203266,-0.004652672944113756,0.0369771495596716,0.02664504715947997,-0.02695742027008452,-0.029276382778100074,-0.0031721290071761166,-0.012962368766407217,-0.013491642854047803,1254
2026-10-06,FR0010784348,0P00001NRR.F,EUR,1130.3399658203125,1130.3399658203125,-0.012251406647133756,-0.05941387071602522,-0.05582337986403274,-0.021384603482867637,0.12919242858465826,0.11454635433133058,-0.11579199211823721,-0.11998356423860601,-0.0238009007561234,-0.05969869889769264,-0.03839526804749627,1253
2026-10-07,FR0010836163,69X3.MU,EUR,2996.68701171875,2996.68701171875,-0.012330867385159872,,,,0.04853121357996912,,-0.012330867385159872,-0.012330867385159872,,,,14
2026-10-07,FR0010858498,0PP0.MU,EUR,549.35400390625,549.35400390625,0.0019770994881807002,,,,0.03436043643883672,,0.0,0.0,,,,14
2026-10-07,FR0010859769,EHQ8.MU,EUR,531.9000244140625,531.9000244140625,0.04051335486560115,,,,0.10621863151372497,,-0.0064036680561671,-0.0064036680561671,,,,14
2026-10-06,FR0010896944,0P0000P2U7.F,EUR,144.0500030517578,144.0500030517578,-0.00982947977575832,-0.0325721359538691,-0.012544569302179287,0.05145987629020299,0.13331595145586053,0.1048586329539869,-0.061442567534388925,-0.09251694310225123,-0.01198916152708518,-0.025817668955743667,0.03058489009081833,1254
2026-10-06,FR0010908533,EDEN.PA,EUR,27.61000061035156,27.61000061035156,-0.021615829831514555,-0.034952812955836965,0.1097267500671748,0.44732589106636,0.25303041626579803,0.278876203436954,-0.1208647379975889,-0.41323413035555057,-0.013928549630301434,-0.03707318321423958,0.269369853711265,1293
2026-10-07,FR0010909531,ROY2.MU,EUR,294.95001220703125,294.95001220703125,0.0,,,,0.023705675050787158,,0.0,0.0,,,,14
2026-10-06,FR0011034131,0P0000VH9P.F,EUR,495.0400085449219,495.0400085449219,-0.004744642904144558,-0.00859146885367934,0.020091079206913998,0.05307496947690349,0.10595441575392199,0.09171877387855053,-0.04443576771227731,-0.08317117171309074,0.0034754124530875785,-0.0102921116264173,0.03456929109317719,1254
2026-10-06,FR0011069137,0P0000TV0S.F,EUR,302.4700012207031,302.4700012207031,0.01858895028373797,0.007528096432337428,0.03560788042484497,0.12354671379711757,0.11349303394136598,0.1175109423441453,-0.03883555398547767,-0.10720976035915342,0.016671710531329875,0.01677834659895172,0.06316456883178767,1217
2026-10-06,FR0011153014,0P0000UUVR.F,EUR,266.57000732421875,266.57000732421875,-0.0014608336205501615,-0.026583891243533664,-0.0060033760740269,0.049281653698347805,0.09004982939934729,0.07300872205790196,-0.04719133486862548,-0.07922510462060839,-0.007067862827738525,-0.017986180930829154,0.02758448590337137,1251
2026-10-06,FR0011169341,0P0000V0BE.F,EUR,613.6500244140625,613.6500244140625,0.0024340880405446796,-0.007713137718557084,-0.006653045335715091,0.06035743620269174,0.140743400341834,0.1164379622876651,-0.05687711868348344,-0.1248088989990811,0.009404860081373645,-0.0060538580566175115,0.02713118557105143,1253
2026-10-05,FR0011170182,0P0000VOSS.F,EUR,1255.3800048828125,1255.3800048828125,-0.007385006987056575,-0.07823459695143764,0.02776166012510939,-0.15258335405028745,0.23919873033889383,0.2740232305595177,-0.12028615733485948,-0.3734400146634508,-0.04155160696073701,-0.04776829055101017,-0.12896319741863382,1195
2026-10-06,FR0011198332,0P0000VG0E.F,EUR,118.6500015258789,118.6500015258789,0.0016885148399294891,0.00033724741018037463,0.002873839694880864,0.009357706895479767,0.006988640019098967,0.004323614253610899,-0.001938765344887683,-0.001938765344887683,0.0013841421329039427,0.0010715358882242842,0.007420452040041381,1252
2026-10-06,FR0011261197,0P00017SX2.F,EUR,3406.52001953125,3406.52001953125,0.010204267065194728,-0.011706300581228124,0.0066608074493921254,-0.005340453557885816,0.1173558279363091,0.10792294949037018,-0.04791632439583271,-0.09957122066905022,0.005314128792355932,-0.006970031020190004,-0.011496400453264832,1251
2026-10-05,FR0011271550,0P0000WJFT.F,EUR,306.17999267578125,306.17999267578125,-0.01644714204291131,-0.04219983165547281,-0.0334311857346864,0.0009807368516412396,0.10449534351534433,0.10139122317446375,-0.0819005235890754,-0.1080676260275274,-0.017595886166506647,-0.045951279499915954,-0.021929620103235292,1254
2026-10-06,FR0011288513,0P0000XP79.F,EUR,134.35000610351562,134.35000610351562,0.002986257292921124,-0.012495383389263481,-0.020558373573472344,-0.005919258816848183,0.03389555497259028,0.023312552357404724,-0.024203485527065638,-0.029187461979047202,-0.0015680228236040206,-0.011019708341165724,-0.013704577363065296,1253
2026-10-06,FR0011350685,0P0000XRPO.F,EUR,1319.510009765625,1319.510009765625,0.002545264632674682,-0.008304810261480111,-0.01201006212876432,-0.0008405032149040315,0.022125962744569586,0.014847510584990445,-0.015971554580839764,-0.01867545607765031,-0.001089743282002953,-0.00696347024685362,-0.006556859679801574,1251
2026-10-06,FR0011363746,0P0000YA5J.F,EUR,201.33999633789065,201.33999633789065,0.004189507919654112,-0.006317238229901934,-0.012506758837565912,0.0053929984054692515,0.037965576241573935,0.028584081318916404,-0.020540895599197362,-0.031872118869212596,0.002242513615630326,-0.005462220152581354,-0.0031264506976397266,1242
2026-10-05,FR0011400712,0P0000Y520.F,EUR,949.0599975585938,949.0599975585938,0.01812996148831858,0.027488188550246706,0.03314792206986272,0.11181923108329128,0.12052310317890515,0.13229236847024178,-0.07302708876997388,-0.12448297538646003,0.025873283397367608,0.01630395333060619,0.052645178529956205,1197
2026-10-06,FR0011550193,ETZ.PA,EUR,21.0049991607666,21.0049991607666,-0.0019007324961904937,-0.019374459105937936,-0.005445155014064396,0.03754004890236318,0.11462073582283526,0.08876209364756395,-0.04919538826778014,-0.09410045263958577,-0.00017854426341612495,-0.014904272760064563,0.02895496167495426,1293
2026-10-06,FR0011586544,0P000115CR.F,EUR,3390.64990234375,3390.64990234375,0.02185260782036713,0.022987135854463547,0.04510983919890155,0.172622571214472,0.11605794048331694,0.10673245067089152,-0.03778567595914151,-0.11714410061051672,0.025839361612621792,0.025506910516005288,0.09665339324803446,1256
2026-10-06,FR0011631050,0P00011S1H.F,EUR,220.57000732421875,220.57000732421875,-0.008985936712876952,-0.03706448234027937,-0.017768036505851126,-0.0158836277206843,0.12557823461571185,0.10771071460040527,-0.06622035858934383,-0.1151385532086443,-0.009115011586329658,-0.030040267704955603,-0.027105984272391304,1253
2026-10-06,FR0011694256,0P00014KUO.F,EUR,154.6300048828125,154.6300048828125,-0.011443506630140043,-0.06062812520827765,-0.10307418586303241,-0.08307634343893333,0.1367464941802818,0.11292686287533107,-0.14843093087433812,-0.17317128044157837,-0.01986197427656966,-0.06989694066979268,-0.08215409233239013,1253
2026-10-06,FR0011726835,GTT.PA,EUR,213.1999969482422,213.1999969482422,-0.012962977091471317,-0.02737226315480623,0.13223575938891585,0.12057617911414487,0.21999372212135926,0.22606174360256048,-0.077533066535311,-0.15003473389952182,-0.022511590035325768,0.01503507310126806,0.10504577371813273,1293
2026-10-06,FR0011950732,ELIOR.PA,EUR,1.7599999904632568,1.7599999904632568,-0.04087195974091251,-0.11557789847801492,-0.11735204237681085,-0.3141075600432015,0.27900396948743195,0.22406501385570365,-0.18215611941403098,-0.4109772289504635,-0.05675545720709296,-0.12210695130854365,-0.24639275218480172,1293
2026-10-06,FR0012333284,ABVX.PA,EUR,80.44999694824219,80.44999694824219,-0.04054861762374695,-0.20346537675007736,-0.32224095183994395,-0.20029822894144877,0.43674635380125937,0.3643023561962047,-0.3284641494250633,-0.4844771430760161,-0.09614361846716946,-0.17791564670230076,-0.2082102361250423,1293
2026-10-06,FR0012355139,0P0001572S.F,EUR,128.77999877929688,128.77999877929688,0.011864557052400304,-0.013180085982399392,-0.028881696805872048,0.00031065158013321437,0.08017796487590731,0.0635156730528601,-0.04443611776022083,-0.05565120950851987,0.004281319456090893,-0.010790830297297216,-0.01583356470862718,1251
2026-10-06,FR0012435121,ELIS.PA,EUR,21.6200008392334,21.6200008392334,-0.0018466762908814216,-0.0752779463091946,-0.15744345409987048,-0.1722354696564543,0.33908131350427934,0.27045365162478224,-0.1949347669920357,-0.2560284051549274,-0.022957308434239376,-0.08003128159542272,-0.13157999794851782,1293
2026-10-06,FR0012757854,SPIE.PA,EUR,42.540000915527344,42.540000915527344,0.0037753620429350487,-0.028675806309440444,-0.10532735729940512,-0.07495593608608919,0.28447980048818405,0.23744409370275654,-0.1523797411535872,-0.21585082940225453,-0.015242565001916564,-0.0439326120007274,-0.09073475727360614,1293
2026-10-06,FR0013176526,FR.PA,EUR,15.135000228881836,15.135000228881836,0.038421984696062506,0.03029276114430801,0.2151746544835249,0.39121516877236906,0.4282260032718878,0.37209155343142436,-0.10293644910028732,-0.2740685965690174,0.033511464659228274,0.04152331953825006,0.20103963872591124,1293
2026-10-06,FR0013202132,0P0001AC1I.F,EUR,115.23999786376952,115.23999786376952,0.0010423481091432762,-0.013440627751376444,-0.018398668092293402,-0.002682866116839655,0.04179742867354523,0.02711757629415471,-0.023139099532864305,-0.027311290746644623,-0.002958959752765722,-0.011200805622541776,-0.01263975811168161,1245
2026-10-06,FR0013227113,SOI.PA,EUR,167.5500030517578,167.5500030517578,0.07749198104024324,0.14485818971026965,0.6306569640073754,0.6755000305175782,0.9189973042795275,0.9778547386537045,-0.19213484289047866,-0.5504682471501512,0.1345476918900117,0.29183727504736234,0.7770363308868871,1293
2026-10-06,FR0013254331,0P0001BGYT.F,EUR,426.0899963378906,426.0899963378906,0.01527355073860126,0.008687994871209082,0.039421374261069175,0.10223242430840251,0.11228531104370505,0.11452836002528706,-0.036921992311737206,-0.11598420067942472,0.017110574793712585,0.014240158271395131,0.05541229479233012,1215
2026-10-06,FR0013269123,RUI.PA,EUR,34.70000076293945,34.70000076293945,-0.008571406773158485,0.008134881141474537,0.08437502384185791,0.08288300493109313,0.25205482703977744,0.19446174416631748,-0.044751350766358944,-0.11528145624745234,-0.013700175749093102,0.011296226152397226,0.05499455153193722,1293
2026-10-06,FR0013280286,BIM.PA,EUR,80.0999984741211,80.0999984741211,0.01714283776661696,0.11172789842327258,0.14102566889252266,-0.09928039321597437,0.23379785321850763,0.2721314953337689,-0.07805201750923207,-0.4118945926191766,0.06949728019902213,0.08129267044362254,-0.023530394242906594,1293
2026-10-06,FR0013326246,URW.PA,EUR,90.5,90.5,-0.0017648759722722618,-0.04556000536519755,-0.11750368301477343,-0.10153272463052854,0.19093032855271677,0.14846736540240027,-0.17356000583551412,-0.17356000583551412,-0.015683794612684987,-0.07476133024125042,-0.06213110401485866,889
2026-10-06,FR0013333838,0P0001DXTL.F,EUR,118.29000091552734,118.29000091552734,0.002287784105582835,-0.00420910847837741,-8.454890931897108e-05,0.02619939585677611,0.02039756018801773,0.02441981678744932,-0.014128092314013574,-0.033081040146226814,0.0012612127102815673,-0.0033247700148759662,0.011498978038932517,1252
2026-10-06,FR0013334380,0P0001DXU9.F,EUR,103.5500030517578,103.5500030517578,-0.005760907012296368,-0.03179050017299023,-0.032604613545582306,0.05383676776429436,0.1864538320659916,0.15313356467098896,-0.07188473531632189,-0.1084672057823034,0.00036713770972007786,-0.02035723967322245,0.015605836913924254,1252
2026-10-06,FR0013342755,0P0001E0HL.F,EUR,188.05999755859372,188.05999755859372,0.005560866551033161,-0.006235509936153516,-0.02981840119941792,0.018412183629681556,0.18596189706461191,0.14751617789970314,-0.07626430686469654,-0.11584945799770097,0.012828643724636768,-0.004932493283974715,0.008925861420195469,1253
2026-10-06,FR0013351285,0P0001EPLY.F,EUR,155.32000732421875,155.32000732421875,-0.030582910118285622,-0.04933282725982868,-0.07415347871932765,-0.034439843746813414,0.07518819681445957,0.0656265169295322,-0.07963705363133211,-0.09545535463958221,-0.03383021153832533,-0.055173627810579995,-0.048688227065735834,1249
2026-09-30,FR0013433067,0P0001ILL4.F,EUR,95.12999725341795,95.12999725341795,-0.03909093683416209,-0.05465567077527855,-0.06358892919915626,-0.025606883850572637,0.1728127718747212,0.2246771464157189,-0.11316681697844033,-0.20466606893546202,-0.015074677558829519,-0.04941296774001547,-0.0839968360007769,1177
2026-10-06,FR0013451333,FDJU.PA,EUR,21.100000381469727,21.100000381469727,0.014910988566184002,-0.0529623100901907,-0.09051725484528195,-0.11956348722506849,0.1559916446685747,0.15074043890845815,-0.11900687559972067,-0.20586134726568295,-0.019676152966036864,-0.03957321328258012,-0.055694167515187076,1293
2026-10-06,FR0014000MR3,ERF.PA,EUR,76.13999938964844,76.13999938964844,-0.0007873695668846326,0.06938205973516132,0.10347825202389038,0.10787116538469177,0.2764610213662795,0.24990166968612706,-0.07004213550513194,-0.20375860905809895,0.011504626031175968,0.0475367514881051,0.1383665304196331,1293
2026-10-06,FR0014003TT8,DSY.PA,EUR,21.51000022888184,21.51000022888184,0.0421512046976964,0.05131970632423166,0.16965747377836338,0.15188999399920866,0.2687192827286178,0.358488816294356,-0.1264616741878486,-0.47274530078621,0.032323113184068886,0.005581911925411687,0.0822528094353252,1293
2026-10-06,FR0014004L86,AM.PA,EUR,280.79998779296875,280.79998779296875,-0.0222842066226967,-0.0021322178981153517,-0.013352137136514064,-0.11358291436566814,0.20670011485424983,0.2401607349699997,-0.14044944087776323,-0.20795749519430162,-0.02006633821849957,-0.046014225788208796,-0.07496467948759544,1293
2026-10-06,FR00140081Y1,0P0001P1UF.F,EUR,127.8499984741211,127.8499984741211,0.0016452451071515828,-0.0027300973670256745,-0.0035850603477923793,0.006138339349729627,0.01210773888137989,0.012275463534766462,-0.0075439509013045525,-0.012880632916910884,0.00040296272208117934,-0.0020513255261945806,0.0007639702265112014,1097
2026-10-05,FR0014008NN3,0P0001P5RF.F,EUR,1116.5899658203125,1116.5899658203125,-0.01507487746184033,-0.049573123271351105,0.03848551109657916,-0.039021357392227896,0.21780339041515312,0.19216941285125363,-0.08371377079233333,-0.21793387774801054,-0.02808790007285744,-0.028754914470795145,-0.04927948398704818,1023
2026-10-06,FR001400AJ45,ML.PA,EUR,33.70000076293945,33.70000076293945,-0.006192836491229925,-0.0276976078678296,-0.014043286657421161,0.09282959051361028,0.176267501596472,0.16964883412671075,-0.06113158439342947,-0.17488391923233015,0.00630059519312498,-0.013587301744402258,0.0639010988745814,1293
2026-10-06,FR001400C7W0,0P0001Q63A.F,EUR,120.31700134277344,120.31700134277344,0.0011566171623855759,-0.0033960592214486995,-0.0028922730709423083,0.007924865571158568,0.010713815091960243,0.0071929009299021,-0.005669868593683125,-0.010383330479376118,-0.000414556746227146,-0.002071537843956639,0.003131496448505411,952
2026-10-06,FR001400J770,AF.PA,EUR,11.510000228881836,11.510000228881836,-0.024989417083251086,-0.022920162157020307,-0.10288384276489748,0.12237933695131287,0.32758344622214164,0.3478146849623471,-0.14220180944391325,-0.3487062871159111,-0.0022105600759585453,-0.0257816461434065,0.020682360168791103,1293
2026-10-06,FR001400KAV4,0P0001RSZC.F,EUR,118.8499984741211,118.8499984741211,0.002784355723941756,-0.010902173336079679,-0.016060952286629737,-0.0005886284552811816,0.02808200199823802,0.01972795267763382,-0.019529899474326817,-0.023963510996798165,-0.0012982847202048786,-0.008950727220940369,-0.008181577032738696,731
2026-10-06,FR001400L7X7,0P0001S005.F,EUR,1085.550048828125,1085.550048828125,0.001762609495651768,-0.004320034574608056,-0.005232447708522159,0.003271724873660675,0.014069994053648682,0.010011425538343858,-0.00821875904603675,-0.011346908589593308,0.00011335139660584304,-0.003218165217984681,-0.0007367842304639716,692
2026-10-06,FR001400MCQ6,0P0001SCG2.F,EUR,111.33000183105467,111.33000183105467,0.0017997352882195283,-0.010839637384479572,-0.013469177347086858,0.0015293105734508483,0.027899039129177187,0.01815428148870759,-0.01858241248053083,-0.023477096143128984,-0.0017753316608314362,-0.008543986350055155,-0.005916893136206136,627
2026-10-05,FR001400TS43,0P0001UK5Q.F,EUR,249.25999450683597,249.25999450683597,0.009517600785193592,0.023486907195496176,-0.10924487557567386,-0.1708193118890341,0.2956671960902032,0.4041718943183108,-0.18253775536359795,-0.4031498049663377,0.016597280100715484,-0.017785949563079884,-0.1256024909127027,419
2026-10-06,FR001400U4T1,0P0001UJXE.F,EUR,100.62999725341795,100.62999725341795,0.0027902220583397863,-0.016035977740101348,-0.022820023566812342,-0.0044524904774144725,0.03530564404743307,0.024773435152354275,-0.027084757379556068,-0.028593554333610216,-0.003160047889794293,-0.013301779198351626,-0.012601266218991158,428
2026-10-02,FR001400Y4C3,0P0001VF8D.F,EUR,102.8000030517578,102.8000030517578,0.004995665023572071,-0.006993537816589068,-0.011946947171559197,0.004809051110262086,0.028751543798759684,0.020447420020047097,-0.018309725716360914,-0.018998010653424435,0.001261831821335102,-0.004889949472253852,-0.0040407749188282605,332
2026-10-06,FR0014010443,0P0001X7LU.F,EUR,121.81999969482422,121.81999969482422,0.007026522820069436,-0.004494590499412143,0.004866751806922975,0.03879937905691788,0.1400052374259706,0.11130971950809192,-0.06508550861145868,-0.07909845364679069,0.005165273992959962,-0.009567731711413008,0.03609359590308747,265
2026-10-06,FR00140182K6,WLN.PA,EUR,10.565999984741213,10.565999984741213,-0.032417590575042565,-0.25581067623556164,0.10999053739482334,-0.10305600812809013,0.4193752630332551,0.7184345904284553,-0.28571429505341295,-0.6798059113802333,-0.13246245622374475,-0.15883833060232966,-0.16761705830309048,1293
2026-10-06,IE0000MMQ5M5,XZME.DE,EUR,11.666000366210938,11.666000366210938,0.024411735420184044,0.02207822134970594,0.056128993824341,0.11423114314031735,0.1208380817776169,0.13595180258382766,-0.034134029904242746,-0.12315044752045123,0.023450079060251205,0.023552446266472904,0.08346370155934135,1145
2026-10-06,IE0002EI5AG0,XDEE.DE,EUR,12.062000274658203,12.062000274658203,0.018750010068351974,-0.01887094545865542,-0.004292557734925206,0.04360621913172391,0.09643371056724488,0.09422281193381078,-0.06861037817093696,-0.07195734552495425,0.004856849205780778,-0.016817278265937263,0.02978718530174418,1255
2026-10-06,IE0003UN5CT1,JSEE.L,EUR,31.674999237060547,31.674999237060547,0.00015785161839465545,-0.013009256309629014,-0.01193167613097168,0.047020863660559575,0.12483652862123554,0.09934956743635528,-0.049569186207256144,-0.10927735477485356,0.00401763713998915,-0.011697402831959636,0.02991297361014178,459
2026-10-06,IE00069JGT58,JSEU.L,USD,38.97192042462419,38.97192042462419,0.034946100536564995,0.060809650854646735,0.06366803596004678,0.18668407110941354,0.1347191742604724,0.13340985185314627,-0.033805521724557974,-0.09540032619128536,0.041190374933501195,0.04938303643893316,0.1292749599490639,799
2026-10-06,IE0006YM7D84,XZHY.L,USD,33.95500568359105,33.95500568359105,0.014096511464884776,0.011766275115107083,-0.002541044281351712,0.03901072136750372,0.0834006807274731,0.06799821131419129,-0.024689854285575796,-0.03299643726822499,0.00995861499763051,0.008713341612702097,0.022134732357798503,1076
2026-10-06,IE000ANHU3J3,JSEM.SW,USD,37.83971508077331,37.83971508077331,0.03443076189173544,0.03343856454438354,0.0710590830915363,0.19591956839245794,0.2476952397509067,0.22886198276567765,-0.06438650831226733,-0.13277301158653176,0.03586917667217526,0.05802341254480248,0.14218662431695717,397
2026-10-06,IE000I8KRLL9,SEMI.AS,USD,19.818043467356123,19.818043467356123,0.051230040601724536,0.12683134387654937,0.052800905401423126,0.5113540906854108,0.38551042197324337,0.4405870257969277,-0.19026407285336466,-0.28230899511903307,0.09114498061170617,0.1376166840077826,0.3233572053022393,1293
2026-10-06,IE000R85HL30,WEBD.DE,EUR,130.24000549316406,130.24000549316406,0.04025566028572203,0.07725396070641,-0.0552049348814464,0.01419592375750911,0.09769628759362006,0.32316762287264866,-0.18689110265098707,-0.18689110265098707,0.05135702563412026,-0.0312882169909654,-0.0032784469192314036,1285
2026-10-06,IE000RDRMSD1,BLKC.AS,USD,15.690399449750169,15.690399449750169,0.0029426066677025187,-0.012116810497046382,0.061347341602972394,0.0675286879941921,0.4365041761028169,0.48960425422762827,-0.12479567170263195,-0.4311174525246234,0.0004869444389901112,0.04181495846766525,0.0637288742078781,1029
2026-10-06,IE000U58J0M1,INRA.AS,USD,23.00266027769252,23.00266027769252,0.04711218795693162,-0.011477195333912893,-0.07337427913465566,-0.06221462842464709,0.28497059532605445,0.254987636942352,-0.12308070495053736,-0.2681388228480649,0.023593784463774803,0.01638638007701343,-0.04196523570267863,1180
2026-10-06,IE000UX5WPU4,XYPL.DE,EUR,9.861000061035156,9.861000061035156,0.008467806982142001,-0.009900034452387962,-0.01660434694780477,-0.01699644160592617,0.047607106318002065,0.0369250120645429,-0.03239188740138765,-0.04029930153085548,0.003065857751266332,-0.008001975613384116,-0.014025459818692632,1099
2026-10-06,IE000VA628D5,SP20.AS,USD,6.326975249810193,6.326975249810193,0.03884641584403781,0.08957011297368345,0.0956556787189431,0.18991557074466092,0.15299916912543463,0.17118097890174616,-0.044330093330838816,-0.1284309111272145,0.051341277642706906,0.07764817833076454,0.15413709199708214,480
2026-10-07,IE0030351732,WYZ1.F,EUR,53.18899917602539,53.18899917602539,-0.008500350039092774,,,,0.16640419022036437,,-0.03674082391942335,-0.03674082391942335,,,,14
2026-10-06,IE00B3ZW0K18,IUSE.L,EUR,160.8800048828125,160.8800048828125,0.022889153938558504,0.01906638283855444,0.036998875310986,0.1105129447452129,0.11840002104985743,0.11526003239608859,-0.026802918883324978,-0.08666481270306314,0.02108108047645274,0.0213079564981824,0.07830426870553087,1274
2026-10-06,IE00B4L5Y983,IWDA.L,USD,132.46797421851687,132.46797421851687,0.02988704866162495,0.04165117251140593,0.04918785073384546,0.15202591469649462,0.13727600483772118,0.12396848294392905,-0.0314395943389254,-0.06426178066922439,0.03334086364948674,0.038251260570535406,0.10721238649686615,1274
2026-10-06,IE00B6R51Z18,IOGP.L,USD,31.01082560430133,31.01082560430133,0.04080601968051334,-0.019356477305685127,0.1038130269364923,0.07582810628041736,0.2274726575670413,0.23922982455482536,-0.08305295944975122,-0.1893189566400566,0.0032245841487057447,0.0157117568894114,0.09342769363139447,1274
2026-10-06,IE00B6R52143,ISAG.L,USD,50.17361606471047,50.17361606471047,0.023215646725627925,-0.03362495888575212,0.02453533899941096,0.013701295754057874,0.13321062140010326,0.15040605396336795,-0.07721369534247513,-0.0928890168616453,-0.00035420406826691675,0.008368426003354523,0.028678264853306157,1274
2026-10-06,IE00BDQYWQ65,TIP5.L,USD,4.334918674061145,4.334918674061145,0.015210208763773547,0.02835579094486884,0.011196665357188884,0.04389254465103343,0.03944440248787582,0.04598455321153488,-0.023758590358265108,-0.0393317021918399,0.018183389197540256,0.021886287179171404,0.030929887821101287,1274
2026-10-06,IE00BF4G6Z54,JREM.L,USD,47.12468787010295,47.12468787010295,0.029339143767475484,0.02852887014107708,0.06665001698778905,0.1711540029399885,0.22967238766211026,0.22022106160723576,-0.06743893658122968,-0.13277031521209293,0.0344177408602242,0.053380672619539604,0.12975645288376048,1273
2026-10-06,IE00BFMNHK08,XZEU.DE,EUR,36.744998931884766,36.744998931884766,-0.004065632850462353,-0.01501142926443888,-0.004200612129661607,0.06878992990965549,0.11869076666847393,0.09288291470633793,-0.04838921969104015,-0.10329516595899846,0.003406557659432652,-0.01270362719084095,0.04425023262820238,1284
2026-10-06,IE00BG0J4B71,EH1Y.DE,EUR,4.750999927520752,4.750999927520752,0.005098442171251882,-0.011526276789972312,-0.016605032389086172,-0.0022330557543921437,0.05373484971320855,0.0385090006843657,-0.028129774050570933,-0.03306860401077327,-0.0006321144914300802,-0.009376218243310586,-0.00493030176271092,1147
2026-10-06,IE00BG0J4C88,LOCK.L,USD,12.115484448555636,12.115484448555636,0.07109132322063072,0.14197837212679887,0.14569275807502935,0.37306843342609186,0.2349639121635586,0.2442243933231116,-0.06918210405872405,-0.12423833383261185,0.06714051152269618,0.10099265362802101,0.2634001661856753,1274
2026-10-06,IE00BG370F43,XZEM.L,USD,61.98599039443357,61.98599039443357,0.033175036193534346,0.03571007686267769,0.05699274012172206,0.06971016633003169,0.2046254702988032,0.2041053672085285,-0.06610675311961389,-0.13248037332383544,0.03614020435083565,0.05490144216962989,0.07037806817189174,1274
2026-10-06,IE00BHZPJ015,EDM4.DE,EUR,10.354000091552734,10.354000091552734,-0.00633397161784699,-0.016527335523788933,-0.0036566691768832316,0.05170135202825543,0.1318760580076614,0.11108740913202016,-0.053667599266246535,-0.10782747063876086,0.0008409697814952821,-0.013047521015405183,0.036328039127430545,1287
2026-10-06,IE00BHZPJ239,EDM2.SW,USD,8.695690248114042,8.695690248114042,0.033605517477768965,0.034165148176356075,0.06836444260762597,0.16811307101990747,0.21992678342298583,0.21607427584009056,-0.06363902700016055,-0.1345260918002107,0.03797770007185308,0.05672318555470279,0.12992650313571663,1269
2026-10-06,IE00BJ5JPH63,3SUD.DE,EUR,5.078999996185303,5.078999996185303,-0.0003935947845030707,-0.033197521180106215,-0.039777687548072205,-0.04108293515127914,0.07164371275320544,0.05653105928001872,-0.051373066040586335,-0.05996626709503183,-0.012549701690199977,-0.026259365786929223,-0.03263573589703861,1287
2026-10-06,IE00BJZ2DC62,XRMU.L,USD,61.17918402847152,61.17918402847152,0.0364066875684792,0.06024195535504839,0.06011623364661256,0.19014074677775317,0.13581662858984975,0.137063637269781,-0.033469853884432466,-0.08608559168927943,0.04196862996982431,0.05223565435479194,0.12954400565946278,1274
2026-10-06,IE00BJZ2DD79,XRSU.L,USD,376.7567805623737,376.7567805623737,0.029425372518259163,-0.004795403554243682,-0.022097640161111265,0.10888571304300321,0.16608674530504008,0.14515139326911017,-0.07449764261992065,-0.09191930547627514,0.016307590824944374,-0.004416840773816211,0.05919202611106078,1274
2026-10-06,IE00BKBF6H24,IWLE.DE,EUR,10.998499870300291,10.998499870300291,0.018332480511286997,0.011263282584404566,0.028618901129166874,0.08668981618894844,0.11554673295688662,0.10243493701984677,-0.029517160170236978,-0.07851649475827649,0.01635161638060212,0.013330790297890083,0.06807201493478554,1287
2026-10-06,IE00BL25JL35,XDEQ.SW,USD,82.30327505774987,82.30327505774987,0.02807255848196566,0.050485877590285,0.04084431673849531,0.14709401603266858,0.08747929559051372,0.10274770024524667,-0.039215467351097044,-0.0645891391851322,0.036456873057926,0.038457719217794395,0.10272976894540231,1269
2026-10-06,IE00BL25JM42,XDEV.SW,USD,75.2960849112348,75.2960849112348,0.01997103643803233,0.01650479731185861,0.049456193440130525,0.2855049451527132,0.15406171727451878,0.1390538379477313,-0.03157630572934933,-0.05770898221228993,0.01580456885701942,0.029971124976453156,0.16602051709027377,1259
2026-10-06,IE00BL25JN58,XDEB.DE,EUR,45.56499862670898,45.56499862670898,0.019807482441549507,0.01730291795803396,0.03498005786382152,0.06972643082264529,0.06876133540074433,0.08643881109232743,-0.024500063829753338,-0.053087219156055854,0.014245934929526527,0.011716925080637264,0.05112540368431073,1286
2026-10-06,IE00BL25JP72,XDEM.SW,USD,90.86167321179433,90.86167321179433,0.03385813655764469,0.07053049004167034,0.04179643203641903,0.20385992480360993,0.18061649682034356,0.2127253611988804,-0.08598625480094368,-0.12784451494966353,0.04852386496664729,0.06856467564456037,0.15042048149780562,1259
2026-10-06,IE00BM67HK77,XDWH.L,USD,54.3814969141969,54.3814969141969,-0.0031823489281648243,0.028343302029129047,0.03193276800970524,0.13583296061760652,0.12085886696590543,0.15531551731148496,-0.05875719335444407,-0.10318579402849182,0.00923733695752893,0.00785694771248413,0.06900724361057131,1274
2026-10-06,IE00BM67HM91,XDW0.L,USD,68.31563867494535,68.31563867494535,0.03646252986757981,0.021014687507259655,0.13373533038140728,0.1493809529741521,0.1622818411048535,0.18909362064943644,-0.05429453431446529,-0.15272657622424402,0.017185427775805007,0.042361781257305164,0.1480806599384501,1274
2026-10-06,IE00BM97MR69,XT0D.L,USD,57.00696399315419,57.00696399315419,0.012459539355754279,0.039204035120628866,0.025366490423856414,0.0697672525021178,0.0377338214273324,0.04388509379798612,-0.0240998227837117,-0.035956034609163745,0.020128023064981404,0.029893628915921955,0.04884290970284466,1274
2026-10-06,IE00BMDFDY08,UEEF.DE,EUR,5.64739990234375,5.64739990234375,0.0037680321471393885,-0.024931820717198683,-0.022873596409448305,-0.020092987882319058,0.06643961266657541,0.04855662580724655,-0.036452485144036206,-0.036452485144036206,-0.00961555358998012,-0.018670890771604998,-0.01721571008219258,1287
2026-10-06,IE00BMG6Z448,EXCH.AS,USD,8.709063053427457,8.709063053427457,0.03606383026384585,0.03777230174067481,0.08274426124034662,0.21427198876589926,0.27330060998006817,0.2698889620572159,-0.09431093998598683,-0.17728773058573388,0.042479804666223586,0.07370399517175419,0.17269500925098824,1293
2026-10-06,IE00BQ3D6V05,0P000166SB,USD,83.63160807792599,83.63160807792599,0.04248345056819813,0.07386765353517144,0.04626930840069465,0.2236052081751676,0.12005938949681695,0.20032382887839603,-0.09062458852934518,-0.12341477579416804,0.05020911287768848,0.06668625918835613,0.1397423992386455,1214
2026-10-06,IE00BYVQ9F29,NQSE.DE,EUR,18.14800071716309,18.14800071716309,0.03372072052496655,0.05967542328974562,0.054748423632722476,0.17417186412782182,0.16738374568778178,0.17968503227741311,-0.07555499734560822,-0.11870130610035734,0.04301852516276261,0.0579802499554245,0.12776399640816338,1287
2026-10-06,IE00BYZK4552,RBOT.L,USD,20.491126881387665,20.491126881387665,0.06452723891371348,0.11520426248970761,0.13139781349463964,0.36328484120157567,0.24864778360721387,0.25895364259007075,-0.07714870408643226,-0.1270730588029788,0.08438490506067531,0.10261130219875536,0.24870083329388315,1274
2026-10-06,IE00BZ02LR44,XZW0.L,USD,51.635675437619504,51.635675437619504,0.033244279798036125,0.0478200800519768,0.0657441981452569,0.17016715706620866,0.14321643691025687,0.14510455929369037,-0.03517718499463052,-0.10518426628150501,0.03732565975272295,0.04391002124870891,0.11667530517748204,1274
2026-10-06,IE00BZ036J45,XDGE.DE,EUR,9.598400115966797,9.598400115966797,0.004163757085136499,-0.028384041083254763,-0.03931306934480894,-0.05423103646518801,0.06569846801002695,0.055099853159566656,-0.04773330832690326,-0.0729180878261746,-0.010812774989305884,-0.02348160183002279,-0.043303304400918674,1287
2026-10-06,IE00BZ163G84,VECP.AS,EUR,46.9900016784668,46.9900016784668,0.006856728563885417,-0.0067917603885898625,-0.013786567641921321,-0.012311560266918042,0.0381458915571051,0.02805947507031231,-0.025139970010020662,-0.03007659148121422,0.0030480350820292212,-0.005730786996194892,-0.01010032139838013,1292
2026-10-06,IT0000072618,ISP.MI,EUR,6.506999969482422,6.506999969482422,-0.03642822760265152,-0.026917875546710213,0.025370275763801686,0.1605386343368589,0.24078707841406424,0.19285967625399134,-0.08515248862539637,-0.18962136424504183,-0.023771843050714003,-0.03230700237930273,0.09639743583837235,1283
2026-10-06,IT0003128367,ENEL.MI,EUR,8.836000442504883,8.836000442504883,0.006492784871221291,-0.012737359686001426,-0.11791155312556145,-0.06814622588991948,0.1983157450909261,0.1741307808130218,-0.1369971620497238,-0.1369971620497238,-0.00046940692777819315,-0.04654611197393321,-0.053008709093067985,1283
2026-10-06,IT0003132476,ENI.MI,EUR,24.13500022888184,24.13500022888184,-0.006381254870452491,0.038731409873853595,0.12489342187973818,0.10709086529741829,0.19626979211507303,0.26904479985581625,-0.07494912450458358,-0.18371762343297826,0.0065531879761273615,0.023728100160339993,0.13759206923183132,1283
2026-10-06,IT0003242622,TRN.MI,EUR,9.140000343322754,9.140000343322754,-0.005873384749177424,-0.021622742896775238,-0.11519841134290842,-0.06875619680368328,0.1759715127680125,0.156719259102032,-0.13442623614171878,-0.13442623614171878,-0.007729693218250899,-0.04460260385474535,-0.04974829719975005,1283
2026-10-07,LU0029874905,TEP6.F,EUR,71.66500091552734,71.66500091552734,0.03698504844476114,,,,0.22707315850491888,,-0.02363170189880326,-0.02363170189880326,,,,14
2026-10-07,LU0048574536,FPGK.MU,EUR,60.78200149536133,60.78200149536133,-0.0023471110954439434,,,,0.03897709688012472,,-0.015543800677113584,-0.015543800677113584,,,,14
2026-10-07,LU0050427557,FJRC.F,EUR,38.3489990234375,38.3489990234375,0.1531452497349981,,,,0.43147587957453865,,-0.03541801664949307,-0.03541801664949307,,,,14
2026-10-07,LU0052474979,JPJX.F,EUR,172.44700622558594,172.44700622558594,0.01794499983201603,,,,0.19706745241262336,,-0.025892593144885345,-0.025892593144885345,,,,14
2026-10-07,LU0053696224,JPJW.F,EUR,60.94100189208984,60.94100189208984,0.03193635724609023,,,,0.20057708360060617,,-0.026301934376576797,-0.026301934376576797,,,,14
2026-10-07,LU0055114457,FPGL.F,EUR,16.18199920654297,16.18199920654297,0.01359217362236631,,,,0.1580331131403245,,-0.059549278576264686,-0.059549278576264686,,,,14
2026-10-07,LU0058908533,JPJV.F,EUR,92.44200134277344,92.44200134277344,0.015265994814304351,,,,0.1609603944798948,,-0.04001178913472303,-0.04001178913472303,,,,14
2026-10-07,LU0070212591,IH5Y.MU,EUR,2479.405029296875,2479.405029296875,-0.0007838750207849188,,,,0.005564387755395184,,-0.0007842682730768713,-0.0007842682730768713,,,,14
2026-10-07,LU0073232471,MSJ6.F,EUR,219.9010009765625,219.9010009765625,0.03929845310640756,,,,0.25126840740511025,,-0.034247322862720475,-0.034247322862720475,,,,14
2026-10-06,LU0088087324,SESG.PA,EUR,4.093999862670898,4.093999862670898,-0.07207622477272713,-0.16243865526068546,-0.46588390305990734,-0.3652713203510408,0.38879616613628215,0.4791587768414704,-0.46666668740322503,-0.5864441349465045,-0.09845634692878746,-0.17286916528204754,-0.3576537266433081,1293
2026-10-05,LU0090841262,0P00000DWT,USD,78.54605170895104,78.54605170895104,-0.02127820353647214,-0.08159064124120297,0.16468450721626304,-0.07976214603475373,0.28939968765595336,0.4166935575473366,-0.12582951694431388,-0.35059423030144754,-0.04898624412281183,-0.01912561576092775,-0.002972793850816946,1019
2026-10-07,LU0099161993,C5Q1.F,EUR,332.8970031738281,332.8970031738281,-0.01248278036623629,,,,0.10090219217487764,,-0.015857386028741538,-0.015857386028741538,,,,14
2026-10-07,LU0099574567,FJ2P.F,EUR,98.63999938964844,98.63999938964844,0.03528620999628629,,,,0.16636733391959205,,-0.014109108664772774,-0.014109108664772774,,,,14
2026-10-07,LU0107398884,JPJF.F,EUR,26.48600006103516,26.48600006103516,-0.018455351507666973,,,,0.11674865964323082,,-0.0423432652592407,-0.0423432652592407,,,,14
2026-10-07,LU0113257694,ZPJS.F,EUR,24.266000747680664,24.266000747680664,0.003764281840415107,,,,0.03903119489495901,,-0.009802326336384115,-0.009802326336384115,,,,14
2026-10-07,LU0114722498,FJRQ.F,EUR,76.82099914550781,76.82099914550781,0.004537491520012704,,,,0.09053872140293892,,-0.026696690355944463,-0.026696690355944463,,,,14
2026-10-07,LU0119750205,IUGL.F,EUR,30.94499969482422,30.94499969482422,-0.006389654850360693,,,,0.0845969915121942,,-0.027825820480744223,-0.027825820480744223,,,,14
2026-10-05,LU0131510165,0P00001UFS.F,EUR,884.5700073242188,884.5700073242188,-0.01793006028976929,-0.05932831989494536,-0.03156340740010144,-0.01601829187647208,0.08842295034911667,0.09518848599723827,-0.08122935212438809,-0.08363754838274706,-0.02537245977463487,-0.04980312610001447,-0.03415848528725318,1089
2026-10-06,LU0138007074,0P000026CA.F,EUR,9583.9296875,9583.9296875,0.03090581675171644,-0.001617827825804441,-0.029126470997040577,0.05290722712177476,0.16891806143476387,0.1753598273767847,-0.09038874185237777,-0.18821294351051976,0.025127331459197544,-0.001387391586088138,-0.009160255157471209,1089
2026-10-06,LU0141799501,0P000013Y8.F,EUR,40.21379852294922,40.21379852294922,-0.004022248258494954,-0.01965387434952759,-0.022147350876813854,-0.0026513198414731542,0.037259602383777554,0.02434361851490471,-0.02892229230975707,-0.02912220284095368,-0.008538104619428943,-0.016509759488903764,-0.011836495026368743,1083
2026-10-06,LU0147396450,0P00000SKL,USD,78.30044218933458,78.30044218933458,0.02220746849883115,0.02655215383432652,0.02241156100280728,0.09988049652315945,0.09905068374641353,0.08912715381378944,-0.02794189737695174,-0.05847591595879342,0.024045135709373167,0.025775677012070064,0.06327427734785585,1008
2026-10-02,LU0147409709,0P00000LM2,USD,64.40969343649816,64.40969343649816,0.015594058896664098,0.00968720833690262,0.053824745612797154,-0.015670006363763256,0.2553552244236707,0.22592686181157604,-0.08322682207633625,-0.1619830152579782,0.0058587301568495675,0.02954395567912349,0.01570680506873967,1016
2026-10-06,LU0154236920,0P00000S3T,USD,82.60638857738483,82.60638857738483,0.039414924394550965,0.05003597755003142,0.03029604825382881,0.18949932392447888,0.15684930795953278,0.1583336705936613,-0.05760712843206328,-0.07975715410368611,0.03980665048355925,0.04795622740375616,0.11846706861791767,1018
2026-10-07,LU0173614495,FJRH.F,EUR,57.96200180053711,57.96200180053711,0.009474425091404504,,,,0.23276015494122695,,-0.028788400803904657,-0.028788400803904657,,,,14
2026-10-07,LU0202403266,FJ2E.HM,EUR,552.927001953125,552.927001953125,-0.002531010577569659,,,,0.12280494241601808,,-0.01854672404959934,-0.01854672404959934,,,,14
2026-10-07,LU0227384020,XE67.F,EUR,17.983999252319336,17.983999252319336,0.020658251745110157,,,,0.07918189818599042,,-0.010616142300232778,-0.010616142300232778,,,,14
2026-10-07,LU0231205187,TESU.F,EUR,60.66299819946289,60.66299819946289,0.0008248929753760237,,,,0.10348309693311787,,-0.02958645580591801,-0.02958645580591801,,,,14
2026-10-06,LU0246036288,0P000026OM.F,EUR,302.6119079589844,302.6119079589844,0.0009268376636060172,-0.003346873333423095,0.011394935348564506,0.044415964165405164,0.11740982302696051,0.10040444661592864,-0.053226897145107865,-0.11572868599376362,0.011915685086670402,-0.0034903049066797864,0.03145233596284425,1118
2026-10-06,LU0248178732,0P00002A0A.F,EUR,512.5549926757812,512.5549926757812,0.03535835209663518,0.027850627595038757,0.0012928560373861586,0.12852212092307203,0.10643541791882508,0.11962612739930682,-0.07194186720603224,-0.07648822010872047,0.03673667968615035,0.01768495985975771,0.07855716481658792,1085
2026-10-07,LU0260869739,FLX6.MU,EUR,37.63399887084961,37.63399887084961,0.042493087578056254,,,,0.10381474499611953,,0.0,0.0,,,,14
2026-10-07,LU0261952419,FJR3.F,EUR,39.91299819946289,39.91299819946289,-0.007953756765059494,,,,0.08211385173953828,,-0.015832799208103987,-0.015832799208103987,,,,14
2026-10-06,LU0261953904,IPGU.MU,EUR,31.834999084472656,31.834999084472656,0.00031416563373176665,0.005527455398103953,-0.0019750965977166635,0.02975895654860672,0.01847443263772127,0.014143410263801304,-0.007461309937927263,-0.018100128537090643,0.0015809064939247275,0.0028041082765433156,,196
2026-10-07,LU0266009793,XRUG.MU,EUR,135.61900329589844,135.61900329589844,0.0,,,,0.028445240580439398,,-0.01143686185128212,-0.01143686185128212,,,,14
2026-10-06,LU0266012235,0P00006CAL.F,EUR,165.39999389648438,165.39999389648438,-0.0051128186677631415,-0.036860199083086576,-0.05658232382679129,-0.0100551108221143,0.08204417536423059,0.09440212036845091,-0.09928808475797424,-0.09928808475797424,-0.009251604943668723,-0.039510192406090106,-0.019934647056823906,1090
2026-10-06,LU0274211480,DBXD.DE,EUR,237.5500030517578,237.5500030517578,0.002532205576042612,-0.0214212026704107,0.012790449631066458,0.03915134168539547,0.13242122612488316,0.11330631150321624,-0.06092396906058184,-0.12282175414505347,0.0018028791220605633,-0.014932542720550224,0.022574787438243593,1287
2026-10-07,LU0278272843,TGD0.MU,EUR,61.14300155639648,61.14300155639648,0.0014905886906830812,,,,0.07593921503866218,,-0.010646624696997509,-0.010646624696997509,,,,14
2026-10-07,LU0278937759,AEF5.F,EUR,35.45500183105469,35.45500183105469,0.04294757890992451,,,,0.16970142369660055,,-0.011048817574366931,-0.011048817574366931,,,,14
2026-10-07,LU0280435388,P3IA.F,EUR,237.74899291992188,237.74899291992188,0.06291210470420139,,,,0.15979174024117035,,-0.012331635359758786,-0.012331635359758786,,,,14
2026-10-07,LU0284394235,5L42.F,EUR,194.63900756835935,194.63900756835935,0.0013788341268197168,,,,0.07707584582767651,,-0.010224270041426897,-0.010224270041426897,,,,14
2026-10-07,LU0289089384,JP5D.F,EUR,38.41999816894531,38.41999816894531,-0.005899416474087649,,,,0.10201852102200981,,-0.023415142924872456,-0.023415142924872456,,,,14
2026-10-06,LU0290356871,DBXP.DE,EUR,173.74000549316406,173.74000549316406,0.0025100997418847637,-0.0018096992092834219,-0.0018671010466425608,-0.00043147569075618897,0.016593922943184566,0.012815667719610903,-0.007166403773139596,-0.01239343130496584,0.0017124052187076355,-0.0009539323867090443,-0.0006496526580136441,1287
2026-10-06,LU0290357259,0MUJ.IL,EUR,243.4499969482422,243.4499969482422,0.005368585936506465,,,,0.0541860205510537,,-0.01818738487304261,-0.01818738487304261,,,,18
2026-10-06,LU0290357846,DBXG.DE,EUR,232.2100067138672,232.2100067138672,0.015525247069459791,-0.02657722178488109,-0.062043059158761626,-0.07434423124893674,0.13508749096985667,0.10584280541961172,-0.08774402624081823,-0.134956736579534,-0.002881270016427351,-0.027406491190087312,-0.06465464707124602,1287
2026-10-06,LU0290357929,XGIN.DE,EUR,212.8600006103516,212.8600006103516,0.003299382240570914,-0.019846192360515658,-0.02402570080936617,-0.030029603233236113,0.03808902889847206,0.033939607767756154,-0.028482466716863275,-0.04792673151720628,-0.00656194649293651,-0.01488091969916061,-0.02500536482330684,1287
2026-10-06,LU0290358497,XEON.DE,EUR,150.3990020751953,150.3990020751953,0.0003258794126417275,0.0017584678990170133,0.005085617185680347,0.010046823761052703,0.0012415809089122416,0.0013259044362561134,-0.00011318309784169589,-0.00028315894672692465,0.0008364835308485308,0.002154791377319887,0.008228796425372442,1287
2026-10-06,LU0292096186,XGSD.DE,EUR,38.43999862670898,38.43999862670898,-0.001947313102116155,-0.022007420728932026,0.02522400543459047,0.08551288220541631,0.09291520079289957,0.0804017181903404,-0.033941240327379885,-0.03695373235385879,-0.008140811352660537,-0.01288216828384614,0.0659796955680747,1287
2026-10-06,LU0292097747,XASX.L,GBP,588.717070548412,588.717070548412,0.0017480952560449126,-0.02348858355607164,-0.003623805811903913,0.028923860926104883,0.14590442313739194,0.12192942296104832,-0.06465785014607517,-0.11277113453442278,-0.0013109920233311811,-0.020117423782188948,0.021140335632075624,1274
2026-10-06,LU0292103222,DXSE.DE,EUR,219.0500030517578,219.0500030517578,-0.013288274541631506,-0.009271836251320664,-0.03139505211738569,-0.030323112128393892,0.1370596653843054,0.15646890211693626,-0.08951461788163362,-0.12667634179434772,-0.009697317557394003,-0.03299001872053209,-0.03447438589907681,1287
2026-10-06,LU0292105359,DXSK.DE,EUR,135.4600067138672,135.4600067138672,-0.001474251384662506,-0.03062829977852155,-0.049803528102673966,0.009689944963269026,0.15738978599120537,0.16794928644735088,-0.09250748906460371,-0.16959672496210454,-0.008860644872659917,-0.02999519747750301,-0.027086532878623948,1287
2026-10-06,LU0304955437,0P00009UZB.F,EUR,668.0900268554688,668.0900268554688,0.038471102320453365,0.031130455113790534,-0.011598783757585163,0.10439055800443464,0.17665515735091558,0.1744242829925901,-0.08999620876453229,-0.1709681485622948,0.04037289381147624,0.02265616612108534,0.03019065922394093,1086
2026-10-07,LU0329355670,FHQV.F,EUR,421.1310119628906,421.1310119628906,0.022914962224862556,,,,0.18639188311736848,,-0.02135821290936435,-0.02135821290936435,,,,14
2026-10-07,LU0352312184,ALW3.F,EUR,259.760986328125,259.760986328125,0.002237766552378284,,,,0.0798302205979858,,-0.01610441567353138,-0.01610441567353138,,,,14
2026-10-07,LU0386882277,PBFH.MU,EUR,429.1029968261719,429.1029968261719,0.02730689017647636,,,,0.06846853020446038,,0.0,0.0,,,,14
2026-10-07,LU0390135415,FT94.F,EUR,97.06999969482422,97.06999969482422,0.02286615525873903,,,,0.14757539609371484,,-0.015523535833662505,-0.015523535833662505,,,,14
2026-10-06,LU0392098371,0P0000JND6.F,EUR,151.3800048828125,151.3800048828125,0.006449047251419593,-0.01567064509090932,-0.02611938686841042,-0.016629839664762613,0.05800620013913164,0.03993439385135679,-0.03812145616632312,-0.03812145616632312,0.00021476079371351986,-0.014329887501820737,-0.01897564041285249,1123
2026-10-06,LU0413543058,0P0000JC7Q.F,EUR,65.63999938964844,65.63999938964844,0.03893635759085501,0.031588846264225534,0.053611560088126176,0.1260936414252687,0.22174817662821134,0.23780578996922852,-0.07321371081195982,-0.1483880728068636,0.03699958972628581,0.056769990272680815,0.1034519763338293,1153
2026-10-06,LU0478205379,D5BG.DE,EUR,160.99000549316406,160.99000549316406,0.006879768013726251,-0.007704634847615743,-0.013722908123540933,-0.012664360340828185,0.03905056528423935,0.031112027699943978,-0.02458846620350119,-0.02992194790383662,0.0028280599488978986,-0.006135149679585061,-0.010655589204282112,1287
2026-10-06,LU0496786574,LYPS.DE,EUR,71.87999725341797,71.87999725341797,0.029268554343541586,0.053094244085643005,0.057712073041365386,0.16104017817119431,0.09090740610454517,0.10531490453818236,-0.03006542521461386,-0.07117796160306766,0.035676639091839046,0.045089441525472784,0.11808345228489014,1287
2026-10-06,LU0514695690,LU0514695690-USD.LU,USD,15.619079521813171,15.619079521813171,0.006438934031842036,-0.015113969609360622,-0.0016123964442926741,-0.06425335867717052,0.20676744577329173,0.1687533610566217,-0.06497211750149956,-0.20339320201876643,-0.003800094148730615,-0.013019024986317018,-0.04400257108901062,1317
2026-10-06,LU0533033667,TNOW.MI,EUR,1329.6800537109375,1329.6800537109375,0.04698391625773435,0.10797440276734749,0.13250042185169963,0.3382044092637464,0.16477202144526215,0.2048473453333796,-0.06163001521082834,-0.15633227391759896,0.06866931965873446,0.10191490470335096,0.24063612523669375,1283
2026-10-07,LU0568621618,LU0568621618-USD.LU,USD,116.92330351670408,116.92330351670408,0.008523601994790742,0.03589610673742105,0.023215886965050725,0.06672306445019971,0.041496718379501474,0.045441252125587556,-0.02485952922150525,-0.036101772405168986,0.014836524517759964,0.026525993206026,0.045147934077784724,1084
2026-10-06,LU0571100824,0P0000ZJKU.F,EUR,187.72000122070312,187.72000122070312,0.00659550480620319,0.0006930267357023734,-0.01578144274241866,0.05165266790309864,0.07546478130459179,0.06526495432557229,-0.04120063645098815,-0.05433553960763737,0.005929372772138342,-0.004665953230630238,0.019954371509571134,1073
2026-10-06,LU0616241476,LU0616241476.LU,EUR,127.72000122070312,127.72000122070312,0.006461778447315325,-0.01617629013277566,-0.02977816915162923,-0.02711759286788762,0.05351788285943385,0.04054032996471995,-0.03762420553425372,-0.05959529091455673,-0.00040696334097478637,-0.015074625430628874,-0.029325428468228942,1133
2026-10-07,LU0616856935,FP7X.F,EUR,227.0,227.0,0.1833949411753757,,,,0.4184905887516458,,-0.03851045224174454,-0.03851045224174454,,,,14
2026-10-06,LU0641745681,0P0000V07V.F,EUR,121.83000183105467,121.83000183105467,0.005612879047554253,0.0023860532610073815,-0.009270548738162687,-0.006847610258653325,0.07354311493339963,0.06496168126601146,-0.02917753527773337,-0.09149679928668508,0.005754016355831171,0.004478656412939319,-0.008479546617532918,1119
2026-10-07,LU0702159772,FJR9.MU,EUR,42.42499923706055,42.42499923706055,0.01850962502699338,,,,0.0731148894959398,,-0.00979419352791,-0.00979419352791,,,,14
2026-10-06,LU0740858229,0P0000VOBL.F,EUR,175.25,175.25,0.006894552871023807,-0.013620747418729318,-0.007025924724174182,0.029670993785584576,0.05629801721216201,0.05046462560155323,-0.02888654493120857,-0.04437875007878134,0.0008309334326508377,-0.005578968468410883,0.015031150455643294,1022
2026-10-07,LU0772926084,O7Z0.MU,EUR,145.58599853515625,145.58599853515625,-0.0035658531959628093,,,,0.03291949179925932,,-0.009187714793494006,-0.009187714793494006,,,,14
2026-10-06,LU0823410724,9XQ0.MU,EUR,623.0859985351562,623.0859985351562,0.011917233777555714,-0.019919782091771476,-0.031566869675754616,0.09069171025918754,0.06947732632542199,0.06451243348003595,-0.0600171329242104,-0.07647265690006522,0.004307542809179887,-0.01844188244418521,0.044932865761446505,204
2026-10-07,LU0823425839,ZSRD.F,EUR,179.56500244140625,179.56500244140625,0.006225737294253575,,,,0.19386391459824795,,-0.037130542946548384,-0.037130542946548384,,,,14
2026-10-06,LU0839027447,XDJP.DE,EUR,41.34000015258789,41.34000015258789,0.07909158628768242,0.09844564889843066,0.08815647154414719,0.268049999654818,0.2259330619374054,0.25349807938244096,-0.09907093790628774,-0.1601806331877259,0.08185201859799474,0.10321803557382236,0.20619455270430542,1285
2026-10-07,LU0840617350,AH8J.F,EUR,239.78399658203125,239.78399658203125,9.177089961309726e-05,,,,0.1134470222639643,,-0.017007782055625476,-0.017007782055625476,,,,14
2026-10-06,LU0870553459,0P0000XTFE.F,EUR,272.17999267578125,272.17999267578125,-0.007909653287616836,0.0007352808345286732,-0.00819881230204389,0.023040801218087825,0.12973696680626845,0.10900209232861979,-0.05973221599170342,-0.09784224955302956,0.002000817943205613,-0.009007722302629917,0.015281986925374413,1123
2026-10-07,LU0914729966,TC60.MU,EUR,359.489990234375,359.489990234375,0.026176018264550516,,,,0.06290197810224642,,0.0,0.0,,,,14
2026-10-06,LU0914731947,0P000100RL.F,EUR,189.6300048828125,189.6300048828125,-0.0037301222482833962,-0.012446616688213341,-0.011107580752186319,0.06767639339651232,0.1398401581270695,0.11910329106304335,-0.054549129873747715,-0.11271244330571528,0.0016665706180787332,-0.009752579228621605,0.03143701639542229,1110
2026-10-06,LU0914733059,0P00011IV8.F,EUR,213.1100006103516,213.1100006103516,0.00504625239623957,-0.011090484406721113,-0.012144788249550675,0.06358240157521111,0.18932302882946406,0.15876778988827772,-0.0781443828767796,-0.11810523160610065,0.004106231413486983,-0.012351740520421872,0.03411472529297299,1110
2026-10-07,LU0922334643,FPG6.MU,EUR,41.55799865722656,41.55799865722656,-0.0029510112366132324,,,,0.01357726927941483,,-0.004121756216068917,-0.004121756216068917,,,,14
2026-10-06,LU0935222066,0P00010URS.F,EUR,112.33000183105467,112.33000183105467,0.0028568849988503953,-0.0036366510598152546,-0.004960559497045325,0.003036020839099818,0.01865977461049716,0.012616038820083626,-0.009293707032744347,-0.01584492251204206,0.0013371571530615967,-0.0022436678660059384,-0.0013513100965322211,1098
2026-10-07,LU0941349275,I4G0.MU,EUR,138.34500122070312,138.34500122070312,0.0,,,,0.0,,0.0,0.0,,,,14
2026-10-06,LU0992632538,0P00013N23.F,EUR,138.0800018310547,138.0800018310547,-0.0006513450031357948,-0.016734251707554493,-0.018062817339853265,-0.009469097010218586,0.03191535095104817,0.02494662674279766,-0.028597570488669177,-0.034728582145374776,-0.005763935176550938,-0.015402154655913547,-0.01098529707143292,1108
2026-10-06,LU1033933703,0P00012DVG.F,EUR,332.92999267578125,332.92999267578125,0.028672945942538774,0.03810296388104506,0.02880012282097444,0.14134377354597927,0.10767883756249565,0.10780022777540671,-0.04620943451539339,-0.07255281524046797,0.0331836342716032,0.03483043194336055,0.08516045129445304,1121
2026-10-07,LU1100076550,1SCD.MU,EUR,230.74899291992188,230.74899291992188,-0.00857169399737534,,,,0.056693065691068745,,-0.00857169399737534,-0.00857169399737534,,,,14
2026-10-06,LU1109942653,XHYG.DE,EUR,15.470000267028809,15.470000267028809,0.0036981872330030807,-0.011722575838844729,-0.01329473893519817,-0.0003373401462813952,0.04346302121536366,0.033178719071923775,-0.02180746865767802,-0.028147873491851882,-0.0019435202756891146,-0.008364582421411026,-0.002176823598845301,1287
2026-10-06,LU1159238036,LU1159238036.LU,EUR,25.488000869750977,25.488000869750977,-0.004732621730779707,-0.01670078852734358,-0.0034485034448118457,0.07528424349913476,0.12949834610854577,0.11421416654224899,-0.051532949150173146,-0.10213260250245715,0.0014488876263056838,-0.010379259347284342,0.043092445022813175,1085
2026-10-06,LU1160356009,0P0001678E.F,EUR,1499.4599609375,1499.4599609375,-0.009754145487647636,-0.031681901412292324,0.038414373422437365,0.11901668890080064,0.17879908875603925,0.16147015092525083,-0.07070805382953571,-0.1200729496753532,0.0017262351452302926,-0.004125493359388388,0.06324043020957881,1082
2026-10-06,LU1161083644,0P00016MO1,USD,20.23054039600644,20.23054039600644,0.008173440915222985,-0.01851159637053601,0.040773803247750706,0.07908838588889333,0.1210307385386612,0.09837983038616516,-0.04095702247337407,-0.07086191472608194,0.007571881326886132,-0.002209900912827134,0.05919168123813523,1026
2026-10-07,LU1161527038,EDNN.MU,EUR,233.7469940185547,233.7469940185547,0.0,,,,0.01237926435153072,,-0.0059114449389737755,-0.0059114449389737755,,,,14
2026-10-06,LU1183791794,0P00016RHQ.F,EUR,176.73399353027344,176.73399353027344,0.004798420282868365,-0.005447335100024264,-0.039718831177660396,0.007680159719342772,0.19086866695005142,0.15573680340269744,-0.07573178620439225,-0.10652983119589832,0.005080985569946073,-0.012234463133380502,0.007191649737322781,1117
2026-10-06,LU1291097779,EEMK.PA,EUR,17.98080062866211,17.98080062866211,0.02767403115382039,0.026969625631934724,0.06799715823640717,0.15048411074653067,0.21633208664638237,0.20734488426068312,-0.061303198524784386,-0.13262607355357947,0.03328848955418651,0.052281473392349564,0.1232088829933995,1293
2026-10-06,LU1291098827,EEMU.PA,EUR,20.45499992370605,20.45499992370605,-0.005590654974443332,-0.01847409913929543,-0.002438392543620105,0.060393932238797854,0.14035750243263675,0.11554281839232958,-0.05365974356149783,-0.10277607011442924,0.001027699123863357,-0.012331968961643902,0.040854624558367414,1293
2026-10-06,LU1291102447,0E4H.IL,EUR,9.553000450134276,9.553000450134276,0.0,0.0,,,0.0,0.0,0.0,0.0,0.0,0.0,,55
2026-10-07,LU1301026388,2QJ0.MU,EUR,210.7469940185547,210.7469940185547,0.0,,,,0.0,,0.0,0.0,,,,14
2026-10-06,LU1303940784,0P00018KOU.F,EUR,28.43000030517578,28.43000030517578,0.001408979090782525,-0.014899525158760585,0.00565970445070052,0.04101065035281759,0.08568617745295559,0.07909932283399064,-0.031023771507394104,-0.10474171860749526,0.0011621077550489911,-0.004370532809425676,0.019449514252777744,1114
2026-10-06,LU1329694266,0P00018EGL.F,EUR,239.1300048828125,239.1300048828125,0.017141636217238077,0.0028517842032849128,0.014681574832392519,0.05478363460427538,0.09300279896279909,0.10097091284641292,-0.03642784744532068,-0.08607298754556802,0.015386006903909344,0.011573921343053462,0.04318945192898371,1122
2026-10-05,LU1379103812,0P00018FWZ.F,EUR,651.219970703125,651.219970703125,0.014440312048945358,-0.006453644709934259,0.003250582180490902,0.131061483356959,0.12149556072460774,0.13742327307218463,-0.049243678720523265,-0.07933928105110122,0.012707391582509553,0.004195795571211303,0.07800635084125629,1083
2026-10-06,LU1435385593,0P00019846.F,EUR,317.3999938964844,317.3999938964844,0.02271624828200336,-0.000881386255830785,0.0424672139256459,0.0875077428451092,0.15946322215283495,0.17361363930538784,-0.06464263345394483,-0.18107797123110614,0.014109329128205728,0.018394612750687767,0.03928454392623304,1132
2026-10-06,LU1486845537,0P00018X0B.F,EUR,116.4489974975586,116.4489974975586,0.0011692068245208187,-0.003295291930749955,-0.0017744542549265052,0.0075098520188841,0.010497114328413127,0.0071827688069165205,-0.005891230541061776,-0.00857780195084168,-0.00013268062206006626,-0.0019457529035001864,0.003315643933198942,1103
2026-10-06,LU1530899142,0P00019MC0.F,EUR,2675.989990234375,2675.989990234375,0.043250595229880284,0.08210000667374584,0.08226187726784562,0.3691219628879474,0.1562065262267763,0.20174672622544793,-0.09017191817630299,-0.170881689258088,0.05421006754694391,0.06916012842522212,0.17404931301568105,1066
2026-10-07,LU1582988058,0P0001CGZV.F,EUR,12.55799961090088,12.55799961090088,-6.371092523127508e-05,-0.016832393061061546,-0.011671389267146282,0.00468013400193934,0.060988635857869,0.05527015115088939,-0.027457318706906708,-0.056615818138602614,-0.007069852590932735,-0.01363198241194219,-0.0025608225532139928,1103
2026-10-06,LU1598757687,MT.AS,EUR,58.2400016784668,58.2400016784668,-0.026412538021027943,-0.12918654201215019,-0.0061738263819227646,0.1063087043675568,0.2912761641636057,0.271085159766105,-0.15990522787478445,-0.2619465623536297,-0.05978073955453267,-0.07343686556311768,0.08015178004446355,1293
2026-10-06,LU1623762843,0P0001FE3K.F,EUR,155.33999633789062,155.33999633789062,0.0011600455757478922,-0.01845063989825413,-0.02620365987096418,-0.012836834421873111,0.032718763919347624,0.02300279497618289,-0.03044159596713014,-0.033830679736593705,-0.005219203513495585,-0.016280099461329245,-0.01956857477846785,1118
2026-10-07,LU1670631289,0P0001DFNP.F,EUR,11.396100044250488,11.396100044250488,-0.0009468270300430071,-0.02928471296554047,-0.026548412318641912,-0.016509345059821712,0.05834347943997003,0.04586091341251372,-0.04070649056400644,-0.05265460607611028,-0.010675763518474213,-0.021650049949267114,-0.0206396872571305,1101
2026-10-07,LU1670707527,0P0001DFNB.F,EUR,22.261499404907227,22.261499404907227,-0.01857358362371686,-0.04784002549222932,-0.023001423798010734,0.023267841441593884,0.09471398181165634,0.08489449122502787,-0.06408841808077248,-0.092062237404823,-0.022529290947471137,-0.039490195923973515,0.011966628719656702,1103
2026-10-07,LU1670719613,AN0B.MU,EUR,13.534000396728516,13.534000396728516,0.003708112575720568,,,,0.01794181834187876,,0.0,0.0,,,,14
2026-10-06,LU1681043912,CC1.PA,EUR,258.25,258.25,0.007608319547039555,-0.020667470438918478,-0.05159746023804834,-0.12988540895715628,0.1399053998809499,0.15902888597430173,-0.1014084614498515,-0.21657713906909537,-0.004394927144135474,-0.037196103434987915,-0.09681954388958236,1293
2026-10-06,LU1681044480,AASI.PA,EUR,60.900001525878906,60.900001525878906,0.020955573646677772,0.02941179315339215,0.06301275183560251,0.17217500967171384,0.22955128509344574,0.23274500642480211,-0.073136714512962,-0.16060702050246078,0.03151282246486731,0.05341089931517495,0.12857134950719806,1293
2026-10-06,LU1694789535,0P0001CH1E.F,EUR,129.5500030517578,129.5500030517578,0.008014307073265448,-0.0017721970234426676,0.0016236796027004896,0.007074033476578201,0.03367684006256856,0.022323136591463646,-0.011394223839352846,-0.021087619460482876,0.004337553341971834,0.0014641504587193932,0.005569662412657994,1123
2026-10-07,LU1819480192,EHQ6.MU,EUR,334.6059875488281,334.6059875488281,0.06800167578278615,,,,0.16648576858479083,,0.0,0.0,,,,14
2026-10-06,LU1829219390,BNKE.PA,EUR,387.8500061035156,387.8500061035156,-0.024522132420344067,-0.044469051649140945,0.024702790233859018,0.1683637067330166,0.23519258510221314,0.19761789141351863,-0.07310772235576912,-0.17132240226421158,-0.019701989402927222,-0.025779098829172065,0.1064319810041503,1293
2026-10-06,LU1829221024,UST.PA,EUR,113.27999877929688,113.27999877929688,0.03964757462484081,0.09343629775818774,0.07425322008210067,0.23864191691297143,0.14688119482350848,0.1696517184155803,-0.06998575122804684,-0.1004836368906451,0.05727363984548339,0.0823329616354258,0.16959974494251595,1293
2026-10-06,LU1861137484,EUSRI.PA,EUR,90.1500015258789,90.1500015258789,-0.006611553433841233,-0.017759830846561853,-0.024033789701119024,0.023908267371354874,0.12344841737487867,0.09774797935126503,-0.04830604529024518,-0.1023277887365529,-0.00011644578030689523,-0.015803895195799944,0.01800342910397612,1293
2026-10-06,LU1861138961,MSRU.L,USD,75.6460002737646,75.6460002737646,0.038196952060602696,0.0523230872858107,0.0877591365980055,0.15849558752171733,0.21094100869514576,0.20099132426808963,-0.05935982907895532,-0.11701396963064925,0.04657848017971311,0.07023369714361838,0.13122950632912,1274
2026-10-05,LU1876459212,0P0001FKPX.F,EUR,4413.2998046875,4413.2998046875,-0.016135874216922752,-0.058260999307743866,-0.025406669203491328,0.10161470510016302,0.1275605059948152,0.11181817117654021,-0.07023836365826308,-0.09673177833130864,-0.02501963902869553,-0.035986098146906786,0.03773656122652391,1036
2026-10-06,LU1900066462,CEC.PA,EUR,48.34999847412109,48.34999847412109,0.008447153652617168,-0.017775521119823168,0.07241875248862772,0.12167959604652023,0.20059310199102073,0.169420242938099,-0.060816930776576905,-0.09557020854051512,-0.0019198180687940436,0.009822497439710753,0.13184001321159955,1293
2026-10-06,LU1951200481,0P0001H0TE.F,EUR,310.5899963378906,310.5899963378906,0.06257273112811901,0.11968701083754074,0.10672028266165823,0.39465649121708335,0.16514703256753777,0.2160842988978255,-0.07554165871031926,-0.16763490233573852,0.078692181465716,0.10307591459892129,0.21897444424072599,1101
2026-10-06,LU1951204046,0P0001H0TH.F,EUR,182.7899932861328,182.7899932861328,0.034465175116412006,0.035813407501060546,0.0512421678923074,0.13294903579469497,0.11884550730632562,0.10440522012905942,-0.037086682521467296,-0.13027168506338482,0.038237359824750294,0.04024034956115363,0.07494912788048058,1102
2026-10-06,LU1951225553,0P0001H0TF.F,EUR,199.22000122070312,199.22000122070312,0.03928216747557589,0.06007560785893018,0.06080936093381184,0.25185372618307156,0.1565336850310229,0.17176752575559404,-0.07629518509617139,-0.1521618507592264,0.04512690507423134,0.04506002540229126,0.13542195629820242,1102
2026-10-06,LU1951229035,0P0001H0TG.F,EUR,188.3300018310547,188.3300018310547,0.02236575086600512,0.016735983237161856,0.014599756411782572,0.03256758847131924,0.1285176527635799,0.11507059641591942,-0.06752966028252883,-0.08892292793840006,0.02635788896381297,0.00903216594800349,0.03168545855608573,1102
2026-10-06,LU1953136527,REUSE.PA,EUR,22.807899475097656,22.807899475097656,0.013229620120702057,0.00474885706627548,0.005386653931783281,0.0736817285852136,0.10708837840484457,0.09740862503575781,-0.05256775728678653,-0.07680804811696162,0.015732809760012012,0.00308506478279047,0.0442612697385214,1293
2026-10-06,LU2095319849,0P0001JAB0.F,EUR,124.3000030517578,124.3000030517578,0.033593886942982154,-0.0032875955073750074,0.025916138121002685,0.07721642871339385,0.18717043000668765,0.16750498677437695,-0.06511233426265506,-0.21018025004565766,0.023748859080602758,0.0022302454994458376,0.0233758879950543,1102
2026-10-05,LU2147879543,0P0001L9PD.F,EUR,770.8499755859375,770.8499755859375,-0.002290931560710585,-0.01090652500965239,0.00046721613015754393,0.045518043861636714,0.056677396204794755,0.053383394510361594,-0.025803702589855426,-0.06462585851593328,-0.0023148203189167216,-0.00819820355705081,0.01577622517976862,1061
2026-10-06,LU2181906426,0P0001L535.F,EUR,303.0799865722656,303.0799865722656,0.06325205946822221,0.11352779310745387,0.08915800674924657,0.45599529804117855,0.2305278238974275,0.34604595293989127,-0.16904443577572315,-0.22199790594022362,0.08085741718509887,0.11614568762263278,0.2677680656924628,1112
2026-10-06,LU2210151341,0P0001KKA7.F,EUR,12.06999969482422,12.06999969482422,-0.004125428317407587,-0.028180384808351833,-0.011466039548350349,-0.023462780736920097,0.04857593449137771,0.06049310876540237,-0.036711895287318774,-0.06867286579499154,-0.00646172540357659,-0.016476287741599593,-0.03039750469204283,1152
2026-10-06,LU2244387457,ASRE.DE,EUR,9.651000022888184,9.651000022888184,0.005019333087436628,-0.008486032172498548,-0.01401691324508425,-0.01570630061136291,0.036502873460507027,0.028041854896486494,-0.02183085873843771,-0.033279658736767526,0.0016387845576364413,-0.006739467979961722,-0.013614083197402316,1287
2026-10-05,LU2257980289,0P0001LZLW.F,EUR,188.1699981689453,188.1699981689453,0.022607487562066986,0.01264659752502495,-0.008953478653606961,0.00738800220790492,0.10432726702729812,0.10327002542163502,-0.06649098615167881,-0.0865476736691041,0.021879960436413937,0.007408457387440004,0.012525943567025744,1039
2026-10-05,LU2358392376,0P0001OOS9.F,EUR,516.0399780273438,516.0399780273438,0.026455002687907125,0.042315501917665754,0.013930574025467157,0.08345749179971063,0.16001738823565553,0.15151917541704407,-0.06165635942660652,-0.08943559868933093,0.03486166471474417,0.03671906633021771,0.058979083827628065,1053
2026-08-13,LU2459590019,0P0001OS4A,USD,32.7232286283375,32.7232286283375,0.004499105658849034,0.005475125287047744,0.060352602796345245,0.1042763861843663,0.087369021677686,0.09641785958015901,-0.022372601723535612,-0.07641815975661459,0.005937655254111496,0.011429412807712813,0.06785466354049907,971
2026-10-06,LU2533811910,BJLL.DE,EUR,10.104999542236328,10.104999542236328,0.0008417912319962362,0.0021321598635659633,0.00452306802614677,0.01083137877275675,0.008830283576666719,0.010668067217155349,-0.0014882030882035213,-0.003047524042999572,0.0010525361882061102,0.0017049894601584015,0.00824570858453777,782
2026-10-06,LU2611731824,GLDU.AS,USD,64.8628651930423,64.8628651930423,0.009549922249890708,-0.08207749453295687,0.17909584617849794,-0.07341513199139782,0.2848235309927281,0.46783906080456744,-0.14533322586468989,-0.3623354744639051,-0.026603675342739885,-0.01976461293270959,0.0032866038568488687,1256
2026-10-07,LU2616774076,BJLJ.DE,USD,9.991086154811589,9.991086154811589,0.007577867895903534,0.008332799288310877,-0.0188695948060712,0.005284176702841981,0.08230208926291772,0.07433823825390401,-0.03220529707381836,-0.050071814819599214,0.0029455017573709608,0.001984749001936459,-0.0029206703024009517,760
2026-10-05,LU2638914734,0P0001RNZQ.F,EUR,344.69000244140625,344.69000244140625,0.01819633026414702,0.032191411395483316,0.2048306716544721,0.42075760098200643,0.3400193288297006,0.37144766096031584,-0.09354630872537983,-0.3124012853622107,0.02988147484019743,0.09858554014555021,0.20194668398909177,707
2026-10-06,LU2707622630,0P0001T0AG.F,EUR,128.80999755859375,128.80999755859375,-0.010371896631319988,-0.06272280853222056,0.016813997855121166,-0.057579715678328425,0.17668383493984707,0.1752975173483495,-0.07948408207176472,-0.23394246327931445,-0.029654284340547954,-0.034561245410837715,-0.06232269187395334,557
2026-10-05,LU2798962978,0P0001UBP6.F,EUR,146.41000366210938,146.41000366210938,-0.011811554783644707,-0.018699687286861444,0.018929648371411867,0.048932524297582436,0.10985360414945133,0.09238960664374554,-0.035532390673450376,-0.08982159224906872,-0.00866341889643829,-0.009363020547963341,0.037788836946373916,431
2026-10-06,LU3038520774,DEFS.PA,EUR,5.673999786376953,5.673999786376953,-0.0202037826337238,-0.035362153040570554,0.0028278179618101973,-0.06431403940983538,0.19153875528804595,0.18340537265494777,-0.14238215902576468,-0.2196261406823472,-0.021285428188468236,-0.0645484935119528,-0.05074597839242112,361
2026-10-06,LU3103551860,0P0001XEZ8.F,EUR,115.5199966430664,115.5199966430664,0.013955905675692382,0.0157389715404741,0.01860499879043731,0.09269764764667965,0.07839823430778928,0.07108346529938968,-0.023314487832326813,-0.047610174847362186,0.015332802837646264,0.01752300241901006,0.05761634994298914,262
2026-10-06,NL0000226223,STMPA.PA,EUR,52.0,52.0,0.10555969317944136,0.15782507911719668,-0.15078356739369847,0.39978682023277257,0.4425120594152164,0.5914593580518835,-0.3198337611347034,-0.3985444317360619,0.14059405728510765,0.14923850427721796,0.23751240601264745,1293
2026-10-06,NL0000235190,AIR.PA,EUR,188.0,188.0,-0.013019717467268266,-0.06327851091854941,-0.04052262091698511,0.08557565184446037,0.19244637252919328,0.2486198302469783,-0.13834720815864976,-0.2771117091213976,-0.026874821753752887,-0.06541405569087155,-0.0009643891559388829,1293
2026-10-06,NL0006294274,ENX.PA,EUR,164.3000030517578,164.3000030517578,0.022402029694344794,0.01986341916204526,0.10194497871240382,0.14432998674848907,0.15739220748985766,0.2059993240136595,-0.05021175377207321,-0.13907785679286322,0.029609925347252597,0.02632337182717448,0.1617249529881113,1293
2026-10-06,NL0010273215,ASML.AS,EUR,1636.4000244140625,1636.4000244140625,0.021983558778168488,0.07799738103693188,0.053072777982721364,0.3188702573330944,0.34734869208277414,0.39455170316463833,-0.14951881917374388,-0.2077144161694917,0.08066701298600787,0.08963159986578861,0.21477499440856684,1293
2026-10-06,NL0010832176,ARGX.BR,EUR,834.7999877929688,834.7999877929688,-0.01603021714961228,-0.035805036309855875,0.09668940410620985,0.17976260118112863,0.22545565143247148,0.4527258060558294,-0.10960104923738823,-0.273723521535453,-0.016296867900288392,-0.00034488757455730656,0.13198130537591224,1293
2026-10-06,NL0011794037,AD.AS,EUR,31.56999969482422,31.56999969482422,-0.012820508232672667,0.009593835390752758,-0.1126469283286331,-0.2239421095599533,0.19752822014177868,0.21692916503105097,-0.1452948608359106,-0.25714308631402005,-0.0027954675357270142,-0.01041734238559644,-0.10622931889926346,1293
2026-10-06,NL0011821202,INGA.AS,EUR,31.125,31.125,-0.0189125413476805,-0.034734035322832035,0.0972150772886633,0.28758717773855214,0.22057074923213202,0.2146510855880481,-0.06375739045910134,-0.16877161691741893,-0.01514851995630595,0.003993285433628868,0.18856165074944076,1293
2026-10-06,NL0012969182,ADYEN.AS,EUR,867.0,867.0,-0.0034482758620689724,-0.12388841815941509,0.04773413897280965,-0.10692211485184422,0.36326398937467863,0.5037959229975791,-0.22643068496512253,-0.4839642318575442,-0.02696878426401139,-0.09388103005998605,-0.12264057700651132,1293
2026-10-06,NL00150001Q9,STLAM.MI,EUR,4.068999767303467,4.068999767303467,0.041597251250209855,-0.12897365131594396,-0.18603726579154634,-0.4463192570450111,0.37782522339203733,0.3982649560080037,-0.27235772577617223,-0.6304493780603615,-0.031236665337508462,-0.0973244172955402,-0.33242692135733165,1283
