date,simulation_current_composition,coverage_pct,provisional_fund_euro_rate,simulation_label,simulation_note
2021-09-20,100.0,100.0,0.03,Composition actuelle de Bernard (simulation),Simulation de la composition connue au 07/09/2026 ; ce n'est pas l'historique réel de Bernard.
2021-09-21,100.04082833106575,100.0,0.03,Composition actuelle de Bernard (simulation),Simulation de la composition connue au 07/09/2026 ; ce n'est pas l'historique réel de Bernard.
2021-09-22,100.75534982504718,100.0,0.03,Composition actuelle de Bernard (simulation),Simulation de la composition connue au 07/09/2026 ; ce n'est pas l'historique réel de Bernard.
2021-09-23,101.34848620793744,100.0,0.03,Composition actuelle de Bernard (simulation),Simulation de la composition connue au 07/09/2026 ; ce n'est pas l'historique réel de Bernard.
2021-09-24,101.08485380575685,100.0,0.03,Composition actuelle de Bernard (simulation),Simulation de la composition connue au 07/09/2026 ; ce n'est pas l'historique réel de Bernard.
2021-09-25,101.08962220370603,100.0,0.03,Composition actuelle de Bernard (simulation),Simulation de la composition connue au 07/09/2026 ; ce n'est pas l'historique réel de Bernard.
2021-09-26,101.09439098783011,100.0,0.03,Composition actuelle de Bernard (simulation),Simulation de la composition connue au 07/09/2026 ; ce n'est pas l'historique réel de Bernard.
2021-09-27,101.28074815779553,100.0,0.03,Composition actuelle de Bernard (simulation),Simulation de la composition connue au 07/09/2026 ; ce n'est pas l'historique réel de Bernard.
2021-09-28,100.40375372460572,100.0,0.03,Composition actuelle de Bernard (simulation),Simulation de la composition connue au 07/09/2026 ; ce n'est pas l'historique réel de Bernard.
2021-09-29,100.50276715147785,100.0,0.03,Composition actuelle de Bernard (simulation),Simulation de la composition connue au 07/09/2026 ; ce n'est pas l'historique réel de Bernard.
2021-09-30,100.9219640265245,100.0,0.03,Composition actuelle de Bernard (simulation),Simulation de la composition connue au 07/09/2026 ; ce n'est pas l'historique réel de Bernard.
2021-10-01,100.32541362312443,100.0,0.03,Composition actuelle de Bernard (simulation),Simulation de la composition connue au 07/09/2026 ; ce n'est pas l'historique réel de Bernard.
2021-10-02,100.33018472495479,100.0,0.03,Composition actuelle de Bernard (simulation),Simulation de la composition connue au 07/09/2026 ; ce n'est pas l'historique réel de Bernard.
2021-10-03,100.33495621317903,100.0,0.03,Composition actuelle de Bernard (simulation),Simulation de la composition connue au 07/09/2026 ; ce n'est pas l'historique réel de Bernard.
2021-10-04,99.73578613621557,100.0,0.03,Composition actuelle de Bernard (simulation),Simulation de la composition connue au 07/09/2026 ; ce n'est pas l'historique réel de Bernard.
2021-10-05,100.51241752131386,100.0,0.03,Composition actuelle de Bernard (simulation),Simulation de la composition connue au 07/09/2026 ; ce n'est pas l'historique réel de Bernard.
2021-10-06,99.8893657480743,100.0,0.03,Composition actuelle de Bernard (simulation),Simulation de la composition connue au 07/09/2026 ; ce n'est pas l'historique réel de Bernard.
2021-10-07,101.07519280450366,100.0,0.03,Composition actuelle de Bernard (simulation),Simulation de la composition connue au 07/09/2026 ; ce n'est pas l'historique réel de Bernard.
2021-10-08,100.81503420373885,100.0,0.03,Composition actuelle de Bernard (simulation),Simulation de la composition connue au 07/09/2026 ; ce n'est pas l'historique réel de Bernard.
2021-10-09,100.8198080109836,100.0,0.03,Composition actuelle de Bernard (simulation),Simulation de la composition connue au 07/09/2026 ; ce n'est pas l'historique réel de Bernard.
2021-10-10,100.82458220484132,100.0,0.03,Composition actuelle de Bernard (simulation),Simulation de la composition connue au 07/09/2026 ; ce n'est pas l'historique réel de Bernard.
2021-10-11,101.3024818597583,100.0,0.03,Composition actuelle de Bernard (simulation),Simulation de la composition connue au 07/09/2026 ; ce n'est pas l'historique réel de Bernard.
2021-10-12,101.00137200172503,100.0,0.03,Composition actuelle de Bernard (simulation),Simulation de la composition connue au 07/09/2026 ; ce n'est pas l'historique réel de Bernard.
2021-10-13,101.00797284358933,100.0,0.03,Composition actuelle de Bernard (simulation),Simulation de la composition connue au 07/09/2026 ; ce n'est pas l'historique réel de Bernard.
2021-10-14,101.73554409704246,100.0,0.03,Composition actuelle de Bernard (simulation),Simulation de la composition connue au 07/09/2026 ; ce n'est pas l'historique réel de Bernard.
2021-10-15,102.22754193112205,100.0,0.03,Composition actuelle de Bernard (simulation),Simulation de la composition connue au 07/09/2026 ; ce n'est pas l'historique réel de Bernard.
2021-10-16,102.23231844531526,100.0,0.03,Composition actuelle de Bernard (simulation),Simulation de la composition connue au 07/09/2026 ; ce n'est pas l'historique réel de Bernard.
2021-10-17,102.2370953463407,100.0,0.03,Composition actuelle de Bernard (simulation),Simulation de la composition connue au 07/09/2026 ; ce n'est pas l'historique réel de Bernard.
2021-10-18,102.1906672916138,100.0,0.03,Composition actuelle de Bernard (simulation),Simulation de la composition connue au 07/09/2026 ; ce n'est pas l'historique réel de Bernard.
2021-10-19,102.49360310953574,100.0,0.03,Composition actuelle de Bernard (simulation),Simulation de la composition connue au 07/09/2026 ; ce n'est pas l'historique réel de Bernard.
2021-10-20,102.56333629569126,100.0,0.03,Composition actuelle de Bernard (simulation),Simulation de la composition connue au 07/09/2026 ; ce n'est pas l'historique réel de Bernard.
2021-10-21,101.99907424244702,100.0,0.03,Composition actuelle de Bernard (simulation),Simulation de la composition connue au 07/09/2026 ; ce n'est pas l'historique réel de Bernard.
2021-10-22,102.20117592080283,100.0,0.03,Composition actuelle de Bernard (simulation),Simulation de la composition connue au 07/09/2026 ; ce n'est pas l'historique réel de Bernard.
2021-10-23,102.20595514347947,100.0,0.03,Composition actuelle de Bernard (simulation),Simulation de la composition connue au 07/09/2026 ; ce n'est pas l'historique réel de Bernard.
2021-10-24,102.21073475320767,100.0,0.03,Composition actuelle de Bernard (simulation),Simulation de la composition connue au 07/09/2026 ; ce n'est pas l'historique réel de Bernard.
2021-10-25,102.73955041523541,100.0,0.03,Composition actuelle de Bernard (simulation),Simulation de la composition connue au 07/09/2026 ; ce n'est pas l'historique réel de Bernard.
2021-10-26,103.09780225534593,100.0,0.03,Composition actuelle de Bernard (simulation),Simulation de la composition connue au 07/09/2026 ; ce n'est pas l'historique réel de Bernard.
2021-10-27,102.8496029836105,100.0,0.03,Composition actuelle de Bernard (simulation),Simulation de la composition connue au 07/09/2026 ; ce n'est pas l'historique réel de Bernard.
2021-10-28,102.91463930284888,100.0,0.03,Composition actuelle de Bernard (simulation),Simulation de la composition connue au 07/09/2026 ; ce n'est pas l'historique réel de Bernard.
2021-10-29,102.94622906224056,100.0,0.03,Composition actuelle de Bernard (simulation),Simulation de la composition connue au 07/09/2026 ; ce n'est pas l'historique réel de Bernard.
2021-10-30,102.95101099493644,100.0,0.03,Composition actuelle de Bernard (simulation),Simulation de la composition connue au 07/09/2026 ; ce n'est pas l'historique réel de Bernard.
2021-10-31,102.95579331490336,100.0,0.03,Composition actuelle de Bernard (simulation),Simulation de la composition connue au 07/09/2026 ; ce n'est pas l'historique réel de Bernard.
2021-11-01,103.6919737808853,100.0,0.03,Composition actuelle de Bernard (simulation),Simulation de la composition connue au 07/09/2026 ; ce n'est pas l'historique réel de Bernard.
2021-11-02,103.39490426942379,100.0,0.03,Composition actuelle de Bernard (simulation),Simulation de la composition connue au 07/09/2026 ; ce n'est pas l'historique réel de Bernard.
2021-11-03,103.4941054683046,100.0,0.03,Composition actuelle de Bernard (simulation),Simulation de la composition connue au 07/09/2026 ; ce n'est pas l'historique réel de Bernard.
2021-11-04,103.72478419155114,100.0,0.03,Composition actuelle de Bernard (simulation),Simulation de la composition connue au 07/09/2026 ; ce n'est pas l'historique réel de Bernard.
2021-11-05,104.02295409153575,100.0,0.03,Composition actuelle de Bernard (simulation),Simulation de la composition connue au 07/09/2026 ; ce n'est pas l'historique réel de Bernard.
2021-11-06,104.0277387357876,100.0,0.03,Composition actuelle de Bernard (simulation),Simulation de la composition connue au 07/09/2026 ; ce n'est pas l'historique réel de Bernard.
2021-11-07,104.03252376753007,100.0,0.03,Composition actuelle de Bernard (simulation),Simulation de la composition connue au 07/09/2026 ; ce n'est pas l'historique réel de Bernard.
2021-11-08,104.37078321149671,100.0,0.03,Composition actuelle de Bernard (simulation),Simulation de la composition connue au 07/09/2026 ; ce n'est pas l'historique réel de Bernard.
2021-11-09,103.99579114228628,100.0,0.03,Composition actuelle de Bernard (simulation),Simulation de la composition connue au 07/09/2026 ; ce n'est pas l'historique réel de Bernard.
2021-11-10,103.81134385432962,100.0,0.03,Composition actuelle de Bernard (simulation),Simulation de la composition connue au 07/09/2026 ; ce n'est pas l'historique réel de Bernard.
2021-11-11,104.41739974532997,100.0,0.03,Composition actuelle de Bernard (simulation),Simulation de la composition connue au 07/09/2026 ; ce n'est pas l'historique réel de Bernard.
2021-11-12,104.48328532210229,100.0,0.03,Composition actuelle de Bernard (simulation),Simulation de la composition connue au 07/09/2026 ; ce n'est pas l'historique réel de Bernard.
2021-11-13,104.48807267944767,100.0,0.03,Composition actuelle de Bernard (simulation),Simulation de la composition connue au 07/09/2026 ; ce n'est pas l'historique réel de Bernard.
2021-11-14,104.49286042450336,100.0,0.03,Composition actuelle de Bernard (simulation),Simulation de la composition connue au 07/09/2026 ; ce n'est pas l'historique réel de Bernard.
2021-11-15,104.39594205178241,100.0,0.03,Composition actuelle de Bernard (simulation),Simulation de la composition connue au 07/09/2026 ; ce n'est pas l'historique réel de Bernard.
2021-11-16,104.60299371640174,100.0,0.03,Composition actuelle de Bernard (simulation),Simulation de la composition connue au 07/09/2026 ; ce n'est pas l'historique réel de Bernard.
2021-11-17,104.89250697135557,100.0,0.03,Composition actuelle de Bernard (simulation),Simulation de la composition connue au 07/09/2026 ; ce n'est pas l'historique réel de Bernard.
2021-11-18,104.79504074883856,100.0,0.03,Composition actuelle de Bernard (simulation),Simulation de la composition connue au 07/09/2026 ; ce n'est pas l'historique réel de Bernard.
2021-11-19,104.51920081031298,100.0,0.03,Composition actuelle de Bernard (simulation),Simulation de la composition connue au 07/09/2026 ; ce n'est pas l'historique réel de Bernard.
2021-11-20,104.52399088229029,100.0,0.03,Composition actuelle de Bernard (simulation),Simulation de la composition connue au 07/09/2026 ; ce n'est pas l'historique réel de Bernard.
2021-11-21,104.52878134219779,100.0,0.03,Composition actuelle de Bernard (simulation),Simulation de la composition connue au 07/09/2026 ; ce n'est pas l'historique réel de Bernard.
2021-11-22,105.00916142661293,100.0,0.03,Composition actuelle de Bernard (simulation),Simulation de la composition connue au 07/09/2026 ; ce n'est pas l'historique réel de Bernard.
2021-11-23,104.44458503841174,100.0,0.03,Composition actuelle de Bernard (simulation),Simulation de la composition connue au 07/09/2026 ; ce n'est pas l'historique réel de Bernard.
2021-11-24,104.38845121710176,100.0,0.03,Composition actuelle de Bernard (simulation),Simulation de la composition connue au 07/09/2026 ; ce n'est pas l'historique réel de Bernard.
2021-11-25,104.60584813249577,100.0,0.03,Composition actuelle de Bernard (simulation),Simulation de la composition connue au 07/09/2026 ; ce n'est pas l'historique réel de Bernard.
2021-11-26,102.78479394462603,100.0,0.03,Composition actuelle de Bernard (simulation),Simulation de la composition connue au 07/09/2026 ; ce n'est pas l'historique réel de Bernard.
2021-11-27,102.78958673277458,100.0,0.03,Composition actuelle de Bernard (simulation),Simulation de la composition connue au 07/09/2026 ; ce n'est pas l'historique réel de Bernard.
2021-11-28,102.79437990907331,100.0,0.03,Composition actuelle de Bernard (simulation),Simulation de la composition connue au 07/09/2026 ; ce n'est pas l'historique réel de Bernard.
2021-11-29,103.18849779920853,100.0,0.03,Composition actuelle de Bernard (simulation),Simulation de la composition connue au 07/09/2026 ; ce n'est pas l'historique réel de Bernard.
2021-11-30,102.83339935200698,100.0,0.03,Composition actuelle de Bernard (simulation),Simulation de la composition connue au 07/09/2026 ; ce n'est pas l'historique réel de Bernard.
2021-12-01,103.77449669195747,100.0,0.03,Composition actuelle de Bernard (simulation),Simulation de la composition connue au 07/09/2026 ; ce n'est pas l'historique réel de Bernard.
2021-12-02,103.13636585420642,100.0,0.03,Composition actuelle de Bernard (simulation),Simulation de la composition connue au 07/09/2026 ; ce n'est pas l'historique réel de Bernard.
2021-12-03,102.84955787275479,100.0,0.03,Composition actuelle de Bernard (simulation),Simulation de la composition connue au 07/09/2026 ; ce n'est pas l'historique réel de Bernard.
2021-12-04,102.85435337861479,100.0,0.03,Composition actuelle de Bernard (simulation),Simulation de la composition connue au 07/09/2026 ; ce n'est pas l'historique réel de Bernard.
2021-12-05,102.85914927284506,100.0,0.03,Composition actuelle de Bernard (simulation),Simulation de la composition connue au 07/09/2026 ; ce n'est pas l'historique réel de Bernard.
2021-12-06,103.11857024221882,100.0,0.03,Composition actuelle de Bernard (simulation),Simulation de la composition connue au 07/09/2026 ; ce n'est pas l'historique réel de Bernard.
2021-12-07,104.73116108732113,100.0,0.03,Composition actuelle de Bernard (simulation),Simulation de la composition connue au 07/09/2026 ; ce n'est pas l'historique réel de Bernard.
2021-12-08,104.58651693864005,100.0,0.03,Composition actuelle de Bernard (simulation),Simulation de la composition connue au 07/09/2026 ; ce n'est pas l'historique réel de Bernard.
2021-12-09,104.32103309586698,100.0,0.03,Composition actuelle de Bernard (simulation),Simulation de la composition connue au 07/09/2026 ; ce n'est pas l'historique réel de Bernard.
2021-12-10,104.10694926429123,100.0,0.03,Composition actuelle de Bernard (simulation),Simulation de la composition connue au 07/09/2026 ; ce n'est pas l'historique réel de Bernard.
2021-12-11,104.11174748940371,100.0,0.03,Composition actuelle de Bernard (simulation),Simulation de la composition connue au 07/09/2026 ; ce n'est pas l'historique réel de Bernard.
2021-12-12,104.1165461031067,100.0,0.03,Composition actuelle de Bernard (simulation),Simulation de la composition connue au 07/09/2026 ; ce n'est pas l'historique réel de Bernard.
2021-12-13,103.88168101800407,100.0,0.03,Composition actuelle de Bernard (simulation),Simulation de la composition connue au 07/09/2026 ; ce n'est pas l'historique réel de Bernard.
2021-12-14,104.10020657335272,100.0,0.03,Composition actuelle de Bernard (simulation),Simulation de la composition connue au 07/09/2026 ; ce n'est pas l'historique réel de Bernard.
2021-12-15,104.05184143238075,100.0,0.03,Composition actuelle de Bernard (simulation),Simulation de la composition connue au 07/09/2026 ; ce n'est pas l'historique réel de Bernard.
2021-12-16,104.94864929825638,100.0,0.03,Composition actuelle de Bernard (simulation),Simulation de la composition connue au 07/09/2026 ; ce n'est pas l'historique réel de Bernard.
2021-12-17,104.54306043331326,100.0,0.03,Composition actuelle de Bernard (simulation),Simulation de la composition connue au 07/09/2026 ; ce n'est pas l'historique réel de Bernard.
2021-12-18,104.54786137922018,100.0,0.03,Composition actuelle de Bernard (simulation),Simulation de la composition connue au 07/09/2026 ; ce n'est pas l'historique réel de Bernard.
2021-12-19,104.55266271393795,100.0,0.03,Composition actuelle de Bernard (simulation),Simulation de la composition connue au 07/09/2026 ; ce n'est pas l'historique réel de Bernard.
2021-12-20,103.79418377417377,100.0,0.03,Composition actuelle de Bernard (simulation),Simulation de la composition connue au 07/09/2026 ; ce n'est pas l'historique réel de Bernard.
2021-12-21,104.62562015686467,100.0,0.03,Composition actuelle de Bernard (simulation),Simulation de la composition connue au 07/09/2026 ; ce n'est pas l'historique réel de Bernard.
2021-12-22,105.2380505520254,100.0,0.03,Composition actuelle de Bernard (simulation),Simulation de la composition connue au 07/09/2026 ; ce n'est pas l'historique réel de Bernard.
2021-12-23,105.49387513390178,100.0,0.03,Composition actuelle de Bernard (simulation),Simulation de la composition connue au 07/09/2026 ; ce n'est pas l'historique réel de Bernard.
2021-12-24,105.46876632708984,100.0,0.03,Composition actuelle de Bernard (simulation),Simulation de la composition connue au 07/09/2026 ; ce n'est pas l'historique réel de Bernard.
2021-12-25,105.47356999533399,100.0,0.03,Composition actuelle de Bernard (simulation),Simulation de la composition connue au 07/09/2026 ; ce n'est pas l'historique réel de Bernard.
2021-12-26,105.47837405260947,100.0,0.03,Composition actuelle de Bernard (simulation),Simulation de la composition connue au 07/09/2026 ; ce n'est pas l'historique réel de Bernard.
2021-12-27,105.83250982014425,100.0,0.03,Composition actuelle de Bernard (simulation),Simulation de la composition connue au 07/09/2026 ; ce n'est pas l'historique réel de Bernard.
2021-12-28,105.89864045096218,100.0,0.03,Composition actuelle de Bernard (simulation),Simulation de la composition connue au 07/09/2026 ; ce n'est pas l'historique réel de Bernard.
2021-12-29,105.97718197117116,100.0,0.03,Composition actuelle de Bernard (simulation),Simulation de la composition connue au 07/09/2026 ; ce n'est pas l'historique réel de Bernard.
2021-12-30,105.94329388199033,100.0,0.03,Composition actuelle de Bernard (simulation),Simulation de la composition connue au 07/09/2026 ; ce n'est pas l'historique réel de Bernard.
2021-12-31,105.80252714920167,100.0,0.03,Composition actuelle de Bernard (simulation),Simulation de la composition connue au 07/09/2026 ; ce n'est pas l'historique réel de Bernard.
2022-01-01,105.80733354132674,100.0,0.03,Composition actuelle de Bernard (simulation),Simulation de la composition connue au 07/09/2026 ; ce n'est pas l'historique réel de Bernard.
2022-01-02,105.81214032270371,100.0,0.03,Composition actuelle de Bernard (simulation),Simulation de la composition connue au 07/09/2026 ; ce n'est pas l'historique réel de Bernard.
2022-01-03,106.07035896779169,100.0,0.03,Composition actuelle de Bernard (simulation),Simulation de la composition connue au 07/09/2026 ; ce n'est pas l'historique réel de Bernard.
2022-01-04,106.20925388004898,100.0,0.03,Composition actuelle de Bernard (simulation),Simulation de la composition connue au 07/09/2026 ; ce n'est pas l'historique réel de Bernard.
2022-01-05,106.54981132255566,100.0,0.03,Composition actuelle de Bernard (simulation),Simulation de la composition connue au 07/09/2026 ; ce n'est pas l'historique réel de Bernard.
2022-01-06,105.907931195522,100.0,0.03,Composition actuelle de Bernard (simulation),Simulation de la composition connue au 07/09/2026 ; ce n'est pas l'historique réel de Bernard.
2022-01-07,106.05061141188494,100.0,0.03,Composition actuelle de Bernard (simulation),Simulation de la composition connue au 07/09/2026 ; ce n'est pas l'historique réel de Bernard.
2022-01-08,106.05542052943547,100.0,0.03,Composition actuelle de Bernard (simulation),Simulation de la composition connue au 07/09/2026 ; ce n'est pas l'historique réel de Bernard.
2022-01-09,106.06023003645863,100.0,0.03,Composition actuelle de Bernard (simulation),Simulation de la composition connue au 07/09/2026 ; ce n'est pas l'historique réel de Bernard.
2022-01-10,105.37276861018887,100.0,0.03,Composition actuelle de Bernard (simulation),Simulation de la composition connue au 07/09/2026 ; ce n'est pas l'historique réel de Bernard.
2022-01-11,106.17534163900098,100.0,0.03,Composition actuelle de Bernard (simulation),Simulation de la composition connue au 07/09/2026 ; ce n'est pas l'historique réel de Bernard.
2022-01-12,107.00787736944389,100.0,0.03,Composition actuelle de Bernard (simulation),Simulation de la composition connue au 07/09/2026 ; ce n'est pas l'historique réel de Bernard.
2022-01-13,107.13506650866466,100.0,0.03,Composition actuelle de Bernard (simulation),Simulation de la composition connue au 07/09/2026 ; ce n'est pas l'historique réel de Bernard.
2022-01-14,106.47341598227764,100.0,0.03,Composition actuelle de Bernard (simulation),Simulation de la composition connue au 07/09/2026 ; ce n'est pas l'historique réel de Bernard.
2022-01-15,106.47822782679907,100.0,0.03,Composition actuelle de Bernard (simulation),Simulation de la composition connue au 07/09/2026 ; ce n'est pas l'historique réel de Bernard.
2022-01-16,106.483040061014,100.0,0.03,Composition actuelle de Bernard (simulation),Simulation de la composition connue au 07/09/2026 ; ce n'est pas l'historique réel de Bernard.
2022-01-17,106.83556571284723,100.0,0.03,Composition actuelle de Bernard (simulation),Simulation de la composition connue au 07/09/2026 ; ce n'est pas l'historique réel de Bernard.
2022-01-18,105.97269533845135,100.0,0.03,Composition actuelle de Bernard (simulation),Simulation de la composition connue au 07/09/2026 ; ce n'est pas l'historique réel de Bernard.
2022-01-19,105.95990843249992,100.0,0.03,Composition actuelle de Bernard (simulation),Simulation de la composition connue au 07/09/2026 ; ce n'est pas l'historique réel de Bernard.
2022-01-20,105.89741678055668,100.0,0.03,Composition actuelle de Bernard (simulation),Simulation de la composition connue au 07/09/2026 ; ce n'est pas l'historique réel de Bernard.
2022-01-21,104.53100663716057,100.0,0.03,Composition actuelle de Bernard (simulation),Simulation de la composition connue au 07/09/2026 ; ce n'est pas l'historique réel de Bernard.
2022-01-22,104.5358212101992,100.0,0.03,Composition actuelle de Bernard (simulation),Simulation de la composition connue au 07/09/2026 ; ce n'est pas l'historique réel de Bernard.
2022-01-23,104.54063617315228,100.0,0.03,Composition actuelle de Bernard (simulation),Simulation de la composition connue au 07/09/2026 ; ce n'est pas l'historique réel de Bernard.
2022-01-24,102.47701389577692,100.0,0.03,Composition actuelle de Bernard (simulation),Simulation de la composition connue au 07/09/2026 ; ce n'est pas l'historique réel de Bernard.
2022-01-25,102.78913937530534,100.0,0.03,Composition actuelle de Bernard (simulation),Simulation de la composition connue au 07/09/2026 ; ce n'est pas l'historique réel de Bernard.
2022-01-26,103.77717545127365,100.0,0.03,Composition actuelle de Bernard (simulation),Simulation de la composition connue au 07/09/2026 ; ce n'est pas l'historique réel de Bernard.
2022-01-27,103.61223637905064,100.0,0.03,Composition actuelle de Bernard (simulation),Simulation de la composition connue au 07/09/2026 ; ce n'est pas l'historique réel de Bernard.
2022-01-28,102.91299426118586,100.0,0.03,Composition actuelle de Bernard (simulation),Simulation de la composition connue au 07/09/2026 ; ce n'est pas l'historique réel de Bernard.
2022-01-29,102.91781156428887,100.0,0.03,Composition actuelle de Bernard (simulation),Simulation de la composition connue au 07/09/2026 ; ce n'est pas l'historique réel de Bernard.
2022-01-30,102.92262925752745,100.0,0.03,Composition actuelle de Bernard (simulation),Simulation de la composition connue au 07/09/2026 ; ce n'est pas l'historique réel de Bernard.
2022-01-31,103.75763402556679,100.0,0.03,Composition actuelle de Bernard (simulation),Simulation de la composition connue au 07/09/2026 ; ce n'est pas l'historique réel de Bernard.
2022-02-01,104.58916998457583,100.0,0.03,Composition actuelle de Bernard (simulation),Simulation de la composition connue au 07/09/2026 ; ce n'est pas l'historique réel de Bernard.
2022-02-02,104.77804891136984,100.0,0.03,Composition actuelle de Bernard (simulation),Simulation de la composition connue au 07/09/2026 ; ce n'est pas l'historique réel de Bernard.
2022-02-03,104.43095614508337,100.0,0.03,Composition actuelle de Bernard (simulation),Simulation de la composition connue au 07/09/2026 ; ce n'est pas l'historique réel de Bernard.
2022-02-04,103.6769658953728,100.0,0.03,Composition actuelle de Bernard (simulation),Simulation de la composition connue au 07/09/2026 ; ce n'est pas l'historique réel de Bernard.
2022-02-05,103.68178593008828,100.0,0.03,Composition actuelle de Bernard (simulation),Simulation de la composition connue au 07/09/2026 ; ce n'est pas l'historique réel de Bernard.
2022-02-06,103.68660635516052,100.0,0.03,Composition actuelle de Bernard (simulation),Simulation de la composition connue au 07/09/2026 ; ce n'est pas l'historique réel de Bernard.
2022-02-07,104.30617698806887,100.0,0.03,Composition actuelle de Bernard (simulation),Simulation de la composition connue au 07/09/2026 ; ce n'est pas l'historique réel de Bernard.
2022-02-08,104.89517890268993,100.0,0.03,Composition actuelle de Bernard (simulation),Simulation de la composition connue au 07/09/2026 ; ce n'est pas l'historique réel de Bernard.
2022-02-09,105.69801425571492,100.0,0.03,Composition actuelle de Bernard (simulation),Simulation de la composition connue au 07/09/2026 ; ce n'est pas l'historique réel de Bernard.
2022-02-10,105.75936612964007,100.0,0.03,Composition actuelle de Bernard (simulation),Simulation de la composition connue au 07/09/2026 ; ce n'est pas l'historique réel de Bernard.
2022-02-11,104.97025162593974,100.0,0.03,Composition actuelle de Bernard (simulation),Simulation de la composition connue au 07/09/2026 ; ce n'est pas l'historique réel de Bernard.
2022-02-12,104.97507439381657,100.0,0.03,Composition actuelle de Bernard (simulation),Simulation de la composition connue au 07/09/2026 ; ce n'est pas l'historique réel de Bernard.
2022-02-13,104.97989755227155,100.0,0.03,Composition actuelle de Bernard (simulation),Simulation de la composition connue au 07/09/2026 ; ce n'est pas l'historique réel de Bernard.
2022-02-14,103.94031747266959,100.0,0.03,Composition actuelle de Bernard (simulation),Simulation de la composition connue au 07/09/2026 ; ce n'est pas l'historique réel de Bernard.
2022-02-15,104.70440823538797,100.0,0.03,Composition actuelle de Bernard (simulation),Simulation de la composition connue au 07/09/2026 ; ce n'est pas l'historique réel de Bernard.
2022-02-16,104.79203855975929,100.0,0.03,Composition actuelle de Bernard (simulation),Simulation de la composition connue au 07/09/2026 ; ce n'est pas l'historique réel de Bernard.
2022-02-17,104.3043533874209,100.0,0.03,Composition actuelle de Bernard (simulation),Simulation de la composition connue au 07/09/2026 ; ce n'est pas l'historique réel de Bernard.
2022-02-18,103.78351549052248,100.0,0.03,Composition actuelle de Bernard (simulation),Simulation de la composition connue au 07/09/2026 ; ce n'est pas l'historique réel de Bernard.
2022-02-19,103.78834099311052,100.0,0.03,Composition actuelle de Bernard (simulation),Simulation de la composition connue au 07/09/2026 ; ce n'est pas l'historique réel de Bernard.
2022-02-20,103.79316688649816,100.0,0.03,Composition actuelle de Bernard (simulation),Simulation de la composition connue au 07/09/2026 ; ce n'est pas l'historique réel de Bernard.
2022-02-21,103.2913549837252,100.0,0.03,Composition actuelle de Bernard (simulation),Simulation de la composition connue au 07/09/2026 ; ce n'est pas l'historique réel de Bernard.
2022-02-22,103.63439146067542,100.0,0.03,Composition actuelle de Bernard (simulation),Simulation de la composition connue au 07/09/2026 ; ce n'est pas l'historique réel de Bernard.
2022-02-23,103.24120728314901,100.0,0.03,Composition actuelle de Bernard (simulation),Simulation de la composition connue au 07/09/2026 ; ce n'est pas l'historique réel de Bernard.
2022-02-24,101.62228925797547,100.0,0.03,Composition actuelle de Bernard (simulation),Simulation de la composition connue au 07/09/2026 ; ce n'est pas l'historique réel de Bernard.
2022-02-25,103.85052460618063,100.0,0.03,Composition actuelle de Bernard (simulation),Simulation de la composition connue au 07/09/2026 ; ce n'est pas l'historique réel de Bernard.
2022-02-26,103.85535284503055,100.0,0.03,Composition actuelle de Bernard (simulation),Simulation de la composition connue au 07/09/2026 ; ce n'est pas l'historique réel de Bernard.
2022-02-27,103.86018147490171,100.0,0.03,Composition actuelle de Bernard (simulation),Simulation de la composition connue au 07/09/2026 ; ce n'est pas l'historique réel de Bernard.
2022-02-28,103.74651536188779,100.0,0.03,Composition actuelle de Bernard (simulation),Simulation de la composition connue au 07/09/2026 ; ce n'est pas l'historique réel de Bernard.
2022-03-01,103.20056654501077,100.0,0.03,Composition actuelle de Bernard (simulation),Simulation de la composition connue au 07/09/2026 ; ce n'est pas l'historique réel de Bernard.
2022-03-02,104.03605029105,100.0,0.03,Composition actuelle de Bernard (simulation),Simulation de la composition connue au 07/09/2026 ; ce n'est pas l'historique réel de Bernard.
2022-03-03,103.840472340526,100.0,0.03,Composition actuelle de Bernard (simulation),Simulation de la composition connue au 07/09/2026 ; ce n'est pas l'historique réel de Bernard.
2022-03-04,102.33238670814167,100.0,0.03,Composition actuelle de Bernard (simulation),Simulation de la composition connue au 07/09/2026 ; ce n'est pas l'historique réel de Bernard.
2022-03-05,102.33721768480508,100.0,0.03,Composition actuelle de Bernard (simulation),Simulation de la composition connue au 07/09/2026 ; ce n'est pas l'historique réel de Bernard.
2022-03-06,102.34204905271143,100.0,0.03,Composition actuelle de Bernard (simulation),Simulation de la composition connue au 07/09/2026 ; ce n'est pas l'historique réel de Bernard.
2022-03-07,102.10093089101629,100.0,0.03,Composition actuelle de Bernard (simulation),Simulation de la composition connue au 07/09/2026 ; ce n'est pas l'historique réel de Bernard.
2022-03-08,101.57331899867093,100.0,0.03,Composition actuelle de Bernard (simulation),Simulation de la composition connue au 07/09/2026 ; ce n'est pas l'historique réel de Bernard.
2022-03-09,102.80620170719006,100.0,0.03,Composition actuelle de Bernard (simulation),Simulation de la composition connue au 07/09/2026 ; ce n'est pas l'historique réel de Bernard.
2022-03-10,102.09724126002332,100.0,0.03,Composition actuelle de Bernard (simulation),Simulation de la composition connue au 07/09/2026 ; ce n'est pas l'historique réel de Bernard.
2022-03-11,102.66179390370105,100.0,0.03,Composition actuelle de Bernard (simulation),Simulation de la composition connue au 07/09/2026 ; ce n'est pas l'historique réel de Bernard.
2022-03-12,102.6666276197304,100.0,0.03,Composition actuelle de Bernard (simulation),Simulation de la composition connue au 07/09/2026 ; ce n'est pas l'historique réel de Bernard.
2022-03-13,102.67146172722452,100.0,0.03,Composition actuelle de Bernard (simulation),Simulation de la composition connue au 07/09/2026 ; ce n'est pas l'historique réel de Bernard.
2022-03-14,102.51074184091496,100.0,0.03,Composition actuelle de Bernard (simulation),Simulation de la composition connue au 07/09/2026 ; ce n'est pas l'historique réel de Bernard.
2022-03-15,102.51753908564825,100.0,0.03,Composition actuelle de Bernard (simulation),Simulation de la composition connue au 07/09/2026 ; ce n'est pas l'historique réel de Bernard.
2022-03-16,103.99534046600132,100.0,0.03,Composition actuelle de Bernard (simulation),Simulation de la composition connue au 07/09/2026 ; ce n'est pas l'historique réel de Bernard.
2022-03-17,104.28400745359778,100.0,0.03,Composition actuelle de Bernard (simulation),Simulation de la composition connue au 07/09/2026 ; ce n'est pas l'historique réel de Bernard.
2022-03-18,104.5079397448075,100.0,0.03,Composition actuelle de Bernard (simulation),Simulation de la composition connue au 07/09/2026 ; ce n'est pas l'historique réel de Bernard.
2022-03-19,104.5127762017561,100.0,0.03,Composition actuelle de Bernard (simulation),Simulation de la composition connue au 07/09/2026 ; ce n'est pas l'historique réel de Bernard.
2022-03-20,104.51761305039146,100.0,0.03,Composition actuelle de Bernard (simulation),Simulation de la composition connue au 07/09/2026 ; ce n'est pas l'historique réel de Bernard.
2022-03-21,105.32632142443039,100.0,0.03,Composition actuelle de Bernard (simulation),Simulation de la composition connue au 07/09/2026 ; ce n'est pas l'historique réel de Bernard.
2022-03-22,105.80446098252254,100.0,0.03,Composition actuelle de Bernard (simulation),Simulation de la composition connue au 07/09/2026 ; ce n'est pas l'historique réel de Bernard.
2022-03-23,105.61285660971905,100.0,0.03,Composition actuelle de Bernard (simulation),Simulation de la composition connue au 07/09/2026 ; ce n'est pas l'historique réel de Bernard.
2022-03-24,105.74642283909084,100.0,0.03,Composition actuelle de Bernard (simulation),Simulation de la composition connue au 07/09/2026 ; ce n'est pas l'historique réel de Bernard.
2022-03-25,106.09810151241403,100.0,0.03,Composition actuelle de Bernard (simulation),Simulation de la composition connue au 07/09/2026 ; ce n'est pas l'historique réel de Bernard.
2022-03-26,106.10294071183613,100.0,0.03,Composition actuelle de Bernard (simulation),Simulation de la composition connue au 07/09/2026 ; ce n'est pas l'historique réel de Bernard.
2022-03-27,106.10778030316706,100.0,0.03,Composition actuelle de Bernard (simulation),Simulation de la composition connue au 07/09/2026 ; ce n'est pas l'historique réel de Bernard.
2022-03-28,105.87671242622608,100.0,0.03,Composition actuelle de Bernard (simulation),Simulation de la composition connue au 07/09/2026 ; ce n'est pas l'historique réel de Bernard.
2022-03-29,106.32331240888449,100.0,0.03,Composition actuelle de Bernard (simulation),Simulation de la composition connue au 07/09/2026 ; ce n'est pas l'historique réel de Bernard.
2022-03-30,106.13335910066894,100.0,0.03,Composition actuelle de Bernard (simulation),Simulation de la composition connue au 07/09/2026 ; ce n'est pas l'historique réel de Bernard.
2022-03-31,105.584840291705,100.0,0.03,Composition actuelle de Bernard (simulation),Simulation de la composition connue au 07/09/2026 ; ce n'est pas l'historique réel de Bernard.
2022-04-01,105.65970633085398,100.0,0.03,Composition actuelle de Bernard (simulation),Simulation de la composition connue au 07/09/2026 ; ce n'est pas l'historique réel de Bernard.
2022-04-02,105.66454827430462,100.0,0.03,Composition actuelle de Bernard (simulation),Simulation de la composition connue au 07/09/2026 ; ce n'est pas l'historique réel de Bernard.
2022-04-03,105.66939060988636,100.0,0.03,Composition actuelle de Bernard (simulation),Simulation de la composition connue au 07/09/2026 ; ce n'est pas l'historique réel de Bernard.
2022-04-04,105.95998802470028,100.0,0.03,Composition actuelle de Bernard (simulation),Simulation de la composition connue au 07/09/2026 ; ce n'est pas l'historique réel de Bernard.
2022-04-05,105.44264040685754,100.0,0.03,Composition actuelle de Bernard (simulation),Simulation de la composition connue au 07/09/2026 ; ce n'est pas l'historique réel de Bernard.
2022-04-06,104.66081617621496,100.0,0.03,Composition actuelle de Bernard (simulation),Simulation de la composition connue au 07/09/2026 ; ce n'est pas l'historique réel de Bernard.
2022-04-07,104.51693178475094,100.0,0.03,Composition actuelle de Bernard (simulation),Simulation de la composition connue au 07/09/2026 ; ce n'est pas l'historique réel de Bernard.
2022-04-08,105.09935481269093,100.0,0.03,Composition actuelle de Bernard (simulation),Simulation de la composition connue au 07/09/2026 ; ce n'est pas l'historique réel de Bernard.
2022-04-09,105.10419950172614,100.0,0.03,Composition actuelle de Bernard (simulation),Simulation de la composition connue au 07/09/2026 ; ce n'est pas l'historique réel de Bernard.
2022-04-10,105.10904458311478,100.0,0.03,Composition actuelle de Bernard (simulation),Simulation de la composition connue au 07/09/2026 ; ce n'est pas l'historique réel de Bernard.
2022-04-11,104.632562997815,100.0,0.03,Composition actuelle de Bernard (simulation),Simulation de la composition connue au 07/09/2026 ; ce n'est pas l'historique réel de Bernard.
2022-04-12,104.89195536160022,100.0,0.03,Composition actuelle de Bernard (simulation),Simulation de la composition connue au 07/09/2026 ; ce n'est pas l'historique réel de Bernard.
2022-04-13,105.22409825546224,100.0,0.03,Composition actuelle de Bernard (simulation),Simulation de la composition connue au 07/09/2026 ; ce n'est pas l'historique réel de Bernard.
2022-04-14,105.30924931987344,100.0,0.03,Composition actuelle de Bernard (simulation),Simulation de la composition connue au 07/09/2026 ; ce n'est pas l'historique réel de Bernard.
2022-04-15,105.31409636350595,100.0,0.03,Composition actuelle de Bernard (simulation),Simulation de la composition connue au 07/09/2026 ; ce n'est pas l'historique réel de Bernard.
2022-04-16,105.31894379968256,100.0,0.03,Composition actuelle de Bernard (simulation),Simulation de la composition connue au 07/09/2026 ; ce n'est pas l'historique réel de Bernard.
2022-04-17,105.32379162843513,100.0,0.03,Composition actuelle de Bernard (simulation),Simulation de la composition connue au 07/09/2026 ; ce n'est pas l'historique réel de Bernard.
2022-04-18,105.32863984979537,100.0,0.03,Composition actuelle de Bernard (simulation),Simulation de la composition connue au 07/09/2026 ; ce n'est pas l'historique réel de Bernard.
2022-04-19,105.54293416639212,100.0,0.03,Composition actuelle de Bernard (simulation),Simulation de la composition connue au 07/09/2026 ; ce n'est pas l'historique réel de Bernard.
2022-04-20,105.47556356186054,100.0,0.03,Composition actuelle de Bernard (simulation),Simulation de la composition connue au 07/09/2026 ; ce n'est pas l'historique réel de Bernard.
2022-04-21,105.53701057790911,100.0,0.03,Composition actuelle de Bernard (simulation),Simulation de la composition connue au 07/09/2026 ; ce n'est pas l'historique réel de Bernard.
2022-04-22,104.21538301021525,100.0,0.03,Composition actuelle de Bernard (simulation),Simulation de la composition connue au 07/09/2026 ; ce n'est pas l'historique réel de Bernard.
2022-04-23,104.22023319509104,100.0,0.03,Composition actuelle de Bernard (simulation),Simulation de la composition connue au 07/09/2026 ; ce n'est pas l'historique réel de Bernard.
2022-04-24,104.22508377276533,100.0,0.03,Composition actuelle de Bernard (simulation),Simulation de la composition connue au 07/09/2026 ; ce n'est pas l'historique réel de Bernard.
2022-04-25,102.62930498922307,100.0,0.03,Composition actuelle de Bernard (simulation),Simulation de la composition connue au 07/09/2026 ; ce n'est pas l'historique réel de Bernard.
2022-04-26,102.61001725082284,100.0,0.03,Composition actuelle de Bernard (simulation),Simulation de la composition connue au 07/09/2026 ; ce n'est pas l'historique réel de Bernard.
2022-04-27,103.19535452624898,100.0,0.03,Composition actuelle de Bernard (simulation),Simulation de la composition connue au 07/09/2026 ; ce n'est pas l'historique réel de Bernard.
2022-04-28,103.42585525497816,100.0,0.03,Composition actuelle de Bernard (simulation),Simulation de la composition connue au 07/09/2026 ; ce n'est pas l'historique réel de Bernard.
2022-04-29,104.06037059125521,100.0,0.03,Composition actuelle de Bernard (simulation),Simulation de la composition connue au 07/09/2026 ; ce n'est pas l'historique réel de Bernard.
2022-04-30,104.06522352638876,100.0,0.03,Composition actuelle de Bernard (simulation),Simulation de la composition connue au 07/09/2026 ; ce n'est pas l'historique réel de Bernard.
2022-05-01,104.07007685454361,100.0,0.03,Composition actuelle de Bernard (simulation),Simulation de la composition connue au 07/09/2026 ; ce n'est pas l'historique réel de Bernard.
2022-05-02,103.277760397167,100.0,0.03,Composition actuelle de Bernard (simulation),Simulation de la composition connue au 07/09/2026 ; ce n'est pas l'historique réel de Bernard.
2022-05-03,103.93187993893946,100.0,0.03,Composition actuelle de Bernard (simulation),Simulation de la composition connue au 07/09/2026 ; ce n'est pas l'historique réel de Bernard.
2022-05-04,103.101748371205,100.0,0.03,Composition actuelle de Bernard (simulation),Simulation de la composition connue au 07/09/2026 ; ce n'est pas l'historique réel de Bernard.
2022-05-05,102.76084079021959,100.0,0.03,Composition actuelle de Bernard (simulation),Simulation de la composition connue au 07/09/2026 ; ce n'est pas l'historique réel de Bernard.
2022-05-06,102.51733486904165,100.0,0.03,Composition actuelle de Bernard (simulation),Simulation de la composition connue au 07/09/2026 ; ce n'est pas l'historique réel de Bernard.
2022-05-07,102.52219055599252,100.0,0.03,Composition actuelle de Bernard (simulation),Simulation de la composition connue au 07/09/2026 ; ce n'est pas l'historique réel de Bernard.
2022-05-08,102.5270466361875,100.0,0.03,Composition actuelle de Bernard (simulation),Simulation de la composition connue au 07/09/2026 ; ce n'est pas l'historique réel de Bernard.
2022-05-09,101.179689535346,100.0,0.03,Composition actuelle de Bernard (simulation),Simulation de la composition connue au 07/09/2026 ; ce n'est pas l'historique réel de Bernard.
2022-05-10,101.15870841453196,100.0,0.03,Composition actuelle de Bernard (simulation),Simulation de la composition connue au 07/09/2026 ; ce n'est pas l'historique réel de Bernard.
2022-05-11,102.10343267701039,100.0,0.03,Composition actuelle de Bernard (simulation),Simulation de la composition connue au 07/09/2026 ; ce n'est pas l'historique réel de Bernard.
2022-05-12,101.31050833968449,100.0,0.03,Composition actuelle de Bernard (simulation),Simulation de la composition connue au 07/09/2026 ; ce n'est pas l'historique réel de Bernard.
2022-05-13,102.69110636860044,100.0,0.03,Composition actuelle de Bernard (simulation),Simulation de la composition connue au 07/09/2026 ; ce n'est pas l'historique réel de Bernard.
2022-05-14,102.69596480892899,100.0,0.03,Composition actuelle de Bernard (simulation),Simulation de la composition connue au 07/09/2026 ; ce n'est pas l'historique réel de Bernard.
2022-05-15,102.70082364272469,100.0,0.03,Composition actuelle de Bernard (simulation),Simulation de la composition connue au 07/09/2026 ; ce n'est pas l'historique réel de Bernard.
2022-05-16,102.78338908705575,100.0,0.03,Composition actuelle de Bernard (simulation),Simulation de la composition connue au 07/09/2026 ; ce n'est pas l'historique réel de Bernard.
2022-05-17,103.69837254351812,100.0,0.03,Composition actuelle de Bernard (simulation),Simulation de la composition connue au 07/09/2026 ; ce n'est pas l'historique réel de Bernard.
2022-05-18,102.99647569806716,100.0,0.03,Composition actuelle de Bernard (simulation),Simulation de la composition connue au 07/09/2026 ; ce n'est pas l'historique réel de Bernard.
2022-05-19,102.75862828522277,100.0,0.03,Composition actuelle de Bernard (simulation),Simulation de la composition connue au 07/09/2026 ; ce n'est pas l'historique réel de Bernard.
2022-05-20,102.43091589822704,100.0,0.03,Composition actuelle de Bernard (simulation),Simulation de la composition connue au 07/09/2026 ; ce n'est pas l'historique réel de Bernard.
2022-05-21,102.43577709349461,100.0,0.03,Composition actuelle de Bernard (simulation),Simulation de la composition connue au 07/09/2026 ; ce n'est pas l'historique réel de Bernard.
2022-05-22,102.44063868245235,100.0,0.03,Composition actuelle de Bernard (simulation),Simulation de la composition connue au 07/09/2026 ; ce n'est pas l'historique réel de Bernard.
2022-05-23,103.46789183928102,100.0,0.03,Composition actuelle de Bernard (simulation),Simulation de la composition connue au 07/09/2026 ; ce n'est pas l'historique réel de Bernard.
2022-05-24,102.57715783759139,100.0,0.03,Composition actuelle de Bernard (simulation),Simulation de la composition connue au 07/09/2026 ; ce n'est pas l'historique réel de Bernard.
2022-05-25,103.02980413850169,100.0,0.03,Composition actuelle de Bernard (simulation),Simulation de la composition connue au 07/09/2026 ; ce n'est pas l'historique réel de Bernard.
2022-05-26,103.8855011501084,100.0,0.03,Composition actuelle de Bernard (simulation),Simulation de la composition connue au 07/09/2026 ; ce n'est pas l'historique réel de Bernard.
2022-05-27,104.68628318929373,100.0,0.03,Composition actuelle de Bernard (simulation),Simulation de la composition connue au 07/09/2026 ; ce n'est pas l'historique réel de Bernard.
2022-05-28,104.6911471410624,100.0,0.03,Composition actuelle de Bernard (simulation),Simulation de la composition connue au 07/09/2026 ; ce n'est pas l'historique réel de Bernard.
2022-05-29,104.69601148674454,100.0,0.03,Composition actuelle de Bernard (simulation),Simulation de la composition connue au 07/09/2026 ; ce n'est pas l'historique réel de Bernard.
2022-05-30,105.23143322456502,100.0,0.03,Composition actuelle de Bernard (simulation),Simulation de la composition connue au 07/09/2026 ; ce n'est pas l'historique réel de Bernard.
2022-05-31,104.59181589640427,100.0,0.03,Composition actuelle de Bernard (simulation),Simulation de la composition connue au 07/09/2026 ; ce n'est pas l'historique réel de Bernard.
2022-06-01,104.27480713288122,100.0,0.03,Composition actuelle de Bernard (simulation),Simulation de la composition connue au 07/09/2026 ; ce n'est pas l'historique réel de Bernard.
2022-06-02,104.76903838816256,100.0,0.03,Composition actuelle de Bernard (simulation),Simulation de la composition connue au 07/09/2026 ; ce n'est pas l'historique réel de Bernard.
2022-06-03,104.40879624542916,100.0,0.03,Composition actuelle de Bernard (simulation),Simulation de la composition connue au 07/09/2026 ; ce n'est pas l'historique réel de Bernard.
2022-06-04,104.41366295526203,100.0,0.03,Composition actuelle de Bernard (simulation),Simulation de la composition connue au 07/09/2026 ; ce n'est pas l'historique réel de Bernard.
2022-06-05,104.41853005923171,100.0,0.03,Composition actuelle de Bernard (simulation),Simulation de la composition connue au 07/09/2026 ; ce n'est pas l'historique réel de Bernard.
2022-06-06,104.95482941312568,100.0,0.03,Composition actuelle de Bernard (simulation),Simulation de la composition connue au 07/09/2026 ; ce n'est pas l'historique réel de Bernard.
2022-06-07,104.89295302278781,100.0,0.03,Composition actuelle de Bernard (simulation),Simulation de la composition connue au 07/09/2026 ; ce n'est pas l'historique réel de Bernard.
2022-06-08,104.63638437743974,100.0,0.03,Composition actuelle de Bernard (simulation),Simulation de la composition connue au 07/09/2026 ; ce n'est pas l'historique réel de Bernard.
2022-06-09,103.68970920406448,100.0,0.03,Composition actuelle de Bernard (simulation),Simulation de la composition connue au 07/09/2026 ; ce n'est pas l'historique réel de Bernard.
2022-06-10,101.9831541225695,100.0,0.03,Composition actuelle de Bernard (simulation),Simulation de la composition connue au 07/09/2026 ; ce n'est pas l'historique réel de Bernard.
2022-06-11,101.98802359203052,100.0,0.03,Composition actuelle de Bernard (simulation),Simulation de la composition connue au 07/09/2026 ; ce n'est pas l'historique réel de Bernard.
2022-06-12,101.99289345585181,100.0,0.03,Composition actuelle de Bernard (simulation),Simulation de la composition connue au 07/09/2026 ; ce n'est pas l'historique réel de Bernard.
2022-06-13,100.80011147024103,100.0,0.03,Composition actuelle de Bernard (simulation),Simulation de la composition connue au 07/09/2026 ; ce n'est pas l'historique réel de Bernard.
2022-06-14,100.79054180164324,100.0,0.03,Composition actuelle de Bernard (simulation),Simulation de la composition connue au 07/09/2026 ; ce n'est pas l'historique réel de Bernard.
2022-06-15,101.28380888483142,100.0,0.03,Composition actuelle de Bernard (simulation),Simulation de la composition connue au 07/09/2026 ; ce n'est pas l'historique réel de Bernard.
2022-06-16,99.93941799395424,100.0,0.03,Composition actuelle de Bernard (simulation),Simulation de la composition connue au 07/09/2026 ; ce n'est pas l'historique réel de Bernard.
2022-06-17,99.62392603199297,100.0,0.03,Composition actuelle de Bernard (simulation),Simulation de la composition connue au 07/09/2026 ; ce n'est pas l'historique réel de Bernard.
2022-06-18,99.62879826264691,100.0,0.03,Composition actuelle de Bernard (simulation),Simulation de la composition connue au 07/09/2026 ; ce n'est pas l'historique réel de Bernard.
2022-06-19,99.6336708878848,100.0,0.03,Composition actuelle de Bernard (simulation),Simulation de la composition connue au 07/09/2026 ; ce n'est pas l'historique réel de Bernard.
2022-06-20,100.00522834356565,100.0,0.03,Composition actuelle de Bernard (simulation),Simulation de la composition connue au 07/09/2026 ; ce n'est pas l'historique réel de Bernard.
2022-06-21,100.53175266212943,100.0,0.03,Composition actuelle de Bernard (simulation),Simulation de la composition connue au 07/09/2026 ; ce n'est pas l'historique réel de Bernard.
2022-06-22,99.57420110057907,100.0,0.03,Composition actuelle de Bernard (simulation),Simulation de la composition connue au 07/09/2026 ; ce n'est pas l'historique réel de Bernard.
2022-06-23,98.97520986780937,100.0,0.03,Composition actuelle de Bernard (simulation),Simulation de la composition connue au 07/09/2026 ; ce n'est pas l'historique réel de Bernard.
2022-06-24,99.7877378873628,100.0,0.03,Composition actuelle de Bernard (simulation),Simulation de la composition connue au 07/09/2026 ; ce n'est pas l'historique réel de Bernard.
2022-06-25,99.7926128807754,100.0,0.03,Composition actuelle de Bernard (simulation),Simulation de la composition connue au 07/09/2026 ; ce n'est pas l'historique réel de Bernard.
2022-06-26,99.7974882689957,100.0,0.03,Composition actuelle de Bernard (simulation),Simulation de la composition connue au 07/09/2026 ; ce n'est pas l'historique réel de Bernard.
2022-06-27,100.2257592903576,100.0,0.03,Composition actuelle de Bernard (simulation),Simulation de la composition connue au 07/09/2026 ; ce n'est pas l'historique réel de Bernard.
2022-06-28,99.9959320077156,100.0,0.03,Composition actuelle de Bernard (simulation),Simulation de la composition connue au 07/09/2026 ; ce n'est pas l'historique réel de Bernard.
2022-06-29,99.38010181126106,100.0,0.03,Composition actuelle de Bernard (simulation),Simulation de la composition connue au 07/09/2026 ; ce n'est pas l'historique réel de Bernard.
2022-06-30,98.80604849972275,100.0,0.03,Composition actuelle de Bernard (simulation),Simulation de la composition connue au 07/09/2026 ; ce n'est pas l'historique réel de Bernard.
2022-07-01,98.27310045693126,100.0,0.03,Composition actuelle de Bernard (simulation),Simulation de la composition connue au 07/09/2026 ; ce n'est pas l'historique réel de Bernard.
2022-07-02,98.27797821466915,100.0,0.03,Composition actuelle de Bernard (simulation),Simulation de la composition connue au 07/09/2026 ; ce n'est pas l'historique réel de Bernard.
2022-07-03,98.28285636743858,100.0,0.03,Composition actuelle de Bernard (simulation),Simulation de la composition connue au 07/09/2026 ; ce n'est pas l'historique réel de Bernard.
2022-07-04,98.47774563726131,100.0,0.03,Composition actuelle de Bernard (simulation),Simulation de la composition connue au 07/09/2026 ; ce n'est pas l'historique réel de Bernard.
2022-07-05,97.54490825098543,100.0,0.03,Composition actuelle de Bernard (simulation),Simulation de la composition connue au 07/09/2026 ; ce n'est pas l'historique réel de Bernard.
2022-07-06,98.16322454502327,100.0,0.03,Composition actuelle de Bernard (simulation),Simulation de la composition connue au 07/09/2026 ; ce n'est pas l'historique réel de Bernard.
2022-07-07,99.59224592071897,100.0,0.03,Composition actuelle de Bernard (simulation),Simulation de la composition connue au 07/09/2026 ; ce n'est pas l'historique réel de Bernard.
2022-07-08,99.98780675807014,100.0,0.03,Composition actuelle de Bernard (simulation),Simulation de la composition connue au 07/09/2026 ; ce n'est pas l'historique réel de Bernard.
2022-07-09,99.99268728170078,100.0,0.03,Composition actuelle de Bernard (simulation),Simulation de la composition connue au 07/09/2026 ; ce n'est pas l'historique réel de Bernard.
2022-07-10,99.99756820058697,100.0,0.03,Composition actuelle de Bernard (simulation),Simulation de la composition connue au 07/09/2026 ; ce n'est pas l'historique réel de Bernard.
2022-07-11,99.36063911731358,100.0,0.03,Composition actuelle de Bernard (simulation),Simulation de la composition connue au 07/09/2026 ; ce n'est pas l'historique réel de Bernard.
2022-07-12,99.6358590610181,100.0,0.03,Composition actuelle de Bernard (simulation),Simulation de la composition connue au 07/09/2026 ; ce n'est pas l'historique réel de Bernard.
2022-07-13,99.30397393815272,100.0,0.03,Composition actuelle de Bernard (simulation),Simulation de la composition connue au 07/09/2026 ; ce n'est pas l'historique réel de Bernard.
2022-07-14,98.58132259146845,100.0,0.03,Composition actuelle de Bernard (simulation),Simulation de la composition connue au 07/09/2026 ; ce n'est pas l'historique réel de Bernard.
2022-07-15,99.43486579270137,100.0,0.03,Composition actuelle de Bernard (simulation),Simulation de la composition connue au 07/09/2026 ; ce n'est pas l'historique réel de Bernard.
2022-07-16,99.43974908379315,100.0,0.03,Composition actuelle de Bernard (simulation),Simulation de la composition connue au 07/09/2026 ; ce n'est pas l'historique réel de Bernard.
2022-07-17,99.44463277036459,100.0,0.03,Composition actuelle de Bernard (simulation),Simulation de la composition connue au 07/09/2026 ; ce n'est pas l'historique réel de Bernard.
2022-07-18,99.95663514032186,100.0,0.03,Composition actuelle de Bernard (simulation),Simulation de la composition connue au 07/09/2026 ; ce n'est pas l'historique réel de Bernard.
2022-07-19,100.44383805768231,100.0,0.03,Composition actuelle de Bernard (simulation),Simulation de la composition connue au 07/09/2026 ; ce n'est pas l'historique réel de Bernard.
2022-07-20,100.70575937918788,100.0,0.03,Composition actuelle de Bernard (simulation),Simulation de la composition connue au 07/09/2026 ; ce n'est pas l'historique réel de Bernard.
2022-07-21,100.93737882463172,100.0,0.03,Composition actuelle de Bernard (simulation),Simulation de la composition connue au 07/09/2026 ; ce n'est pas l'historique réel de Bernard.
2022-07-22,100.79657199532903,100.0,0.03,Composition actuelle de Bernard (simulation),Simulation de la composition connue au 07/09/2026 ; ce n'est pas l'historique réel de Bernard.
2022-07-23,100.80145805545119,100.0,0.03,Composition actuelle de Bernard (simulation),Simulation de la composition connue au 07/09/2026 ; ce n'est pas l'historique réel de Bernard.
2022-07-24,100.8063445112773,100.0,0.03,Composition actuelle de Bernard (simulation),Simulation de la composition connue au 07/09/2026 ; ce n'est pas l'historique réel de Bernard.
2022-07-25,100.89464211589676,100.0,0.03,Composition actuelle de Bernard (simulation),Simulation de la composition connue au 07/09/2026 ; ce n'est pas l'historique réel de Bernard.
2022-07-26,100.61848809541185,100.0,0.03,Composition actuelle de Bernard (simulation),Simulation de la composition connue au 07/09/2026 ; ce n'est pas l'historique réel de Bernard.
2022-07-27,101.23807031856407,100.0,0.03,Composition actuelle de Bernard (simulation),Simulation de la composition connue au 07/09/2026 ; ce n'est pas l'historique réel de Bernard.
2022-07-28,101.67693200250683,100.0,0.03,Composition actuelle de Bernard (simulation),Simulation de la composition connue au 07/09/2026 ; ce n'est pas l'historique réel de Bernard.
2022-07-29,102.18808790878897,100.0,0.03,Composition actuelle de Bernard (simulation),Simulation de la composition connue au 07/09/2026 ; ce n'est pas l'historique réel de Bernard.
2022-07-30,102.19297673951169,100.0,0.03,Composition actuelle de Bernard (simulation),Simulation de la composition connue au 07/09/2026 ; ce n'est pas l'historique réel de Bernard.
2022-07-31,102.19786596616271,100.0,0.03,Composition actuelle de Bernard (simulation),Simulation de la composition connue au 07/09/2026 ; ce n'est pas l'historique réel de Bernard.
2022-08-01,102.27265351920994,100.0,0.03,Composition actuelle de Bernard (simulation),Simulation de la composition connue au 07/09/2026 ; ce n'est pas l'historique réel de Bernard.
2022-08-02,101.91381271516305,100.0,0.03,Composition actuelle de Bernard (simulation),Simulation de la composition connue au 07/09/2026 ; ce n'est pas l'historique réel de Bernard.
2022-08-03,102.43392910561478,100.0,0.03,Composition actuelle de Bernard (simulation),Simulation de la composition connue au 07/09/2026 ; ce n'est pas l'historique réel de Bernard.
2022-08-04,102.74109996390315,100.0,0.03,Composition actuelle de Bernard (simulation),Simulation de la composition connue au 07/09/2026 ; ce n'est pas l'historique réel de Bernard.
2022-08-05,102.63464284971758,100.0,0.03,Composition actuelle de Bernard (simulation),Simulation de la composition connue au 07/09/2026 ; ce n'est pas l'historique réel de Bernard.
2022-08-06,102.6395344526119,100.0,0.03,Composition actuelle de Bernard (simulation),Simulation de la composition connue au 07/09/2026 ; ce n'est pas l'historique réel de Bernard.
2022-08-07,102.64442645165903,100.0,0.03,Composition actuelle de Bernard (simulation),Simulation de la composition connue au 07/09/2026 ; ce n'est pas l'historique réel de Bernard.
2022-08-08,103.02804438379066,100.0,0.03,Composition actuelle de Bernard (simulation),Simulation de la composition connue au 07/09/2026 ; ce n'est pas l'historique réel de Bernard.
2022-08-09,102.46945642167165,100.0,0.03,Composition actuelle de Bernard (simulation),Simulation de la composition connue au 07/09/2026 ; ce n'est pas l'historique réel de Bernard.
2022-08-10,103.20594342091465,100.0,0.03,Composition actuelle de Bernard (simulation),Simulation de la composition connue au 07/09/2026 ; ce n'est pas l'historique réel de Bernard.
2022-08-11,103.27561994815298,100.0,0.03,Composition actuelle de Bernard (simulation),Simulation de la composition connue au 07/09/2026 ; ce n'est pas l'historique réel de Bernard.
2022-08-12,103.35106640732414,100.0,0.03,Composition actuelle de Bernard (simulation),Simulation de la composition connue au 07/09/2026 ; ce n'est pas l'historique réel de Bernard.
2022-08-13,103.35596078396199,100.0,0.03,Composition actuelle de Bernard (simulation),Simulation de la composition connue au 07/09/2026 ; ce n'est pas l'historique réel de Bernard.
2022-08-14,103.3608555569773,100.0,0.03,Composition actuelle de Bernard (simulation),Simulation de la composition connue au 07/09/2026 ; ce n'est pas l'historique réel de Bernard.
2022-08-15,103.40863819807682,100.0,0.03,Composition actuelle de Bernard (simulation),Simulation de la composition connue au 07/09/2026 ; ce n'est pas l'historique réel de Bernard.
2022-08-16,103.99531305586676,100.0,0.03,Composition actuelle de Bernard (simulation),Simulation de la composition connue au 07/09/2026 ; ce n'est pas l'historique réel de Bernard.
2022-08-17,103.32966950461832,100.0,0.03,Composition actuelle de Bernard (simulation),Simulation de la composition connue au 07/09/2026 ; ce n'est pas l'historique réel de Bernard.
2022-08-18,103.6852111674899,100.0,0.03,Composition actuelle de Bernard (simulation),Simulation de la composition connue au 07/09/2026 ; ce n'est pas l'historique réel de Bernard.
2022-08-19,102.93398669967955,100.0,0.03,Composition actuelle de Bernard (simulation),Simulation de la composition connue au 07/09/2026 ; ce n'est pas l'historique réel de Bernard.
2022-08-20,102.93888385163376,100.0,0.03,Composition actuelle de Bernard (simulation),Simulation de la composition connue au 07/09/2026 ; ce n'est pas l'historique réel de Bernard.
2022-08-21,102.9437814001902,100.0,0.03,Composition actuelle de Bernard (simulation),Simulation de la composition connue au 07/09/2026 ; ce n'est pas l'historique réel de Bernard.
2022-08-22,102.5485363025301,100.0,0.03,Composition actuelle de Bernard (simulation),Simulation de la composition connue au 07/09/2026 ; ce n'est pas l'historique réel de Bernard.
2022-08-23,103.04686371224304,100.0,0.03,Composition actuelle de Bernard (simulation),Simulation de la composition connue au 07/09/2026 ; ce n'est pas l'historique réel de Bernard.
2022-08-24,102.84850740286583,100.0,0.03,Composition actuelle de Bernard (simulation),Simulation de la composition connue au 07/09/2026 ; ce n'est pas l'historique réel de Bernard.
2022-08-25,103.21332771292111,100.0,0.03,Composition actuelle de Bernard (simulation),Simulation de la composition connue au 07/09/2026 ; ce n'est pas l'historique réel de Bernard.
2022-08-26,102.72265053241307,100.0,0.03,Composition actuelle de Bernard (simulation),Simulation de la composition connue au 07/09/2026 ; ce n'est pas l'historique réel de Bernard.
2022-08-27,102.72755046125737,100.0,0.03,Composition actuelle de Bernard (simulation),Simulation de la composition connue au 07/09/2026 ; ce n'est pas l'historique réel de Bernard.
2022-08-28,102.73245078692878,100.0,0.03,Composition actuelle de Bernard (simulation),Simulation de la composition connue au 07/09/2026 ; ce n'est pas l'historique réel de Bernard.
2022-08-29,102.4757370178306,100.0,0.03,Composition actuelle de Bernard (simulation),Simulation de la composition connue au 07/09/2026 ; ce n'est pas l'historique réel de Bernard.
2022-08-30,101.71381452351227,100.0,0.03,Composition actuelle de Bernard (simulation),Simulation de la composition connue au 07/09/2026 ; ce n'est pas l'historique réel de Bernard.
2022-08-31,101.46226817007755,100.0,0.03,Composition actuelle de Bernard (simulation),Simulation de la composition connue au 07/09/2026 ; ce n'est pas l'historique réel de Bernard.
2022-09-01,100.29335193094724,100.0,0.03,Composition actuelle de Bernard (simulation),Simulation de la composition connue au 07/09/2026 ; ce n'est pas l'historique réel de Bernard.
2022-09-02,101.46475686889993,100.0,0.03,Composition actuelle de Bernard (simulation),Simulation de la composition connue au 07/09/2026 ; ce n'est pas l'historique réel de Bernard.
2022-09-03,101.46965957620893,100.0,0.03,Composition actuelle de Bernard (simulation),Simulation de la composition connue au 07/09/2026 ; ce n'est pas l'historique réel de Bernard.
2022-09-04,101.47456268057007,100.0,0.03,Composition actuelle de Bernard (simulation),Simulation de la composition connue au 07/09/2026 ; ce n'est pas l'historique réel de Bernard.
2022-09-05,100.94086715543509,100.0,0.03,Composition actuelle de Bernard (simulation),Simulation de la composition connue au 07/09/2026 ; ce n'est pas l'historique réel de Bernard.
2022-09-06,100.92923216929593,100.0,0.03,Composition actuelle de Bernard (simulation),Simulation de la composition connue au 07/09/2026 ; ce n'est pas l'historique réel de Bernard.
2022-09-07,100.80546994167838,100.0,0.03,Composition actuelle de Bernard (simulation),Simulation de la composition connue au 07/09/2026 ; ce n'est pas l'historique réel de Bernard.
2022-09-08,101.26497497285169,100.0,0.03,Composition actuelle de Bernard (simulation),Simulation de la composition connue au 07/09/2026 ; ce n'est pas l'historique réel de Bernard.
2022-09-09,102.02957509627825,100.0,0.03,Composition actuelle de Bernard (simulation),Simulation de la composition connue au 07/09/2026 ; ce n'est pas l'historique réel de Bernard.
2022-09-10,102.03448058362747,100.0,0.03,Composition actuelle de Bernard (simulation),Simulation de la composition connue au 07/09/2026 ; ce n'est pas l'historique réel de Bernard.
2022-09-11,102.03938646825395,100.0,0.03,Composition actuelle de Bernard (simulation),Simulation de la composition connue au 07/09/2026 ; ce n'est pas l'historique réel de Bernard.
2022-09-12,102.50319236413965,100.0,0.03,Composition actuelle de Bernard (simulation),Simulation de la composition connue au 07/09/2026 ; ce n'est pas l'historique réel de Bernard.
2022-09-13,101.49355232003623,100.0,0.03,Composition actuelle de Bernard (simulation),Simulation de la composition connue au 07/09/2026 ; ce n'est pas l'historique réel de Bernard.
2022-09-14,101.30111681800248,100.0,0.03,Composition actuelle de Bernard (simulation),Simulation de la composition connue au 07/09/2026 ; ce n'est pas l'historique réel de Bernard.
2022-09-15,101.26210889450537,100.0,0.03,Composition actuelle de Bernard (simulation),Simulation de la composition connue au 07/09/2026 ; ce n'est pas l'historique réel de Bernard.
2022-09-16,100.83871009310366,100.0,0.03,Composition actuelle de Bernard (simulation),Simulation de la composition connue au 07/09/2026 ; ce n'est pas l'historique réel de Bernard.
2022-09-17,100.84361836206949,100.0,0.03,Composition actuelle de Bernard (simulation),Simulation de la composition connue au 07/09/2026 ; ce n'est pas l'historique réel de Bernard.
2022-09-18,100.84852702853783,100.0,0.03,Composition actuelle de Bernard (simulation),Simulation de la composition connue au 07/09/2026 ; ce n'est pas l'historique réel de Bernard.
2022-09-19,100.90859722564696,100.0,0.03,Composition actuelle de Bernard (simulation),Simulation de la composition connue au 07/09/2026 ; ce n'est pas l'historique réel de Bernard.
2022-09-20,100.55229636705685,100.0,0.03,Composition actuelle de Bernard (simulation),Simulation de la composition connue au 07/09/2026 ; ce n'est pas l'historique réel de Bernard.
2022-09-21,100.72546182299308,100.0,0.03,Composition actuelle de Bernard (simulation),Simulation de la composition connue au 07/09/2026 ; ce n'est pas l'historique réel de Bernard.
2022-09-22,100.33465740919527,100.0,0.03,Composition actuelle de Bernard (simulation),Simulation de la composition connue au 07/09/2026 ; ce n'est pas l'historique réel de Bernard.
2022-09-23,99.24874865467463,100.0,0.03,Composition actuelle de Bernard (simulation),Simulation de la composition connue au 07/09/2026 ; ce n'est pas l'historique réel de Bernard.
2022-09-24,99.25365970683434,100.0,0.03,Composition actuelle de Bernard (simulation),Simulation de la composition connue au 07/09/2026 ; ce n'est pas l'historique réel de Bernard.
2022-09-25,99.258571156722,100.0,0.03,Composition actuelle de Bernard (simulation),Simulation de la composition connue au 07/09/2026 ; ce n'est pas l'historique réel de Bernard.
2022-09-26,99.30620749848751,100.0,0.03,Composition actuelle de Bernard (simulation),Simulation de la composition connue au 07/09/2026 ; ce n'est pas l'historique réel de Bernard.
2022-09-27,99.53356760150604,100.0,0.03,Composition actuelle de Bernard (simulation),Simulation de la composition connue au 07/09/2026 ; ce n'est pas l'historique réel de Bernard.
2022-09-28,99.37225547003696,100.0,0.03,Composition actuelle de Bernard (simulation),Simulation de la composition connue au 07/09/2026 ; ce n'est pas l'historique réel de Bernard.
2022-09-29,98.61412349390315,100.0,0.03,Composition actuelle de Bernard (simulation),Simulation de la composition connue au 07/09/2026 ; ce n'est pas l'historique réel de Bernard.
2022-09-30,98.861349972547,100.0,0.03,Composition actuelle de Bernard (simulation),Simulation de la composition connue au 07/09/2026 ; ce n'est pas l'historique réel de Bernard.
2022-10-01,98.86626380947881,100.0,0.03,Composition actuelle de Bernard (simulation),Simulation de la composition connue au 07/09/2026 ; ce n'est pas l'historique réel de Bernard.
2022-10-02,98.87117804436409,100.0,0.03,Composition actuelle de Bernard (simulation),Simulation de la composition connue au 07/09/2026 ; ce n'est pas l'historique réel de Bernard.
2022-10-03,99.36545192283775,100.0,0.03,Composition actuelle de Bernard (simulation),Simulation de la composition connue au 07/09/2026 ; ce n'est pas l'historique réel de Bernard.
2022-10-04,100.63658958572836,100.0,0.03,Composition actuelle de Bernard (simulation),Simulation de la composition connue au 07/09/2026 ; ce n'est pas l'historique réel de Bernard.
2022-10-05,99.9215578533488,100.0,0.03,Composition actuelle de Bernard (simulation),Simulation de la composition connue au 07/09/2026 ; ce n'est pas l'historique réel de Bernard.
2022-10-06,99.9841490929953,100.0,0.03,Composition actuelle de Bernard (simulation),Simulation de la composition connue au 07/09/2026 ; ce n'est pas l'historique réel de Bernard.
2022-10-07,99.49191812745568,100.0,0.03,Composition actuelle de Bernard (simulation),Simulation de la composition connue au 07/09/2026 ; ce n'est pas l'historique réel de Bernard.
2022-10-08,99.49683475073866,100.0,0.03,Composition actuelle de Bernard (simulation),Simulation de la composition connue au 07/09/2026 ; ce n'est pas l'historique réel de Bernard.
2022-10-09,99.50175177220073,100.0,0.03,Composition actuelle de Bernard (simulation),Simulation de la composition connue au 07/09/2026 ; ce n'est pas l'historique réel de Bernard.
2022-10-10,99.3008438043394,100.0,0.03,Composition actuelle de Bernard (simulation),Simulation de la composition connue au 07/09/2026 ; ce n'est pas l'historique réel de Bernard.
2022-10-11,98.96544267041524,100.0,0.03,Composition actuelle de Bernard (simulation),Simulation de la composition connue au 07/09/2026 ; ce n'est pas l'historique réel de Bernard.
2022-10-12,98.77539118901902,100.0,0.03,Composition actuelle de Bernard (simulation),Simulation de la composition connue au 07/09/2026 ; ce n'est pas l'historique réel de Bernard.
2022-10-13,99.31422110459516,100.0,0.03,Composition actuelle de Bernard (simulation),Simulation de la composition connue au 07/09/2026 ; ce n'est pas l'historique réel de Bernard.
2022-10-14,98.9783370976669,100.0,0.03,Composition actuelle de Bernard (simulation),Simulation de la composition connue au 07/09/2026 ; ce n'est pas l'historique réel de Bernard.
2022-10-15,98.98325650888101,100.0,0.03,Composition actuelle de Bernard (simulation),Simulation de la composition connue au 07/09/2026 ; ce n'est pas l'historique réel de Bernard.
2022-10-16,98.98817631850004,100.0,0.03,Composition actuelle de Bernard (simulation),Simulation de la composition connue au 07/09/2026 ; ce n'est pas l'historique réel de Bernard.
2022-10-17,99.58772142348583,100.0,0.03,Composition actuelle de Bernard (simulation),Simulation de la composition connue au 07/09/2026 ; ce n'est pas l'historique réel de Bernard.
2022-10-18,99.41237903440044,100.0,0.03,Composition actuelle de Bernard (simulation),Simulation de la composition connue au 07/09/2026 ; ce n'est pas l'historique réel de Bernard.
2022-10-19,99.40130586731725,100.0,0.03,Composition actuelle de Bernard (simulation),Simulation de la composition connue au 07/09/2026 ; ce n'est pas l'historique réel de Bernard.
2022-10-20,100.16248603137319,100.0,0.03,Composition actuelle de Bernard (simulation),Simulation de la composition connue au 07/09/2026 ; ce n'est pas l'historique réel de Bernard.
2022-10-21,100.21556333720542,100.0,0.03,Composition actuelle de Bernard (simulation),Simulation de la composition connue au 07/09/2026 ; ce n'est pas l'historique réel de Bernard.
2022-10-22,100.22048553793152,100.0,0.03,Composition actuelle de Bernard (simulation),Simulation de la composition connue au 07/09/2026 ; ce n'est pas l'historique réel de Bernard.
2022-10-23,100.22540813728848,100.0,0.03,Composition actuelle de Bernard (simulation),Simulation de la composition connue au 07/09/2026 ; ce n'est pas l'historique réel de Bernard.
2022-10-24,100.40721285001501,100.0,0.03,Composition actuelle de Bernard (simulation),Simulation de la composition connue au 07/09/2026 ; ce n'est pas l'historique réel de Bernard.
2022-10-25,100.78810868752257,100.0,0.03,Composition actuelle de Bernard (simulation),Simulation de la composition connue au 07/09/2026 ; ce n'est pas l'historique réel de Bernard.
2022-10-26,101.15331978950533,100.0,0.03,Composition actuelle de Bernard (simulation),Simulation de la composition connue au 07/09/2026 ; ce n'est pas l'historique réel de Bernard.
2022-10-27,100.62082418367979,100.0,0.03,Composition actuelle de Bernard (simulation),Simulation de la composition connue au 07/09/2026 ; ce n'est pas l'historique réel de Bernard.
2022-10-28,100.67027178876538,100.0,0.03,Composition actuelle de Bernard (simulation),Simulation de la composition connue au 07/09/2026 ; ce n'est pas l'historique réel de Bernard.
2022-10-29,100.67519678058528,100.0,0.03,Composition actuelle de Bernard (simulation),Simulation de la composition connue au 07/09/2026 ; ce n'est pas l'historique réel de Bernard.
2022-10-30,100.68012217126206,100.0,0.03,Composition actuelle de Bernard (simulation),Simulation de la composition connue au 07/09/2026 ; ce n'est pas l'historique réel de Bernard.
2022-10-31,100.7925088362742,100.0,0.03,Composition actuelle de Bernard (simulation),Simulation de la composition connue au 07/09/2026 ; ce n'est pas l'historique réel de Bernard.
2022-11-01,101.23353032163034,100.0,0.03,Composition actuelle de Bernard (simulation),Simulation de la composition connue au 07/09/2026 ; ce n'est pas l'historique réel de Bernard.
2022-11-02,101.03470508917513,100.0,0.03,Composition actuelle de Bernard (simulation),Simulation de la composition connue au 07/09/2026 ; ce n'est pas l'historique réel de Bernard.
2022-11-03,100.55815241556066,100.0,0.03,Composition actuelle de Bernard (simulation),Simulation de la composition connue au 07/09/2026 ; ce n'est pas l'historique réel de Bernard.
2022-11-04,101.57313919666286,100.0,0.03,Composition actuelle de Bernard (simulation),Simulation de la composition connue au 07/09/2026 ; ce n'est pas l'historique réel de Bernard.
2022-11-05,101.57806698115922,100.0,0.03,Composition actuelle de Bernard (simulation),Simulation de la composition connue au 07/09/2026 ; ce n'est pas l'historique réel de Bernard.
2022-11-06,101.58299516473863,100.0,0.03,Composition actuelle de Bernard (simulation),Simulation de la composition connue au 07/09/2026 ; ce n'est pas l'historique réel de Bernard.
2022-11-07,101.74750444544651,100.0,0.03,Composition actuelle de Bernard (simulation),Simulation de la composition connue au 07/09/2026 ; ce n'est pas l'historique réel de Bernard.
2022-11-08,102.36176079914563,100.0,0.03,Composition actuelle de Bernard (simulation),Simulation de la composition connue au 07/09/2026 ; ce n'est pas l'historique réel de Bernard.
2022-11-09,101.6834238747362,100.0,0.03,Composition actuelle de Bernard (simulation),Simulation de la composition connue au 07/09/2026 ; ce n'est pas l'historique réel de Bernard.
2022-11-10,102.80402241431158,100.0,0.03,Composition actuelle de Bernard (simulation),Simulation de la composition connue au 07/09/2026 ; ce n'est pas l'historique réel de Bernard.
2022-11-11,103.26260898904576,100.0,0.03,Composition actuelle de Bernard (simulation),Simulation de la composition connue au 07/09/2026 ; ce n'est pas l'historique réel de Bernard.
2022-11-12,103.26753956780212,100.0,0.03,Composition actuelle de Bernard (simulation),Simulation de la composition connue au 07/09/2026 ; ce n'est pas l'historique réel de Bernard.
2022-11-13,103.27247054586786,100.0,0.03,Composition actuelle de Bernard (simulation),Simulation de la composition connue au 07/09/2026 ; ce n'est pas l'historique réel de Bernard.
2022-11-14,103.38685376565937,100.0,0.03,Composition actuelle de Bernard (simulation),Simulation de la composition connue au 07/09/2026 ; ce n'est pas l'historique réel de Bernard.
2022-11-15,103.83237491439729,100.0,0.03,Composition actuelle de Bernard (simulation),Simulation de la composition connue au 07/09/2026 ; ce n'est pas l'historique réel de Bernard.
2022-11-16,102.92470953210116,100.0,0.03,Composition actuelle de Bernard (simulation),Simulation de la composition connue au 07/09/2026 ; ce n'est pas l'historique réel de Bernard.
2022-11-17,102.54849463000843,100.0,0.03,Composition actuelle de Bernard (simulation),Simulation de la composition connue au 07/09/2026 ; ce n'est pas l'historique réel de Bernard.
2022-11-18,102.9569210188311,100.0,0.03,Composition actuelle de Bernard (simulation),Simulation de la composition connue au 07/09/2026 ; ce n'est pas l'historique réel de Bernard.
2022-11-19,102.96185439343198,100.0,0.03,Composition actuelle de Bernard (simulation),Simulation de la composition connue au 07/09/2026 ; ce n'est pas l'historique réel de Bernard.
2022-11-20,102.9667881675686,100.0,0.03,Composition actuelle de Bernard (simulation),Simulation de la composition connue au 07/09/2026 ; ce n'est pas l'historique réel de Bernard.
2022-11-21,102.72612157602991,100.0,0.03,Composition actuelle de Bernard (simulation),Simulation de la composition connue au 07/09/2026 ; ce n'est pas l'historique réel de Bernard.
2022-11-22,103.42373607294377,100.0,0.03,Composition actuelle de Bernard (simulation),Simulation de la composition connue au 07/09/2026 ; ce n'est pas l'historique réel de Bernard.
2022-11-23,103.73946788835282,100.0,0.03,Composition actuelle de Bernard (simulation),Simulation de la composition connue au 07/09/2026 ; ce n'est pas l'historique réel de Bernard.
2022-11-24,103.75361597733932,100.0,0.03,Composition actuelle de Bernard (simulation),Simulation de la composition connue au 07/09/2026 ; ce n'est pas l'historique réel de Bernard.
2022-11-25,103.68958484348948,100.0,0.03,Composition actuelle de Bernard (simulation),Simulation de la composition connue au 07/09/2026 ; ce n'est pas l'historique réel de Bernard.
2022-11-26,103.69452101552021,100.0,0.03,Composition actuelle de Bernard (simulation),Simulation de la composition connue au 07/09/2026 ; ce n'est pas l'historique réel de Bernard.
2022-11-27,103.69945758731322,100.0,0.03,Composition actuelle de Bernard (simulation),Simulation de la composition connue au 07/09/2026 ; ce n'est pas l'historique réel de Bernard.
2022-11-28,103.3335026197608,100.0,0.03,Composition actuelle de Bernard (simulation),Simulation de la composition connue au 07/09/2026 ; ce n'est pas l'historique réel de Bernard.
2022-11-29,103.51120580814002,100.0,0.03,Composition actuelle de Bernard (simulation),Simulation de la composition connue au 07/09/2026 ; ce n'est pas l'historique réel de Bernard.
2022-11-30,103.74707905465522,100.0,0.03,Composition actuelle de Bernard (simulation),Simulation de la composition connue au 07/09/2026 ; ce n'est pas l'historique réel de Bernard.
2022-12-01,104.12305234067749,100.0,0.03,Composition actuelle de Bernard (simulation),Simulation de la composition connue au 07/09/2026 ; ce n'est pas l'historique réel de Bernard.
2022-12-02,103.70357730564261,100.0,0.03,Composition actuelle de Bernard (simulation),Simulation de la composition connue au 07/09/2026 ; ce n'est pas l'historique réel de Bernard.
2022-12-03,103.70851627668942,100.0,0.03,Composition actuelle de Bernard (simulation),Simulation de la composition connue au 07/09/2026 ; ce n'est pas l'historique réel de Bernard.
2022-12-04,103.71345564772523,100.0,0.03,Composition actuelle de Bernard (simulation),Simulation de la composition connue au 07/09/2026 ; ce n'est pas l'historique réel de Bernard.
2022-12-05,103.65006813953039,100.0,0.03,Composition actuelle de Bernard (simulation),Simulation de la composition connue au 07/09/2026 ; ce n'est pas l'historique réel de Bernard.
2022-12-06,103.34572444288239,100.0,0.03,Composition actuelle de Bernard (simulation),Simulation de la composition connue au 07/09/2026 ; ce n'est pas l'historique réel de Bernard.
2022-12-07,103.00835326986686,100.0,0.03,Composition actuelle de Bernard (simulation),Simulation de la composition connue au 07/09/2026 ; ce n'est pas l'historique réel de Bernard.
2022-12-08,103.38094510451808,100.0,0.03,Composition actuelle de Bernard (simulation),Simulation de la composition connue au 07/09/2026 ; ce n'est pas l'historique réel de Bernard.
2022-12-09,103.60210478987022,100.0,0.03,Composition actuelle de Bernard (simulation),Simulation de la composition connue au 07/09/2026 ; ce n'est pas l'historique réel de Bernard.
2022-12-10,103.6070465615203,100.0,0.03,Composition actuelle de Bernard (simulation),Simulation de la composition connue au 07/09/2026 ; ce n'est pas l'historique réel de Bernard.
2022-12-11,103.61198873338617,100.0,0.03,Composition actuelle de Bernard (simulation),Simulation de la composition connue au 07/09/2026 ; ce n'est pas l'historique réel de Bernard.
2022-12-12,103.24459926278169,100.0,0.03,Composition actuelle de Bernard (simulation),Simulation de la composition connue au 07/09/2026 ; ce n'est pas l'historique réel de Bernard.
2022-12-13,104.12776072847731,100.0,0.03,Composition actuelle de Bernard (simulation),Simulation de la composition connue au 07/09/2026 ; ce n'est pas l'historique réel de Bernard.
2022-12-14,103.5393623505205,100.0,0.03,Composition actuelle de Bernard (simulation),Simulation de la composition connue au 07/09/2026 ; ce n'est pas l'historique réel de Bernard.
2022-12-15,102.17911902809252,100.0,0.03,Composition actuelle de Bernard (simulation),Simulation de la composition connue au 07/09/2026 ; ce n'est pas l'historique réel de Bernard.
2022-12-16,101.89578575069953,100.0,0.03,Composition actuelle de Bernard (simulation),Simulation de la composition connue au 07/09/2026 ; ce n'est pas l'historique réel de Bernard.
2022-12-17,101.90073032454094,100.0,0.03,Composition actuelle de Bernard (simulation),Simulation de la composition connue au 07/09/2026 ; ce n'est pas l'historique réel de Bernard.
2022-12-18,101.90567529882506,100.0,0.03,Composition actuelle de Bernard (simulation),Simulation de la composition connue au 07/09/2026 ; ce n'est pas l'historique réel de Bernard.
2022-12-19,101.92082476470125,100.0,0.03,Composition actuelle de Bernard (simulation),Simulation de la composition connue au 07/09/2026 ; ce n'est pas l'historique réel de Bernard.
2022-12-20,102.03101431416877,100.0,0.03,Composition actuelle de Bernard (simulation),Simulation de la composition connue au 07/09/2026 ; ce n'est pas l'historique réel de Bernard.
2022-12-21,102.56143819725298,100.0,0.03,Composition actuelle de Bernard (simulation),Simulation de la composition connue au 07/09/2026 ; ce n'est pas l'historique réel de Bernard.
2022-12-22,102.05135533976437,100.0,0.03,Composition actuelle de Bernard (simulation),Simulation de la composition connue au 07/09/2026 ; ce n'est pas l'historique réel de Bernard.
2022-12-23,102.20677328378338,100.0,0.03,Composition actuelle de Bernard (simulation),Simulation de la composition connue au 07/09/2026 ; ce n'est pas l'historique réel de Bernard.
2022-12-24,102.21172066140507,100.0,0.03,Composition actuelle de Bernard (simulation),Simulation de la composition connue au 07/09/2026 ; ce n'est pas l'historique réel de Bernard.
2022-12-25,102.21666843969655,100.0,0.03,Composition actuelle de Bernard (simulation),Simulation de la composition connue au 07/09/2026 ; ce n'est pas l'historique réel de Bernard.
2022-12-26,102.22161661869026,100.0,0.03,Composition actuelle de Bernard (simulation),Simulation de la composition connue au 07/09/2026 ; ce n'est pas l'historique réel de Bernard.
2022-12-27,102.26674360583432,100.0,0.03,Composition actuelle de Bernard (simulation),Simulation de la composition connue au 07/09/2026 ; ce n'est pas l'historique réel de Bernard.
2022-12-28,101.83382298746521,100.0,0.03,Composition actuelle de Bernard (simulation),Simulation de la composition connue au 07/09/2026 ; ce n'est pas l'historique réel de Bernard.
2022-12-29,102.24467910512276,100.0,0.03,Composition actuelle de Bernard (simulation),Simulation de la composition connue au 07/09/2026 ; ce n'est pas l'historique réel de Bernard.
2022-12-30,101.81120908864139,100.0,0.03,Composition actuelle de Bernard (simulation),Simulation de la composition connue au 07/09/2026 ; ce n'est pas l'historique réel de Bernard.
2022-12-31,101.81615927163318,100.0,0.03,Composition actuelle de Bernard (simulation),Simulation de la composition connue au 07/09/2026 ; ce n'est pas l'historique réel de Bernard.
2023-01-01,101.82110985552202,100.0,0.03,Composition actuelle de Bernard (simulation),Simulation de la composition connue au 07/09/2026 ; ce n'est pas l'historique réel de Bernard.
2023-01-02,102.52059372468113,100.0,0.03,Composition actuelle de Bernard (simulation),Simulation de la composition connue au 07/09/2026 ; ce n'est pas l'historique réel de Bernard.
2023-01-03,102.2963487135887,100.0,0.03,Composition actuelle de Bernard (simulation),Simulation de la composition connue au 07/09/2026 ; ce n'est pas l'historique réel de Bernard.
2023-01-04,102.92517845335216,100.0,0.03,Composition actuelle de Bernard (simulation),Simulation de la composition connue au 07/09/2026 ; ce n'est pas l'historique réel de Bernard.
2023-01-05,103.0033948085222,100.0,0.03,Composition actuelle de Bernard (simulation),Simulation de la composition connue au 07/09/2026 ; ce n'est pas l'historique réel de Bernard.
2023-01-06,103.7996729411966,100.0,0.03,Composition actuelle de Bernard (simulation),Simulation de la composition connue au 07/09/2026 ; ce n'est pas l'historique réel de Bernard.
2023-01-07,103.80462593114932,100.0,0.03,Composition actuelle de Bernard (simulation),Simulation de la composition connue au 07/09/2026 ; ce n'est pas l'historique réel de Bernard.
2023-01-08,103.80957932222638,100.0,0.03,Composition actuelle de Bernard (simulation),Simulation de la composition connue au 07/09/2026 ; ce n'est pas l'historique réel de Bernard.
2023-01-09,104.41772709297292,100.0,0.03,Composition actuelle de Bernard (simulation),Simulation de la composition connue au 07/09/2026 ; ce n'est pas l'historique réel de Bernard.
2023-01-10,103.94903871568843,100.0,0.03,Composition actuelle de Bernard (simulation),Simulation de la composition connue au 07/09/2026 ; ce n'est pas l'historique réel de Bernard.
2023-01-11,104.13204029539213,100.0,0.03,Composition actuelle de Bernard (simulation),Simulation de la composition connue au 07/09/2026 ; ce n'est pas l'historique réel de Bernard.
2023-01-12,104.58114761222319,100.0,0.03,Composition actuelle de Bernard (simulation),Simulation de la composition connue au 07/09/2026 ; ce n'est pas l'historique réel de Bernard.
2023-01-13,104.7309006466498,100.0,0.03,Composition actuelle de Bernard (simulation),Simulation de la composition connue au 07/09/2026 ; ce n'est pas l'historique réel de Bernard.
2023-01-14,104.73585644515511,100.0,0.03,Composition actuelle de Bernard (simulation),Simulation de la composition connue au 07/09/2026 ; ce n'est pas l'historique réel de Bernard.
2023-01-15,104.74081264501218,100.0,0.03,Composition actuelle de Bernard (simulation),Simulation de la composition connue au 07/09/2026 ; ce n'est pas l'historique réel de Bernard.
2023-01-16,104.83929851137465,100.0,0.03,Composition actuelle de Bernard (simulation),Simulation de la composition connue au 07/09/2026 ; ce n'est pas l'historique réel de Bernard.
2023-01-17,105.09180497575406,100.0,0.03,Composition actuelle de Bernard (simulation),Simulation de la composition connue au 07/09/2026 ; ce n'est pas l'historique réel de Bernard.
2023-01-18,105.3065478302492,100.0,0.03,Composition actuelle de Bernard (simulation),Simulation de la composition connue au 07/09/2026 ; ce n'est pas l'historique réel de Bernard.
2023-01-19,104.38557499650089,100.0,0.03,Composition actuelle de Bernard (simulation),Simulation de la composition connue au 07/09/2026 ; ce n'est pas l'historique réel de Bernard.
2023-01-20,104.72208309506719,100.0,0.03,Composition actuelle de Bernard (simulation),Simulation de la composition connue au 07/09/2026 ; ce n'est pas l'historique réel de Bernard.
2023-01-21,104.72704170371763,100.0,0.03,Composition actuelle de Bernard (simulation),Simulation de la composition connue au 07/09/2026 ; ce n'est pas l'historique réel de Bernard.
2023-01-22,104.73200071394741,100.0,0.03,Composition actuelle de Bernard (simulation),Simulation de la composition connue au 07/09/2026 ; ce n'est pas l'historique réel de Bernard.
2023-01-23,105.44138808547692,100.0,0.03,Composition actuelle de Bernard (simulation),Simulation de la composition connue au 07/09/2026 ; ce n'est pas l'historique réel de Bernard.
2023-01-24,105.43486004971261,100.0,0.03,Composition actuelle de Bernard (simulation),Simulation de la composition connue au 07/09/2026 ; ce n'est pas l'historique réel de Bernard.
2023-01-25,105.17315045067768,100.0,0.03,Composition actuelle de Bernard (simulation),Simulation de la composition connue au 07/09/2026 ; ce n'est pas l'historique réel de Bernard.
2023-01-26,105.74877576426431,100.0,0.03,Composition actuelle de Bernard (simulation),Simulation de la composition connue au 07/09/2026 ; ce n'est pas l'historique réel de Bernard.
2023-01-27,105.96320369514487,100.0,0.03,Composition actuelle de Bernard (simulation),Simulation de la composition connue au 07/09/2026 ; ce n'est pas l'historique réel de Bernard.
2023-01-28,105.9681651155339,100.0,0.03,Composition actuelle de Bernard (simulation),Simulation de la composition connue au 07/09/2026 ; ce n'est pas l'historique réel de Bernard.
2023-01-29,105.97312693773,100.0,0.03,Composition actuelle de Bernard (simulation),Simulation de la composition connue au 07/09/2026 ; ce n'est pas l'historique réel de Bernard.
2023-01-30,105.7195016232388,100.0,0.03,Composition actuelle de Bernard (simulation),Simulation de la composition connue au 07/09/2026 ; ce n'est pas l'historique réel de Bernard.
2023-01-31,105.57070382829647,100.0,0.03,Composition actuelle de Bernard (simulation),Simulation de la composition connue au 07/09/2026 ; ce n'est pas l'historique réel de Bernard.
2023-02-01,105.8777900056628,100.0,0.03,Composition actuelle de Bernard (simulation),Simulation de la composition connue au 07/09/2026 ; ce n'est pas l'historique réel de Bernard.
2023-02-02,106.23148068844661,100.0,0.03,Composition actuelle de Bernard (simulation),Simulation de la composition connue au 07/09/2026 ; ce n'est pas l'historique réel de Bernard.
2023-02-03,106.53556528444786,100.0,0.03,Composition actuelle de Bernard (simulation),Simulation de la composition connue au 07/09/2026 ; ce n'est pas l'historique réel de Bernard.
2023-02-04,106.54052951816986,100.0,0.03,Composition actuelle de Bernard (simulation),Simulation de la composition connue au 07/09/2026 ; ce n'est pas l'historique réel de Bernard.
2023-02-05,106.54549415392678,100.0,0.03,Composition actuelle de Bernard (simulation),Simulation de la composition connue au 07/09/2026 ; ce n'est pas l'historique réel de Bernard.
2023-02-06,105.97600612362929,100.0,0.03,Composition actuelle de Bernard (simulation),Simulation de la composition connue au 07/09/2026 ; ce n'est pas l'historique réel de Bernard.
2023-02-07,106.1600660090946,100.0,0.03,Composition actuelle de Bernard (simulation),Simulation de la composition connue au 07/09/2026 ; ce n'est pas l'historique réel de Bernard.
2023-02-08,106.31118221239531,100.0,0.03,Composition actuelle de Bernard (simulation),Simulation de la composition connue au 07/09/2026 ; ce n'est pas l'historique réel de Bernard.
2023-02-09,106.61353808834973,100.0,0.03,Composition actuelle de Bernard (simulation),Simulation de la composition connue au 07/09/2026 ; ce n'est pas l'historique réel de Bernard.
2023-02-10,105.8552061235248,100.0,0.03,Composition actuelle de Bernard (simulation),Simulation de la composition connue au 07/09/2026 ; ce n'est pas l'historique réel de Bernard.
2023-02-11,105.86017317217504,100.0,0.03,Composition actuelle de Bernard (simulation),Simulation de la composition connue au 07/09/2026 ; ce n'est pas l'historique réel de Bernard.
2023-02-12,105.86514062308821,100.0,0.03,Composition actuelle de Bernard (simulation),Simulation de la composition connue au 07/09/2026 ; ce n'est pas l'historique réel de Bernard.
2023-02-13,106.23575467833956,100.0,0.03,Composition actuelle de Bernard (simulation),Simulation de la composition connue au 07/09/2026 ; ce n'est pas l'historique réel de Bernard.
2023-02-14,106.39469034230662,100.0,0.03,Composition actuelle de Bernard (simulation),Simulation de la composition connue au 07/09/2026 ; ce n'est pas l'historique réel de Bernard.
2023-02-15,106.52341776244114,100.0,0.03,Composition actuelle de Bernard (simulation),Simulation de la composition connue au 07/09/2026 ; ce n'est pas l'historique réel de Bernard.
2023-02-16,106.96861411588785,100.0,0.03,Composition actuelle de Bernard (simulation),Simulation de la composition connue au 07/09/2026 ; ce n'est pas l'historique réel de Bernard.
2023-02-17,106.37815724763719,100.0,0.03,Composition actuelle de Bernard (simulation),Simulation de la composition connue au 07/09/2026 ; ce n'est pas l'historique réel de Bernard.
2023-02-18,106.3831271128119,100.0,0.03,Composition actuelle de Bernard (simulation),Simulation de la composition connue au 07/09/2026 ; ce n'est pas l'historique réel de Bernard.
2023-02-19,106.38809738047759,100.0,0.03,Composition actuelle de Bernard (simulation),Simulation de la composition connue au 07/09/2026 ; ce n'est pas l'historique réel de Bernard.
2023-02-20,106.5211406492446,100.0,0.03,Composition actuelle de Bernard (simulation),Simulation de la composition connue au 07/09/2026 ; ce n'est pas l'historique réel de Bernard.
2023-02-21,106.2072575745276,100.0,0.03,Composition actuelle de Bernard (simulation),Simulation de la composition connue au 07/09/2026 ; ce n'est pas l'historique réel de Bernard.
2023-02-22,105.76250159917204,100.0,0.03,Composition actuelle de Bernard (simulation),Simulation de la composition connue au 07/09/2026 ; ce n'est pas l'historique réel de Bernard.
2023-02-23,106.08401748410019,100.0,0.03,Composition actuelle de Bernard (simulation),Simulation de la composition connue au 07/09/2026 ; ce n'est pas l'historique réel de Bernard.
2023-02-24,105.60037319248421,100.0,0.03,Composition actuelle de Bernard (simulation),Simulation de la composition connue au 07/09/2026 ; ce n'est pas l'historique réel de Bernard.
2023-02-25,105.60534587578046,100.0,0.03,Composition actuelle de Bernard (simulation),Simulation de la composition connue au 07/09/2026 ; ce n'est pas l'historique réel de Bernard.
2023-02-26,105.61031896179588,100.0,0.03,Composition actuelle de Bernard (simulation),Simulation de la composition connue au 07/09/2026 ; ce n'est pas l'historique réel de Bernard.
2023-02-27,106.12787833060409,100.0,0.03,Composition actuelle de Bernard (simulation),Simulation de la composition connue au 07/09/2026 ; ce n'est pas l'historique réel de Bernard.
2023-02-28,106.2547479361089,100.0,0.03,Composition actuelle de Bernard (simulation),Simulation de la composition connue au 07/09/2026 ; ce n'est pas l'historique réel de Bernard.
2023-03-01,106.40226730755337,100.0,0.03,Composition actuelle de Bernard (simulation),Simulation de la composition connue au 07/09/2026 ; ce n'est pas l'historique réel de Bernard.
2023-03-02,106.30129652498441,100.0,0.03,Composition actuelle de Bernard (simulation),Simulation de la composition connue au 07/09/2026 ; ce n'est pas l'historique réel de Bernard.
2023-03-03,107.20408955651095,100.0,0.03,Composition actuelle de Bernard (simulation),Simulation de la composition connue au 07/09/2026 ; ce n'est pas l'historique réel de Bernard.
2023-03-04,107.2090650595267,100.0,0.03,Composition actuelle de Bernard (simulation),Simulation de la composition connue au 07/09/2026 ; ce n'est pas l'historique réel de Bernard.
2023-03-05,107.21404096549001,100.0,0.03,Composition actuelle de Bernard (simulation),Simulation de la composition connue au 07/09/2026 ; ce n'est pas l'historique réel de Bernard.
2023-03-06,107.3643364644411,100.0,0.03,Composition actuelle de Bernard (simulation),Simulation de la composition connue au 07/09/2026 ; ce n'est pas l'historique réel de Bernard.
2023-03-07,106.48833673325653,100.0,0.03,Composition actuelle de Bernard (simulation),Simulation de la composition connue au 07/09/2026 ; ce n'est pas l'historique réel de Bernard.
2023-03-08,106.84915486728653,100.0,0.03,Composition actuelle de Bernard (simulation),Simulation de la composition connue au 07/09/2026 ; ce n'est pas l'historique réel de Bernard.
2023-03-09,106.8752772621925,100.0,0.03,Composition actuelle de Bernard (simulation),Simulation de la composition connue au 07/09/2026 ; ce n'est pas l'historique réel de Bernard.
2023-03-10,105.76681473003306,100.0,0.03,Composition actuelle de Bernard (simulation),Simulation de la composition connue au 07/09/2026 ; ce n'est pas l'historique réel de Bernard.
2023-03-11,105.77179305436724,100.0,0.03,Composition actuelle de Bernard (simulation),Simulation de la composition connue au 07/09/2026 ; ce n'est pas l'historique réel de Bernard.
2023-03-12,105.77677178187743,100.0,0.03,Composition actuelle de Bernard (simulation),Simulation de la composition connue au 07/09/2026 ; ce n'est pas l'historique réel de Bernard.
2023-03-13,104.40817521292571,100.0,0.03,Composition actuelle de Bernard (simulation),Simulation de la composition connue au 07/09/2026 ; ce n'est pas l'historique réel de Bernard.
2023-03-14,105.01954076754114,100.0,0.03,Composition actuelle de Bernard (simulation),Simulation de la composition connue au 07/09/2026 ; ce n'est pas l'historique réel de Bernard.
2023-03-15,103.22636840179133,100.0,0.03,Composition actuelle de Bernard (simulation),Simulation de la composition connue au 07/09/2026 ; ce n'est pas l'historique réel de Bernard.
2023-03-16,104.1753962545962,100.0,0.03,Composition actuelle de Bernard (simulation),Simulation de la composition connue au 07/09/2026 ; ce n'est pas l'historique réel de Bernard.
2023-03-17,103.89546881388682,100.0,0.03,Composition actuelle de Bernard (simulation),Simulation de la composition connue au 07/09/2026 ; ce n'est pas l'historique réel de Bernard.
2023-03-18,103.9004499611392,100.0,0.03,Composition actuelle de Bernard (simulation),Simulation de la composition connue au 07/09/2026 ; ce n'est pas l'historique réel de Bernard.
2023-03-19,103.90543151179625,100.0,0.03,Composition actuelle de Bernard (simulation),Simulation de la composition connue au 07/09/2026 ; ce n'est pas l'historique réel de Bernard.
2023-03-20,104.11785826134859,100.0,0.03,Composition actuelle de Bernard (simulation),Simulation de la composition connue au 07/09/2026 ; ce n'est pas l'historique réel de Bernard.
2023-03-21,104.70594106552966,100.0,0.03,Composition actuelle de Bernard (simulation),Simulation de la composition connue au 07/09/2026 ; ce n'est pas l'historique réel de Bernard.
2023-03-22,104.81553796052268,100.0,0.03,Composition actuelle de Bernard (simulation),Simulation de la composition connue au 07/09/2026 ; ce n'est pas l'historique réel de Bernard.
2023-03-23,104.74640101332452,100.0,0.03,Composition actuelle de Bernard (simulation),Simulation de la composition connue au 07/09/2026 ; ce n'est pas l'historique réel de Bernard.
2023-03-24,103.988848269891,100.0,0.03,Composition actuelle de Bernard (simulation),Simulation de la composition connue au 07/09/2026 ; ce n'est pas l'historique réel de Bernard.
2023-03-25,103.99383224166228,100.0,0.03,Composition actuelle de Bernard (simulation),Simulation de la composition connue au 07/09/2026 ; ce n'est pas l'historique réel de Bernard.
2023-03-26,103.99881661706702,100.0,0.03,Composition actuelle de Bernard (simulation),Simulation de la composition connue au 07/09/2026 ; ce n'est pas l'historique réel de Bernard.
2023-03-27,104.38233278818305,100.0,0.03,Composition actuelle de Bernard (simulation),Simulation de la composition connue au 07/09/2026 ; ce n'est pas l'historique réel de Bernard.
2023-03-28,104.28632280344074,100.0,0.03,Composition actuelle de Bernard (simulation),Simulation de la composition connue au 07/09/2026 ; ce n'est pas l'historique réel de Bernard.
2023-03-29,104.99440560757567,100.0,0.03,Composition actuelle de Bernard (simulation),Simulation de la composition connue au 07/09/2026 ; ce n'est pas l'historique réel de Bernard.
2023-03-30,105.61261345516886,100.0,0.03,Composition actuelle de Bernard (simulation),Simulation de la composition connue au 07/09/2026 ; ce n'est pas l'historique réel de Bernard.
2023-03-31,105.6967158245028,100.0,0.03,Composition actuelle de Bernard (simulation),Simulation de la composition connue au 07/09/2026 ; ce n'est pas l'historique réel de Bernard.
2023-04-01,105.70170262239466,100.0,0.03,Composition actuelle de Bernard (simulation),Simulation de la composition connue au 07/09/2026 ; ce n'est pas l'historique réel de Bernard.
2023-04-02,105.70668982414884,100.0,0.03,Composition actuelle de Bernard (simulation),Simulation de la composition connue au 07/09/2026 ; ce n'est pas l'historique réel de Bernard.
2023-04-03,105.63989550392408,100.0,0.03,Composition actuelle de Bernard (simulation),Simulation de la composition connue au 07/09/2026 ; ce n'est pas l'historique réel de Bernard.
2023-04-04,105.15323602083568,100.0,0.03,Composition actuelle de Bernard (simulation),Simulation de la composition connue au 07/09/2026 ; ce n'est pas l'historique réel de Bernard.
2023-04-05,104.54556827355077,100.0,0.03,Composition actuelle de Bernard (simulation),Simulation de la composition connue au 07/09/2026 ; ce n'est pas l'historique réel de Bernard.
2023-04-06,104.82728441129767,100.0,0.03,Composition actuelle de Bernard (simulation),Simulation de la composition connue au 07/09/2026 ; ce n'est pas l'historique réel de Bernard.
2023-04-07,104.83227363285405,100.0,0.03,Composition actuelle de Bernard (simulation),Simulation de la composition connue au 07/09/2026 ; ce n'est pas l'historique réel de Bernard.
2023-04-08,104.83726325846901,100.0,0.03,Composition actuelle de Bernard (simulation),Simulation de la composition connue au 07/09/2026 ; ce n'est pas l'historique réel de Bernard.
2023-04-09,104.84225328817527,100.0,0.03,Composition actuelle de Bernard (simulation),Simulation de la composition connue au 07/09/2026 ; ce n'est pas l'historique réel de Bernard.
2023-04-10,104.84724372200557,100.0,0.03,Composition actuelle de Bernard (simulation),Simulation de la composition connue au 07/09/2026 ; ce n'est pas l'historique réel de Bernard.
2023-04-11,105.6250209388496,100.0,0.03,Composition actuelle de Bernard (simulation),Simulation de la composition connue au 07/09/2026 ; ce n'est pas l'historique réel de Bernard.
2023-04-12,105.461734804065,100.0,0.03,Composition actuelle de Bernard (simulation),Simulation de la composition connue au 07/09/2026 ; ce n'est pas l'historique réel de Bernard.
2023-04-13,105.38388182793841,100.0,0.03,Composition actuelle de Bernard (simulation),Simulation de la composition connue au 07/09/2026 ; ce n'est pas l'historique réel de Bernard.
2023-04-14,105.5253842487887,100.0,0.03,Composition actuelle de Bernard (simulation),Simulation de la composition connue au 07/09/2026 ; ce n'est pas l'historique réel de Bernard.
2023-04-15,105.53037670373018,100.0,0.03,Composition actuelle de Bernard (simulation),Simulation de la composition connue au 07/09/2026 ; ce n'est pas l'historique réel de Bernard.
2023-04-16,105.5353695629921,100.0,0.03,Composition actuelle de Bernard (simulation),Simulation de la composition connue au 07/09/2026 ; ce n'est pas l'historique réel de Bernard.
2023-04-17,105.6218347158976,100.0,0.03,Composition actuelle de Bernard (simulation),Simulation de la composition connue au 07/09/2026 ; ce n'est pas l'historique réel de Bernard.
2023-04-18,106.04951948578693,100.0,0.03,Composition actuelle de Bernard (simulation),Simulation de la composition connue au 07/09/2026 ; ce n'est pas l'historique réel de Bernard.
2023-04-19,105.64797302032586,100.0,0.03,Composition actuelle de Bernard (simulation),Simulation de la composition connue au 07/09/2026 ; ce n'est pas l'historique réel de Bernard.
2023-04-20,105.65965438360658,100.0,0.03,Composition actuelle de Bernard (simulation),Simulation de la composition connue au 07/09/2026 ; ce n'est pas l'historique réel de Bernard.
2023-04-21,105.04139205938228,100.0,0.03,Composition actuelle de Bernard (simulation),Simulation de la composition connue au 07/09/2026 ; ce n'est pas l'historique réel de Bernard.
2023-04-22,105.04638734525462,100.0,0.03,Composition actuelle de Bernard (simulation),Simulation de la composition connue au 07/09/2026 ; ce n'est pas l'historique réel de Bernard.
2023-04-23,105.0513830356767,100.0,0.03,Composition actuelle de Bernard (simulation),Simulation de la composition connue au 07/09/2026 ; ce n'est pas l'historique réel de Bernard.
2023-04-24,104.84665686309667,100.0,0.03,Composition actuelle de Bernard (simulation),Simulation de la composition connue au 07/09/2026 ; ce n'est pas l'historique réel de Bernard.
2023-04-25,104.13790140295367,100.0,0.03,Composition actuelle de Bernard (simulation),Simulation de la composition connue au 07/09/2026 ; ce n'est pas l'historique réel de Bernard.
2023-04-26,104.12369574455956,100.0,0.03,Composition actuelle de Bernard (simulation),Simulation de la composition connue au 07/09/2026 ; ce n'est pas l'historique réel de Bernard.
2023-04-27,104.1303197738832,100.0,0.03,Composition actuelle de Bernard (simulation),Simulation de la composition connue au 07/09/2026 ; ce n'est pas l'historique réel de Bernard.
2023-04-28,104.32742341955179,100.0,0.03,Composition actuelle de Bernard (simulation),Simulation de la composition connue au 07/09/2026 ; ce n'est pas l'historique réel de Bernard.
2023-04-29,104.33242153796026,100.0,0.03,Composition actuelle de Bernard (simulation),Simulation de la composition connue au 07/09/2026 ; ce n'est pas l'historique réel de Bernard.
2023-04-30,104.33742006114781,100.0,0.03,Composition actuelle de Bernard (simulation),Simulation de la composition connue au 07/09/2026 ; ce n'est pas l'historique réel de Bernard.
2023-05-01,104.34241898914729,100.0,0.03,Composition actuelle de Bernard (simulation),Simulation de la composition connue au 07/09/2026 ; ce n'est pas l'historique réel de Bernard.
2023-05-02,104.19165412426274,100.0,0.03,Composition actuelle de Bernard (simulation),Simulation de la composition connue au 07/09/2026 ; ce n'est pas l'historique réel de Bernard.
2023-05-03,104.19579055443711,100.0,0.03,Composition actuelle de Bernard (simulation),Simulation de la composition connue au 07/09/2026 ; ce n'est pas l'historique réel de Bernard.
2023-05-04,103.36740048209671,100.0,0.03,Composition actuelle de Bernard (simulation),Simulation de la composition connue au 07/09/2026 ; ce n'est pas l'historique réel de Bernard.
2023-05-05,104.17406748856925,100.0,0.03,Composition actuelle de Bernard (simulation),Simulation de la composition connue au 07/09/2026 ; ce n'est pas l'historique réel de Bernard.
2023-05-06,104.17906844112001,100.0,0.03,Composition actuelle de Bernard (simulation),Simulation de la composition connue au 07/09/2026 ; ce n'est pas l'historique réel de Bernard.
2023-05-07,104.1840697986794,100.0,0.03,Composition actuelle de Bernard (simulation),Simulation de la composition connue au 07/09/2026 ; ce n'est pas l'historique réel de Bernard.
2023-05-08,104.49262255516054,100.0,0.03,Composition actuelle de Bernard (simulation),Simulation de la composition connue au 07/09/2026 ; ce n'est pas l'historique réel de Bernard.
2023-05-09,104.42457845612805,100.0,0.03,Composition actuelle de Bernard (simulation),Simulation de la composition connue au 07/09/2026 ; ce n'est pas l'historique réel de Bernard.
2023-05-10,104.34397452992248,100.0,0.03,Composition actuelle de Bernard (simulation),Simulation de la composition connue au 07/09/2026 ; ce n'est pas l'historique réel de Bernard.
2023-05-11,103.93004616583966,100.0,0.03,Composition actuelle de Bernard (simulation),Simulation de la composition connue au 07/09/2026 ; ce n'est pas l'historique réel de Bernard.
2023-05-12,104.27028005743423,100.0,0.03,Composition actuelle de Bernard (simulation),Simulation de la composition connue au 07/09/2026 ; ce n'est pas l'historique réel de Bernard.
2023-05-13,104.27528384573436,100.0,0.03,Composition actuelle de Bernard (simulation),Simulation de la composition connue au 07/09/2026 ; ce n'est pas l'historique réel de Bernard.
2023-05-14,104.2802880392728,100.0,0.03,Composition actuelle de Bernard (simulation),Simulation de la composition connue au 07/09/2026 ; ce n'est pas l'historique réel de Bernard.
2023-05-15,104.58802289842284,100.0,0.03,Composition actuelle de Bernard (simulation),Simulation de la composition connue au 07/09/2026 ; ce n'est pas l'historique réel de Bernard.
2023-05-16,104.5510230520857,100.0,0.03,Composition actuelle de Bernard (simulation),Simulation de la composition connue au 07/09/2026 ; ce n'est pas l'historique réel de Bernard.
2023-05-17,104.76554042798716,100.0,0.03,Composition actuelle de Bernard (simulation),Simulation de la composition connue au 07/09/2026 ; ce n'est pas l'historique réel de Bernard.
2023-05-18,105.4333836836992,100.0,0.03,Composition actuelle de Bernard (simulation),Simulation de la composition connue au 07/09/2026 ; ce n'est pas l'historique réel de Bernard.
2023-05-19,105.66858461869995,100.0,0.03,Composition actuelle de Bernard (simulation),Simulation de la composition connue au 07/09/2026 ; ce n'est pas l'historique réel de Bernard.
2023-05-20,105.67359124435743,100.0,0.03,Composition actuelle de Bernard (simulation),Simulation de la composition connue au 07/09/2026 ; ce n'est pas l'historique réel de Bernard.
2023-05-21,105.67859827548301,100.0,0.03,Composition actuelle de Bernard (simulation),Simulation de la composition connue au 07/09/2026 ; ce n'est pas l'historique réel de Bernard.
2023-05-22,105.70741293459145,100.0,0.03,Composition actuelle de Bernard (simulation),Simulation de la composition connue au 07/09/2026 ; ce n'est pas l'historique réel de Bernard.
2023-05-23,105.62738643394741,100.0,0.03,Composition actuelle de Bernard (simulation),Simulation de la composition connue au 07/09/2026 ; ce n'est pas l'historique réel de Bernard.
2023-05-24,104.8541088848238,100.0,0.03,Composition actuelle de Bernard (simulation),Simulation de la composition connue au 07/09/2026 ; ce n'est pas l'historique réel de Bernard.
2023-05-25,105.44002230240261,100.0,0.03,Composition actuelle de Bernard (simulation),Simulation de la composition connue au 07/09/2026 ; ce n'est pas l'historique réel de Bernard.
2023-05-26,106.41516250152574,100.0,0.03,Composition actuelle de Bernard (simulation),Simulation de la composition connue au 07/09/2026 ; ce n'est pas l'historique réel de Bernard.
2023-05-27,106.42017196614945,100.0,0.03,Composition actuelle de Bernard (simulation),Simulation de la composition connue au 07/09/2026 ; ce n'est pas l'historique réel de Bernard.
2023-05-28,106.42518183647121,100.0,0.03,Composition actuelle de Bernard (simulation),Simulation de la composition connue au 07/09/2026 ; ce n'est pas l'historique réel de Bernard.
2023-05-29,106.51919386398274,100.0,0.03,Composition actuelle de Bernard (simulation),Simulation de la composition connue au 07/09/2026 ; ce n'est pas l'historique réel de Bernard.
2023-05-30,106.38439913980149,100.0,0.03,Composition actuelle de Bernard (simulation),Simulation de la composition connue au 07/09/2026 ; ce n'est pas l'historique réel de Bernard.
2023-05-31,105.57490971195294,100.0,0.03,Composition actuelle de Bernard (simulation),Simulation de la composition connue au 07/09/2026 ; ce n'est pas l'historique réel de Bernard.
2023-06-01,106.14095640914218,100.0,0.03,Composition actuelle de Bernard (simulation),Simulation de la composition connue au 07/09/2026 ; ce n'est pas l'historique réel de Bernard.
2023-06-02,107.05541311673181,100.0,0.03,Composition actuelle de Bernard (simulation),Simulation de la composition connue au 07/09/2026 ; ce n'est pas l'historique réel de Bernard.
2023-06-03,107.0604254219316,100.0,0.03,Composition actuelle de Bernard (simulation),Simulation de la composition connue au 07/09/2026 ; ce n'est pas l'historique réel de Bernard.
2023-06-04,107.06543813305946,100.0,0.03,Composition actuelle de Bernard (simulation),Simulation de la composition connue au 07/09/2026 ; ce n'est pas l'historique réel de Bernard.
2023-06-05,107.02959361765735,100.0,0.03,Composition actuelle de Bernard (simulation),Simulation de la composition connue au 07/09/2026 ; ce n'est pas l'historique réel de Bernard.
2023-06-06,107.19703871446764,100.0,0.03,Composition actuelle de Bernard (simulation),Simulation de la composition connue au 07/09/2026 ; ce n'est pas l'historique réel de Bernard.
2023-06-07,107.33545663202398,100.0,0.03,Composition actuelle de Bernard (simulation),Simulation de la composition connue au 07/09/2026 ; ce n'est pas l'historique réel de Bernard.
2023-06-08,107.3827690339999,100.0,0.03,Composition actuelle de Bernard (simulation),Simulation de la composition connue au 07/09/2026 ; ce n'est pas l'historique réel de Bernard.
2023-06-09,107.38595887624382,100.0,0.03,Composition actuelle de Bernard (simulation),Simulation de la composition connue au 07/09/2026 ; ce n'est pas l'historique réel de Bernard.
2023-06-10,107.39097402363045,100.0,0.03,Composition actuelle de Bernard (simulation),Simulation de la composition connue au 07/09/2026 ; ce n'est pas l'historique réel de Bernard.
2023-06-11,107.39598957717527,100.0,0.03,Composition actuelle de Bernard (simulation),Simulation de la composition connue au 07/09/2026 ; ce n'est pas l'historique réel de Bernard.
2023-06-12,107.65822080995547,100.0,0.03,Composition actuelle de Bernard (simulation),Simulation de la composition connue au 07/09/2026 ; ce n'est pas l'historique réel de Bernard.
2023-06-13,108.37669982802956,100.0,0.03,Composition actuelle de Bernard (simulation),Simulation de la composition connue au 07/09/2026 ; ce n'est pas l'historique réel de Bernard.
2023-06-14,108.67524687058634,100.0,0.03,Composition actuelle de Bernard (simulation),Simulation de la composition connue au 07/09/2026 ; ce n'est pas l'historique réel de Bernard.
2023-06-15,108.43789571259981,100.0,0.03,Composition actuelle de Bernard (simulation),Simulation de la composition connue au 07/09/2026 ; ce n'est pas l'historique réel de Bernard.
2023-06-16,108.24502355901109,100.0,0.03,Composition actuelle de Bernard (simulation),Simulation de la composition connue au 07/09/2026 ; ce n'est pas l'historique réel de Bernard.
2023-06-17,108.25004155019613,100.0,0.03,Composition actuelle de Bernard (simulation),Simulation de la composition connue au 07/09/2026 ; ce n'est pas l'historique réel de Bernard.
2023-06-18,108.2550599477697,100.0,0.03,Composition actuelle de Bernard (simulation),Simulation de la composition connue au 07/09/2026 ; ce n'est pas l'historique réel de Bernard.
2023-06-19,107.91093613467866,100.0,0.03,Composition actuelle de Bernard (simulation),Simulation de la composition connue au 07/09/2026 ; ce n'est pas l'historique réel de Bernard.
2023-06-20,107.54508945222143,100.0,0.03,Composition actuelle de Bernard (simulation),Simulation de la composition connue au 07/09/2026 ; ce n'est pas l'historique réel de Bernard.
2023-06-21,107.35056008733572,100.0,0.03,Composition actuelle de Bernard (simulation),Simulation de la composition connue au 07/09/2026 ; ce n'est pas l'historique réel de Bernard.
2023-06-22,106.9745810475041,100.0,0.03,Composition actuelle de Bernard (simulation),Simulation de la composition connue au 07/09/2026 ; ce n'est pas l'historique réel de Bernard.
2023-06-23,106.51934305538506,100.0,0.03,Composition actuelle de Bernard (simulation),Simulation de la composition connue au 07/09/2026 ; ce n'est pas l'historique réel de Bernard.
2023-06-24,106.52436389198108,100.0,0.03,Composition actuelle de Bernard (simulation),Simulation de la composition connue au 07/09/2026 ; ce n'est pas l'historique réel de Bernard.
2023-06-25,106.52938513519608,100.0,0.03,Composition actuelle de Bernard (simulation),Simulation de la composition connue au 07/09/2026 ; ce n'est pas l'historique réel de Bernard.
2023-06-26,106.83090518246689,100.0,0.03,Composition actuelle de Bernard (simulation),Simulation de la composition connue au 07/09/2026 ; ce n'est pas l'historique réel de Bernard.
2023-06-27,106.88743993775738,100.0,0.03,Composition actuelle de Bernard (simulation),Simulation de la composition connue au 07/09/2026 ; ce n'est pas l'historique réel de Bernard.
2023-06-28,107.01227985270157,100.0,0.03,Composition actuelle de Bernard (simulation),Simulation de la composition connue au 07/09/2026 ; ce n'est pas l'historique réel de Bernard.
2023-06-29,107.27617717017853,100.0,0.03,Composition actuelle de Bernard (simulation),Simulation de la composition connue au 07/09/2026 ; ce n'est pas l'historique réel de Bernard.
2023-06-30,107.78059484279206,100.0,0.03,Composition actuelle de Bernard (simulation),Simulation de la composition connue au 07/09/2026 ; ce n'est pas l'historique réel de Bernard.
2023-07-01,107.78561852641253,100.0,0.03,Composition actuelle de Bernard (simulation),Simulation de la composition connue au 07/09/2026 ; ce n'est pas l'historique réel de Bernard.
2023-07-02,107.79064261688254,100.0,0.03,Composition actuelle de Bernard (simulation),Simulation de la composition connue au 07/09/2026 ; ce n'est pas l'historique réel de Bernard.
2023-07-03,107.98838962315666,100.0,0.03,Composition actuelle de Bernard (simulation),Simulation de la composition connue au 07/09/2026 ; ce n'est pas l'historique réel de Bernard.
2023-07-04,107.99421270319564,100.0,0.03,Composition actuelle de Bernard (simulation),Simulation de la composition connue au 07/09/2026 ; ce n'est pas l'historique réel de Bernard.
2023-07-05,107.66031991372434,100.0,0.03,Composition actuelle de Bernard (simulation),Simulation de la composition connue au 07/09/2026 ; ce n'est pas l'historique réel de Bernard.
2023-07-06,106.56991453959101,100.0,0.03,Composition actuelle de Bernard (simulation),Simulation de la composition connue au 07/09/2026 ; ce n'est pas l'historique réel de Bernard.
2023-07-07,107.00792443373084,100.0,0.03,Composition actuelle de Bernard (simulation),Simulation de la composition connue au 07/09/2026 ; ce n'est pas l'historique réel de Bernard.
2023-07-08,107.01295096599017,100.0,0.03,Composition actuelle de Bernard (simulation),Simulation de la composition connue au 07/09/2026 ; ce n'est pas l'historique réel de Bernard.
2023-07-09,107.01797790532974,100.0,0.03,Composition actuelle de Bernard (simulation),Simulation de la composition connue au 07/09/2026 ; ce n'est pas l'historique réel de Bernard.
2023-07-10,106.84221521555163,100.0,0.03,Composition actuelle de Bernard (simulation),Simulation de la composition connue au 07/09/2026 ; ce n'est pas l'historique réel de Bernard.
2023-07-11,107.03856470840859,100.0,0.03,Composition actuelle de Bernard (simulation),Simulation de la composition connue au 07/09/2026 ; ce n'est pas l'historique réel de Bernard.
2023-07-12,107.91071523337423,100.0,0.03,Composition actuelle de Bernard (simulation),Simulation de la composition connue au 07/09/2026 ; ce n'est pas l'historique réel de Bernard.
2023-07-13,108.07462283152773,100.0,0.03,Composition actuelle de Bernard (simulation),Simulation de la composition connue au 07/09/2026 ; ce n'est pas l'historique réel de Bernard.
2023-07-14,108.06750903029021,100.0,0.03,Composition actuelle de Bernard (simulation),Simulation de la composition connue au 07/09/2026 ; ce n'est pas l'historique réel de Bernard.
2023-07-15,108.07253841280367,100.0,0.03,Composition actuelle de Bernard (simulation),Simulation de la composition connue au 07/09/2026 ; ce n'est pas l'historique réel de Bernard.
2023-07-16,108.0775682026282,100.0,0.03,Composition actuelle de Bernard (simulation),Simulation de la composition connue au 07/09/2026 ; ce n'est pas l'historique réel de Bernard.
2023-07-17,107.9246706919226,100.0,0.03,Composition actuelle de Bernard (simulation),Simulation de la composition connue au 07/09/2026 ; ce n'est pas l'historique réel de Bernard.
2023-07-18,108.17476300560742,100.0,0.03,Composition actuelle de Bernard (simulation),Simulation de la composition connue au 07/09/2026 ; ce n'est pas l'historique réel de Bernard.
2023-07-19,108.24881048464452,100.0,0.03,Composition actuelle de Bernard (simulation),Simulation de la composition connue au 07/09/2026 ; ce n'est pas l'historique réel de Bernard.
2023-07-20,108.13762239931562,100.0,0.03,Composition actuelle de Bernard (simulation),Simulation de la composition connue au 07/09/2026 ; ce n'est pas l'historique réel de Bernard.
2023-07-21,108.0957950638288,100.0,0.03,Composition actuelle de Bernard (simulation),Simulation de la composition connue au 07/09/2026 ; ce n'est pas l'historique réel de Bernard.
2023-07-22,108.10082729821262,100.0,0.03,Composition actuelle de Bernard (simulation),Simulation de la composition connue au 07/09/2026 ; ce n'est pas l'historique réel de Bernard.
2023-07-23,108.10585994013846,100.0,0.03,Composition actuelle de Bernard (simulation),Simulation de la composition connue au 07/09/2026 ; ce n'est pas l'historique réel de Bernard.
2023-07-24,108.27626112331788,100.0,0.03,Composition actuelle de Bernard (simulation),Simulation de la composition connue au 07/09/2026 ; ce n'est pas l'historique réel de Bernard.
2023-07-25,109.03119615047146,100.0,0.03,Composition actuelle de Bernard (simulation),Simulation de la composition connue au 07/09/2026 ; ce n'est pas l'historique réel de Bernard.
2023-07-26,108.62553776916077,100.0,0.03,Composition actuelle de Bernard (simulation),Simulation de la composition connue au 07/09/2026 ; ce n'est pas l'historique réel de Bernard.
2023-07-27,109.15127814034773,100.0,0.03,Composition actuelle de Bernard (simulation),Simulation de la composition connue au 07/09/2026 ; ce n'est pas l'historique réel de Bernard.
2023-07-28,109.42812211513231,100.0,0.03,Composition actuelle de Bernard (simulation),Simulation de la composition connue au 07/09/2026 ; ce n'est pas l'historique réel de Bernard.
2023-07-29,109.43315720300359,100.0,0.03,Composition actuelle de Bernard (simulation),Simulation de la composition connue au 07/09/2026 ; ce n'est pas l'historique réel de Bernard.
2023-07-30,109.43819269864798,100.0,0.03,Composition actuelle de Bernard (simulation),Simulation de la composition connue au 07/09/2026 ; ce n'est pas l'historique réel de Bernard.
2023-07-31,109.54665410039559,100.0,0.03,Composition actuelle de Bernard (simulation),Simulation de la composition connue au 07/09/2026 ; ce n'est pas l'historique réel de Bernard.
2023-08-01,109.19088372662043,100.0,0.03,Composition actuelle de Bernard (simulation),Simulation de la composition connue au 07/09/2026 ; ce n'est pas l'historique réel de Bernard.
2023-08-02,108.3606537497607,100.0,0.03,Composition actuelle de Bernard (simulation),Simulation de la composition connue au 07/09/2026 ; ce n'est pas l'historique réel de Bernard.
2023-08-03,108.29752854725052,100.0,0.03,Composition actuelle de Bernard (simulation),Simulation de la composition connue au 07/09/2026 ; ce n'est pas l'historique réel de Bernard.
2023-08-04,108.45110856310221,100.0,0.03,Composition actuelle de Bernard (simulation),Simulation de la composition connue au 07/09/2026 ; ce n'est pas l'historique réel de Bernard.
2023-08-05,108.456146506079,100.0,0.03,Composition actuelle de Bernard (simulation),Simulation de la composition connue au 07/09/2026 ; ce n'est pas l'historique réel de Bernard.
2023-08-06,108.46118485706016,100.0,0.03,Composition actuelle de Bernard (simulation),Simulation de la composition connue au 07/09/2026 ; ce n'est pas l'historique réel de Bernard.
2023-08-07,108.22061880438432,100.0,0.03,Composition actuelle de Bernard (simulation),Simulation de la composition connue au 07/09/2026 ; ce n'est pas l'historique réel de Bernard.
2023-08-08,107.51785436499492,100.0,0.03,Composition actuelle de Bernard (simulation),Simulation de la composition connue au 07/09/2026 ; ce n'est pas l'historique réel de Bernard.
2023-08-09,107.7784216025616,100.0,0.03,Composition actuelle de Bernard (simulation),Simulation de la composition connue au 07/09/2026 ; ce n'est pas l'historique réel de Bernard.
2023-08-10,107.96043405895313,100.0,0.03,Composition actuelle de Bernard (simulation),Simulation de la composition connue au 07/09/2026 ; ce n'est pas l'historique réel de Bernard.
2023-08-11,107.33204884340051,100.0,0.03,Composition actuelle de Bernard (simulation),Simulation de la composition connue au 07/09/2026 ; ce n'est pas l'historique réel de Bernard.
2023-08-12,107.3370896431018,100.0,0.03,Composition actuelle de Bernard (simulation),Simulation de la composition connue au 07/09/2026 ; ce n'est pas l'historique réel de Bernard.
2023-08-13,107.3421308510388,100.0,0.03,Composition actuelle de Bernard (simulation),Simulation de la composition connue au 07/09/2026 ; ce n'est pas l'historique réel de Bernard.
2023-08-14,107.53237132047326,100.0,0.03,Composition actuelle de Bernard (simulation),Simulation de la composition connue au 07/09/2026 ; ce n'est pas l'historique réel de Bernard.
2023-08-15,107.31643929615456,100.0,0.03,Composition actuelle de Bernard (simulation),Simulation de la composition connue au 07/09/2026 ; ce n'est pas l'historique réel de Bernard.
2023-08-16,107.21190509255072,100.0,0.03,Composition actuelle de Bernard (simulation),Simulation de la composition connue au 07/09/2026 ; ce n'est pas l'historique réel de Bernard.
2023-08-17,106.88712924783223,100.0,0.03,Composition actuelle de Bernard (simulation),Simulation de la composition connue au 07/09/2026 ; ce n'est pas l'historique réel de Bernard.
2023-08-18,106.57307012665784,100.0,0.03,Composition actuelle de Bernard (simulation),Simulation de la composition connue au 07/09/2026 ; ce n'est pas l'historique réel de Bernard.
2023-08-19,106.57811378470348,100.0,0.03,Composition actuelle de Bernard (simulation),Simulation de la composition connue au 07/09/2026 ; ce n'est pas l'historique réel de Bernard.
2023-08-20,106.58315785121633,100.0,0.03,Composition actuelle de Bernard (simulation),Simulation de la composition connue au 07/09/2026 ; ce n'est pas l'historique réel de Bernard.
2023-08-21,106.81001251950339,100.0,0.03,Composition actuelle de Bernard (simulation),Simulation de la composition connue au 07/09/2026 ; ce n'est pas l'historique réel de Bernard.
2023-08-22,107.31301236356543,100.0,0.03,Composition actuelle de Bernard (simulation),Simulation de la composition connue au 07/09/2026 ; ce n'est pas l'historique réel de Bernard.
2023-08-23,107.64482002885039,100.0,0.03,Composition actuelle de Bernard (simulation),Simulation de la composition connue au 07/09/2026 ; ce n'est pas l'historique réel de Bernard.
2023-08-24,107.31694714225566,100.0,0.03,Composition actuelle de Bernard (simulation),Simulation de la composition connue au 07/09/2026 ; ce n'est pas l'historique réel de Bernard.
2023-08-25,107.19139008144872,100.0,0.03,Composition actuelle de Bernard (simulation),Simulation de la composition connue au 07/09/2026 ; ce n'est pas l'historique réel de Bernard.
2023-08-26,107.19643659945952,100.0,0.03,Composition actuelle de Bernard (simulation),Simulation de la composition connue au 07/09/2026 ; ce n'est pas l'historique réel de Bernard.
2023-08-27,107.20148352616916,100.0,0.03,Composition actuelle de Bernard (simulation),Simulation de la composition connue au 07/09/2026 ; ce n'est pas l'historique réel de Bernard.
2023-08-28,107.67301911621874,100.0,0.03,Composition actuelle de Bernard (simulation),Simulation de la composition connue au 07/09/2026 ; ce n'est pas l'historique réel de Bernard.
2023-08-29,108.31957365927533,100.0,0.03,Composition actuelle de Bernard (simulation),Simulation de la composition connue au 07/09/2026 ; ce n'est pas l'historique réel de Bernard.
2023-08-30,108.38487068379455,100.0,0.03,Composition actuelle de Bernard (simulation),Simulation de la composition connue au 07/09/2026 ; ce n'est pas l'historique réel de Bernard.
2023-08-31,108.27140026048501,100.0,0.03,Composition actuelle de Bernard (simulation),Simulation de la composition connue au 07/09/2026 ; ce n'est pas l'historique réel de Bernard.
2023-09-01,108.63034521256154,100.0,0.03,Composition actuelle de Bernard (simulation),Simulation de la composition connue au 07/09/2026 ; ce n'est pas l'historique réel de Bernard.
2023-09-02,108.63539459215926,100.0,0.03,Composition actuelle de Bernard (simulation),Simulation de la composition connue au 07/09/2026 ; ce n'est pas l'historique réel de Bernard.
2023-09-03,108.64044438068754,100.0,0.03,Composition actuelle de Bernard (simulation),Simulation de la composition connue au 07/09/2026 ; ce n'est pas l'historique réel de Bernard.
2023-09-04,108.83970706421493,100.0,0.03,Composition actuelle de Bernard (simulation),Simulation de la composition connue au 07/09/2026 ; ce n'est pas l'historique réel de Bernard.
2023-09-05,108.73169233277355,100.0,0.03,Composition actuelle de Bernard (simulation),Simulation de la composition connue au 07/09/2026 ; ce n'est pas l'historique réel de Bernard.
2023-09-06,108.42955445312205,100.0,0.03,Composition actuelle de Bernard (simulation),Simulation de la composition connue au 07/09/2026 ; ce n'est pas l'historique réel de Bernard.
2023-09-07,107.77775210748999,100.0,0.03,Composition actuelle de Bernard (simulation),Simulation de la composition connue au 07/09/2026 ; ce n'est pas l'historique réel de Bernard.
2023-09-08,107.89391112872428,100.0,0.03,Composition actuelle de Bernard (simulation),Simulation de la composition connue au 07/09/2026 ; ce n'est pas l'historique réel de Bernard.
2023-09-09,107.89896337153151,100.0,0.03,Composition actuelle de Bernard (simulation),Simulation de la composition connue au 07/09/2026 ; ce n'est pas l'historique réel de Bernard.
2023-09-10,107.90401602350121,100.0,0.03,Composition actuelle de Bernard (simulation),Simulation de la composition connue au 07/09/2026 ; ce n'est pas l'historique réel de Bernard.
2023-09-11,108.01157239410747,100.0,0.03,Composition actuelle de Bernard (simulation),Simulation de la composition connue au 07/09/2026 ; ce n'est pas l'historique réel de Bernard.
2023-09-12,107.90013924283606,100.0,0.03,Composition actuelle de Bernard (simulation),Simulation de la composition connue au 07/09/2026 ; ce n'est pas l'historique réel de Bernard.
2023-09-13,107.83270197246264,100.0,0.03,Composition actuelle de Bernard (simulation),Simulation de la composition connue au 07/09/2026 ; ce n'est pas l'historique réel de Bernard.
2023-09-14,108.47454729997735,100.0,0.03,Composition actuelle de Bernard (simulation),Simulation de la composition connue au 07/09/2026 ; ce n'est pas l'historique réel de Bernard.
2023-09-15,108.48874774967601,100.0,0.03,Composition actuelle de Bernard (simulation),Simulation de la composition connue au 07/09/2026 ; ce n'est pas l'historique réel de Bernard.
2023-09-16,108.49380285731634,100.0,0.03,Composition actuelle de Bernard (simulation),Simulation de la composition connue au 07/09/2026 ; ce n'est pas l'historique réel de Bernard.
2023-09-17,108.49885837435113,100.0,0.03,Composition actuelle de Bernard (simulation),Simulation de la composition connue au 07/09/2026 ; ce n'est pas l'historique réel de Bernard.
2023-09-18,108.0064663428675,100.0,0.03,Composition actuelle de Bernard (simulation),Simulation de la composition connue au 07/09/2026 ; ce n'est pas l'historique réel de Bernard.
2023-09-19,107.8698233144769,100.0,0.03,Composition actuelle de Bernard (simulation),Simulation de la composition connue au 07/09/2026 ; ce n'est pas l'historique réel de Bernard.
2023-09-20,108.24121511825955,100.0,0.03,Composition actuelle de Bernard (simulation),Simulation de la composition connue au 07/09/2026 ; ce n'est pas l'historique réel de Bernard.
2023-09-21,107.48093729089724,100.0,0.03,Composition actuelle de Bernard (simulation),Simulation de la composition connue au 07/09/2026 ; ce n'est pas l'historique réel de Bernard.
2023-09-22,107.45850299704927,100.0,0.03,Composition actuelle de Bernard (simulation),Simulation de la composition connue au 07/09/2026 ; ce n'est pas l'historique réel de Bernard.
2023-09-23,107.46356097114716,100.0,0.03,Composition actuelle de Bernard (simulation),Simulation de la composition connue au 07/09/2026 ; ce n'est pas l'historique réel de Bernard.
2023-09-24,107.46861935487166,100.0,0.03,Composition actuelle de Bernard (simulation),Simulation de la composition connue au 07/09/2026 ; ce n'est pas l'historique réel de Bernard.
2023-09-25,107.28690943547284,100.0,0.03,Composition actuelle de Bernard (simulation),Simulation de la composition connue au 07/09/2026 ; ce n'est pas l'historique réel de Bernard.
2023-09-26,107.07700759220246,100.0,0.03,Composition actuelle de Bernard (simulation),Simulation de la composition connue au 07/09/2026 ; ce n'est pas l'historique réel de Bernard.
2023-09-27,107.28364357007518,100.0,0.03,Composition actuelle de Bernard (simulation),Simulation de la composition connue au 07/09/2026 ; ce n'est pas l'historique réel de Bernard.
2023-09-28,107.93082655376298,100.0,0.03,Composition actuelle de Bernard (simulation),Simulation de la composition connue au 07/09/2026 ; ce n'est pas l'historique réel de Bernard.
2023-09-29,108.02117389821981,100.0,0.03,Composition actuelle de Bernard (simulation),Simulation de la composition connue au 07/09/2026 ; ce n'est pas l'historique réel de Bernard.
2023-09-30,108.0262347404007,100.0,0.03,Composition actuelle de Bernard (simulation),Simulation de la composition connue au 07/09/2026 ; ce n'est pas l'historique réel de Bernard.
2023-10-01,108.03129599244046,100.0,0.03,Composition actuelle de Bernard (simulation),Simulation de la composition connue au 07/09/2026 ; ce n'est pas l'historique réel de Bernard.
2023-10-02,107.77797377478487,100.0,0.03,Composition actuelle de Bernard (simulation),Simulation de la composition connue au 07/09/2026 ; ce n'est pas l'historique réel de Bernard.
2023-10-03,107.1731546941709,100.0,0.03,Composition actuelle de Bernard (simulation),Simulation de la composition connue au 07/09/2026 ; ce n'est pas l'historique réel de Bernard.
2023-10-04,107.1193523378569,100.0,0.03,Composition actuelle de Bernard (simulation),Simulation de la composition connue au 07/09/2026 ; ce n'est pas l'historique réel de Bernard.
2023-10-05,107.01680040210182,100.0,0.03,Composition actuelle de Bernard (simulation),Simulation de la composition connue au 07/09/2026 ; ce n'est pas l'historique réel de Bernard.
2023-10-06,107.51574095598122,100.0,0.03,Composition actuelle de Bernard (simulation),Simulation de la composition connue au 07/09/2026 ; ce n'est pas l'historique réel de Bernard.
2023-10-07,107.52080466787139,100.0,0.03,Composition actuelle de Bernard (simulation),Simulation de la composition connue au 07/09/2026 ; ce n'est pas l'historique réel de Bernard.
2023-10-08,107.52586878985284,100.0,0.03,Composition actuelle de Bernard (simulation),Simulation de la composition connue au 07/09/2026 ; ce n'est pas l'historique réel de Bernard.
2023-10-09,107.36793474096733,100.0,0.03,Composition actuelle de Bernard (simulation),Simulation de la composition connue au 07/09/2026 ; ce n'est pas l'historique réel de Bernard.
2023-10-10,108.25700923758232,100.0,0.03,Composition actuelle de Bernard (simulation),Simulation de la composition connue au 07/09/2026 ; ce n'est pas l'historique réel de Bernard.
2023-10-11,108.19473294254868,100.0,0.03,Composition actuelle de Bernard (simulation),Simulation de la composition connue au 07/09/2026 ; ce n'est pas l'historique réel de Bernard.
2023-10-12,108.10150626876111,100.0,0.03,Composition actuelle de Bernard (simulation),Simulation de la composition connue au 07/09/2026 ; ce n'est pas l'historique réel de Bernard.
2023-10-13,107.64471619423463,100.0,0.03,Composition actuelle de Bernard (simulation),Simulation de la composition connue au 07/09/2026 ; ce n'est pas l'historique réel de Bernard.
2023-10-14,107.64978277746134,100.0,0.03,Composition actuelle de Bernard (simulation),Simulation de la composition connue au 07/09/2026 ; ce n'est pas l'historique réel de Bernard.
2023-10-15,107.65484977101187,100.0,0.03,Composition actuelle de Bernard (simulation),Simulation de la composition connue au 07/09/2026 ; ce n'est pas l'historique réel de Bernard.
2023-10-16,108.09706206840657,100.0,0.03,Composition actuelle de Bernard (simulation),Simulation de la composition connue au 07/09/2026 ; ce n'est pas l'historique réel de Bernard.
2023-10-17,107.90939414369657,100.0,0.03,Composition actuelle de Bernard (simulation),Simulation de la composition connue au 07/09/2026 ; ce n'est pas l'historique réel de Bernard.
2023-10-18,107.16020697145991,100.0,0.03,Composition actuelle de Bernard (simulation),Simulation de la composition connue au 07/09/2026 ; ce n'est pas l'historique réel de Bernard.
2023-10-19,106.99696552903558,100.0,0.03,Composition actuelle de Bernard (simulation),Simulation de la composition connue au 07/09/2026 ; ce n'est pas l'historique réel de Bernard.
2023-10-20,105.95662197145002,100.0,0.03,Composition actuelle de Bernard (simulation),Simulation de la composition connue au 07/09/2026 ; ce n'est pas l'historique réel de Bernard.
2023-10-21,105.96169142764144,100.0,0.03,Composition actuelle de Bernard (simulation),Simulation de la composition connue au 07/09/2026 ; ce n'est pas l'historique réel de Bernard.
2023-10-22,105.96676129438936,100.0,0.03,Composition actuelle de Bernard (simulation),Simulation de la composition connue au 07/09/2026 ; ce n'est pas l'historique réel de Bernard.
2023-10-23,105.90848548003832,100.0,0.03,Composition actuelle de Bernard (simulation),Simulation de la composition connue au 07/09/2026 ; ce n'est pas l'historique réel de Bernard.
2023-10-24,105.84751090946692,100.0,0.03,Composition actuelle de Bernard (simulation),Simulation de la composition connue au 07/09/2026 ; ce n'est pas l'historique réel de Bernard.
2023-10-25,105.9616089689403,100.0,0.03,Composition actuelle de Bernard (simulation),Simulation de la composition connue au 07/09/2026 ; ce n'est pas l'historique réel de Bernard.
2023-10-26,105.67826101222721,100.0,0.03,Composition actuelle de Bernard (simulation),Simulation de la composition connue au 07/09/2026 ; ce n'est pas l'historique réel de Bernard.
2023-10-27,105.77225988451913,100.0,0.03,Composition actuelle de Bernard (simulation),Simulation de la composition connue au 07/09/2026 ; ce n'est pas l'historique réel de Bernard.
2023-10-28,105.77733221530433,100.0,0.03,Composition actuelle de Bernard (simulation),Simulation de la composition connue au 07/09/2026 ; ce n'est pas l'historique réel de Bernard.
2023-10-29,105.78240495687885,100.0,0.03,Composition actuelle de Bernard (simulation),Simulation de la composition connue au 07/09/2026 ; ce n'est pas l'historique réel de Bernard.
2023-10-30,105.47939566183307,100.0,0.03,Composition actuelle de Bernard (simulation),Simulation de la composition connue au 07/09/2026 ; ce n'est pas l'historique réel de Bernard.
2023-10-31,105.65597850610851,100.0,0.03,Composition actuelle de Bernard (simulation),Simulation de la composition connue au 07/09/2026 ; ce n'est pas l'historique réel de Bernard.
2023-11-01,106.00040634992894,100.0,0.03,Composition actuelle de Bernard (simulation),Simulation de la composition connue au 07/09/2026 ; ce n'est pas l'historique réel de Bernard.
2023-11-02,106.97389945693429,100.0,0.03,Composition actuelle de Bernard (simulation),Simulation de la composition connue au 07/09/2026 ; ce n'est pas l'historique réel de Bernard.
2023-11-03,107.5577080602661,100.0,0.03,Composition actuelle de Bernard (simulation),Simulation de la composition connue au 07/09/2026 ; ce n'est pas l'historique réel de Bernard.
2023-11-04,107.56278326727514,100.0,0.03,Composition actuelle de Bernard (simulation),Simulation de la composition connue au 07/09/2026 ; ce n'est pas l'historique réel de Bernard.
2023-11-05,107.56785888530638,100.0,0.03,Composition actuelle de Bernard (simulation),Simulation de la composition connue au 07/09/2026 ; ce n'est pas l'historique réel de Bernard.
2023-11-06,107.38770776791891,100.0,0.03,Composition actuelle de Bernard (simulation),Simulation de la composition connue au 07/09/2026 ; ce n'est pas l'historique réel de Bernard.
2023-11-07,107.33470842905047,100.0,0.03,Composition actuelle de Bernard (simulation),Simulation de la composition connue au 07/09/2026 ; ce n'est pas l'historique réel de Bernard.
2023-11-08,107.26416394790357,100.0,0.03,Composition actuelle de Bernard (simulation),Simulation de la composition connue au 07/09/2026 ; ce n'est pas l'historique réel de Bernard.
2023-11-09,107.40763462486196,100.0,0.03,Composition actuelle de Bernard (simulation),Simulation de la composition connue au 07/09/2026 ; ce n'est pas l'historique réel de Bernard.
2023-11-10,107.19897467498345,100.0,0.03,Composition actuelle de Bernard (simulation),Simulation de la composition connue au 07/09/2026 ; ce n'est pas l'historique réel de Bernard.
2023-11-11,107.20405275984723,100.0,0.03,Composition actuelle de Bernard (simulation),Simulation de la composition connue au 07/09/2026 ; ce n'est pas l'historique réel de Bernard.
2023-11-12,107.20913125596631,100.0,0.03,Composition actuelle de Bernard (simulation),Simulation de la composition connue au 07/09/2026 ; ce n'est pas l'historique réel de Bernard.
2023-11-13,107.61945378587285,100.0,0.03,Composition actuelle de Bernard (simulation),Simulation de la composition connue au 07/09/2026 ; ce n'est pas l'historique réel de Bernard.
2023-11-14,108.588333225029,100.0,0.03,Composition actuelle de Bernard (simulation),Simulation de la composition connue au 07/09/2026 ; ce n'est pas l'historique réel de Bernard.
2023-11-15,108.74121361271128,100.0,0.03,Composition actuelle de Bernard (simulation),Simulation de la composition connue au 07/09/2026 ; ce n'est pas l'historique réel de Bernard.
2023-11-16,108.438737454562,100.0,0.03,Composition actuelle de Bernard (simulation),Simulation de la composition connue au 07/09/2026 ; ce n'est pas l'historique réel de Bernard.
2023-11-17,108.84606049915662,100.0,0.03,Composition actuelle de Bernard (simulation),Simulation de la composition connue au 07/09/2026 ; ce n'est pas l'historique réel de Bernard.
2023-11-18,108.85114146350703,100.0,0.03,Composition actuelle de Bernard (simulation),Simulation de la composition connue au 07/09/2026 ; ce n'est pas l'historique réel de Bernard.
2023-11-19,108.8562228393459,100.0,0.03,Composition actuelle de Bernard (simulation),Simulation de la composition connue au 07/09/2026 ; ce n'est pas l'historique réel de Bernard.
2023-11-20,109.06756114587894,100.0,0.03,Composition actuelle de Bernard (simulation),Simulation de la composition connue au 07/09/2026 ; ce n'est pas l'historique réel de Bernard.
2023-11-21,108.825066472829,100.0,0.03,Composition actuelle de Bernard (simulation),Simulation de la composition connue au 07/09/2026 ; ce n'est pas l'historique réel de Bernard.
2023-11-22,109.01582702996731,100.0,0.03,Composition actuelle de Bernard (simulation),Simulation de la composition connue au 07/09/2026 ; ce n'est pas l'historique réel de Bernard.
2023-11-23,109.15615531550603,100.0,0.03,Composition actuelle de Bernard (simulation),Simulation de la composition connue au 07/09/2026 ; ce n'est pas l'historique réel de Bernard.
2023-11-24,109.1110553278595,100.0,0.03,Composition actuelle de Bernard (simulation),Simulation de la composition connue au 07/09/2026 ; ce n'est pas l'historique réel de Bernard.
2023-11-25,109.1161391733293,100.0,0.03,Composition actuelle de Bernard (simulation),Simulation de la composition connue au 07/09/2026 ; ce n'est pas l'historique réel de Bernard.
2023-11-26,109.12122343052093,100.0,0.03,Composition actuelle de Bernard (simulation),Simulation de la composition connue au 07/09/2026 ; ce n'est pas l'historique réel de Bernard.
2023-11-27,108.98961625590846,100.0,0.03,Composition actuelle de Bernard (simulation),Simulation de la composition connue au 07/09/2026 ; ce n'est pas l'historique réel de Bernard.
2023-11-28,109.03341132378792,100.0,0.03,Composition actuelle de Bernard (simulation),Simulation de la composition connue au 07/09/2026 ; ce n'est pas l'historique réel de Bernard.
2023-11-29,109.17223118658106,100.0,0.03,Composition actuelle de Bernard (simulation),Simulation de la composition connue au 07/09/2026 ; ce n'est pas l'historique réel de Bernard.
2023-11-30,109.1865858380716,100.0,0.03,Composition actuelle de Bernard (simulation),Simulation de la composition connue au 07/09/2026 ; ce n'est pas l'historique réel de Bernard.
2023-12-01,109.91516476643386,100.0,0.03,Composition actuelle de Bernard (simulation),Simulation de la composition connue au 07/09/2026 ; ce n'est pas l'historique réel de Bernard.
2023-12-02,109.92025149465678,100.0,0.03,Composition actuelle de Bernard (simulation),Simulation de la composition connue au 07/09/2026 ; ce n'est pas l'historique réel de Bernard.
2023-12-03,109.925338634835,100.0,0.03,Composition actuelle de Bernard (simulation),Simulation de la composition connue au 07/09/2026 ; ce n'est pas l'historique réel de Bernard.
2023-12-04,109.75227211525447,100.0,0.03,Composition actuelle de Bernard (simulation),Simulation de la composition connue au 07/09/2026 ; ce n'est pas l'historique réel de Bernard.
2023-12-05,109.85061349477836,100.0,0.03,Composition actuelle de Bernard (simulation),Simulation de la composition connue au 07/09/2026 ; ce n'est pas l'historique réel de Bernard.
2023-12-06,110.16471894827644,100.0,0.03,Composition actuelle de Bernard (simulation),Simulation de la composition connue au 07/09/2026 ; ce n'est pas l'historique réel de Bernard.
2023-12-07,110.09770031398645,100.0,0.03,Composition actuelle de Bernard (simulation),Simulation de la composition connue au 07/09/2026 ; ce n'est pas l'historique réel de Bernard.
2023-12-08,110.242720238514,100.0,0.03,Composition actuelle de Bernard (simulation),Simulation de la composition connue au 07/09/2026 ; ce n'est pas l'historique réel de Bernard.
2023-12-09,110.2478098511247,100.0,0.03,Composition actuelle de Bernard (simulation),Simulation de la composition connue au 07/09/2026 ; ce n'est pas l'historique réel de Bernard.
2023-12-10,110.25289987592429,100.0,0.03,Composition actuelle de Bernard (simulation),Simulation de la composition connue au 07/09/2026 ; ce n'est pas l'historique réel de Bernard.
2023-12-11,110.65084452928625,100.0,0.03,Composition actuelle de Bernard (simulation),Simulation de la composition connue au 07/09/2026 ; ce n'est pas l'historique réel de Bernard.
2023-12-12,110.74417584987819,100.0,0.03,Composition actuelle de Bernard (simulation),Simulation de la composition connue au 07/09/2026 ; ce n'est pas l'historique réel de Bernard.
2023-12-13,110.76056841415156,100.0,0.03,Composition actuelle de Bernard (simulation),Simulation de la composition connue au 07/09/2026 ; ce n'est pas l'historique réel de Bernard.
2023-12-14,111.58837229894094,100.0,0.03,Composition actuelle de Bernard (simulation),Simulation de la composition connue au 07/09/2026 ; ce n'est pas l'historique réel de Bernard.
2023-12-15,111.67810310936159,100.0,0.03,Composition actuelle de Bernard (simulation),Simulation de la composition connue au 07/09/2026 ; ce n'est pas l'historique réel de Bernard.
2023-12-16,111.6831956079956,100.0,0.03,Composition actuelle de Bernard (simulation),Simulation de la composition connue au 07/09/2026 ; ce n'est pas l'historique réel de Bernard.
2023-12-17,111.68828851905226,100.0,0.03,Composition actuelle de Bernard (simulation),Simulation de la composition connue au 07/09/2026 ; ce n'est pas l'historique réel de Bernard.
2023-12-18,112.00449850844205,100.0,0.03,Composition actuelle de Bernard (simulation),Simulation de la composition connue au 07/09/2026 ; ce n'est pas l'historique réel de Bernard.
2023-12-19,112.15358788213084,100.0,0.03,Composition actuelle de Bernard (simulation),Simulation de la composition connue au 07/09/2026 ; ce n'est pas l'historique réel de Bernard.
2023-12-20,112.01905159314735,100.0,0.03,Composition actuelle de Bernard (simulation),Simulation de la composition connue au 07/09/2026 ; ce n'est pas l'historique réel de Bernard.
2023-12-21,111.96611796011915,100.0,0.03,Composition actuelle de Bernard (simulation),Simulation de la composition connue au 07/09/2026 ; ce n'est pas l'historique réel de Bernard.
2023-12-22,112.07828025315325,100.0,0.03,Composition actuelle de Bernard (simulation),Simulation de la composition connue au 07/09/2026 ; ce n'est pas l'historique réel de Bernard.
2023-12-23,112.08337563944713,100.0,0.03,Composition actuelle de Bernard (simulation),Simulation de la composition connue au 07/09/2026 ; ce n'est pas l'historique réel de Bernard.
2023-12-24,112.08847143839745,100.0,0.03,Composition actuelle de Bernard (simulation),Simulation de la composition connue au 07/09/2026 ; ce n'est pas l'historique réel de Bernard.
2023-12-25,112.09356765003766,100.0,0.03,Composition actuelle de Bernard (simulation),Simulation de la composition connue au 07/09/2026 ; ce n'est pas l'historique réel de Bernard.
2023-12-26,112.0986642744012,100.0,0.03,Composition actuelle de Bernard (simulation),Simulation de la composition connue au 07/09/2026 ; ce n'est pas l'historique réel de Bernard.
2023-12-27,112.34450854520846,100.0,0.03,Composition actuelle de Bernard (simulation),Simulation de la composition connue au 07/09/2026 ; ce n'est pas l'historique réel de Bernard.
2023-12-28,112.27617037904972,100.0,0.03,Composition actuelle de Bernard (simulation),Simulation de la composition connue au 07/09/2026 ; ce n'est pas l'historique réel de Bernard.
2023-12-29,112.17066810069846,100.0,0.03,Composition actuelle de Bernard (simulation),Simulation de la composition connue au 07/09/2026 ; ce n'est pas l'historique réel de Bernard.
2023-12-30,112.17576637628956,100.0,0.03,Composition actuelle de Bernard (simulation),Simulation de la composition connue au 07/09/2026 ; ce n'est pas l'historique réel de Bernard.
2023-12-31,112.18086506477114,100.0,0.03,Composition actuelle de Bernard (simulation),Simulation de la composition connue au 07/09/2026 ; ce n'est pas l'historique réel de Bernard.
2024-01-01,112.18596416617663,100.0,0.03,Composition actuelle de Bernard (simulation),Simulation de la composition connue au 07/09/2026 ; ce n'est pas l'historique réel de Bernard.
2024-01-02,112.09552612770592,100.0,0.03,Composition actuelle de Bernard (simulation),Simulation de la composition connue au 07/09/2026 ; ce n'est pas l'historique réel de Bernard.
2024-01-03,111.58501977954458,100.0,0.03,Composition actuelle de Bernard (simulation),Simulation de la composition connue au 07/09/2026 ; ce n'est pas l'historique réel de Bernard.
2024-01-04,111.79406773579927,100.0,0.03,Composition actuelle de Bernard (simulation),Simulation de la composition connue au 07/09/2026 ; ce n'est pas l'historique réel de Bernard.
2024-01-05,111.78653627233797,100.0,0.03,Composition actuelle de Bernard (simulation),Simulation de la composition connue au 07/09/2026 ; ce n'est pas l'historique réel de Bernard.
2024-01-06,111.79163743886468,100.0,0.03,Composition actuelle de Bernard (simulation),Simulation de la composition connue au 07/09/2026 ; ce n'est pas l'historique réel de Bernard.
2024-01-07,111.79673901851599,100.0,0.03,Composition actuelle de Bernard (simulation),Simulation de la composition connue au 07/09/2026 ; ce n'est pas l'historique réel de Bernard.
2024-01-08,112.05167517836136,100.0,0.03,Composition actuelle de Bernard (simulation),Simulation de la composition connue au 07/09/2026 ; ce n'est pas l'historique réel de Bernard.
2024-01-09,111.84365845518478,100.0,0.03,Composition actuelle de Bernard (simulation),Simulation de la composition connue au 07/09/2026 ; ce n'est pas l'historique réel de Bernard.
2024-01-10,111.80758786773805,100.0,0.03,Composition actuelle de Bernard (simulation),Simulation de la composition connue au 07/09/2026 ; ce n'est pas l'historique réel de Bernard.
2024-01-11,111.31341032709024,100.0,0.03,Composition actuelle de Bernard (simulation),Simulation de la composition connue au 07/09/2026 ; ce n'est pas l'historique réel de Bernard.
2024-01-12,111.65157115237338,100.0,0.03,Composition actuelle de Bernard (simulation),Simulation de la composition connue au 07/09/2026 ; ce n'est pas l'historique réel de Bernard.
2024-01-13,111.65667521147498,100.0,0.03,Composition actuelle de Bernard (simulation),Simulation de la composition connue au 07/09/2026 ; ce n'est pas l'historique réel de Bernard.
2024-01-14,111.66177968393542,100.0,0.03,Composition actuelle de Bernard (simulation),Simulation de la composition connue au 07/09/2026 ; ce n'est pas l'historique réel de Bernard.
2024-01-15,111.70237857225422,100.0,0.03,Composition actuelle de Bernard (simulation),Simulation de la composition connue au 07/09/2026 ; ce n'est pas l'historique réel de Bernard.
2024-01-16,111.63287948506992,100.0,0.03,Composition actuelle de Bernard (simulation),Simulation de la composition connue au 07/09/2026 ; ce n'est pas l'historique réel de Bernard.
2024-01-17,111.20663671051032,100.0,0.03,Composition actuelle de Bernard (simulation),Simulation de la composition connue au 07/09/2026 ; ce n'est pas l'historique réel de Bernard.
2024-01-18,111.91272636220948,100.0,0.03,Composition actuelle de Bernard (simulation),Simulation de la composition connue au 07/09/2026 ; ce n'est pas l'historique réel de Bernard.
2024-01-19,112.1560752837238,100.0,0.03,Composition actuelle de Bernard (simulation),Simulation de la composition connue au 07/09/2026 ; ce n'est pas l'historique réel de Bernard.
2024-01-20,112.1611822370405,100.0,0.03,Composition actuelle de Bernard (simulation),Simulation de la composition connue au 07/09/2026 ; ce n'est pas l'historique réel de Bernard.
2024-01-21,112.16628960395043,100.0,0.03,Composition actuelle de Bernard (simulation),Simulation de la composition connue au 07/09/2026 ; ce n'est pas l'historique réel de Bernard.
2024-01-22,112.63265219907753,100.0,0.03,Composition actuelle de Bernard (simulation),Simulation de la composition connue au 07/09/2026 ; ce n'est pas l'historique réel de Bernard.
2024-01-23,112.70725607665746,100.0,0.03,Composition actuelle de Bernard (simulation),Simulation de la composition connue au 07/09/2026 ; ce n'est pas l'historique réel de Bernard.
2024-01-24,113.65790190502364,100.0,0.03,Composition actuelle de Bernard (simulation),Simulation de la composition connue au 07/09/2026 ; ce n'est pas l'historique réel de Bernard.
2024-01-25,113.55838772092255,100.0,0.03,Composition actuelle de Bernard (simulation),Simulation de la composition connue au 07/09/2026 ; ce n'est pas l'historique réel de Bernard.
2024-01-26,113.46520109885248,100.0,0.03,Composition actuelle de Bernard (simulation),Simulation de la composition connue au 07/09/2026 ; ce n'est pas l'historique réel de Bernard.
2024-01-27,113.47031094802537,100.0,0.03,Composition actuelle de Bernard (simulation),Simulation de la composition connue au 07/09/2026 ; ce n'est pas l'historique réel de Bernard.
2024-01-28,113.47542121102609,100.0,0.03,Composition actuelle de Bernard (simulation),Simulation de la composition connue au 07/09/2026 ; ce n'est pas l'historique réel de Bernard.
2024-01-29,113.34422658362003,100.0,0.03,Composition actuelle de Bernard (simulation),Simulation de la composition connue au 07/09/2026 ; ce n'est pas l'historique réel de Bernard.
2024-01-30,113.55137748106192,100.0,0.03,Composition actuelle de Bernard (simulation),Simulation de la composition connue au 07/09/2026 ; ce n'est pas l'historique réel de Bernard.
2024-01-31,113.32161114131878,100.0,0.03,Composition actuelle de Bernard (simulation),Simulation de la composition connue au 07/09/2026 ; ce n'est pas l'historique réel de Bernard.
2024-02-01,113.09477616161885,100.0,0.03,Composition actuelle de Bernard (simulation),Simulation de la composition connue au 07/09/2026 ; ce n'est pas l'historique réel de Bernard.
2024-02-02,113.36402555348113,100.0,0.03,Composition actuelle de Bernard (simulation),Simulation de la composition connue au 07/09/2026 ; ce n'est pas l'historique réel de Bernard.
2024-02-03,113.36913830015236,100.0,0.03,Composition actuelle de Bernard (simulation),Simulation de la composition connue au 07/09/2026 ; ce n'est pas l'historique réel de Bernard.
2024-02-04,113.37425146088604,100.0,0.03,Composition actuelle de Bernard (simulation),Simulation de la composition connue au 07/09/2026 ; ce n'est pas l'historique réel de Bernard.
2024-02-05,113.36547120354756,100.0,0.03,Composition actuelle de Bernard (simulation),Simulation de la composition connue au 07/09/2026 ; ce n'est pas l'historique réel de Bernard.
2024-02-06,113.74348757731919,100.0,0.03,Composition actuelle de Bernard (simulation),Simulation de la composition connue au 07/09/2026 ; ce n'est pas l'historique réel de Bernard.
2024-02-07,113.7145648317209,100.0,0.03,Composition actuelle de Bernard (simulation),Simulation de la composition connue au 07/09/2026 ; ce n'est pas l'historique réel de Bernard.
2024-02-08,114.2093707943073,100.0,0.03,Composition actuelle de Bernard (simulation),Simulation de la composition connue au 07/09/2026 ; ce n'est pas l'historique réel de Bernard.
2024-02-09,114.43016573228604,100.0,0.03,Composition actuelle de Bernard (simulation),Simulation de la composition connue au 07/09/2026 ; ce n'est pas l'historique réel de Bernard.
2024-02-10,114.43528137809858,100.0,0.03,Composition actuelle de Bernard (simulation),Simulation de la composition connue au 07/09/2026 ; ce n'est pas l'historique réel de Bernard.
2024-02-11,114.44039743820835,100.0,0.03,Composition actuelle de Bernard (simulation),Simulation de la composition connue au 07/09/2026 ; ce n'est pas l'historique réel de Bernard.
2024-02-12,114.92002261163164,100.0,0.03,Composition actuelle de Bernard (simulation),Simulation de la composition connue au 07/09/2026 ; ce n'est pas l'historique réel de Bernard.
2024-02-13,114.00611795464917,100.0,0.03,Composition actuelle de Bernard (simulation),Simulation de la composition connue au 07/09/2026 ; ce n'est pas l'historique réel de Bernard.
2024-02-14,114.30551727223023,100.0,0.03,Composition actuelle de Bernard (simulation),Simulation de la composition connue au 07/09/2026 ; ce n'est pas l'historique réel de Bernard.
2024-02-15,114.55128940075912,100.0,0.03,Composition actuelle de Bernard (simulation),Simulation de la composition connue au 07/09/2026 ; ce n'est pas l'historique réel de Bernard.
2024-02-16,114.84309351176904,100.0,0.03,Composition actuelle de Bernard (simulation),Simulation de la composition connue au 07/09/2026 ; ce n'est pas l'historique réel de Bernard.
2024-02-17,114.84821205836685,100.0,0.03,Composition actuelle de Bernard (simulation),Simulation de la composition connue au 07/09/2026 ; ce n'est pas l'historique réel de Bernard.
2024-02-18,114.85333101949679,100.0,0.03,Composition actuelle de Bernard (simulation),Simulation de la composition connue au 07/09/2026 ; ce n'est pas l'historique réel de Bernard.
2024-02-19,114.47916641311589,100.0,0.03,Composition actuelle de Bernard (simulation),Simulation de la composition connue au 07/09/2026 ; ce n'est pas l'historique réel de Bernard.
2024-02-20,113.88271259272977,100.0,0.03,Composition actuelle de Bernard (simulation),Simulation de la composition connue au 07/09/2026 ; ce n'est pas l'historique réel de Bernard.
2024-02-21,113.75133011119829,100.0,0.03,Composition actuelle de Bernard (simulation),Simulation de la composition connue au 07/09/2026 ; ce n'est pas l'historique réel de Bernard.
2024-02-22,114.87535950417222,100.0,0.03,Composition actuelle de Bernard (simulation),Simulation de la composition connue au 07/09/2026 ; ce n'est pas l'historique réel de Bernard.
2024-02-23,114.86940772623049,100.0,0.03,Composition actuelle de Bernard (simulation),Simulation de la composition connue au 07/09/2026 ; ce n'est pas l'historique réel de Bernard.
2024-02-24,114.87452917525837,100.0,0.03,Composition actuelle de Bernard (simulation),Simulation de la composition connue au 07/09/2026 ; ce n'est pas l'historique réel de Bernard.
2024-02-25,114.87965103905348,100.0,0.03,Composition actuelle de Bernard (simulation),Simulation de la composition connue au 07/09/2026 ; ce n'est pas l'historique réel de Bernard.
2024-02-26,114.82701270135574,100.0,0.03,Composition actuelle de Bernard (simulation),Simulation de la composition connue au 07/09/2026 ; ce n'est pas l'historique réel de Bernard.
2024-02-27,114.92204375067101,100.0,0.03,Composition actuelle de Bernard (simulation),Simulation de la composition connue au 07/09/2026 ; ce n'est pas l'historique réel de Bernard.
2024-02-28,114.60269601258615,100.0,0.03,Composition actuelle de Bernard (simulation),Simulation de la composition connue au 07/09/2026 ; ce n'est pas l'historique réel de Bernard.
2024-02-29,114.7347357540806,100.0,0.03,Composition actuelle de Bernard (simulation),Simulation de la composition connue au 07/09/2026 ; ce n'est pas l'historique réel de Bernard.
2024-03-01,115.65861519555642,100.0,0.03,Composition actuelle de Bernard (simulation),Simulation de la composition connue au 07/09/2026 ; ce n'est pas l'historique réel de Bernard.
2024-03-02,115.66373954866025,100.0,0.03,Composition actuelle de Bernard (simulation),Simulation de la composition connue au 07/09/2026 ; ce n'est pas l'historique réel de Bernard.
2024-03-03,115.66886431676646,100.0,0.03,Composition actuelle de Bernard (simulation),Simulation de la composition connue au 07/09/2026 ; ce n'est pas l'historique réel de Bernard.
2024-03-04,115.87025079885672,100.0,0.03,Composition actuelle de Bernard (simulation),Simulation de la composition connue au 07/09/2026 ; ce n'est pas l'historique réel de Bernard.
2024-03-05,115.3488631558918,100.0,0.03,Composition actuelle de Bernard (simulation),Simulation de la composition connue au 07/09/2026 ; ce n'est pas l'historique réel de Bernard.
2024-03-06,115.95850321728685,100.0,0.03,Composition actuelle de Bernard (simulation),Simulation de la composition connue au 07/09/2026 ; ce n'est pas l'historique réel de Bernard.
2024-03-07,116.62070648736014,100.0,0.03,Composition actuelle de Bernard (simulation),Simulation de la composition connue au 07/09/2026 ; ce n'est pas l'historique réel de Bernard.
2024-03-08,116.18777652690027,100.0,0.03,Composition actuelle de Bernard (simulation),Simulation de la composition connue au 07/09/2026 ; ce n'est pas l'historique réel de Bernard.
2024-03-09,116.19290378572673,100.0,0.03,Composition actuelle de Bernard (simulation),Simulation de la composition connue au 07/09/2026 ; ce n'est pas l'historique réel de Bernard.
2024-03-10,116.19803145979093,100.0,0.03,Composition actuelle de Bernard (simulation),Simulation de la composition connue au 07/09/2026 ; ce n'est pas l'historique réel de Bernard.
2024-03-11,115.74062693873175,100.0,0.03,Composition actuelle de Bernard (simulation),Simulation de la composition connue au 07/09/2026 ; ce n'est pas l'historique réel de Bernard.
2024-03-12,116.40593849225398,100.0,0.03,Composition actuelle de Bernard (simulation),Simulation de la composition connue au 07/09/2026 ; ce n'est pas l'historique réel de Bernard.
2024-03-13,116.31074838014501,100.0,0.03,Composition actuelle de Bernard (simulation),Simulation de la composition connue au 07/09/2026 ; ce n'est pas l'historique réel de Bernard.
2024-03-14,115.9309384088873,100.0,0.03,Composition actuelle de Bernard (simulation),Simulation de la composition connue au 07/09/2026 ; ce n'est pas l'historique réel de Bernard.
2024-03-15,115.90782788030454,100.0,0.03,Composition actuelle de Bernard (simulation),Simulation de la composition connue au 07/09/2026 ; ce n'est pas l'historique réel de Bernard.
2024-03-16,115.91295804650133,100.0,0.03,Composition actuelle de Bernard (simulation),Simulation de la composition connue au 07/09/2026 ; ce n'est pas l'historique réel de Bernard.
2024-03-17,115.91808862817128,100.0,0.03,Composition actuelle de Bernard (simulation),Simulation de la composition connue au 07/09/2026 ; ce n'est pas l'historique réel de Bernard.
2024-03-18,116.18323057243725,100.0,0.03,Composition actuelle de Bernard (simulation),Simulation de la composition connue au 07/09/2026 ; ce n'est pas l'historique réel de Bernard.
2024-03-19,116.08742592354362,100.0,0.03,Composition actuelle de Bernard (simulation),Simulation de la composition connue au 07/09/2026 ; ce n'est pas l'historique réel de Bernard.
2024-03-20,116.21141736355507,100.0,0.03,Composition actuelle de Bernard (simulation),Simulation de la composition connue au 07/09/2026 ; ce n'est pas l'historique réel de Bernard.
2024-03-21,117.33732879304846,100.0,0.03,Composition actuelle de Bernard (simulation),Simulation de la composition connue au 07/09/2026 ; ce n'est pas l'historique réel de Bernard.
2024-03-22,117.28668220777965,100.0,0.03,Composition actuelle de Bernard (simulation),Simulation de la composition connue au 07/09/2026 ; ce n'est pas l'historique réel de Bernard.
2024-03-23,117.29181528299533,100.0,0.03,Composition actuelle de Bernard (simulation),Simulation de la composition connue au 07/09/2026 ; ce n'est pas l'historique réel de Bernard.
2024-03-24,117.29694877391978,100.0,0.03,Composition actuelle de Bernard (simulation),Simulation de la composition connue au 07/09/2026 ; ce n'est pas l'historique réel de Bernard.
2024-03-25,117.46561778520525,100.0,0.03,Composition actuelle de Bernard (simulation),Simulation de la composition connue au 07/09/2026 ; ce n'est pas l'historique réel de Bernard.
2024-03-26,117.46505957281033,100.0,0.03,Composition actuelle de Bernard (simulation),Simulation de la composition connue au 07/09/2026 ; ce n'est pas l'historique réel de Bernard.
2024-03-27,117.54752400619608,100.0,0.03,Composition actuelle de Bernard (simulation),Simulation de la composition connue au 07/09/2026 ; ce n'est pas l'historique réel de Bernard.
2024-03-28,117.90149620326527,100.0,0.03,Composition actuelle de Bernard (simulation),Simulation de la composition connue au 07/09/2026 ; ce n'est pas l'historique réel de Bernard.
2024-03-29,117.90663177323859,100.0,0.03,Composition actuelle de Bernard (simulation),Simulation de la composition connue au 07/09/2026 ; ce n'est pas l'historique réel de Bernard.
2024-03-30,117.91176775912274,100.0,0.03,Composition actuelle de Bernard (simulation),Simulation de la composition connue au 07/09/2026 ; ce n'est pas l'historique réel de Bernard.
2024-03-31,117.91690416095135,100.0,0.03,Composition actuelle de Bernard (simulation),Simulation de la composition connue au 07/09/2026 ; ce n'est pas l'historique réel de Bernard.
2024-04-01,117.92204097875816,100.0,0.03,Composition actuelle de Bernard (simulation),Simulation de la composition connue au 07/09/2026 ; ce n'est pas l'historique réel de Bernard.
2024-04-02,117.89909933900933,100.0,0.03,Composition actuelle de Bernard (simulation),Simulation de la composition connue au 07/09/2026 ; ce n'est pas l'historique réel de Bernard.
2024-04-03,118.25117760667474,100.0,0.03,Composition actuelle de Bernard (simulation),Simulation de la composition connue au 07/09/2026 ; ce n'est pas l'historique réel de Bernard.
2024-04-04,118.3342609312883,100.0,0.03,Composition actuelle de Bernard (simulation),Simulation de la composition connue au 07/09/2026 ; ce n'est pas l'historique réel de Bernard.
2024-04-05,117.59711181806847,100.0,0.03,Composition actuelle de Bernard (simulation),Simulation de la composition connue au 07/09/2026 ; ce n'est pas l'historique réel de Bernard.
2024-04-06,117.60225071627153,100.0,0.03,Composition actuelle de Bernard (simulation),Simulation de la composition connue au 07/09/2026 ; ce n'est pas l'historique réel de Bernard.
2024-04-07,117.60739003065493,100.0,0.03,Composition actuelle de Bernard (simulation),Simulation de la composition connue au 07/09/2026 ; ce n'est pas l'historique réel de Bernard.
2024-04-08,118.00428424882953,100.0,0.03,Composition actuelle de Bernard (simulation),Simulation de la composition connue au 07/09/2026 ; ce n'est pas l'historique réel de Bernard.
2024-04-09,117.7754736991304,100.0,0.03,Composition actuelle de Bernard (simulation),Simulation de la composition connue au 07/09/2026 ; ce n'est pas l'historique réel de Bernard.
2024-04-10,117.78359580035529,100.0,0.03,Composition actuelle de Bernard (simulation),Simulation de la composition connue au 07/09/2026 ; ce n'est pas l'historique réel de Bernard.
2024-04-11,117.87226877766088,100.0,0.03,Composition actuelle de Bernard (simulation),Simulation de la composition connue au 07/09/2026 ; ce n'est pas l'historique réel de Bernard.
2024-04-12,117.85978351436712,100.0,0.03,Composition actuelle de Bernard (simulation),Simulation de la composition connue au 07/09/2026 ; ce n'est pas l'historique réel de Bernard.
2024-04-13,117.86492532654049,100.0,0.03,Composition actuelle de Bernard (simulation),Simulation de la composition connue au 07/09/2026 ; ce n'est pas l'historique réel de Bernard.
2024-04-14,117.87006755513023,100.0,0.03,Composition actuelle de Bernard (simulation),Simulation de la composition connue au 07/09/2026 ; ce n'est pas l'historique réel de Bernard.
2024-04-15,118.0020146611212,100.0,0.03,Composition actuelle de Bernard (simulation),Simulation de la composition connue au 07/09/2026 ; ce n'est pas l'historique réel de Bernard.
2024-04-16,116.72857417854969,100.0,0.03,Composition actuelle de Bernard (simulation),Simulation de la composition connue au 07/09/2026 ; ce n'est pas l'historique réel de Bernard.
2024-04-17,116.51900274188196,100.0,0.03,Composition actuelle de Bernard (simulation),Simulation de la composition connue au 07/09/2026 ; ce n'est pas l'historique réel de Bernard.
2024-04-18,116.53443140384228,100.0,0.03,Composition actuelle de Bernard (simulation),Simulation de la composition connue au 07/09/2026 ; ce n'est pas l'historique réel de Bernard.
2024-04-19,115.93447548829153,100.0,0.03,Composition actuelle de Bernard (simulation),Simulation de la composition connue au 07/09/2026 ; ce n'est pas l'historique réel de Bernard.
2024-04-20,115.93962021608759,100.0,0.03,Composition actuelle de Bernard (simulation),Simulation de la composition connue au 07/09/2026 ; ce n'est pas l'historique réel de Bernard.
2024-04-21,115.94476536053611,100.0,0.03,Composition actuelle de Bernard (simulation),Simulation de la composition connue au 07/09/2026 ; ce n'est pas l'historique réel de Bernard.
2024-04-22,115.89532434706567,100.0,0.03,Composition actuelle de Bernard (simulation),Simulation de la composition connue au 07/09/2026 ; ce n'est pas l'historique réel de Bernard.
2024-04-23,116.53299085373628,100.0,0.03,Composition actuelle de Bernard (simulation),Simulation de la composition connue au 07/09/2026 ; ce n'est pas l'historique réel de Bernard.
2024-04-24,116.68424469180785,100.0,0.03,Composition actuelle de Bernard (simulation),Simulation de la composition connue au 07/09/2026 ; ce n'est pas l'historique réel de Bernard.
2024-04-25,116.63580602771506,100.0,0.03,Composition actuelle de Bernard (simulation),Simulation de la composition connue au 07/09/2026 ; ce n'est pas l'historique réel de Bernard.
2024-04-26,117.37808520298285,100.0,0.03,Composition actuelle de Bernard (simulation),Simulation de la composition connue au 07/09/2026 ; ce n'est pas l'historique réel de Bernard.
2024-04-27,117.38323284805486,100.0,0.03,Composition actuelle de Bernard (simulation),Simulation de la composition connue au 07/09/2026 ; ce n'est pas l'historique réel de Bernard.
2024-04-28,117.38838091001557,100.0,0.03,Composition actuelle de Bernard (simulation),Simulation de la composition connue au 07/09/2026 ; ce n'est pas l'historique réel de Bernard.
2024-04-29,117.70932914974787,100.0,0.03,Composition actuelle de Bernard (simulation),Simulation de la composition connue au 07/09/2026 ; ce n'est pas l'historique réel de Bernard.
2024-04-30,117.31089782125554,100.0,0.03,Composition actuelle de Bernard (simulation),Simulation de la composition connue au 07/09/2026 ; ce n'est pas l'historique réel de Bernard.
2024-05-01,117.28683843591506,100.0,0.03,Composition actuelle de Bernard (simulation),Simulation de la composition connue au 07/09/2026 ; ce n'est pas l'historique réel de Bernard.
2024-05-02,117.07527065959886,100.0,0.03,Composition actuelle de Bernard (simulation),Simulation de la composition connue au 07/09/2026 ; ce n'est pas l'historique réel de Bernard.
2024-05-03,117.63352034569883,100.0,0.03,Composition actuelle de Bernard (simulation),Simulation de la composition connue au 07/09/2026 ; ce n'est pas l'historique réel de Bernard.
2024-05-04,117.63867090970099,100.0,0.03,Composition actuelle de Bernard (simulation),Simulation de la composition connue au 07/09/2026 ; ce n'est pas l'historique réel de Bernard.
2024-05-05,117.64382189082829,100.0,0.03,Composition actuelle de Bernard (simulation),Simulation de la composition connue au 07/09/2026 ; ce n'est pas l'historique réel de Bernard.
2024-05-06,118.03714039121678,100.0,0.03,Composition actuelle de Bernard (simulation),Simulation de la composition connue au 07/09/2026 ; ce n'est pas l'historique réel de Bernard.
2024-05-07,118.4124448222923,100.0,0.03,Composition actuelle de Bernard (simulation),Simulation de la composition connue au 07/09/2026 ; ce n'est pas l'historique réel de Bernard.
2024-05-08,118.12114238856446,100.0,0.03,Composition actuelle de Bernard (simulation),Simulation de la composition connue au 07/09/2026 ; ce n'est pas l'historique réel de Bernard.
2024-05-09,118.21249474902898,100.0,0.03,Composition actuelle de Bernard (simulation),Simulation de la composition connue au 07/09/2026 ; ce n'est pas l'historique réel de Bernard.
2024-05-10,118.45194233356312,100.0,0.03,Composition actuelle de Bernard (simulation),Simulation de la composition connue au 07/09/2026 ; ce n'est pas l'historique réel de Bernard.
2024-05-11,118.45709581815062,100.0,0.03,Composition actuelle de Bernard (simulation),Simulation de la composition connue au 07/09/2026 ; ce n'est pas l'historique réel de Bernard.
2024-05-12,118.46224972009978,100.0,0.03,Composition actuelle de Bernard (simulation),Simulation de la composition connue au 07/09/2026 ; ce n'est pas l'historique réel de Bernard.
2024-05-13,118.59457845571168,100.0,0.03,Composition actuelle de Bernard (simulation),Simulation de la composition connue au 07/09/2026 ; ce n'est pas l'historique réel de Bernard.
2024-05-14,118.85132083965264,100.0,0.03,Composition actuelle de Bernard (simulation),Simulation de la composition connue au 07/09/2026 ; ce n'est pas l'historique réel de Bernard.
2024-05-15,119.34787552156693,100.0,0.03,Composition actuelle de Bernard (simulation),Simulation de la composition connue au 07/09/2026 ; ce n'est pas l'historique réel de Bernard.
2024-05-16,119.676446506563,100.0,0.03,Composition actuelle de Bernard (simulation),Simulation de la composition connue au 07/09/2026 ; ce n'est pas l'historique réel de Bernard.
2024-05-17,119.67362213102031,100.0,0.03,Composition actuelle de Bernard (simulation),Simulation de la composition connue au 07/09/2026 ; ce n'est pas l'historique réel de Bernard.
2024-05-18,119.67877853784921,100.0,0.03,Composition actuelle de Bernard (simulation),Simulation de la composition connue au 07/09/2026 ; ce n'est pas l'historique réel de Bernard.
2024-05-19,119.68393536227642,100.0,0.03,Composition actuelle de Bernard (simulation),Simulation de la composition connue au 07/09/2026 ; ce n'est pas l'historique réel de Bernard.
2024-05-20,119.9461328419708,100.0,0.03,Composition actuelle de Bernard (simulation),Simulation de la composition connue au 07/09/2026 ; ce n'est pas l'historique réel de Bernard.
2024-05-21,119.87626237881885,100.0,0.03,Composition actuelle de Bernard (simulation),Simulation de la composition connue au 07/09/2026 ; ce n'est pas l'historique réel de Bernard.
2024-05-22,119.92514706541286,100.0,0.03,Composition actuelle de Bernard (simulation),Simulation de la composition connue au 07/09/2026 ; ce n'est pas l'historique réel de Bernard.
2024-05-23,120.13451688224823,100.0,0.03,Composition actuelle de Bernard (simulation),Simulation de la composition connue au 07/09/2026 ; ce n'est pas l'historique réel de Bernard.
2024-05-24,120.19460196653642,100.0,0.03,Composition actuelle de Bernard (simulation),Simulation de la composition connue au 07/09/2026 ; ce n'est pas l'historique réel de Bernard.
2024-05-25,120.19976129726378,100.0,0.03,Composition actuelle de Bernard (simulation),Simulation de la composition connue au 07/09/2026 ; ce n'est pas l'historique réel de Bernard.
2024-05-26,120.20492104582621,100.0,0.03,Composition actuelle de Bernard (simulation),Simulation de la composition connue au 07/09/2026 ; ce n'est pas l'historique réel de Bernard.
2024-05-27,120.33196515466696,100.0,0.03,Composition actuelle de Bernard (simulation),Simulation de la composition connue au 07/09/2026 ; ce n'est pas l'historique réel de Bernard.
2024-05-28,120.33293693214003,100.0,0.03,Composition actuelle de Bernard (simulation),Simulation de la composition connue au 07/09/2026 ; ce n'est pas l'historique réel de Bernard.
2024-05-29,119.48713594152682,100.0,0.03,Composition actuelle de Bernard (simulation),Simulation de la composition connue au 07/09/2026 ; ce n'est pas l'historique réel de Bernard.
2024-05-30,119.7802365804619,100.0,0.03,Composition actuelle de Bernard (simulation),Simulation de la composition connue au 07/09/2026 ; ce n'est pas l'historique réel de Bernard.
2024-05-31,119.14686764082401,100.0,0.03,Composition actuelle de Bernard (simulation),Simulation de la composition connue au 07/09/2026 ; ce n'est pas l'historique réel de Bernard.
2024-06-01,119.15202989710778,100.0,0.03,Composition actuelle de Bernard (simulation),Simulation de la composition connue au 07/09/2026 ; ce n'est pas l'historique réel de Bernard.
2024-06-02,119.1571925714636,100.0,0.03,Composition actuelle de Bernard (simulation),Simulation de la composition connue au 07/09/2026 ; ce n'est pas l'historique réel de Bernard.
2024-06-03,119.70398818254367,100.0,0.03,Composition actuelle de Bernard (simulation),Simulation de la composition connue au 07/09/2026 ; ce n'est pas l'historique réel de Bernard.
2024-06-04,118.84543204990388,100.0,0.03,Composition actuelle de Bernard (simulation),Simulation de la composition connue au 07/09/2026 ; ce n'est pas l'historique réel de Bernard.
2024-06-05,119.56103304879679,100.0,0.03,Composition actuelle de Bernard (simulation),Simulation de la composition connue au 07/09/2026 ; ce n'est pas l'historique réel de Bernard.
2024-06-06,120.00621060828584,100.0,0.03,Composition actuelle de Bernard (simulation),Simulation de la composition connue au 07/09/2026 ; ce n'est pas l'historique réel de Bernard.
2024-06-07,119.86909451171041,100.0,0.03,Composition actuelle de Bernard (simulation),Simulation de la composition connue au 07/09/2026 ; ce n'est pas l'historique réel de Bernard.
2024-06-08,119.87425969520953,100.0,0.03,Composition actuelle de Bernard (simulation),Simulation de la composition connue au 07/09/2026 ; ce n'est pas l'historique réel de Bernard.
2024-06-09,119.87942529701772,100.0,0.03,Composition actuelle de Bernard (simulation),Simulation de la composition connue au 07/09/2026 ; ce n'est pas l'historique réel de Bernard.
2024-06-10,120.23560538304912,100.0,0.03,Composition actuelle de Bernard (simulation),Simulation de la composition connue au 07/09/2026 ; ce n'est pas l'historique réel de Bernard.
2024-06-11,119.64719448802703,100.0,0.03,Composition actuelle de Bernard (simulation),Simulation de la composition connue au 07/09/2026 ; ce n'est pas l'historique réel de Bernard.
2024-06-12,120.54956123790997,100.0,0.03,Composition actuelle de Bernard (simulation),Simulation de la composition connue au 07/09/2026 ; ce n'est pas l'historique réel de Bernard.
2024-06-13,120.00579591418605,100.0,0.03,Composition actuelle de Bernard (simulation),Simulation de la composition connue au 07/09/2026 ; ce n'est pas l'historique réel de Bernard.
2024-06-14,119.8238292726014,100.0,0.03,Composition actuelle de Bernard (simulation),Simulation de la composition connue au 07/09/2026 ; ce n'est pas l'historique réel de Bernard.
2024-06-15,119.8289973849757,100.0,0.03,Composition actuelle de Bernard (simulation),Simulation de la composition connue au 07/09/2026 ; ce n'est pas l'historique réel de Bernard.
2024-06-16,119.83416591589628,100.0,0.03,Composition actuelle de Bernard (simulation),Simulation de la composition connue au 07/09/2026 ; ce n'est pas l'historique réel de Bernard.
2024-06-17,120.16294667358312,100.0,0.03,Composition actuelle de Bernard (simulation),Simulation de la composition connue au 07/09/2026 ; ce n'est pas l'historique réel de Bernard.
2024-06-18,120.72718855684906,100.0,0.03,Composition actuelle de Bernard (simulation),Simulation de la composition connue au 07/09/2026 ; ce n'est pas l'historique réel de Bernard.
2024-06-19,120.91437048504457,100.0,0.03,Composition actuelle de Bernard (simulation),Simulation de la composition connue au 07/09/2026 ; ce n'est pas l'historique réel de Bernard.
2024-06-20,121.07887994167734,100.0,0.03,Composition actuelle de Bernard (simulation),Simulation de la composition connue au 07/09/2026 ; ce n'est pas l'historique réel de Bernard.
2024-06-21,120.34558006462402,100.0,0.03,Composition actuelle de Bernard (simulation),Simulation de la composition connue au 07/09/2026 ; ce n'est pas l'historique réel de Bernard.
2024-06-22,120.35075110753431,100.0,0.03,Composition actuelle de Bernard (simulation),Simulation de la composition connue au 07/09/2026 ; ce n'est pas l'historique réel de Bernard.
2024-06-23,120.3559225692282,100.0,0.03,Composition actuelle de Bernard (simulation),Simulation de la composition connue au 07/09/2026 ; ce n'est pas l'historique réel de Bernard.
2024-06-24,120.38463516961755,100.0,0.03,Composition actuelle de Bernard (simulation),Simulation de la composition connue au 07/09/2026 ; ce n'est pas l'historique réel de Bernard.
2024-06-25,120.09255226717521,100.0,0.03,Composition actuelle de Bernard (simulation),Simulation de la composition connue au 07/09/2026 ; ce n'est pas l'historique réel de Bernard.
2024-06-26,119.92149889598988,100.0,0.03,Composition actuelle de Bernard (simulation),Simulation de la composition connue au 07/09/2026 ; ce n'est pas l'historique réel de Bernard.
2024-06-27,119.93516528304451,100.0,0.03,Composition actuelle de Bernard (simulation),Simulation de la composition connue au 07/09/2026 ; ce n'est pas l'historique réel de Bernard.
2024-06-28,120.29819503041641,100.0,0.03,Composition actuelle de Bernard (simulation),Simulation de la composition connue au 07/09/2026 ; ce n'est pas l'historique réel de Bernard.
2024-06-29,120.3033690055244,100.0,0.03,Composition actuelle de Bernard (simulation),Simulation de la composition connue au 07/09/2026 ; ce n'est pas l'historique réel de Bernard.
2024-06-30,120.30854339965352,100.0,0.03,Composition actuelle de Bernard (simulation),Simulation de la composition connue au 07/09/2026 ; ce n'est pas l'historique réel de Bernard.
2024-07-01,120.12895640816177,100.0,0.03,Composition actuelle de Bernard (simulation),Simulation de la composition connue au 07/09/2026 ; ce n'est pas l'historique réel de Bernard.
2024-07-02,120.03341353816835,100.0,0.03,Composition actuelle de Bernard (simulation),Simulation de la composition connue au 07/09/2026 ; ce n'est pas l'historique réel de Bernard.
2024-07-03,120.84122835075422,100.0,0.03,Composition actuelle de Bernard (simulation),Simulation de la composition connue au 07/09/2026 ; ce n'est pas l'historique réel de Bernard.
2024-07-04,121.03165453301119,100.0,0.03,Composition actuelle de Bernard (simulation),Simulation de la composition connue au 07/09/2026 ; ce n'est pas l'historique réel de Bernard.
2024-07-05,120.97293488693855,100.0,0.03,Composition actuelle de Bernard (simulation),Simulation de la composition connue au 07/09/2026 ; ce n'est pas l'historique réel de Bernard.
2024-07-06,120.97811179590694,100.0,0.03,Composition actuelle de Bernard (simulation),Simulation de la composition connue au 07/09/2026 ; ce n'est pas l'historique réel de Bernard.
2024-07-07,120.98328912413403,100.0,0.03,Composition actuelle de Bernard (simulation),Simulation de la composition connue au 07/09/2026 ; ce n'est pas l'historique réel de Bernard.
2024-07-08,121.12780095105164,100.0,0.03,Composition actuelle de Bernard (simulation),Simulation de la composition connue au 07/09/2026 ; ce n'est pas l'historique réel de Bernard.
2024-07-09,120.88819232210754,100.0,0.03,Composition actuelle de Bernard (simulation),Simulation de la composition connue au 07/09/2026 ; ce n'est pas l'historique réel de Bernard.
2024-07-10,121.42150523998222,100.0,0.03,Composition actuelle de Bernard (simulation),Simulation de la composition connue au 07/09/2026 ; ce n'est pas l'historique réel de Bernard.
2024-07-11,121.28149383622375,100.0,0.03,Composition actuelle de Bernard (simulation),Simulation de la composition connue au 07/09/2026 ; ce n'est pas l'historique réel de Bernard.
2024-07-12,121.69868598527054,100.0,0.03,Composition actuelle de Bernard (simulation),Simulation de la composition connue au 07/09/2026 ; ce n'est pas l'historique réel de Bernard.
2024-07-13,121.70386582976296,100.0,0.03,Composition actuelle de Bernard (simulation),Simulation de la composition connue au 07/09/2026 ; ce n'est pas l'historique réel de Bernard.
2024-07-14,121.70904609375182,100.0,0.03,Composition actuelle de Bernard (simulation),Simulation de la composition connue au 07/09/2026 ; ce n'est pas l'historique réel de Bernard.
2024-07-15,121.47605541224074,100.0,0.03,Composition actuelle de Bernard (simulation),Simulation de la composition connue au 07/09/2026 ; ce n'est pas l'historique réel de Bernard.
2024-07-16,121.1560829055978,100.0,0.03,Composition actuelle de Bernard (simulation),Simulation de la composition connue au 07/09/2026 ; ce n'est pas l'historique réel de Bernard.
2024-07-17,120.32847519661154,100.0,0.03,Composition actuelle de Bernard (simulation),Simulation de la composition connue au 07/09/2026 ; ce n'est pas l'historique réel de Bernard.
2024-07-18,119.41958853586088,100.0,0.03,Composition actuelle de Bernard (simulation),Simulation de la composition connue au 07/09/2026 ; ce n'est pas l'historique réel de Bernard.
2024-07-19,119.01649246389776,100.0,0.03,Composition actuelle de Bernard (simulation),Simulation de la composition connue au 07/09/2026 ; ce n'est pas l'historique réel de Bernard.
2024-07-20,119.02167524557879,100.0,0.03,Composition actuelle de Bernard (simulation),Simulation de la composition connue au 07/09/2026 ; ce n'est pas l'historique réel de Bernard.
2024-07-21,119.02685844699408,100.0,0.03,Composition actuelle de Bernard (simulation),Simulation de la composition connue au 07/09/2026 ; ce n'est pas l'historique réel de Bernard.
2024-07-22,119.42544729238452,100.0,0.03,Composition actuelle de Bernard (simulation),Simulation de la composition connue au 07/09/2026 ; ce n'est pas l'historique réel de Bernard.
2024-07-23,119.71758588633993,100.0,0.03,Composition actuelle de Bernard (simulation),Simulation de la composition connue au 07/09/2026 ; ce n'est pas l'historique réel de Bernard.
2024-07-24,119.03435644461027,100.0,0.03,Composition actuelle de Bernard (simulation),Simulation de la composition connue au 07/09/2026 ; ce n'est pas l'historique réel de Bernard.
2024-07-25,118.5203953504599,100.0,0.03,Composition actuelle de Bernard (simulation),Simulation de la composition connue au 07/09/2026 ; ce n'est pas l'historique réel de Bernard.
2024-07-26,118.54505792500771,100.0,0.03,Composition actuelle de Bernard (simulation),Simulation de la composition connue au 07/09/2026 ; ce n'est pas l'historique réel de Bernard.
2024-07-27,118.5502436455428,100.0,0.03,Composition actuelle de Bernard (simulation),Simulation de la composition connue au 07/09/2026 ; ce n'est pas l'historique réel de Bernard.
2024-07-28,118.5554297860502,100.0,0.03,Composition actuelle de Bernard (simulation),Simulation de la composition connue au 07/09/2026 ; ce n'est pas l'historique réel de Bernard.
2024-07-29,118.40197072780481,100.0,0.03,Composition actuelle de Bernard (simulation),Simulation de la composition connue au 07/09/2026 ; ce n'est pas l'historique réel de Bernard.
2024-07-30,118.23115340481196,100.0,0.03,Composition actuelle de Bernard (simulation),Simulation de la composition connue au 07/09/2026 ; ce n'est pas l'historique réel de Bernard.
2024-07-31,119.26568408184069,100.0,0.03,Composition actuelle de Bernard (simulation),Simulation de la composition connue au 07/09/2026 ; ce n'est pas l'historique réel de Bernard.
2024-08-01,117.87832187595517,100.0,0.03,Composition actuelle de Bernard (simulation),Simulation de la composition connue au 07/09/2026 ; ce n'est pas l'historique réel de Bernard.
2024-08-02,115.59309192418479,100.0,0.03,Composition actuelle de Bernard (simulation),Simulation de la composition connue au 07/09/2026 ; ce n'est pas l'historique réel de Bernard.
2024-08-03,115.59828058524045,100.0,0.03,Composition actuelle de Bernard (simulation),Simulation de la composition connue au 07/09/2026 ; ce n'est pas l'historique réel de Bernard.
2024-08-04,115.60346966650654,100.0,0.03,Composition actuelle de Bernard (simulation),Simulation de la composition connue au 07/09/2026 ; ce n'est pas l'historique réel de Bernard.
2024-08-05,114.19991027120287,100.0,0.03,Composition actuelle de Bernard (simulation),Simulation de la composition connue au 07/09/2026 ; ce n'est pas l'historique réel de Bernard.
2024-08-06,114.49172614317413,100.0,0.03,Composition actuelle de Bernard (simulation),Simulation de la composition connue au 07/09/2026 ; ce n'est pas l'historique réel de Bernard.
2024-08-07,115.52788715411005,100.0,0.03,Composition actuelle de Bernard (simulation),Simulation de la composition connue au 07/09/2026 ; ce n'est pas l'historique réel de Bernard.
2024-08-08,115.53576191453547,100.0,0.03,Composition actuelle de Bernard (simulation),Simulation de la composition connue au 07/09/2026 ; ce n'est pas l'historique réel de Bernard.
2024-08-09,115.81129986851724,100.0,0.03,Composition actuelle de Bernard (simulation),Simulation de la composition connue au 07/09/2026 ; ce n'est pas l'historique réel de Bernard.
2024-08-10,115.81649147176083,100.0,0.03,Composition actuelle de Bernard (simulation),Simulation de la composition connue au 07/09/2026 ; ce n'est pas l'historique réel de Bernard.
2024-08-11,115.82168349545314,100.0,0.03,Composition actuelle de Bernard (simulation),Simulation de la composition connue au 07/09/2026 ; ce n'est pas l'historique réel de Bernard.
2024-08-12,116.12817984072485,100.0,0.03,Composition actuelle de Bernard (simulation),Simulation de la composition connue au 07/09/2026 ; ce n'est pas l'historique réel de Bernard.
2024-08-13,116.5299390885499,100.0,0.03,Composition actuelle de Bernard (simulation),Simulation de la composition connue au 07/09/2026 ; ce n'est pas l'historique réel de Bernard.
2024-08-14,116.60290314322943,100.0,0.03,Composition actuelle de Bernard (simulation),Simulation de la composition connue au 07/09/2026 ; ce n'est pas l'historique réel de Bernard.
2024-08-15,117.59544623480144,100.0,0.03,Composition actuelle de Bernard (simulation),Simulation de la composition connue au 07/09/2026 ; ce n'est pas l'historique réel de Bernard.
2024-08-16,117.98456222123323,100.0,0.03,Composition actuelle de Bernard (simulation),Simulation de la composition connue au 07/09/2026 ; ce n'est pas l'historique réel de Bernard.
2024-08-17,117.98975676833312,100.0,0.03,Composition actuelle de Bernard (simulation),Simulation de la composition connue au 07/09/2026 ; ce n'est pas l'historique réel de Bernard.
2024-08-18,117.99495173612013,100.0,0.03,Composition actuelle de Bernard (simulation),Simulation de la composition connue au 07/09/2026 ; ce n'est pas l'historique réel de Bernard.
2024-08-19,118.38623813566282,100.0,0.03,Composition actuelle de Bernard (simulation),Simulation de la composition connue au 07/09/2026 ; ce n'est pas l'historique réel de Bernard.
2024-08-20,118.2729029736493,100.0,0.03,Composition actuelle de Bernard (simulation),Simulation de la composition connue au 07/09/2026 ; ce n'est pas l'historique réel de Bernard.
2024-08-21,118.39499810203074,100.0,0.03,Composition actuelle de Bernard (simulation),Simulation de la composition connue au 07/09/2026 ; ce n'est pas l'historique réel de Bernard.
2024-08-22,118.08278857434091,100.0,0.03,Composition actuelle de Bernard (simulation),Simulation de la composition connue au 07/09/2026 ; ce n'est pas l'historique réel de Bernard.
2024-08-23,118.51716310920253,100.0,0.03,Composition actuelle de Bernard (simulation),Simulation de la composition connue au 07/09/2026 ; ce n'est pas l'historique réel de Bernard.
2024-08-24,118.522360601828,100.0,0.03,Composition actuelle de Bernard (simulation),Simulation de la composition connue au 07/09/2026 ; ce n'est pas l'historique réel de Bernard.
2024-08-25,118.52755851537916,100.0,0.03,Composition actuelle de Bernard (simulation),Simulation de la composition connue au 07/09/2026 ; ce n'est pas l'historique réel de Bernard.
2024-08-26,118.15659470169405,100.0,0.03,Composition actuelle de Bernard (simulation),Simulation de la composition connue au 07/09/2026 ; ce n'est pas l'historique réel de Bernard.
2024-08-27,118.10757047821792,100.0,0.03,Composition actuelle de Bernard (simulation),Simulation de la composition connue au 07/09/2026 ; ce n'est pas l'historique réel de Bernard.
2024-08-28,117.91232298544028,100.0,0.03,Composition actuelle de Bernard (simulation),Simulation de la composition connue au 07/09/2026 ; ce n'est pas l'historique réel de Bernard.
2024-08-29,118.58495601248808,100.0,0.03,Composition actuelle de Bernard (simulation),Simulation de la composition connue au 07/09/2026 ; ce n'est pas l'historique réel de Bernard.
2024-08-30,118.53239617570755,100.0,0.03,Composition actuelle de Bernard (simulation),Simulation de la composition connue au 07/09/2026 ; ce n'est pas l'historique réel de Bernard.
2024-08-31,118.53759661552883,100.0,0.03,Composition actuelle de Bernard (simulation),Simulation de la composition connue au 07/09/2026 ; ce n'est pas l'historique réel de Bernard.
2024-09-01,118.54279747651447,100.0,0.03,Composition actuelle de Bernard (simulation),Simulation de la composition connue au 07/09/2026 ; ce n'est pas l'historique réel de Bernard.
2024-09-02,118.91355867993897,100.0,0.03,Composition actuelle de Bernard (simulation),Simulation de la composition connue au 07/09/2026 ; ce n'est pas l'historique réel de Bernard.
2024-09-03,117.27098790968604,100.0,0.03,Composition actuelle de Bernard (simulation),Simulation de la composition connue au 07/09/2026 ; ce n'est pas l'historique réel de Bernard.
2024-09-04,116.70564831158951,100.0,0.03,Composition actuelle de Bernard (simulation),Simulation de la composition connue au 07/09/2026 ; ce n'est pas l'historique réel de Bernard.
2024-09-05,116.43084876862959,100.0,0.03,Composition actuelle de Bernard (simulation),Simulation de la composition connue au 07/09/2026 ; ce n'est pas l'historique réel de Bernard.
2024-09-06,115.3640511906191,100.0,0.03,Composition actuelle de Bernard (simulation),Simulation de la composition connue au 07/09/2026 ; ce n'est pas l'historique réel de Bernard.
2024-09-07,115.36925457930738,100.0,0.03,Composition actuelle de Bernard (simulation),Simulation de la composition connue au 07/09/2026 ; ce n'est pas l'historique réel de Bernard.
2024-09-08,115.37445838939884,100.0,0.03,Composition actuelle de Bernard (simulation),Simulation de la composition connue au 07/09/2026 ; ce n'est pas l'historique réel de Bernard.
2024-09-09,115.8036269046855,100.0,0.03,Composition actuelle de Bernard (simulation),Simulation de la composition connue au 07/09/2026 ; ce n'est pas l'historique réel de Bernard.
2024-09-10,115.76903897187705,100.0,0.03,Composition actuelle de Bernard (simulation),Simulation de la composition connue au 07/09/2026 ; ce n'est pas l'historique réel de Bernard.
2024-09-11,115.90726779093825,100.0,0.03,Composition actuelle de Bernard (simulation),Simulation de la composition connue au 07/09/2026 ; ce n'est pas l'historique réel de Bernard.
2024-09-12,117.13783311807747,100.0,0.03,Composition actuelle de Bernard (simulation),Simulation de la composition connue au 07/09/2026 ; ce n'est pas l'historique réel de Bernard.
2024-09-13,117.57059436424602,100.0,0.03,Composition actuelle de Bernard (simulation),Simulation de la composition connue au 07/09/2026 ; ce n'est pas l'historique réel de Bernard.
2024-09-14,117.5758007034734,100.0,0.03,Composition actuelle de Bernard (simulation),Simulation de la composition connue au 07/09/2026 ; ce n'est pas l'historique réel de Bernard.
2024-09-15,117.58100746434295,100.0,0.03,Composition actuelle de Bernard (simulation),Simulation de la composition connue au 07/09/2026 ; ce n'est pas l'historique réel de Bernard.
2024-09-16,117.36810539630306,100.0,0.03,Composition actuelle de Bernard (simulation),Simulation de la composition connue au 07/09/2026 ; ce n'est pas l'historique réel de Bernard.
2024-09-17,117.76059748790986,100.0,0.03,Composition actuelle de Bernard (simulation),Simulation de la composition connue au 07/09/2026 ; ce n'est pas l'historique réel de Bernard.
2024-09-18,117.584464993856,100.0,0.03,Composition actuelle de Bernard (simulation),Simulation de la composition connue au 07/09/2026 ; ce n'est pas l'historique réel de Bernard.
2024-09-19,118.84361740713882,100.0,0.03,Composition actuelle de Bernard (simulation),Simulation de la composition connue au 07/09/2026 ; ce n'est pas l'historique réel de Bernard.
2024-09-20,118.11654670945073,100.0,0.03,Composition actuelle de Bernard (simulation),Simulation de la composition connue au 07/09/2026 ; ce n'est pas l'historique réel de Bernard.
2024-09-21,118.12175600089034,100.0,0.03,Composition actuelle de Bernard (simulation),Simulation de la composition connue au 07/09/2026 ; ce n'est pas l'historique réel de Bernard.
2024-09-22,118.12696571421117,100.0,0.03,Composition actuelle de Bernard (simulation),Simulation de la composition connue au 07/09/2026 ; ce n'est pas l'historique réel de Bernard.
2024-09-23,118.14481752238757,100.0,0.03,Composition actuelle de Bernard (simulation),Simulation de la composition connue au 07/09/2026 ; ce n'est pas l'historique réel de Bernard.
2024-09-24,118.97743954510247,100.0,0.03,Composition actuelle de Bernard (simulation),Simulation de la composition connue au 07/09/2026 ; ce n'est pas l'historique réel de Bernard.
2024-09-25,118.92181480396803,100.0,0.03,Composition actuelle de Bernard (simulation),Simulation de la composition connue au 07/09/2026 ; ce n'est pas l'historique réel de Bernard.
2024-09-26,120.24273362073576,100.0,0.03,Composition actuelle de Bernard (simulation),Simulation de la composition connue au 07/09/2026 ; ce n'est pas l'historique réel de Bernard.
2024-09-27,120.25127149338415,100.0,0.03,Composition actuelle de Bernard (simulation),Simulation de la composition connue au 07/09/2026 ; ce n'est pas l'historique réel de Bernard.
2024-09-28,120.25648373871,100.0,0.03,Composition actuelle de Bernard (simulation),Simulation de la composition connue au 07/09/2026 ; ce n'est pas l'historique réel de Bernard.
2024-09-29,120.26169640615632,100.0,0.03,Composition actuelle de Bernard (simulation),Simulation de la composition connue au 07/09/2026 ; ce n'est pas l'historique réel de Bernard.
2024-09-30,119.83834042086832,100.0,0.03,Composition actuelle de Bernard (simulation),Simulation de la composition connue au 07/09/2026 ; ce n'est pas l'historique réel de Bernard.
2024-10-01,119.22676095274356,100.0,0.03,Composition actuelle de Bernard (simulation),Simulation de la composition connue au 07/09/2026 ; ce n'est pas l'historique réel de Bernard.
2024-10-02,119.78552804730391,100.0,0.03,Composition actuelle de Bernard (simulation),Simulation de la composition connue au 07/09/2026 ; ce n'est pas l'historique réel de Bernard.
2024-10-03,119.47467332437127,100.0,0.03,Composition actuelle de Bernard (simulation),Simulation de la composition connue au 07/09/2026 ; ce n'est pas l'historique réel de Bernard.
2024-10-04,119.90777157200998,100.0,0.03,Composition actuelle de Bernard (simulation),Simulation de la composition connue au 07/09/2026 ; ce n'est pas l'historique réel de Bernard.
2024-10-05,119.91298677289703,100.0,0.03,Composition actuelle de Bernard (simulation),Simulation de la composition connue au 07/09/2026 ; ce n'est pas l'historique réel de Bernard.
2024-10-06,119.9182023961439,100.0,0.03,Composition actuelle de Bernard (simulation),Simulation de la composition connue au 07/09/2026 ; ce n'est pas l'historique réel de Bernard.
2024-10-07,120.3169435120772,100.0,0.03,Composition actuelle de Bernard (simulation),Simulation de la composition connue au 07/09/2026 ; ce n'est pas l'historique réel de Bernard.
2024-10-08,119.9029500794561,100.0,0.03,Composition actuelle de Bernard (simulation),Simulation de la composition connue au 07/09/2026 ; ce n'est pas l'historique réel de Bernard.
2024-10-09,120.23283821990563,100.0,0.03,Composition actuelle de Bernard (simulation),Simulation de la composition connue au 07/09/2026 ; ce n'est pas l'historique réel de Bernard.
2024-10-10,120.37486820759557,100.0,0.03,Composition actuelle de Bernard (simulation),Simulation de la composition connue au 07/09/2026 ; ce n'est pas l'historique réel de Bernard.
2024-10-11,120.68380723004684,100.0,0.03,Composition actuelle de Bernard (simulation),Simulation de la composition connue au 07/09/2026 ; ce n'est pas l'historique réel de Bernard.
2024-10-12,120.68902538817103,100.0,0.03,Composition actuelle de Bernard (simulation),Simulation de la composition connue au 07/09/2026 ; ce n'est pas l'historique réel de Bernard.
2024-10-13,120.69424396889454,100.0,0.03,Composition actuelle de Bernard (simulation),Simulation de la composition connue au 07/09/2026 ; ce n'est pas l'historique réel de Bernard.
2024-10-14,121.03962355614759,100.0,0.03,Composition actuelle de Bernard (simulation),Simulation de la composition connue au 07/09/2026 ; ce n'est pas l'historique réel de Bernard.
2024-10-15,120.21270416173677,100.0,0.03,Composition actuelle de Bernard (simulation),Simulation de la composition connue au 07/09/2026 ; ce n'est pas l'historique réel de Bernard.
2024-10-16,119.9983471802533,100.0,0.03,Composition actuelle de Bernard (simulation),Simulation de la composition connue au 07/09/2026 ; ce n'est pas l'historique réel de Bernard.
2024-10-17,120.4238243519548,100.0,0.03,Composition actuelle de Bernard (simulation),Simulation de la composition connue au 07/09/2026 ; ce n'est pas l'historique réel de Bernard.
2024-10-18,120.68938630835704,100.0,0.03,Composition actuelle de Bernard (simulation),Simulation de la composition connue au 07/09/2026 ; ce n'est pas l'historique réel de Bernard.
2024-10-19,120.69460742539523,100.0,0.03,Composition actuelle de Bernard (simulation),Simulation de la composition connue au 07/09/2026 ; ce n'est pas l'historique réel de Bernard.
2024-10-20,120.6998289652724,100.0,0.03,Composition actuelle de Bernard (simulation),Simulation de la composition connue au 07/09/2026 ; ce n'est pas l'historique réel de Bernard.
2024-10-21,120.14096108671714,100.0,0.03,Composition actuelle de Bernard (simulation),Simulation de la composition connue au 07/09/2026 ; ce n'est pas l'historique réel de Bernard.
2024-10-22,120.30423781949438,100.0,0.03,Composition actuelle de Bernard (simulation),Simulation de la composition connue au 07/09/2026 ; ce n'est pas l'historique réel de Bernard.
2024-10-23,119.9777416296472,100.0,0.03,Composition actuelle de Bernard (simulation),Simulation de la composition connue au 07/09/2026 ; ce n'est pas l'historique réel de Bernard.
2024-10-24,120.02588327848025,100.0,0.03,Composition actuelle de Bernard (simulation),Simulation de la composition connue au 07/09/2026 ; ce n'est pas l'historique réel de Bernard.
2024-10-25,120.48766918212299,100.0,0.03,Composition actuelle de Bernard (simulation),Simulation de la composition connue au 07/09/2026 ; ce n'est pas l'historique réel de Bernard.
2024-10-26,120.49289325975306,100.0,0.03,Composition actuelle de Bernard (simulation),Simulation de la composition connue au 07/09/2026 ; ce n'est pas l'historique réel de Bernard.
2024-10-27,120.49811776046182,100.0,0.03,Composition actuelle de Bernard (simulation),Simulation de la composition connue au 07/09/2026 ; ce n'est pas l'historique réel de Bernard.
2024-10-28,120.6598876718117,100.0,0.03,Composition actuelle de Bernard (simulation),Simulation de la composition connue au 07/09/2026 ; ce n'est pas l'historique réel de Bernard.
2024-10-29,120.70570779350176,100.0,0.03,Composition actuelle de Bernard (simulation),Simulation de la composition connue au 07/09/2026 ; ce n'est pas l'historique réel de Bernard.
2024-10-30,120.17964085408673,100.0,0.03,Composition actuelle de Bernard (simulation),Simulation de la composition connue au 07/09/2026 ; ce n'est pas l'historique réel de Bernard.
2024-10-31,119.20710005729629,100.0,0.03,Composition actuelle de Bernard (simulation),Simulation de la composition connue au 07/09/2026 ; ce n'est pas l'historique réel de Bernard.
2024-11-01,119.7708242152239,100.0,0.03,Composition actuelle de Bernard (simulation),Simulation de la composition connue au 07/09/2026 ; ce n'est pas l'historique réel de Bernard.
2024-11-02,119.77605125512456,100.0,0.03,Composition actuelle de Bernard (simulation),Simulation de la composition connue au 07/09/2026 ; ce n'est pas l'historique réel de Bernard.
2024-11-03,119.78127871834386,100.0,0.03,Composition actuelle de Bernard (simulation),Simulation de la composition connue au 07/09/2026 ; ce n'est pas l'historique réel de Bernard.
2024-11-04,119.8258413083241,100.0,0.03,Composition actuelle de Bernard (simulation),Simulation de la composition connue au 07/09/2026 ; ce n'est pas l'historique réel de Bernard.
2024-11-05,120.20869939485159,100.0,0.03,Composition actuelle de Bernard (simulation),Simulation de la composition connue au 07/09/2026 ; ce n'est pas l'historique réel de Bernard.
2024-11-06,120.01776997469436,100.0,0.03,Composition actuelle de Bernard (simulation),Simulation de la composition connue au 07/09/2026 ; ce n'est pas l'historique réel de Bernard.
2024-11-07,121.63150273257824,100.0,0.03,Composition actuelle de Bernard (simulation),Simulation de la composition connue au 07/09/2026 ; ce n'est pas l'historique réel de Bernard.
2024-11-08,121.06191119318311,100.0,0.03,Composition actuelle de Bernard (simulation),Simulation de la composition connue au 07/09/2026 ; ce n'est pas l'historique réel de Bernard.
2024-11-09,121.06714119703415,100.0,0.03,Composition actuelle de Bernard (simulation),Simulation de la composition connue au 07/09/2026 ; ce n'est pas l'historique réel de Bernard.
2024-11-10,121.07237162444385,100.0,0.03,Composition actuelle de Bernard (simulation),Simulation de la composition connue au 07/09/2026 ; ce n'est pas l'historique réel de Bernard.
2024-11-11,121.03928872720005,100.0,0.03,Composition actuelle de Bernard (simulation),Simulation de la composition connue au 07/09/2026 ; ce n'est pas l'historique réel de Bernard.
2024-11-12,120.24001987195001,100.0,0.03,Composition actuelle de Bernard (simulation),Simulation de la composition connue au 07/09/2026 ; ce n'est pas l'historique réel de Bernard.
2024-11-13,120.07482860497991,100.0,0.03,Composition actuelle de Bernard (simulation),Simulation de la composition connue au 07/09/2026 ; ce n'est pas l'historique réel de Bernard.
2024-11-14,120.60290056931771,100.0,0.03,Composition actuelle de Bernard (simulation),Simulation de la composition connue au 07/09/2026 ; ce n'est pas l'historique réel de Bernard.
2024-11-15,120.17032944159484,100.0,0.03,Composition actuelle de Bernard (simulation),Simulation de la composition connue au 07/09/2026 ; ce n'est pas l'historique réel de Bernard.
2024-11-16,120.17556241107692,100.0,0.03,Composition actuelle de Bernard (simulation),Simulation de la composition connue au 07/09/2026 ; ce n'est pas l'historique réel de Bernard.
2024-11-17,120.18079580435783,100.0,0.03,Composition actuelle de Bernard (simulation),Simulation de la composition connue au 07/09/2026 ; ce n'est pas l'historique réel de Bernard.
2024-11-18,120.46168591158587,100.0,0.03,Composition actuelle de Bernard (simulation),Simulation de la composition connue au 07/09/2026 ; ce n'est pas l'historique réel de Bernard.
2024-11-19,120.08587651403195,100.0,0.03,Composition actuelle de Bernard (simulation),Simulation de la composition connue au 07/09/2026 ; ce n'est pas l'historique réel de Bernard.
2024-11-20,119.85944129525019,100.0,0.03,Composition actuelle de Bernard (simulation),Simulation de la composition connue au 07/09/2026 ; ce n'est pas l'historique réel de Bernard.
2024-11-21,120.51496192228028,100.0,0.03,Composition actuelle de Bernard (simulation),Simulation de la composition connue au 07/09/2026 ; ce n'est pas l'historique réel de Bernard.
2024-11-22,120.73503001820009,100.0,0.03,Composition actuelle de Bernard (simulation),Simulation de la composition connue au 07/09/2026 ; ce n'est pas l'historique réel de Bernard.
2024-11-23,120.74026595499485,100.0,0.03,Composition actuelle de Bernard (simulation),Simulation de la composition connue au 07/09/2026 ; ce n'est pas l'historique réel de Bernard.
2024-11-24,120.74550231582874,100.0,0.03,Composition actuelle de Bernard (simulation),Simulation de la composition connue au 07/09/2026 ; ce n'est pas l'historique réel de Bernard.
2024-11-25,121.0118125884626,100.0,0.03,Composition actuelle de Bernard (simulation),Simulation de la composition connue au 07/09/2026 ; ce n'est pas l'historique réel de Bernard.
2024-11-26,120.45918772870272,100.0,0.03,Composition actuelle de Bernard (simulation),Simulation de la composition connue au 07/09/2026 ; ce n'est pas l'historique réel de Bernard.
2024-11-27,119.81193975401617,100.0,0.03,Composition actuelle de Bernard (simulation),Simulation de la composition connue au 07/09/2026 ; ce n'est pas l'historique réel de Bernard.
2024-11-28,120.2304723177568,100.0,0.03,Composition actuelle de Bernard (simulation),Simulation de la composition connue au 07/09/2026 ; ce n'est pas l'historique réel de Bernard.
2024-11-29,120.61478806039622,100.0,0.03,Composition actuelle de Bernard (simulation),Simulation de la composition connue au 07/09/2026 ; ce n'est pas l'historique réel de Bernard.
2024-11-30,120.62002696618623,100.0,0.03,Composition actuelle de Bernard (simulation),Simulation de la composition connue au 07/09/2026 ; ce n'est pas l'historique réel de Bernard.
2024-12-01,120.62526629625584,100.0,0.03,Composition actuelle de Bernard (simulation),Simulation de la composition connue au 07/09/2026 ; ce n'est pas l'historique réel de Bernard.
2024-12-02,121.17500323828227,100.0,0.03,Composition actuelle de Bernard (simulation),Simulation de la composition connue au 07/09/2026 ; ce n'est pas l'historique réel de Bernard.
2024-12-03,121.47236089580325,100.0,0.03,Composition actuelle de Bernard (simulation),Simulation de la composition connue au 07/09/2026 ; ce n'est pas l'historique réel de Bernard.
2024-12-04,121.73408415319133,100.0,0.03,Composition actuelle de Bernard (simulation),Simulation de la composition connue au 07/09/2026 ; ce n'est pas l'historique réel de Bernard.
2024-12-05,121.98089512311346,100.0,0.03,Composition actuelle de Bernard (simulation),Simulation de la composition connue au 07/09/2026 ; ce n'est pas l'historique réel de Bernard.
2024-12-06,121.6253976925145,100.0,0.03,Composition actuelle de Bernard (simulation),Simulation de la composition connue au 07/09/2026 ; ce n'est pas l'historique réel de Bernard.
2024-12-07,121.63063956898334,100.0,0.03,Composition actuelle de Bernard (simulation),Simulation de la composition connue au 07/09/2026 ; ce n'est pas l'historique réel de Bernard.
2024-12-08,121.63588186997234,100.0,0.03,Composition actuelle de Bernard (simulation),Simulation de la composition connue au 07/09/2026 ; ce n'est pas l'historique réel de Bernard.
2024-12-09,121.99859349171187,100.0,0.03,Composition actuelle de Bernard (simulation),Simulation de la composition connue au 07/09/2026 ; ce n'est pas l'historique réel de Bernard.
2024-12-10,121.69134116393599,100.0,0.03,Composition actuelle de Bernard (simulation),Simulation de la composition connue au 07/09/2026 ; ce n'est pas l'historique réel de Bernard.
2024-12-11,122.00776713053251,100.0,0.03,Composition actuelle de Bernard (simulation),Simulation de la composition connue au 07/09/2026 ; ce n'est pas l'historique réel de Bernard.
2024-12-12,121.81553951501824,100.0,0.03,Composition actuelle de Bernard (simulation),Simulation de la composition connue au 07/09/2026 ; ce n'est pas l'historique réel de Bernard.
2024-12-13,121.82950518027297,100.0,0.03,Composition actuelle de Bernard (simulation),Simulation de la composition connue au 07/09/2026 ; ce n'est pas l'historique réel de Bernard.
2024-12-14,121.83475002910514,100.0,0.03,Composition actuelle de Bernard (simulation),Simulation de la composition connue au 07/09/2026 ; ce n'est pas l'historique réel de Bernard.
2024-12-15,121.83999530269818,100.0,0.03,Composition actuelle de Bernard (simulation),Simulation de la composition connue au 07/09/2026 ; ce n'est pas l'historique réel de Bernard.
2024-12-16,122.02922104963298,100.0,0.03,Composition actuelle de Bernard (simulation),Simulation de la composition connue au 07/09/2026 ; ce n'est pas l'historique réel de Bernard.
2024-12-17,121.55930818078231,100.0,0.03,Composition actuelle de Bernard (simulation),Simulation de la composition connue au 07/09/2026 ; ce n'est pas l'historique réel de Bernard.
2024-12-18,121.77614990424131,100.0,0.03,Composition actuelle de Bernard (simulation),Simulation de la composition connue au 07/09/2026 ; ce n'est pas l'historique réel de Bernard.
2024-12-19,120.65958908493127,100.0,0.03,Composition actuelle de Bernard (simulation),Simulation de la composition connue au 07/09/2026 ; ce n'est pas l'historique réel de Bernard.
2024-12-20,120.59862785823312,100.0,0.03,Composition actuelle de Bernard (simulation),Simulation de la composition connue au 07/09/2026 ; ce n'est pas l'historique réel de Bernard.
2024-12-21,120.60387568111403,100.0,0.03,Composition actuelle de Bernard (simulation),Simulation de la composition connue au 07/09/2026 ; ce n'est pas l'historique réel de Bernard.
2024-12-22,120.6091239289967,100.0,0.03,Composition actuelle de Bernard (simulation),Simulation de la composition connue au 07/09/2026 ; ce n'est pas l'historique réel de Bernard.
2024-12-23,120.5254356188247,100.0,0.03,Composition actuelle de Bernard (simulation),Simulation de la composition connue au 07/09/2026 ; ce n'est pas l'historique réel de Bernard.
2024-12-24,120.91991341801909,100.0,0.03,Composition actuelle de Bernard (simulation),Simulation de la composition connue au 07/09/2026 ; ce n'est pas l'historique réel de Bernard.
2024-12-25,120.92516294111353,100.0,0.03,Composition actuelle de Bernard (simulation),Simulation de la composition connue au 07/09/2026 ; ce n'est pas l'historique réel de Bernard.
2024-12-26,120.93041288934742,100.0,0.03,Composition actuelle de Bernard (simulation),Simulation de la composition connue au 07/09/2026 ; ce n'est pas l'historique réel de Bernard.
2024-12-27,120.96578240347714,100.0,0.03,Composition actuelle de Bernard (simulation),Simulation de la composition connue au 07/09/2026 ; ce n'est pas l'historique réel de Bernard.
2024-12-28,120.97103320209321,100.0,0.03,Composition actuelle de Bernard (simulation),Simulation de la composition connue au 07/09/2026 ; ce n'est pas l'historique réel de Bernard.
2024-12-29,120.97628442595203,100.0,0.03,Composition actuelle de Bernard (simulation),Simulation de la composition connue au 07/09/2026 ; ce n'est pas l'historique réel de Bernard.
2024-12-30,120.52854228354954,100.0,0.03,Composition actuelle de Bernard (simulation),Simulation de la composition connue au 07/09/2026 ; ce n'est pas l'historique réel de Bernard.
2024-12-31,120.90714325229763,100.0,0.03,Composition actuelle de Bernard (simulation),Simulation de la composition connue au 07/09/2026 ; ce n'est pas l'historique réel de Bernard.
2025-01-01,120.91239575209136,100.0,0.03,Composition actuelle de Bernard (simulation),Simulation de la composition connue au 07/09/2026 ; ce n'est pas l'historique réel de Bernard.
2025-01-02,121.213484817145,100.0,0.03,Composition actuelle de Bernard (simulation),Simulation de la composition connue au 07/09/2026 ; ce n'est pas l'historique réel de Bernard.
2025-01-03,121.18761739013249,100.0,0.03,Composition actuelle de Bernard (simulation),Simulation de la composition connue au 07/09/2026 ; ce n'est pas l'historique réel de Bernard.
2025-01-04,121.19287116617113,100.0,0.03,Composition actuelle de Bernard (simulation),Simulation de la composition connue au 07/09/2026 ; ce n'est pas l'historique réel de Bernard.
2025-01-05,121.1981253676936,100.0,0.03,Composition actuelle de Bernard (simulation),Simulation de la composition connue au 07/09/2026 ; ce n'est pas l'historique réel de Bernard.
2025-01-06,122.45469181859214,100.0,0.03,Composition actuelle de Bernard (simulation),Simulation de la composition connue au 07/09/2026 ; ce n'est pas l'historique réel de Bernard.
2025-01-07,121.91829804665207,100.0,0.03,Composition actuelle de Bernard (simulation),Simulation de la composition connue au 07/09/2026 ; ce n'est pas l'historique réel de Bernard.
2025-01-08,121.67567539262885,100.0,0.03,Composition actuelle de Bernard (simulation),Simulation de la composition connue au 07/09/2026 ; ce n'est pas l'historique réel de Bernard.
2025-01-09,121.89363665892121,100.0,0.03,Composition actuelle de Bernard (simulation),Simulation de la composition connue au 07/09/2026 ; ce n'est pas l'historique réel de Bernard.
2025-01-10,121.4368658972596,100.0,0.03,Composition actuelle de Bernard (simulation),Simulation de la composition connue au 07/09/2026 ; ce n'est pas l'historique réel de Bernard.
2025-01-11,121.44212265240908,100.0,0.03,Composition actuelle de Bernard (simulation),Simulation de la composition connue au 07/09/2026 ; ce n'est pas l'historique réel de Bernard.
2025-01-12,121.44737983328373,100.0,0.03,Composition actuelle de Bernard (simulation),Simulation de la composition connue au 07/09/2026 ; ce n'est pas l'historique réel de Bernard.
2025-01-13,121.49919493496209,100.0,0.03,Composition actuelle de Bernard (simulation),Simulation de la composition connue au 07/09/2026 ; ce n'est pas l'historique réel de Bernard.
2025-01-14,121.77408963857175,100.0,0.03,Composition actuelle de Bernard (simulation),Simulation de la composition connue au 07/09/2026 ; ce n'est pas l'historique réel de Bernard.
2025-01-15,122.53498550593105,100.0,0.03,Composition actuelle de Bernard (simulation),Simulation de la composition connue au 07/09/2026 ; ce n'est pas l'historique réel de Bernard.
2025-01-16,123.07660130435313,100.0,0.03,Composition actuelle de Bernard (simulation),Simulation de la composition connue au 07/09/2026 ; ce n'est pas l'historique réel de Bernard.
2025-01-17,123.51277507370348,100.0,0.03,Composition actuelle de Bernard (simulation),Simulation de la composition connue au 07/09/2026 ; ce n'est pas l'historique réel de Bernard.
2025-01-18,123.51803480965313,100.0,0.03,Composition actuelle de Bernard (simulation),Simulation de la composition connue au 07/09/2026 ; ce n'est pas l'historique réel de Bernard.
2025-01-19,123.52329497156931,100.0,0.03,Composition actuelle de Bernard (simulation),Simulation de la composition connue au 07/09/2026 ; ce n'est pas l'historique réel de Bernard.
2025-01-20,124.1172943468293,100.0,0.03,Composition actuelle de Bernard (simulation),Simulation de la composition connue au 07/09/2026 ; ce n'est pas l'historique réel de Bernard.
2025-01-21,123.63504239467338,100.0,0.03,Composition actuelle de Bernard (simulation),Simulation de la composition connue au 07/09/2026 ; ce n'est pas l'historique réel de Bernard.
2025-01-22,124.07699876459175,100.0,0.03,Composition actuelle de Bernard (simulation),Simulation de la composition connue au 07/09/2026 ; ce n'est pas l'historique réel de Bernard.
2025-01-23,124.06308338930737,100.0,0.03,Composition actuelle de Bernard (simulation),Simulation de la composition connue au 07/09/2026 ; ce n'est pas l'historique réel de Bernard.
2025-01-24,124.36964681375838,100.0,0.03,Composition actuelle de Bernard (simulation),Simulation de la composition connue au 07/09/2026 ; ce n'est pas l'historique réel de Bernard.
2025-01-25,124.3749095321984,100.0,0.03,Composition actuelle de Bernard (simulation),Simulation de la composition connue au 07/09/2026 ; ce n'est pas l'historique réel de Bernard.
2025-01-26,124.38017267684651,100.0,0.03,Composition actuelle de Bernard (simulation),Simulation de la composition connue au 07/09/2026 ; ce n'est pas l'historique réel de Bernard.
2025-01-27,122.53135154854893,100.0,0.03,Composition actuelle de Bernard (simulation),Simulation de la composition connue au 07/09/2026 ; ce n'est pas l'historique réel de Bernard.
2025-01-28,122.4835805322552,100.0,0.03,Composition actuelle de Bernard (simulation),Simulation de la composition connue au 07/09/2026 ; ce n'est pas l'historique réel de Bernard.
2025-01-29,122.97796973296809,100.0,0.03,Composition actuelle de Bernard (simulation),Simulation de la composition connue au 07/09/2026 ; ce n'est pas l'historique réel de Bernard.
2025-01-30,123.57294438722009,100.0,0.03,Composition actuelle de Bernard (simulation),Simulation de la composition connue au 07/09/2026 ; ce n'est pas l'historique réel de Bernard.
2025-01-31,124.01953915768445,100.0,0.03,Composition actuelle de Bernard (simulation),Simulation de la composition connue au 07/09/2026 ; ce n'est pas l'historique réel de Bernard.
2025-02-01,124.02480486030602,100.0,0.03,Composition actuelle de Bernard (simulation),Simulation de la composition connue au 07/09/2026 ; ce n'est pas l'historique réel de Bernard.
2025-02-02,124.03007098937742,100.0,0.03,Composition actuelle de Bernard (simulation),Simulation de la composition connue au 07/09/2026 ; ce n'est pas l'historique réel de Bernard.
2025-02-03,123.29713173003356,100.0,0.03,Composition actuelle de Bernard (simulation),Simulation de la composition connue au 07/09/2026 ; ce n'est pas l'historique réel de Bernard.
2025-02-04,123.6487887908265,100.0,0.03,Composition actuelle de Bernard (simulation),Simulation de la composition connue au 07/09/2026 ; ce n'est pas l'historique réel de Bernard.
2025-02-05,123.7771102042787,100.0,0.03,Composition actuelle de Bernard (simulation),Simulation de la composition connue au 07/09/2026 ; ce n'est pas l'historique réel de Bernard.
2025-02-06,125.29613435834221,100.0,0.03,Composition actuelle de Bernard (simulation),Simulation de la composition connue au 07/09/2026 ; ce n'est pas l'historique réel de Bernard.
2025-02-07,125.0215818535573,100.0,0.03,Composition actuelle de Bernard (simulation),Simulation de la composition connue au 07/09/2026 ; ce n'est pas l'historique réel de Bernard.
2025-02-08,125.02685054205264,100.0,0.03,Composition actuelle de Bernard (simulation),Simulation de la composition connue au 07/09/2026 ; ce n'est pas l'historique réel de Bernard.
2025-02-09,125.03211965723959,100.0,0.03,Composition actuelle de Bernard (simulation),Simulation de la composition connue au 07/09/2026 ; ce n'est pas l'historique réel de Bernard.
2025-02-10,125.41897707610138,100.0,0.03,Composition actuelle de Bernard (simulation),Simulation de la composition connue au 07/09/2026 ; ce n'est pas l'historique réel de Bernard.
2025-02-11,125.52189563573958,100.0,0.03,Composition actuelle de Bernard (simulation),Simulation de la composition connue au 07/09/2026 ; ce n'est pas l'historique réel de Bernard.
2025-02-12,125.21901571108455,100.0,0.03,Composition actuelle de Bernard (simulation),Simulation de la composition connue au 07/09/2026 ; ce n'est pas l'historique réel de Bernard.
2025-02-13,125.85307753886403,100.0,0.03,Composition actuelle de Bernard (simulation),Simulation de la composition connue au 07/09/2026 ; ce n'est pas l'historique réel de Bernard.
2025-02-14,125.66534272596921,100.0,0.03,Composition actuelle de Bernard (simulation),Simulation de la composition connue au 07/09/2026 ; ce n'est pas l'historique réel de Bernard.
2025-02-15,125.6706144020314,100.0,0.03,Composition actuelle de Bernard (simulation),Simulation de la composition connue au 07/09/2026 ; ce n'est pas l'historique réel de Bernard.
2025-02-16,125.67588650502712,100.0,0.03,Composition actuelle de Bernard (simulation),Simulation de la composition connue au 07/09/2026 ; ce n'est pas l'historique réel de Bernard.
2025-02-17,126.09310490111444,100.0,0.03,Composition actuelle de Bernard (simulation),Simulation de la composition connue au 07/09/2026 ; ce n'est pas l'historique réel de Bernard.
2025-02-18,126.48326880539484,100.0,0.03,Composition actuelle de Bernard (simulation),Simulation de la composition connue au 07/09/2026 ; ce n'est pas l'historique réel de Bernard.
2025-02-19,126.3853061747591,100.0,0.03,Composition actuelle de Bernard (simulation),Simulation de la composition connue au 07/09/2026 ; ce n'est pas l'historique réel de Bernard.
2025-02-20,126.26338625819542,100.0,0.03,Composition actuelle de Bernard (simulation),Simulation de la composition connue au 07/09/2026 ; ce n'est pas l'historique réel de Bernard.
2025-02-21,126.13173845634333,100.0,0.03,Composition actuelle de Bernard (simulation),Simulation de la composition connue au 07/09/2026 ; ce n'est pas l'historique réel de Bernard.
2025-02-22,126.13701312166646,100.0,0.03,Composition actuelle de Bernard (simulation),Simulation de la composition connue au 07/09/2026 ; ce n'est pas l'historique réel de Bernard.
2025-02-23,126.1422882141652,100.0,0.03,Composition actuelle de Bernard (simulation),Simulation de la composition connue au 07/09/2026 ; ce n'est pas l'historique réel de Bernard.
2025-02-24,125.67618940575474,100.0,0.03,Composition actuelle de Bernard (simulation),Simulation de la composition connue au 07/09/2026 ; ce n'est pas l'historique réel de Bernard.
2025-02-25,125.01587101185248,100.0,0.03,Composition actuelle de Bernard (simulation),Simulation de la composition connue au 07/09/2026 ; ce n'est pas l'historique réel de Bernard.
2025-02-26,126.10152041286473,100.0,0.03,Composition actuelle de Bernard (simulation),Simulation de la composition connue au 07/09/2026 ; ce n'est pas l'historique réel de Bernard.
2025-02-27,125.42036080928918,100.0,0.03,Composition actuelle de Bernard (simulation),Simulation de la composition connue au 07/09/2026 ; ce n'est pas l'historique réel de Bernard.
2025-02-28,124.76429126303437,100.0,0.03,Composition actuelle de Bernard (simulation),Simulation de la composition connue au 07/09/2026 ; ce n'est pas l'historique réel de Bernard.
2025-03-01,124.76956891931346,100.0,0.03,Composition actuelle de Bernard (simulation),Simulation de la composition connue au 07/09/2026 ; ce n'est pas l'historique réel de Bernard.
2025-03-02,124.77484700301038,100.0,0.03,Composition actuelle de Bernard (simulation),Simulation de la composition connue au 07/09/2026 ; ce n'est pas l'historique réel de Bernard.
2025-03-03,125.5740864685537,100.0,0.03,Composition actuelle de Bernard (simulation),Simulation de la composition connue au 07/09/2026 ; ce n'est pas l'historique réel de Bernard.
2025-03-04,123.35972466408988,100.0,0.03,Composition actuelle de Bernard (simulation),Simulation de la composition connue au 07/09/2026 ; ce n'est pas l'historique réel de Bernard.
2025-03-05,124.70522134553346,100.0,0.03,Composition actuelle de Bernard (simulation),Simulation de la composition connue au 07/09/2026 ; ce n'est pas l'historique réel de Bernard.
2025-03-06,125.33164643732073,100.0,0.03,Composition actuelle de Bernard (simulation),Simulation de la composition connue au 07/09/2026 ; ce n'est pas l'historique réel de Bernard.
2025-03-07,124.37549816567481,100.0,0.03,Composition actuelle de Bernard (simulation),Simulation de la composition connue au 07/09/2026 ; ce n'est pas l'historique réel de Bernard.
2025-03-08,124.38077881460585,100.0,0.03,Composition actuelle de Bernard (simulation),Simulation de la composition connue au 07/09/2026 ; ce n'est pas l'historique réel de Bernard.
2025-03-09,124.3860598911971,100.0,0.03,Composition actuelle de Bernard (simulation),Simulation de la composition connue au 07/09/2026 ; ce n'est pas l'historique réel de Bernard.
2025-03-10,123.08875586947423,100.0,0.03,Composition actuelle de Bernard (simulation),Simulation de la composition connue au 07/09/2026 ; ce n'est pas l'historique réel de Bernard.
2025-03-11,122.30214582783488,100.0,0.03,Composition actuelle de Bernard (simulation),Simulation de la composition connue au 07/09/2026 ; ce n'est pas l'historique réel de Bernard.
2025-03-12,122.79404257063054,100.0,0.03,Composition actuelle de Bernard (simulation),Simulation de la composition connue au 07/09/2026 ; ce n'est pas l'historique réel de Bernard.
2025-03-13,122.58431747956955,100.0,0.03,Composition actuelle de Bernard (simulation),Simulation de la composition connue au 07/09/2026 ; ce n'est pas l'historique réel de Bernard.
2025-03-14,123.84540033318683,100.0,0.03,Composition actuelle de Bernard (simulation),Simulation de la composition connue au 07/09/2026 ; ce n'est pas l'historique réel de Bernard.
2025-03-15,123.8506839764668,100.0,0.03,Composition actuelle de Bernard (simulation),Simulation de la composition connue au 07/09/2026 ; ce n'est pas l'historique réel de Bernard.
2025-03-16,123.85596804764948,100.0,0.03,Composition actuelle de Bernard (simulation),Simulation de la composition connue au 07/09/2026 ; ce n'est pas l'historique réel de Bernard.
2025-03-17,124.17646217256969,100.0,0.03,Composition actuelle de Bernard (simulation),Simulation de la composition connue au 07/09/2026 ; ce n'est pas l'historique réel de Bernard.
2025-03-18,124.496834495451,100.0,0.03,Composition actuelle de Bernard (simulation),Simulation de la composition connue au 07/09/2026 ; ce n'est pas l'historique réel de Bernard.
2025-03-19,124.71258680960233,100.0,0.03,Composition actuelle de Bernard (simulation),Simulation de la composition connue au 07/09/2026 ; ce n'est pas l'historique réel de Bernard.
2025-03-20,124.17058901384566,100.0,0.03,Composition actuelle de Bernard (simulation),Simulation de la composition connue au 07/09/2026 ; ce n'est pas l'historique réel de Bernard.
2025-03-21,123.9211008045228,100.0,0.03,Composition actuelle de Bernard (simulation),Simulation de la composition connue au 07/09/2026 ; ce n'est pas l'historique réel de Bernard.
2025-03-22,123.92638744384958,100.0,0.03,Composition actuelle de Bernard (simulation),Simulation de la composition connue au 07/09/2026 ; ce n'est pas l'historique réel de Bernard.
2025-03-23,123.93167451132175,100.0,0.03,Composition actuelle de Bernard (simulation),Simulation de la composition connue au 07/09/2026 ; ce n'est pas l'historique réel de Bernard.
2025-03-24,124.71246978049552,100.0,0.03,Composition actuelle de Bernard (simulation),Simulation de la composition connue au 07/09/2026 ; ce n'est pas l'historique réel de Bernard.
2025-03-25,125.04931017206037,100.0,0.03,Composition actuelle de Bernard (simulation),Simulation de la composition connue au 07/09/2026 ; ce n'est pas l'historique réel de Bernard.
2025-03-26,124.28567137009074,100.0,0.03,Composition actuelle de Bernard (simulation),Simulation de la composition connue au 07/09/2026 ; ce n'est pas l'historique réel de Bernard.
2025-03-27,123.63225215415208,100.0,0.03,Composition actuelle de Bernard (simulation),Simulation de la composition connue au 07/09/2026 ; ce n'est pas l'historique réel de Bernard.
2025-03-28,122.15829944884524,100.0,0.03,Composition actuelle de Bernard (simulation),Simulation de la composition connue au 07/09/2026 ; ce n'est pas l'historique réel de Bernard.
2025-03-29,122.16358908591778,100.0,0.03,Composition actuelle de Bernard (simulation),Simulation de la composition connue au 07/09/2026 ; ce n'est pas l'historique réel de Bernard.
2025-03-30,122.16887915137842,100.0,0.03,Composition actuelle de Bernard (simulation),Simulation de la composition connue au 07/09/2026 ; ce n'est pas l'historique réel de Bernard.
2025-03-31,121.16894504024425,100.0,0.03,Composition actuelle de Bernard (simulation),Simulation de la composition connue au 07/09/2026 ; ce n'est pas l'historique réel de Bernard.
2025-04-01,122.02429190321486,100.0,0.03,Composition actuelle de Bernard (simulation),Simulation de la composition connue au 07/09/2026 ; ce n'est pas l'historique réel de Bernard.
2025-04-02,122.00981752410749,100.0,0.03,Composition actuelle de Bernard (simulation),Simulation de la composition connue au 07/09/2026 ; ce n'est pas l'historique réel de Bernard.
2025-04-03,119.06066701305824,100.0,0.03,Composition actuelle de Bernard (simulation),Simulation de la composition connue au 07/09/2026 ; ce n'est pas l'historique réel de Bernard.
2025-04-04,115.29566011062684,100.0,0.03,Composition actuelle de Bernard (simulation),Simulation de la composition connue au 07/09/2026 ; ce n'est pas l'historique réel de Bernard.
2025-04-05,115.30095274714496,100.0,0.03,Composition actuelle de Bernard (simulation),Simulation de la composition connue au 07/09/2026 ; ce n'est pas l'historique réel de Bernard.
2025-04-06,115.3062458122941,100.0,0.03,Composition actuelle de Bernard (simulation),Simulation de la composition connue au 07/09/2026 ; ce n'est pas l'historique réel de Bernard.
2025-04-07,113.81130669414125,100.0,0.03,Composition actuelle de Bernard (simulation),Simulation de la composition connue au 07/09/2026 ; ce n'est pas l'historique réel de Bernard.
2025-04-08,115.51771507046196,100.0,0.03,Composition actuelle de Bernard (simulation),Simulation de la composition connue au 07/09/2026 ; ce n'est pas l'historique réel de Bernard.
2025-04-09,113.58701591615818,100.0,0.03,Composition actuelle de Bernard (simulation),Simulation de la composition connue au 07/09/2026 ; ce n'est pas l'historique réel de Bernard.
2025-04-10,116.09196116858327,100.0,0.03,Composition actuelle de Bernard (simulation),Simulation de la composition connue au 07/09/2026 ; ce n'est pas l'historique réel de Bernard.
2025-04-11,115.70145727318769,100.0,0.03,Composition actuelle de Bernard (simulation),Simulation de la composition connue au 07/09/2026 ; ce n'est pas l'historique réel de Bernard.
2025-04-12,115.70675291085215,100.0,0.03,Composition actuelle de Bernard (simulation),Simulation de la composition connue au 07/09/2026 ; ce n'est pas l'historique réel de Bernard.
2025-04-13,115.71204897739074,100.0,0.03,Composition actuelle de Bernard (simulation),Simulation de la composition connue au 07/09/2026 ; ce n'est pas l'historique réel de Bernard.
2025-04-14,116.96722099419084,100.0,0.03,Composition actuelle de Bernard (simulation),Simulation de la composition connue au 07/09/2026 ; ce n'est pas l'historique réel de Bernard.
2025-04-15,117.60353646131799,100.0,0.03,Composition actuelle de Bernard (simulation),Simulation de la composition connue au 07/09/2026 ; ce n'est pas l'historique réel de Bernard.
2025-04-16,117.30516763503928,100.0,0.03,Composition actuelle de Bernard (simulation),Simulation de la composition connue au 07/09/2026 ; ce n'est pas l'historique réel de Bernard.
2025-04-17,116.56949257968583,100.0,0.03,Composition actuelle de Bernard (simulation),Simulation de la composition connue au 07/09/2026 ; ce n'est pas l'historique réel de Bernard.
2025-04-18,116.57479079111594,100.0,0.03,Composition actuelle de Bernard (simulation),Simulation de la composition connue au 07/09/2026 ; ce n'est pas l'historique réel de Bernard.
2025-04-19,116.58008943162858,100.0,0.03,Composition actuelle de Bernard (simulation),Simulation de la composition connue au 07/09/2026 ; ce n'est pas l'historique réel de Bernard.
2025-04-20,116.58538850125852,100.0,0.03,Composition actuelle de Bernard (simulation),Simulation de la composition connue au 07/09/2026 ; ce n'est pas l'historique réel de Bernard.
2025-04-21,116.59068800004052,100.0,0.03,Composition actuelle de Bernard (simulation),Simulation de la composition connue au 07/09/2026 ; ce n'est pas l'historique réel de Bernard.
2025-04-22,116.6398190132039,100.0,0.03,Composition actuelle de Bernard (simulation),Simulation de la composition connue au 07/09/2026 ; ce n'est pas l'historique réel de Bernard.
2025-04-23,118.61422516407522,100.0,0.03,Composition actuelle de Bernard (simulation),Simulation de la composition connue au 07/09/2026 ; ce n'est pas l'historique réel de Bernard.
2025-04-24,119.13247046393383,100.0,0.03,Composition actuelle de Bernard (simulation),Simulation de la composition connue au 07/09/2026 ; ce n'est pas l'historique réel de Bernard.
2025-04-25,119.51897384672996,100.0,0.03,Composition actuelle de Bernard (simulation),Simulation de la composition connue au 07/09/2026 ; ce n'est pas l'historique réel de Bernard.
2025-04-26,119.52427549179352,100.0,0.03,Composition actuelle de Bernard (simulation),Simulation de la composition connue au 07/09/2026 ; ce n'est pas l'historique réel de Bernard.
2025-04-27,119.52957756621767,100.0,0.03,Composition actuelle de Bernard (simulation),Simulation de la composition connue au 07/09/2026 ; ce n'est pas l'historique réel de Bernard.
2025-04-28,119.8675015007137,100.0,0.03,Composition actuelle de Bernard (simulation),Simulation de la composition connue au 07/09/2026 ; ce n'est pas l'historique réel de Bernard.
2025-04-29,120.08123451163652,100.0,0.03,Composition actuelle de Bernard (simulation),Simulation de la composition connue au 07/09/2026 ; ce n'est pas l'historique réel de Bernard.
2025-04-30,119.53050949184846,100.0,0.03,Composition actuelle de Bernard (simulation),Simulation de la composition connue au 07/09/2026 ; ce n'est pas l'historique réel de Bernard.
2025-05-01,119.6276558766926,100.0,0.03,Composition actuelle de Bernard (simulation),Simulation de la composition connue au 07/09/2026 ; ce n'est pas l'historique réel de Bernard.
2025-05-02,121.46238982661062,100.0,0.03,Composition actuelle de Bernard (simulation),Simulation de la composition connue au 07/09/2026 ; ce n'est pas l'historique réel de Bernard.
2025-05-03,121.46769447792876,100.0,0.03,Composition actuelle de Bernard (simulation),Simulation de la composition connue au 07/09/2026 ; ce n'est pas l'historique réel de Bernard.
2025-05-04,121.472999558851,100.0,0.03,Composition actuelle de Bernard (simulation),Simulation de la composition connue au 07/09/2026 ; ce n'est pas l'historique réel de Bernard.
2025-05-05,121.49350144366748,100.0,0.03,Composition actuelle de Bernard (simulation),Simulation de la composition connue au 07/09/2026 ; ce n'est pas l'historique réel de Bernard.
2025-05-06,121.07833122342235,100.0,0.03,Composition actuelle de Bernard (simulation),Simulation de la composition connue au 07/09/2026 ; ce n'est pas l'historique réel de Bernard.
2025-05-07,120.84614162996876,100.0,0.03,Composition actuelle de Bernard (simulation),Simulation de la composition connue au 07/09/2026 ; ce n'est pas l'historique réel de Bernard.
2025-05-08,121.65296095449814,100.0,0.03,Composition actuelle de Bernard (simulation),Simulation de la composition connue au 07/09/2026 ; ce n'est pas l'historique réel de Bernard.
2025-05-09,122.14934780371682,100.0,0.03,Composition actuelle de Bernard (simulation),Simulation de la composition connue au 07/09/2026 ; ce n'est pas l'historique réel de Bernard.
2025-05-10,122.15465546299424,100.0,0.03,Composition actuelle de Bernard (simulation),Simulation de la composition connue au 07/09/2026 ; ce n'est pas l'historique réel de Bernard.
2025-05-11,122.15996355211935,100.0,0.03,Composition actuelle de Bernard (simulation),Simulation de la composition connue au 07/09/2026 ; ce n'est pas l'historique réel de Bernard.
2025-05-12,124.0882262523583,100.0,0.03,Composition actuelle de Bernard (simulation),Simulation de la composition connue au 07/09/2026 ; ce n'est pas l'historique réel de Bernard.
2025-05-13,125.0553001352251,100.0,0.03,Composition actuelle de Bernard (simulation),Simulation de la composition connue au 07/09/2026 ; ce n'est pas l'historique réel de Bernard.
2025-05-14,125.04769236247277,100.0,0.03,Composition actuelle de Bernard (simulation),Simulation de la composition connue au 07/09/2026 ; ce n'est pas l'historique réel de Bernard.
2025-05-15,124.99775518792613,100.0,0.03,Composition actuelle de Bernard (simulation),Simulation de la composition connue au 07/09/2026 ; ce n'est pas l'historique réel de Bernard.
2025-05-16,124.89651666879622,100.0,0.03,Composition actuelle de Bernard (simulation),Simulation de la composition connue au 07/09/2026 ; ce n'est pas l'historique réel de Bernard.
2025-05-17,124.90182733773858,100.0,0.03,Composition actuelle de Bernard (simulation),Simulation de la composition connue au 07/09/2026 ; ce n'est pas l'historique réel de Bernard.
2025-05-18,124.90713843677234,100.0,0.03,Composition actuelle de Bernard (simulation),Simulation de la composition connue au 07/09/2026 ; ce n'est pas l'historique réel de Bernard.
2025-05-19,125.05889902000568,100.0,0.03,Composition actuelle de Bernard (simulation),Simulation de la composition connue au 07/09/2026 ; ce n'est pas l'historique réel de Bernard.
2025-05-20,125.2434946471386,100.0,0.03,Composition actuelle de Bernard (simulation),Simulation de la composition connue au 07/09/2026 ; ce n'est pas l'historique réel de Bernard.
2025-05-21,125.26211152906659,100.0,0.03,Composition actuelle de Bernard (simulation),Simulation de la composition connue au 07/09/2026 ; ce n'est pas l'historique réel de Bernard.
2025-05-22,124.32275409375966,100.0,0.03,Composition actuelle de Bernard (simulation),Simulation de la composition connue au 07/09/2026 ; ce n'est pas l'historique réel de Bernard.
2025-05-23,123.63079178976383,100.0,0.03,Composition actuelle de Bernard (simulation),Simulation de la composition connue au 07/09/2026 ; ce n'est pas l'historique réel de Bernard.
2025-05-24,123.63610547007771,100.0,0.03,Composition actuelle de Bernard (simulation),Simulation de la composition connue au 07/09/2026 ; ce n'est pas l'historique réel de Bernard.
2025-05-25,123.6414195807269,100.0,0.03,Composition actuelle de Bernard (simulation),Simulation de la composition connue au 07/09/2026 ; ce n'est pas l'historique réel de Bernard.
2025-05-26,124.45878133693424,100.0,0.03,Composition actuelle de Bernard (simulation),Simulation de la composition connue au 07/09/2026 ; ce n'est pas l'historique réel de Bernard.
2025-05-27,124.6737796844727,100.0,0.03,Composition actuelle de Bernard (simulation),Simulation de la composition connue au 07/09/2026 ; ce n'est pas l'historique réel de Bernard.
2025-05-28,124.63360808867341,100.0,0.03,Composition actuelle de Bernard (simulation),Simulation de la composition connue au 07/09/2026 ; ce n'est pas l'historique réel de Bernard.
2025-05-29,124.86588665898243,100.0,0.03,Composition actuelle de Bernard (simulation),Simulation de la composition connue au 07/09/2026 ; ce n'est pas l'historique réel de Bernard.
2025-05-30,124.20938853656975,100.0,0.03,Composition actuelle de Bernard (simulation),Simulation de la composition connue au 07/09/2026 ; ce n'est pas l'historique réel de Bernard.
2025-05-31,124.21470522996272,100.0,0.03,Composition actuelle de Bernard (simulation),Simulation de la composition connue au 07/09/2026 ; ce n'est pas l'historique réel de Bernard.
2025-06-01,124.220022353935,100.0,0.03,Composition actuelle de Bernard (simulation),Simulation de la composition connue au 07/09/2026 ; ce n'est pas l'historique réel de Bernard.
2025-06-02,124.26942123417241,100.0,0.03,Composition actuelle de Bernard (simulation),Simulation de la composition connue au 07/09/2026 ; ce n'est pas l'historique réel de Bernard.
2025-06-03,124.51019890210605,100.0,0.03,Composition actuelle de Bernard (simulation),Simulation de la composition connue au 07/09/2026 ; ce n'est pas l'historique réel de Bernard.
2025-06-04,124.95193912133296,100.0,0.03,Composition actuelle de Bernard (simulation),Simulation de la composition connue au 07/09/2026 ; ce n'est pas l'historique réel de Bernard.
2025-06-05,125.46595595030254,100.0,0.03,Composition actuelle de Bernard (simulation),Simulation de la composition connue au 07/09/2026 ; ce n'est pas l'historique réel de Bernard.
2025-06-06,125.34516174654146,100.0,0.03,Composition actuelle de Bernard (simulation),Simulation de la composition connue au 07/09/2026 ; ce n'est pas l'historique réel de Bernard.
2025-06-07,125.3504814547221,100.0,0.03,Composition actuelle de Bernard (simulation),Simulation de la composition connue au 07/09/2026 ; ce n'est pas l'historique réel de Bernard.
2025-06-08,125.35580159372617,100.0,0.03,Composition actuelle de Bernard (simulation),Simulation de la composition connue au 07/09/2026 ; ce n'est pas l'historique réel de Bernard.
2025-06-09,125.71599534478179,100.0,0.03,Composition actuelle de Bernard (simulation),Simulation de la composition connue au 07/09/2026 ; ce n'est pas l'historique réel de Bernard.
2025-06-10,125.56702088540925,100.0,0.03,Composition actuelle de Bernard (simulation),Simulation de la composition connue au 07/09/2026 ; ce n'est pas l'historique réel de Bernard.
2025-06-11,125.9261158498375,100.0,0.03,Composition actuelle de Bernard (simulation),Simulation de la composition connue au 07/09/2026 ; ce n'est pas l'historique réel de Bernard.
2025-06-12,125.48185706027391,100.0,0.03,Composition actuelle de Bernard (simulation),Simulation de la composition connue au 07/09/2026 ; ce n'est pas l'historique réel de Bernard.
2025-06-13,124.74965876831314,100.0,0.03,Composition actuelle de Bernard (simulation),Simulation de la composition connue au 07/09/2026 ; ce n'est pas l'historique réel de Bernard.
2025-06-14,124.75498149299091,100.0,0.03,Composition actuelle de Bernard (simulation),Simulation de la composition connue au 07/09/2026 ; ce n'est pas l'historique réel de Bernard.
2025-06-15,124.76030464873644,100.0,0.03,Composition actuelle de Bernard (simulation),Simulation de la composition connue au 07/09/2026 ; ce n'est pas l'historique réel de Bernard.
2025-06-16,125.77311587132058,100.0,0.03,Composition actuelle de Bernard (simulation),Simulation de la composition connue au 07/09/2026 ; ce n'est pas l'historique réel de Bernard.
2025-06-17,125.2288820801741,100.0,0.03,Composition actuelle de Bernard (simulation),Simulation de la composition connue au 07/09/2026 ; ce n'est pas l'historique réel de Bernard.
2025-06-18,125.53980698407263,100.0,0.03,Composition actuelle de Bernard (simulation),Simulation de la composition connue au 07/09/2026 ; ce n'est pas l'historique réel de Bernard.
2025-06-19,124.4581782833684,100.0,0.03,Composition actuelle de Bernard (simulation),Simulation de la composition connue au 07/09/2026 ; ce n'est pas l'historique réel de Bernard.
2025-06-20,124.79284020626385,100.0,0.03,Composition actuelle de Bernard (simulation),Simulation de la composition connue au 07/09/2026 ; ce n'est pas l'historique réel de Bernard.
2025-06-21,124.79816594914924,100.0,0.03,Composition actuelle de Bernard (simulation),Simulation de la composition connue au 07/09/2026 ; ce n'est pas l'historique réel de Bernard.
2025-06-22,124.8034921233468,100.0,0.03,Composition actuelle de Bernard (simulation),Simulation de la composition connue au 07/09/2026 ; ce n'est pas l'historique réel de Bernard.
2025-06-23,124.67367903342048,100.0,0.03,Composition actuelle de Bernard (simulation),Simulation de la composition connue au 07/09/2026 ; ce n'est pas l'historique réel de Bernard.
2025-06-24,125.80158052985469,100.0,0.03,Composition actuelle de Bernard (simulation),Simulation de la composition connue au 07/09/2026 ; ce n'est pas l'historique réel de Bernard.
2025-06-25,125.7532614813218,100.0,0.03,Composition actuelle de Bernard (simulation),Simulation de la composition connue au 07/09/2026 ; ce n'est pas l'historique réel de Bernard.
2025-06-26,126.1866691577535,100.0,0.03,Composition actuelle de Bernard (simulation),Simulation de la composition connue au 07/09/2026 ; ce n'est pas l'historique réel de Bernard.
2025-06-27,126.57167908563079,100.0,0.03,Composition actuelle de Bernard (simulation),Simulation de la composition connue au 07/09/2026 ; ce n'est pas l'historique réel de Bernard.
2025-06-28,126.57700784843524,100.0,0.03,Composition actuelle de Bernard (simulation),Simulation de la composition connue au 07/09/2026 ; ce n'est pas l'historique réel de Bernard.
2025-06-29,126.5823370427965,100.0,0.03,Composition actuelle de Bernard (simulation),Simulation de la composition connue au 07/09/2026 ; ce n'est pas l'historique réel de Bernard.
2025-06-30,126.3515579215732,100.0,0.03,Composition actuelle de Bernard (simulation),Simulation de la composition connue au 07/09/2026 ; ce n'est pas l'historique réel de Bernard.
2025-07-01,125.72117438266348,100.0,0.03,Composition actuelle de Bernard (simulation),Simulation de la composition connue au 07/09/2026 ; ce n'est pas l'historique réel de Bernard.
2025-07-02,126.7638282225036,100.0,0.03,Composition actuelle de Bernard (simulation),Simulation de la composition connue au 07/09/2026 ; ce n'est pas l'historique réel de Bernard.
2025-07-03,127.21662332377817,100.0,0.03,Composition actuelle de Bernard (simulation),Simulation de la composition connue au 07/09/2026 ; ce n'est pas l'historique réel de Bernard.
2025-07-04,126.63588209296131,100.0,0.03,Composition actuelle de Bernard (simulation),Simulation de la composition connue au 07/09/2026 ; ce n'est pas l'historique réel de Bernard.
2025-07-05,126.64121387739726,100.0,0.03,Composition actuelle de Bernard (simulation),Simulation de la composition connue au 07/09/2026 ; ce n'est pas l'historique réel de Bernard.
2025-07-06,126.6465460936347,100.0,0.03,Composition actuelle de Bernard (simulation),Simulation de la composition connue au 07/09/2026 ; ce n'est pas l'historique réel de Bernard.
2025-07-07,126.8732613767839,100.0,0.03,Composition actuelle de Bernard (simulation),Simulation de la composition connue au 07/09/2026 ; ce n'est pas l'historique réel de Bernard.
2025-07-08,127.45681609174329,100.0,0.03,Composition actuelle de Bernard (simulation),Simulation de la composition connue au 07/09/2026 ; ce n'est pas l'historique réel de Bernard.
2025-07-09,128.00262215356778,100.0,0.03,Composition actuelle de Bernard (simulation),Simulation de la composition connue au 07/09/2026 ; ce n'est pas l'historique réel de Bernard.
2025-07-10,128.5003839942027,100.0,0.03,Composition actuelle de Bernard (simulation),Simulation de la composition connue au 07/09/2026 ; ce n'est pas l'historique réel de Bernard.
2025-07-11,128.1304728675901,100.0,0.03,Composition actuelle de Bernard (simulation),Simulation de la composition connue au 07/09/2026 ; ce n'est pas l'historique réel de Bernard.
2025-07-12,128.13580767537096,100.0,0.03,Composition actuelle de Bernard (simulation),Simulation de la composition connue au 07/09/2026 ; ce n'est pas l'historique réel de Bernard.
2025-07-13,128.14114291519815,100.0,0.03,Composition actuelle de Bernard (simulation),Simulation de la composition connue au 07/09/2026 ; ce n'est pas l'historique réel de Bernard.
2025-07-14,127.973739522942,100.0,0.03,Composition actuelle de Bernard (simulation),Simulation de la composition connue au 07/09/2026 ; ce n'est pas l'historique réel de Bernard.
2025-07-15,128.04876088300242,100.0,0.03,Composition actuelle de Bernard (simulation),Simulation de la composition connue au 07/09/2026 ; ce n'est pas l'historique réel de Bernard.
2025-07-16,127.40649405854016,100.0,0.03,Composition actuelle de Bernard (simulation),Simulation de la composition connue au 07/09/2026 ; ce n'est pas l'historique réel de Bernard.
2025-07-17,128.10344114755657,100.0,0.03,Composition actuelle de Bernard (simulation),Simulation de la composition connue au 07/09/2026 ; ce n'est pas l'historique réel de Bernard.
2025-07-18,128.04299044568847,100.0,0.03,Composition actuelle de Bernard (simulation),Simulation de la composition connue au 07/09/2026 ; ce n'est pas l'historique réel de Bernard.
2025-07-19,128.0483282785286,100.0,0.03,Composition actuelle de Bernard (simulation),Simulation de la composition connue au 07/09/2026 ; ce n'est pas l'historique réel de Bernard.
2025-07-20,128.05366654366003,100.0,0.03,Composition actuelle de Bernard (simulation),Simulation de la composition connue au 07/09/2026 ; ce n'est pas l'historique réel de Bernard.
2025-07-21,128.56552253164958,100.0,0.03,Composition actuelle de Bernard (simulation),Simulation de la composition connue au 07/09/2026 ; ce n'est pas l'historique réel de Bernard.
2025-07-22,127.96705844683962,100.0,0.03,Composition actuelle de Bernard (simulation),Simulation de la composition connue au 07/09/2026 ; ce n'est pas l'historique réel de Bernard.
2025-07-23,128.33367578645064,100.0,0.03,Composition actuelle de Bernard (simulation),Simulation de la composition connue au 07/09/2026 ; ce n'est pas l'historique réel de Bernard.
2025-07-24,128.59684889998422,100.0,0.03,Composition actuelle de Bernard (simulation),Simulation de la composition connue au 07/09/2026 ; ce n'est pas l'historique réel de Bernard.
2025-07-25,128.41549327239397,100.0,0.03,Composition actuelle de Bernard (simulation),Simulation de la composition connue au 07/09/2026 ; ce n'est pas l'historique réel de Bernard.
2025-07-26,128.42083413200868,100.0,0.03,Composition actuelle de Bernard (simulation),Simulation de la composition connue au 07/09/2026 ; ce n'est pas l'historique réel de Bernard.
2025-07-27,128.42617542415985,100.0,0.03,Composition actuelle de Bernard (simulation),Simulation de la composition connue au 07/09/2026 ; ce n'est pas l'historique réel de Bernard.
2025-07-28,128.61031936764223,100.0,0.03,Composition actuelle de Bernard (simulation),Simulation de la composition connue au 07/09/2026 ; ce n'est pas l'historique réel de Bernard.
2025-07-29,129.14195104316323,100.0,0.03,Composition actuelle de Bernard (simulation),Simulation de la composition connue au 07/09/2026 ; ce n'est pas l'historique réel de Bernard.
2025-07-30,129.52027463110844,100.0,0.03,Composition actuelle de Bernard (simulation),Simulation de la composition connue au 07/09/2026 ; ce n'est pas l'historique réel de Bernard.
2025-07-31,129.34350334546204,100.0,0.03,Composition actuelle de Bernard (simulation),Simulation de la composition connue au 07/09/2026 ; ce n'est pas l'historique réel de Bernard.
2025-08-01,127.64206329102477,100.0,0.03,Composition actuelle de Bernard (simulation),Simulation de la composition connue au 07/09/2026 ; ce n'est pas l'historique réel de Bernard.
2025-08-02,127.64740717913034,100.0,0.03,Composition actuelle de Bernard (simulation),Simulation de la composition connue au 07/09/2026 ; ce n'est pas l'historique réel de Bernard.
2025-08-03,127.65275150001764,100.0,0.03,Composition actuelle de Bernard (simulation),Simulation de la composition connue au 07/09/2026 ; ce n'est pas l'historique réel de Bernard.
2025-08-04,128.22757987616578,100.0,0.03,Composition actuelle de Bernard (simulation),Simulation de la composition connue au 07/09/2026 ; ce n'est pas l'historique réel de Bernard.
2025-08-05,128.1995825274261,100.0,0.03,Composition actuelle de Bernard (simulation),Simulation de la composition connue au 07/09/2026 ; ce n'est pas l'historique réel de Bernard.
2025-08-06,128.3163411566869,100.0,0.03,Composition actuelle de Bernard (simulation),Simulation de la composition connue au 07/09/2026 ; ce n'est pas l'historique réel de Bernard.
2025-08-07,129.07874358979072,100.0,0.03,Composition actuelle de Bernard (simulation),Simulation de la composition connue au 07/09/2026 ; ce n'est pas l'historique réel de Bernard.
2025-08-08,129.7958688506285,100.0,0.03,Composition actuelle de Bernard (simulation),Simulation de la composition connue au 07/09/2026 ; ce n'est pas l'historique réel de Bernard.
2025-08-09,129.80121576894228,100.0,0.03,Composition actuelle de Bernard (simulation),Simulation de la composition connue au 07/09/2026 ; ce n'est pas l'historique réel de Bernard.
2025-08-10,129.8065631202832,100.0,0.03,Composition actuelle de Bernard (simulation),Simulation de la composition connue au 07/09/2026 ; ce n'est pas l'historique réel de Bernard.
2025-08-11,130.1272279284703,100.0,0.03,Composition actuelle de Bernard (simulation),Simulation de la composition connue au 07/09/2026 ; ce n'est pas l'historique réel de Bernard.
2025-08-12,130.6119901740722,100.0,0.03,Composition actuelle de Bernard (simulation),Simulation de la composition connue au 07/09/2026 ; ce n'est pas l'historique réel de Bernard.
2025-08-13,130.87848781583332,100.0,0.03,Composition actuelle de Bernard (simulation),Simulation de la composition connue au 07/09/2026 ; ce n'est pas l'historique réel de Bernard.
2025-08-14,131.00754823667572,100.0,0.03,Composition actuelle de Bernard (simulation),Simulation de la composition connue au 07/09/2026 ; ce n'est pas l'historique réel de Bernard.
2025-08-15,131.20190847031324,100.0,0.03,Composition actuelle de Bernard (simulation),Simulation de la composition connue au 07/09/2026 ; ce n'est pas l'historique réel de Bernard.
2025-08-16,131.20725842055344,100.0,0.03,Composition actuelle de Bernard (simulation),Simulation de la composition connue au 07/09/2026 ; ce n'est pas l'historique réel de Bernard.
2025-08-17,131.21260880406632,100.0,0.03,Composition actuelle de Bernard (simulation),Simulation de la composition connue au 07/09/2026 ; ce n'est pas l'historique réel de Bernard.
2025-08-18,130.8592641176746,100.0,0.03,Composition actuelle de Bernard (simulation),Simulation de la composition connue au 07/09/2026 ; ce n'est pas l'historique réel de Bernard.
2025-08-19,131.12708009116676,100.0,0.03,Composition actuelle de Bernard (simulation),Simulation de la composition connue au 07/09/2026 ; ce n'est pas l'historique réel de Bernard.
2025-08-20,130.42015060398225,100.0,0.03,Composition actuelle de Bernard (simulation),Simulation de la composition connue au 07/09/2026 ; ce n'est pas l'historique réel de Bernard.
2025-08-21,130.4698722056045,100.0,0.03,Composition actuelle de Bernard (simulation),Simulation de la composition connue au 07/09/2026 ; ce n'est pas l'historique réel de Bernard.
2025-08-22,131.41041236101674,100.0,0.03,Composition actuelle de Bernard (simulation),Simulation de la composition connue au 07/09/2026 ; ce n'est pas l'historique réel de Bernard.
2025-08-23,131.4157653449026,100.0,0.03,Composition actuelle de Bernard (simulation),Simulation de la composition connue au 07/09/2026 ; ce n'est pas l'historique réel de Bernard.
2025-08-24,131.42111876230683,100.0,0.03,Composition actuelle de Bernard (simulation),Simulation de la composition connue au 07/09/2026 ; ce n'est pas l'historique réel de Bernard.
2025-08-25,131.14194505822277,100.0,0.03,Composition actuelle de Bernard (simulation),Simulation de la composition connue au 07/09/2026 ; ce n'est pas l'historique réel de Bernard.
2025-08-26,130.6894914704928,100.0,0.03,Composition actuelle de Bernard (simulation),Simulation de la composition connue au 07/09/2026 ; ce n'est pas l'historique réel de Bernard.
2025-08-27,130.3336571691677,100.0,0.03,Composition actuelle de Bernard (simulation),Simulation de la composition connue au 07/09/2026 ; ce n'est pas l'historique réel de Bernard.
2025-08-28,130.62604092867232,100.0,0.03,Composition actuelle de Bernard (simulation),Simulation de la composition connue au 07/09/2026 ; ce n'est pas l'historique réel de Bernard.
2025-08-29,129.9789287528137,100.0,0.03,Composition actuelle de Bernard (simulation),Simulation de la composition connue au 07/09/2026 ; ce n'est pas l'historique réel de Bernard.
2025-08-30,129.98428477206542,100.0,0.03,Composition actuelle de Bernard (simulation),Simulation de la composition connue au 07/09/2026 ; ce n'est pas l'historique réel de Bernard.
2025-08-31,129.98964122508133,100.0,0.03,Composition actuelle de Bernard (simulation),Simulation de la composition connue au 07/09/2026 ; ce n'est pas l'historique réel de Bernard.
2025-09-01,130.11788966698614,100.0,0.03,Composition actuelle de Bernard (simulation),Simulation de la composition connue au 07/09/2026 ; ce n'est pas l'historique réel de Bernard.
2025-09-02,128.8940362635795,100.0,0.03,Composition actuelle de Bernard (simulation),Simulation de la composition connue au 07/09/2026 ; ce n'est pas l'historique réel de Bernard.
2025-09-03,129.53635512176766,100.0,0.03,Composition actuelle de Bernard (simulation),Simulation de la composition connue au 07/09/2026 ; ce n'est pas l'historique réel de Bernard.
2025-09-04,129.93027199783785,100.0,0.03,Composition actuelle de Bernard (simulation),Simulation de la composition connue au 07/09/2026 ; ce n'est pas l'historique réel de Bernard.
2025-09-05,130.26984850826415,100.0,0.03,Composition actuelle de Bernard (simulation),Simulation de la composition connue au 07/09/2026 ; ce n'est pas l'historique réel de Bernard.
2025-09-06,130.27520756460294,100.0,0.03,Composition actuelle de Bernard (simulation),Simulation de la composition connue au 07/09/2026 ; ce n'est pas l'historique réel de Bernard.
2025-09-07,130.28056705495183,100.0,0.03,Composition actuelle de Bernard (simulation),Simulation de la composition connue au 07/09/2026 ; ce n'est pas l'historique réel de Bernard.
2025-09-08,130.88127093053242,100.0,0.03,Composition actuelle de Bernard (simulation),Simulation de la composition connue au 07/09/2026 ; ce n'est pas l'historique réel de Bernard.
2025-09-09,130.93053541981138,100.0,0.03,Composition actuelle de Bernard (simulation),Simulation de la composition connue au 07/09/2026 ; ce n'est pas l'historique réel de Bernard.
2025-09-10,131.89690345462438,100.0,0.03,Composition actuelle de Bernard (simulation),Simulation de la composition connue au 07/09/2026 ; ce n'est pas l'historique réel de Bernard.
2025-09-11,132.46209001496553,100.0,0.03,Composition actuelle de Bernard (simulation),Simulation de la composition connue au 07/09/2026 ; ce n'est pas l'historique réel de Bernard.
2025-09-12,132.43583133218374,100.0,0.03,Composition actuelle de Bernard (simulation),Simulation de la composition connue au 07/09/2026 ; ce n'est pas l'historique réel de Bernard.
2025-09-13,132.4411934273317,100.0,0.03,Composition actuelle de Bernard (simulation),Simulation de la composition connue au 07/09/2026 ; ce n'est pas l'historique réel de Bernard.
2025-09-14,132.44655595673592,100.0,0.03,Composition actuelle de Bernard (simulation),Simulation de la composition connue au 07/09/2026 ; ce n'est pas l'historique réel de Bernard.
2025-09-15,132.88422630494367,100.0,0.03,Composition actuelle de Bernard (simulation),Simulation de la composition connue au 07/09/2026 ; ce n'est pas l'historique réel de Bernard.
2025-09-16,132.5029675862761,100.0,0.03,Composition actuelle de Bernard (simulation),Simulation de la composition connue au 07/09/2026 ; ce n'est pas l'historique réel de Bernard.
2025-09-17,132.0071108059903,100.0,0.03,Composition actuelle de Bernard (simulation),Simulation de la composition connue au 07/09/2026 ; ce n'est pas l'historique réel de Bernard.
2025-09-18,133.1824931767969,100.0,0.03,Composition actuelle de Bernard (simulation),Simulation de la composition connue au 07/09/2026 ; ce n'est pas l'historique réel de Bernard.
2025-09-19,133.29906068097267,100.0,0.03,Composition actuelle de Bernard (simulation),Simulation de la composition connue au 07/09/2026 ; ce n'est pas l'historique réel de Bernard.
2025-09-20,133.30442581665298,100.0,0.03,Composition actuelle de Bernard (simulation),Simulation de la composition connue au 07/09/2026 ; ce n'est pas l'historique réel de Bernard.
2025-09-21,133.30979138683577,100.0,0.03,Composition actuelle de Bernard (simulation),Simulation de la composition connue au 07/09/2026 ; ce n'est pas l'historique réel de Bernard.
2025-09-22,133.78843688753125,100.0,0.03,Composition actuelle de Bernard (simulation),Simulation de la composition connue au 07/09/2026 ; ce n'est pas l'historique réel de Bernard.
2025-09-23,134.14555493597396,100.0,0.03,Composition actuelle de Bernard (simulation),Simulation de la composition connue au 07/09/2026 ; ce n'est pas l'historique réel de Bernard.
2025-09-24,134.0272479249844,100.0,0.03,Composition actuelle de Bernard (simulation),Simulation de la composition connue au 07/09/2026 ; ce n'est pas l'historique réel de Bernard.
2025-09-25,133.86795538445736,100.0,0.03,Composition actuelle de Bernard (simulation),Simulation de la composition connue au 07/09/2026 ; ce n'est pas l'historique réel de Bernard.
2025-09-26,134.43046007750434,100.0,0.03,Composition actuelle de Bernard (simulation),Simulation de la composition connue au 07/09/2026 ; ce n'est pas l'historique réel de Bernard.
2025-09-27,134.43582825544107,100.0,0.03,Composition actuelle de Bernard (simulation),Simulation de la composition connue au 07/09/2026 ; ce n'est pas l'historique réel de Bernard.
2025-09-28,134.44119686812667,100.0,0.03,Composition actuelle de Bernard (simulation),Simulation de la composition connue au 07/09/2026 ; ce n'est pas l'historique réel de Bernard.
2025-09-29,134.6306042919255,100.0,0.03,Composition actuelle de Bernard (simulation),Simulation de la composition connue au 07/09/2026 ; ce n'est pas l'historique réel de Bernard.
2025-09-30,134.4918905127813,100.0,0.03,Composition actuelle de Bernard (simulation),Simulation de la composition connue au 07/09/2026 ; ce n'est pas l'historique réel de Bernard.
2025-10-01,135.52196428845986,100.0,0.03,Composition actuelle de Bernard (simulation),Simulation de la composition connue au 07/09/2026 ; ce n'est pas l'historique réel de Bernard.
2025-10-02,136.10948137762284,100.0,0.03,Composition actuelle de Bernard (simulation),Simulation de la composition connue au 07/09/2026 ; ce n'est pas l'historique réel de Bernard.
2025-10-03,136.84089736378144,100.0,0.03,Composition actuelle de Bernard (simulation),Simulation de la composition connue au 07/09/2026 ; ce n'est pas l'historique réel de Bernard.
2025-10-04,136.84626858569973,100.0,0.03,Composition actuelle de Bernard (simulation),Simulation de la composition connue au 07/09/2026 ; ce n'est pas l'historique réel de Bernard.
2025-10-05,136.8516402426134,100.0,0.03,Composition actuelle de Bernard (simulation),Simulation de la composition connue au 07/09/2026 ; ce n'est pas l'historique réel de Bernard.
2025-10-06,137.39594264889155,100.0,0.03,Composition actuelle de Bernard (simulation),Simulation de la composition connue au 07/09/2026 ; ce n'est pas l'historique réel de Bernard.
2025-10-07,136.65285886474877,100.0,0.03,Composition actuelle de Bernard (simulation),Simulation de la composition connue au 07/09/2026 ; ce n'est pas l'historique réel de Bernard.
2025-10-08,137.94900889824336,100.0,0.03,Composition actuelle de Bernard (simulation),Simulation de la composition connue au 07/09/2026 ; ce n'est pas l'historique réel de Bernard.
2025-10-09,137.72673717813163,100.0,0.03,Composition actuelle de Bernard (simulation),Simulation de la composition connue au 07/09/2026 ; ce n'est pas l'historique réel de Bernard.
2025-10-10,135.99370053080176,100.0,0.03,Composition actuelle de Bernard (simulation),Simulation de la composition connue au 07/09/2026 ; ce n'est pas l'historique réel de Bernard.
2025-10-11,135.99907479842764,100.0,0.03,Composition actuelle de Bernard (simulation),Simulation de la composition connue au 07/09/2026 ; ce n'est pas l'historique réel de Bernard.
2025-10-12,136.00444950129557,100.0,0.03,Composition actuelle de Bernard (simulation),Simulation de la composition connue au 07/09/2026 ; ce n'est pas l'historique réel de Bernard.
2025-10-13,136.89096627609274,100.0,0.03,Composition actuelle de Bernard (simulation),Simulation de la composition connue au 07/09/2026 ; ce n'est pas l'historique réel de Bernard.
2025-10-14,136.3897764928895,100.0,0.03,Composition actuelle de Bernard (simulation),Simulation de la composition connue au 07/09/2026 ; ce n'est pas l'historique réel de Bernard.
2025-10-15,137.07023433761708,100.0,0.03,Composition actuelle de Bernard (simulation),Simulation de la composition connue au 07/09/2026 ; ce n'est pas l'historique réel de Bernard.
2025-10-16,137.5147899967375,100.0,0.03,Composition actuelle de Bernard (simulation),Simulation de la composition connue au 07/09/2026 ; ce n'est pas l'historique réel de Bernard.
2025-10-17,136.15927637264147,100.0,0.03,Composition actuelle de Bernard (simulation),Simulation de la composition connue au 07/09/2026 ; ce n'est pas l'historique réel de Bernard.
2025-10-18,136.16465368770199,100.0,0.03,Composition actuelle de Bernard (simulation),Simulation de la composition connue au 07/09/2026 ; ce n'est pas l'historique réel de Bernard.
2025-10-19,136.17003143825136,100.0,0.03,Composition actuelle de Bernard (simulation),Simulation de la composition connue au 07/09/2026 ; ce n'est pas l'historique réel de Bernard.
2025-10-20,137.72760345879064,100.0,0.03,Composition actuelle de Bernard (simulation),Simulation de la composition connue au 07/09/2026 ; ce n'est pas l'historique réel de Bernard.
2025-10-21,137.36835661089927,100.0,0.03,Composition actuelle de Bernard (simulation),Simulation de la composition connue au 07/09/2026 ; ce n'est pas l'historique réel de Bernard.
2025-10-22,137.0198399647265,100.0,0.03,Composition actuelle de Bernard (simulation),Simulation de la composition connue au 07/09/2026 ; ce n'est pas l'historique réel de Bernard.
2025-10-23,137.4837610980572,100.0,0.03,Composition actuelle de Bernard (simulation),Simulation de la composition connue au 07/09/2026 ; ce n'est pas l'historique réel de Bernard.
2025-10-24,138.07431540102505,100.0,0.03,Composition actuelle de Bernard (simulation),Simulation de la composition connue au 07/09/2026 ; ce n'est pas l'historique réel de Bernard.
2025-10-25,138.0796957652482,100.0,0.03,Composition actuelle de Bernard (simulation),Simulation de la composition connue au 07/09/2026 ; ce n'est pas l'historique réel de Bernard.
2025-10-26,138.08507656520717,100.0,0.03,Composition actuelle de Bernard (simulation),Simulation de la composition connue au 07/09/2026 ; ce n'est pas l'historique réel de Bernard.
2025-10-27,139.0362445775151,100.0,0.03,Composition actuelle de Bernard (simulation),Simulation de la composition connue au 07/09/2026 ; ce n'est pas l'historique réel de Bernard.
2025-10-28,139.28429446287234,100.0,0.03,Composition actuelle de Bernard (simulation),Simulation de la composition connue au 07/09/2026 ; ce n'est pas l'historique réel de Bernard.
2025-10-29,140.0672203319397,100.0,0.03,Composition actuelle de Bernard (simulation),Simulation de la composition connue au 07/09/2026 ; ce n'est pas l'historique réel de Bernard.
2025-10-30,139.857697143561,100.0,0.03,Composition actuelle de Bernard (simulation),Simulation de la composition connue au 07/09/2026 ; ce n'est pas l'historique réel de Bernard.
2025-10-31,139.82122852049113,100.0,0.03,Composition actuelle de Bernard (simulation),Simulation de la composition connue au 07/09/2026 ; ce n'est pas l'historique réel de Bernard.
2025-11-01,139.82661193560597,100.0,0.03,Composition actuelle de Bernard (simulation),Simulation de la composition connue au 07/09/2026 ; ce n'est pas l'historique réel de Bernard.
2025-11-02,139.83199578670366,100.0,0.03,Composition actuelle de Bernard (simulation),Simulation de la composition connue au 07/09/2026 ; ce n'est pas l'historique réel de Bernard.
2025-11-03,140.12172130793485,100.0,0.03,Composition actuelle de Bernard (simulation),Simulation de la composition connue au 07/09/2026 ; ce n'est pas l'historique réel de Bernard.
2025-11-04,139.43217415321686,100.0,0.03,Composition actuelle de Bernard (simulation),Simulation de la composition connue au 07/09/2026 ; ce n'est pas l'historique réel de Bernard.
2025-11-05,139.60891863990216,100.0,0.03,Composition actuelle de Bernard (simulation),Simulation de la composition connue au 07/09/2026 ; ce n'est pas l'historique réel de Bernard.
2025-11-06,139.19646501708897,100.0,0.03,Composition actuelle de Bernard (simulation),Simulation de la composition connue au 07/09/2026 ; ce n'est pas l'historique réel de Bernard.
2025-11-07,138.19140604915754,100.0,0.03,Composition actuelle de Bernard (simulation),Simulation de la composition connue au 07/09/2026 ; ce n'est pas l'historique réel de Bernard.
2025-11-08,138.19679251689402,100.0,0.03,Composition actuelle de Bernard (simulation),Simulation de la composition connue au 07/09/2026 ; ce n'est pas l'historique réel de Bernard.
2025-11-09,138.2021794208606,100.0,0.03,Composition actuelle de Bernard (simulation),Simulation de la composition connue au 07/09/2026 ; ce n'est pas l'historique réel de Bernard.
2025-11-10,140.17035339864285,100.0,0.03,Composition actuelle de Bernard (simulation),Simulation de la composition connue au 07/09/2026 ; ce n'est pas l'historique réel de Bernard.
2025-11-11,140.3990884532005,100.0,0.03,Composition actuelle de Bernard (simulation),Simulation de la composition connue au 07/09/2026 ; ce n'est pas l'historique réel de Bernard.
2025-11-12,141.34530655638434,100.0,0.03,Composition actuelle de Bernard (simulation),Simulation de la composition connue au 07/09/2026 ; ce n'est pas l'historique réel de Bernard.
2025-11-13,140.63957541209567,100.0,0.03,Composition actuelle de Bernard (simulation),Simulation de la composition connue au 07/09/2026 ; ce n'est pas l'historique réel de Bernard.
2025-11-14,139.88369150951675,100.0,0.03,Composition actuelle de Bernard (simulation),Simulation de la composition connue au 07/09/2026 ; ce n'est pas l'historique réel de Bernard.
2025-11-15,139.88908103160585,100.0,0.03,Composition actuelle de Bernard (simulation),Simulation de la composition connue au 07/09/2026 ; ce n'est pas l'historique réel de Bernard.
2025-11-16,139.89447099017238,100.0,0.03,Composition actuelle de Bernard (simulation),Simulation de la composition connue au 07/09/2026 ; ce n'est pas l'historique réel de Bernard.
2025-11-17,139.32829341103536,100.0,0.03,Composition actuelle de Bernard (simulation),Simulation de la composition connue au 07/09/2026 ; ce n'est pas l'historique réel de Bernard.
2025-11-18,137.81996319048332,100.0,0.03,Composition actuelle de Bernard (simulation),Simulation de la composition connue au 07/09/2026 ; ce n'est pas l'historique réel de Bernard.
2025-11-19,138.26696620436465,100.0,0.03,Composition actuelle de Bernard (simulation),Simulation de la composition connue au 07/09/2026 ; ce n'est pas l'historique réel de Bernard.
2025-11-20,138.7585420525749,100.0,0.03,Composition actuelle de Bernard (simulation),Simulation de la composition connue au 07/09/2026 ; ce n'est pas l'historique réel de Bernard.
2025-11-21,137.09572731804036,100.0,0.03,Composition actuelle de Bernard (simulation),Simulation de la composition connue au 07/09/2026 ; ce n'est pas l'historique réel de Bernard.
2025-11-22,137.10111989621402,100.0,0.03,Composition actuelle de Bernard (simulation),Simulation de la composition connue au 07/09/2026 ; ce n'est pas l'historique réel de Bernard.
2025-11-23,137.10651291111262,100.0,0.03,Composition actuelle de Bernard (simulation),Simulation de la composition connue au 07/09/2026 ; ce n'est pas l'historique réel de Bernard.
2025-11-24,138.72008330795578,100.0,0.03,Composition actuelle de Bernard (simulation),Simulation de la composition connue au 07/09/2026 ; ce n'est pas l'historique réel de Bernard.
2025-11-25,139.29221958932192,100.0,0.03,Composition actuelle de Bernard (simulation),Simulation de la composition connue au 07/09/2026 ; ce n'est pas l'historique réel de Bernard.
2025-11-26,140.76330867522194,100.0,0.03,Composition actuelle de Bernard (simulation),Simulation de la composition connue au 07/09/2026 ; ce n'est pas l'historique réel de Bernard.
2025-11-27,140.58453439173672,100.0,0.03,Composition actuelle de Bernard (simulation),Simulation de la composition connue au 07/09/2026 ; ce n'est pas l'historique réel de Bernard.
2025-11-28,141.0445727658294,100.0,0.03,Composition actuelle de Bernard (simulation),Simulation de la composition connue au 07/09/2026 ; ce n'est pas l'historique réel de Bernard.
2025-11-29,141.04996840182054,100.0,0.03,Composition actuelle de Bernard (simulation),Simulation de la composition connue au 07/09/2026 ; ce n'est pas l'historique réel de Bernard.
2025-11-30,141.05536447478426,100.0,0.03,Composition actuelle de Bernard (simulation),Simulation de la composition connue au 07/09/2026 ; ce n'est pas l'historique réel de Bernard.
2025-12-01,141.13789796219737,100.0,0.03,Composition actuelle de Bernard (simulation),Simulation de la composition connue au 07/09/2026 ; ce n'est pas l'historique réel de Bernard.
2025-12-02,141.4393144943372,100.0,0.03,Composition actuelle de Bernard (simulation),Simulation de la composition connue au 07/09/2026 ; ce n'est pas l'historique réel de Bernard.
2025-12-03,141.58690715510053,100.0,0.03,Composition actuelle de Bernard (simulation),Simulation de la composition connue au 07/09/2026 ; ce n'est pas l'historique réel de Bernard.
2025-12-04,141.85704724767842,100.0,0.03,Composition actuelle de Bernard (simulation),Simulation de la composition connue au 07/09/2026 ; ce n'est pas l'historique réel de Bernard.
2025-12-05,142.03281123887348,100.0,0.03,Composition actuelle de Bernard (simulation),Simulation de la composition connue au 07/09/2026 ; ce n'est pas l'historique réel de Bernard.
2025-12-06,142.03820993441602,100.0,0.03,Composition actuelle de Bernard (simulation),Simulation de la composition connue au 07/09/2026 ; ce n'est pas l'historique réel de Bernard.
2025-12-07,142.04360906717892,100.0,0.03,Composition actuelle de Bernard (simulation),Simulation de la composition connue au 07/09/2026 ; ce n'est pas l'historique réel de Bernard.
2025-12-08,142.29220669361652,100.0,0.03,Composition actuelle de Bernard (simulation),Simulation de la composition connue au 07/09/2026 ; ce n'est pas l'historique réel de Bernard.
2025-12-09,142.7478517295512,100.0,0.03,Composition actuelle de Bernard (simulation),Simulation de la composition connue au 07/09/2026 ; ce n'est pas l'historique réel de Bernard.
2025-12-10,142.9761471442742,100.0,0.03,Composition actuelle de Bernard (simulation),Simulation de la composition connue au 07/09/2026 ; ce n'est pas l'historique réel de Bernard.
2025-12-11,143.02336887229774,100.0,0.03,Composition actuelle de Bernard (simulation),Simulation de la composition connue au 07/09/2026 ; ce n'est pas l'historique réel de Bernard.
2025-12-12,142.0129218780914,100.0,0.03,Composition actuelle de Bernard (simulation),Simulation de la composition connue au 07/09/2026 ; ce n'est pas l'historique réel de Bernard.
2025-12-13,142.0183236349202,100.0,0.03,Composition actuelle de Bernard (simulation),Simulation de la composition connue au 07/09/2026 ; ce n'est pas l'historique réel de Bernard.
2025-12-14,142.0237258292173,100.0,0.03,Composition actuelle de Bernard (simulation),Simulation de la composition connue au 07/09/2026 ; ce n'est pas l'historique réel de Bernard.
2025-12-15,142.51096886310387,100.0,0.03,Composition actuelle de Bernard (simulation),Simulation de la composition connue au 07/09/2026 ; ce n'est pas l'historique réel de Bernard.
2025-12-16,141.75902588973997,100.0,0.03,Composition actuelle de Bernard (simulation),Simulation de la composition connue au 07/09/2026 ; ce n'est pas l'historique réel de Bernard.
2025-12-17,141.2988352532678,100.0,0.03,Composition actuelle de Bernard (simulation),Simulation de la composition connue au 07/09/2026 ; ce n'est pas l'historique réel de Bernard.
2025-12-18,142.3409656994612,100.0,0.03,Composition actuelle de Bernard (simulation),Simulation de la composition connue au 07/09/2026 ; ce n'est pas l'historique réel de Bernard.
2025-12-19,142.77560289069226,100.0,0.03,Composition actuelle de Bernard (simulation),Simulation de la composition connue au 07/09/2026 ; ce n'est pas l'historique réel de Bernard.
2025-12-20,142.78100771054324,100.0,0.03,Composition actuelle de Bernard (simulation),Simulation de la composition connue au 07/09/2026 ; ce n'est pas l'historique réel de Bernard.
2025-12-21,142.7864129681106,100.0,0.03,Composition actuelle de Bernard (simulation),Simulation de la composition connue au 07/09/2026 ; ce n'est pas l'historique réel de Bernard.
2025-12-22,143.23067764456317,100.0,0.03,Composition actuelle de Bernard (simulation),Simulation de la composition connue au 07/09/2026 ; ce n'est pas l'historique réel de Bernard.
2025-12-23,143.30531802306413,100.0,0.03,Composition actuelle de Bernard (simulation),Simulation de la composition connue au 07/09/2026 ; ce n'est pas l'historique réel de Bernard.
2025-12-24,143.44682407008654,100.0,0.03,Composition actuelle de Bernard (simulation),Simulation de la composition connue au 07/09/2026 ; ce n'est pas l'historique réel de Bernard.
2025-12-25,143.45223107887384,100.0,0.03,Composition actuelle de Bernard (simulation),Simulation de la composition connue au 07/09/2026 ; ce n'est pas l'historique réel de Bernard.
2025-12-26,143.45763852555473,100.0,0.03,Composition actuelle de Bernard (simulation),Simulation de la composition connue au 07/09/2026 ; ce n'est pas l'historique réel de Bernard.
2025-12-27,143.46304641016474,100.0,0.03,Composition actuelle de Bernard (simulation),Simulation de la composition connue au 07/09/2026 ; ce n'est pas l'historique réel de Bernard.
2025-12-28,143.46845473273933,100.0,0.03,Composition actuelle de Bernard (simulation),Simulation de la composition connue au 07/09/2026 ; ce n'est pas l'historique réel de Bernard.
2025-12-29,143.63963191813247,100.0,0.03,Composition actuelle de Bernard (simulation),Simulation de la composition connue au 07/09/2026 ; ce n'est pas l'historique réel de Bernard.
2025-12-30,144.3579481411365,100.0,0.03,Composition actuelle de Bernard (simulation),Simulation de la composition connue au 07/09/2026 ; ce n'est pas l'historique réel de Bernard.
2025-12-31,144.23084392175062,100.0,0.03,Composition actuelle de Bernard (simulation),Simulation de la composition connue au 07/09/2026 ; ce n'est pas l'historique réel de Bernard.
2026-01-01,144.23625399653815,100.0,0.03,Composition actuelle de Bernard (simulation),Simulation de la composition connue au 07/09/2026 ; ce n'est pas l'historique réel de Bernard.
2026-01-02,145.39166182842393,100.0,0.03,Composition actuelle de Bernard (simulation),Simulation de la composition connue au 07/09/2026 ; ce n'est pas l'historique réel de Bernard.
2026-01-03,145.3970727795308,100.0,0.03,Composition actuelle de Bernard (simulation),Simulation de la composition connue au 07/09/2026 ; ce n'est pas l'historique réel de Bernard.
2026-01-04,145.4024841688506,100.0,0.03,Composition actuelle de Bernard (simulation),Simulation de la composition connue au 07/09/2026 ; ce n'est pas l'historique réel de Bernard.
2026-01-05,146.58924910484262,100.0,0.03,Composition actuelle de Bernard (simulation),Simulation de la composition connue au 07/09/2026 ; ce n'est pas l'historique réel de Bernard.
2026-01-06,147.1833757828537,100.0,0.03,Composition actuelle de Bernard (simulation),Simulation de la composition connue au 07/09/2026 ; ce n'est pas l'historique réel de Bernard.
2026-01-07,147.5109648498542,100.0,0.03,Composition actuelle de Bernard (simulation),Simulation de la composition connue au 07/09/2026 ; ce n'est pas l'historique réel de Bernard.
2026-01-08,146.7274696782167,100.0,0.03,Composition actuelle de Bernard (simulation),Simulation de la composition connue au 07/09/2026 ; ce n'est pas l'historique réel de Bernard.
2026-01-09,147.91047644170777,100.0,0.03,Composition actuelle de Bernard (simulation),Simulation de la composition connue au 07/09/2026 ; ce n'est pas l'historique réel de Bernard.
2026-01-10,147.91589046105037,100.0,0.03,Composition actuelle de Bernard (simulation),Simulation de la composition connue au 07/09/2026 ; ce n'est pas l'historique réel de Bernard.
2026-01-11,147.92130491885433,100.0,0.03,Composition actuelle de Bernard (simulation),Simulation de la composition connue au 07/09/2026 ; ce n'est pas l'historique réel de Bernard.
2026-01-12,148.6951513892772,100.0,0.03,Composition actuelle de Bernard (simulation),Simulation de la composition connue au 07/09/2026 ; ce n'est pas l'historique réel de Bernard.
2026-01-13,149.04226953019645,100.0,0.03,Composition actuelle de Bernard (simulation),Simulation de la composition connue au 07/09/2026 ; ce n'est pas l'historique réel de Bernard.
2026-01-14,149.06222609951692,100.0,0.03,Composition actuelle de Bernard (simulation),Simulation de la composition connue au 07/09/2026 ; ce n'est pas l'historique réel de Bernard.
2026-01-15,150.24745839377323,100.0,0.03,Composition actuelle de Bernard (simulation),Simulation de la composition connue au 07/09/2026 ; ce n'est pas l'historique réel de Bernard.
2026-01-16,150.16987718389274,100.0,0.03,Composition actuelle de Bernard (simulation),Simulation de la composition connue au 07/09/2026 ; ce n'est pas l'historique réel de Bernard.
2026-01-17,150.17529427321085,100.0,0.03,Composition actuelle de Bernard (simulation),Simulation de la composition connue au 07/09/2026 ; ce n'est pas l'historique réel de Bernard.
2026-01-18,150.18071180123897,100.0,0.03,Composition actuelle de Bernard (simulation),Simulation de la composition connue au 07/09/2026 ; ce n'est pas l'historique réel de Bernard.
2026-01-19,149.3817089204998,100.0,0.03,Composition actuelle de Bernard (simulation),Simulation de la composition connue au 07/09/2026 ; ce n'est pas l'historique réel de Bernard.
2026-01-20,149.08825768993182,100.0,0.03,Composition actuelle de Bernard (simulation),Simulation de la composition connue au 07/09/2026 ; ce n'est pas l'historique réel de Bernard.
2026-01-21,149.9864324890227,100.0,0.03,Composition actuelle de Bernard (simulation),Simulation de la composition connue au 07/09/2026 ; ce n'est pas l'historique réel de Bernard.
2026-01-22,151.67003693119244,100.0,0.03,Composition actuelle de Bernard (simulation),Simulation de la composition connue au 07/09/2026 ; ce n'est pas l'historique réel de Bernard.
2026-01-23,150.9995577663003,100.0,0.03,Composition actuelle de Bernard (simulation),Simulation de la composition connue au 07/09/2026 ; ce n'est pas l'historique réel de Bernard.
2026-01-24,151.00497792733478,100.0,0.03,Composition actuelle de Bernard (simulation),Simulation de la composition connue au 07/09/2026 ; ce n'est pas l'historique réel de Bernard.
2026-01-25,151.010398527328,100.0,0.03,Composition actuelle de Bernard (simulation),Simulation de la composition connue au 07/09/2026 ; ce n'est pas l'historique réel de Bernard.
2026-01-26,150.98423447288934,100.0,0.03,Composition actuelle de Bernard (simulation),Simulation de la composition connue au 07/09/2026 ; ce n'est pas l'historique réel de Bernard.
2026-01-27,152.20985998838518,100.0,0.03,Composition actuelle de Bernard (simulation),Simulation de la composition connue au 07/09/2026 ; ce n'est pas l'historique réel de Bernard.
2026-01-28,152.16314965611915,100.0,0.03,Composition actuelle de Bernard (simulation),Simulation de la composition connue au 07/09/2026 ; ce n'est pas l'historique réel de Bernard.
2026-01-29,151.26798733429922,100.0,0.03,Composition actuelle de Bernard (simulation),Simulation de la composition connue au 07/09/2026 ; ce n'est pas l'historique réel de Bernard.
2026-01-30,151.63443390354178,100.0,0.03,Composition actuelle de Bernard (simulation),Simulation de la composition connue au 07/09/2026 ; ce n'est pas l'historique réel de Bernard.
2026-01-31,151.63985713803436,100.0,0.03,Composition actuelle de Bernard (simulation),Simulation de la composition connue au 07/09/2026 ; ce n'est pas l'historique réel de Bernard.
2026-02-01,151.64528081173464,100.0,0.03,Composition actuelle de Bernard (simulation),Simulation de la composition connue au 07/09/2026 ; ce n'est pas l'historique réel de Bernard.
2026-02-02,152.748989443945,100.0,0.03,Composition actuelle de Bernard (simulation),Simulation de la composition connue au 07/09/2026 ; ce n'est pas l'historique réel de Bernard.
2026-02-03,153.26476680974437,100.0,0.03,Composition actuelle de Bernard (simulation),Simulation de la composition connue au 07/09/2026 ; ce n'est pas l'historique réel de Bernard.
2026-02-04,151.4743511172647,100.0,0.03,Composition actuelle de Bernard (simulation),Simulation de la composition connue au 07/09/2026 ; ce n'est pas l'historique réel de Bernard.
2026-02-05,150.77805558317965,100.0,0.03,Composition actuelle de Bernard (simulation),Simulation de la composition connue au 07/09/2026 ; ce n'est pas l'historique réel de Bernard.
2026-02-06,152.78838452412145,100.0,0.03,Composition actuelle de Bernard (simulation),Simulation de la composition connue au 07/09/2026 ; ce n'est pas l'historique réel de Bernard.
2026-02-07,152.79381083381494,100.0,0.03,Composition actuelle de Bernard (simulation),Simulation de la composition connue au 07/09/2026 ; ce n'est pas l'historique réel de Bernard.
2026-02-08,152.79923758296513,100.0,0.03,Composition actuelle de Bernard (simulation),Simulation de la composition connue au 07/09/2026 ; ce n'est pas l'historique réel de Bernard.
2026-02-09,154.1338840544566,100.0,0.03,Composition actuelle de Bernard (simulation),Simulation de la composition connue au 07/09/2026 ; ce n'est pas l'historique réel de Bernard.
2026-02-10,153.94443903293595,100.0,0.03,Composition actuelle de Bernard (simulation),Simulation de la composition connue au 07/09/2026 ; ce n'est pas l'historique réel de Bernard.
2026-02-11,154.89249428744895,100.0,0.03,Composition actuelle de Bernard (simulation),Simulation de la composition connue au 07/09/2026 ; ce n'est pas l'historique réel de Bernard.
2026-02-12,153.30198059650832,100.0,0.03,Composition actuelle de Bernard (simulation),Simulation de la composition connue au 07/09/2026 ; ce n'est pas l'historique réel de Bernard.
2026-02-13,152.95856643722686,100.0,0.03,Composition actuelle de Bernard (simulation),Simulation de la composition connue au 07/09/2026 ; ce n'est pas l'historique réel de Bernard.
2026-02-14,152.96399582386502,100.0,0.03,Composition actuelle de Bernard (simulation),Simulation de la composition connue au 07/09/2026 ; ce n'est pas l'historique réel de Bernard.
2026-02-15,152.96942565020905,100.0,0.03,Composition actuelle de Bernard (simulation),Simulation de la composition connue au 07/09/2026 ; ce n'est pas l'historique réel de Bernard.
2026-02-16,153.24103783118977,100.0,0.03,Composition actuelle de Bernard (simulation),Simulation de la composition connue au 07/09/2026 ; ce n'est pas l'historique réel de Bernard.
2026-02-17,153.606316142077,100.0,0.03,Composition actuelle de Bernard (simulation),Simulation de la composition connue au 07/09/2026 ; ce n'est pas l'historique réel de Bernard.
2026-02-18,155.69209544740502,100.0,0.03,Composition actuelle de Bernard (simulation),Simulation de la composition connue au 07/09/2026 ; ce n'est pas l'historique réel de Bernard.
2026-02-19,154.72535837399278,100.0,0.03,Composition actuelle de Bernard (simulation),Simulation de la composition connue au 07/09/2026 ; ce n'est pas l'historique réel de Bernard.
2026-02-20,155.54669228502948,100.0,0.03,Composition actuelle de Bernard (simulation),Simulation de la composition connue au 07/09/2026 ; ce n'est pas l'historique réel de Bernard.
2026-02-21,155.55212475035705,100.0,0.03,Composition actuelle de Bernard (simulation),Simulation de la composition connue au 07/09/2026 ; ce n'est pas l'historique réel de Bernard.
2026-02-22,155.55755765563987,100.0,0.03,Composition actuelle de Bernard (simulation),Simulation de la composition connue au 07/09/2026 ; ce n'est pas l'historique réel de Bernard.
2026-02-23,155.6357879456905,100.0,0.03,Composition actuelle de Bernard (simulation),Simulation de la composition connue au 07/09/2026 ; ce n'est pas l'historique réel de Bernard.
2026-02-24,156.22954908579518,100.0,0.03,Composition actuelle de Bernard (simulation),Simulation de la composition connue au 07/09/2026 ; ce n'est pas l'historique réel de Bernard.
2026-02-25,157.63343720940054,100.0,0.03,Composition actuelle de Bernard (simulation),Simulation de la composition connue au 07/09/2026 ; ce n'est pas l'historique réel de Bernard.
2026-02-26,156.2548806423332,100.0,0.03,Composition actuelle de Bernard (simulation),Simulation de la composition connue au 07/09/2026 ; ce n'est pas l'historique réel de Bernard.
2026-02-27,155.65672003088326,100.0,0.03,Composition actuelle de Bernard (simulation),Simulation de la composition connue au 07/09/2026 ; ce n'est pas l'historique réel de Bernard.
2026-02-28,155.662155576646,100.0,0.03,Composition actuelle de Bernard (simulation),Simulation de la composition connue au 07/09/2026 ; ce n'est pas l'historique réel de Bernard.
2026-03-01,155.66759156261347,100.0,0.03,Composition actuelle de Bernard (simulation),Simulation de la composition connue au 07/09/2026 ; ce n'est pas l'historique réel de Bernard.
2026-03-02,154.2906311571345,100.0,0.03,Composition actuelle de Bernard (simulation),Simulation de la composition connue au 07/09/2026 ; ce n'est pas l'historique réel de Bernard.
2026-03-03,150.94802476065482,100.0,0.03,Composition actuelle de Bernard (simulation),Simulation de la composition connue au 07/09/2026 ; ce n'est pas l'historique réel de Bernard.
2026-03-04,153.21235517757415,100.0,0.03,Composition actuelle de Bernard (simulation),Simulation de la composition connue au 07/09/2026 ; ce n'est pas l'historique réel de Bernard.
2026-03-05,151.14261037640674,100.0,0.03,Composition actuelle de Bernard (simulation),Simulation de la composition connue au 07/09/2026 ; ce n'est pas l'historique réel de Bernard.
2026-03-06,149.9207919919396,100.0,0.03,Composition actuelle de Bernard (simulation),Simulation de la composition connue au 07/09/2026 ; ce n'est pas l'historique réel de Bernard.
2026-03-07,149.92623061988422,100.0,0.03,Composition actuelle de Bernard (simulation),Simulation de la composition connue au 07/09/2026 ; ce n'est pas l'historique réel de Bernard.
2026-03-08,149.93166968828316,100.0,0.03,Composition actuelle de Bernard (simulation),Simulation de la composition connue au 07/09/2026 ; ce n'est pas l'historique réel de Bernard.
2026-03-09,149.1500015701129,100.0,0.03,Composition actuelle de Bernard (simulation),Simulation de la composition connue au 07/09/2026 ; ce n'est pas l'historique réel de Bernard.
2026-03-10,152.14993400058896,100.0,0.03,Composition actuelle de Bernard (simulation),Simulation de la composition connue au 07/09/2026 ; ce n'est pas l'historique réel de Bernard.
2026-03-11,151.78335641640393,100.0,0.03,Composition actuelle de Bernard (simulation),Simulation de la composition connue au 07/09/2026 ; ce n'est pas l'historique réel de Bernard.
2026-03-12,150.09514823942993,100.0,0.03,Composition actuelle de Bernard (simulation),Simulation de la composition connue au 07/09/2026 ; ce n'est pas l'historique réel de Bernard.
2026-03-13,148.82516698664827,100.0,0.03,Composition actuelle de Bernard (simulation),Simulation de la composition connue au 07/09/2026 ; ce n'est pas l'historique réel de Bernard.
2026-03-14,148.83060869852252,100.0,0.03,Composition actuelle de Bernard (simulation),Simulation de la composition connue au 07/09/2026 ; ce n'est pas l'historique réel de Bernard.
2026-03-15,148.8360508511009,100.0,0.03,Composition actuelle de Bernard (simulation),Simulation de la composition connue au 07/09/2026 ; ce n'est pas l'historique réel de Bernard.
2026-03-16,149.91869538149427,100.0,0.03,Composition actuelle de Bernard (simulation),Simulation de la composition connue au 07/09/2026 ; ce n'est pas l'historique réel de Bernard.
2026-03-17,150.09601567986527,100.0,0.03,Composition actuelle de Bernard (simulation),Simulation de la composition connue au 07/09/2026 ; ce n'est pas l'historique réel de Bernard.
2026-03-18,150.32826604701924,100.0,0.03,Composition actuelle de Bernard (simulation),Simulation de la composition connue au 07/09/2026 ; ce n'est pas l'historique réel de Bernard.
2026-03-19,148.24617082268355,100.0,0.03,Composition actuelle de Bernard (simulation),Simulation de la composition connue au 07/09/2026 ; ce n'est pas l'historique réel de Bernard.
2026-03-20,146.74350713214574,100.0,0.03,Composition actuelle de Bernard (simulation),Simulation de la composition connue au 07/09/2026 ; ce n'est pas l'historique réel de Bernard.
2026-03-21,146.74895192969834,100.0,0.03,Composition actuelle de Bernard (simulation),Simulation de la composition connue au 07/09/2026 ; ce n'est pas l'historique réel de Bernard.
2026-03-22,146.75439716820495,100.0,0.03,Composition actuelle de Bernard (simulation),Simulation de la composition connue au 07/09/2026 ; ce n'est pas l'historique réel de Bernard.
2026-03-23,148.0907553792743,100.0,0.03,Composition actuelle de Bernard (simulation),Simulation de la composition connue au 07/09/2026 ; ce n'est pas l'historique réel de Bernard.
2026-03-24,148.3662308631913,100.0,0.03,Composition actuelle de Bernard (simulation),Simulation de la composition connue au 07/09/2026 ; ce n'est pas l'historique réel de Bernard.
2026-03-25,149.7075496816664,100.0,0.03,Composition actuelle de Bernard (simulation),Simulation de la composition connue au 07/09/2026 ; ce n'est pas l'historique réel de Bernard.
2026-03-26,147.6620338632737,100.0,0.03,Composition actuelle de Bernard (simulation),Simulation de la composition connue au 07/09/2026 ; ce n'est pas l'historique réel de Bernard.
2026-03-27,146.48185468544418,100.0,0.03,Composition actuelle de Bernard (simulation),Simulation de la composition connue au 07/09/2026 ; ce n'est pas l'historique réel de Bernard.
2026-03-28,146.48730257042484,100.0,0.03,Composition actuelle de Bernard (simulation),Simulation de la composition connue au 07/09/2026 ; ce n'est pas l'historique réel de Bernard.
2026-03-29,146.49275089660955,100.0,0.03,Composition actuelle de Bernard (simulation),Simulation de la composition connue au 07/09/2026 ; ce n'est pas l'historique réel de Bernard.
2026-03-30,146.11612964821347,100.0,0.03,Composition actuelle de Bernard (simulation),Simulation de la composition connue au 07/09/2026 ; ce n'est pas l'historique réel de Bernard.
2026-03-31,146.7824169127249,100.0,0.03,Composition actuelle de Bernard (simulation),Simulation de la composition connue au 07/09/2026 ; ce n'est pas l'historique réel de Bernard.
2026-04-01,150.32879524235673,100.0,0.03,Composition actuelle de Bernard (simulation),Simulation de la composition connue au 07/09/2026 ; ce n'est pas l'historique réel de Bernard.
2026-04-02,149.155968689614,100.0,0.03,Composition actuelle de Bernard (simulation),Simulation de la composition connue au 07/09/2026 ; ce n'est pas l'historique réel de Bernard.
2026-04-03,149.161419222355,100.0,0.03,Composition actuelle de Bernard (simulation),Simulation de la composition connue au 07/09/2026 ; ce n'est pas l'historique réel de Bernard.
2026-04-04,149.1668701965144,100.0,0.03,Composition actuelle de Bernard (simulation),Simulation de la composition connue au 07/09/2026 ; ce n'est pas l'historique réel de Bernard.
2026-04-05,149.17232161212806,100.0,0.03,Composition actuelle de Bernard (simulation),Simulation de la composition connue au 07/09/2026 ; ce n'est pas l'historique réel de Bernard.
2026-04-06,149.17777346923168,100.0,0.03,Composition actuelle de Bernard (simulation),Simulation de la composition connue au 07/09/2026 ; ce n'est pas l'historique réel de Bernard.
2026-04-07,149.3683456511664,100.0,0.03,Composition actuelle de Bernard (simulation),Simulation de la composition connue au 07/09/2026 ; ce n'est pas l'historique réel de Bernard.
2026-04-08,154.6783461082003,100.0,0.03,Composition actuelle de Bernard (simulation),Simulation de la composition connue au 07/09/2026 ; ce n'est pas l'historique réel de Bernard.
2026-04-09,154.76993898402478,100.0,0.03,Composition actuelle de Bernard (simulation),Simulation de la composition connue au 07/09/2026 ; ce n'est pas l'historique réel de Bernard.
2026-04-10,156.13828583986594,100.0,0.03,Composition actuelle de Bernard (simulation),Simulation de la composition connue au 07/09/2026 ; ce n'est pas l'historique réel de Bernard.
2026-04-11,156.1437399049558,100.0,0.03,Composition actuelle de Bernard (simulation),Simulation de la composition connue au 07/09/2026 ; ce n'est pas l'historique réel de Bernard.
2026-04-12,156.14919441175024,100.0,0.03,Composition actuelle de Bernard (simulation),Simulation de la composition connue au 07/09/2026 ; ce n'est pas l'historique réel de Bernard.
2026-04-13,155.96158740087452,100.0,0.03,Composition actuelle de Bernard (simulation),Simulation de la composition connue au 07/09/2026 ; ce n'est pas l'historique réel de Bernard.
2026-04-14,157.6358135231519,100.0,0.03,Composition actuelle de Bernard (simulation),Simulation de la composition connue au 07/09/2026 ; ce n'est pas l'historique réel de Bernard.
2026-04-15,157.44183122374434,100.0,0.03,Composition actuelle de Bernard (simulation),Simulation de la composition connue au 07/09/2026 ; ce n'est pas l'historique réel de Bernard.
2026-04-16,157.49280462389717,100.0,0.03,Composition actuelle de Bernard (simulation),Simulation de la composition connue au 07/09/2026 ; ce n'est pas l'historique réel de Bernard.
2026-04-17,159.81698997537896,100.0,0.03,Composition actuelle de Bernard (simulation),Simulation de la composition connue au 07/09/2026 ; ce n'est pas l'historique réel de Bernard.
2026-04-18,159.82244713315202,100.0,0.03,Composition actuelle de Bernard (simulation),Simulation de la composition connue au 07/09/2026 ; ce n'est pas l'historique réel de Bernard.
2026-04-19,159.82790473288003,100.0,0.03,Composition actuelle de Bernard (simulation),Simulation de la composition connue au 07/09/2026 ; ce n'est pas l'historique réel de Bernard.
2026-04-20,159.07655597502745,100.0,0.03,Composition actuelle de Bernard (simulation),Simulation de la composition connue au 07/09/2026 ; ce n'est pas l'historique réel de Bernard.
2026-04-21,158.62142745958982,100.0,0.03,Composition actuelle de Bernard (simulation),Simulation de la composition connue au 07/09/2026 ; ce n'est pas l'historique réel de Bernard.
2026-04-22,159.3499185870848,100.0,0.03,Composition actuelle de Bernard (simulation),Simulation de la composition connue au 07/09/2026 ; ce n'est pas l'historique réel de Bernard.
2026-04-23,159.7754338768042,100.0,0.03,Composition actuelle de Bernard (simulation),Simulation de la composition connue au 07/09/2026 ; ce n'est pas l'historique réel de Bernard.
2026-04-24,160.16572577996897,100.0,0.03,Composition actuelle de Bernard (simulation),Simulation de la composition connue au 07/09/2026 ; ce n'est pas l'historique réel de Bernard.
2026-04-25,160.1711860321788,100.0,0.03,Composition actuelle de Bernard (simulation),Simulation de la composition connue au 07/09/2026 ; ce n'est pas l'historique réel de Bernard.
2026-04-26,160.17664672659427,100.0,0.03,Composition actuelle de Bernard (simulation),Simulation de la composition connue au 07/09/2026 ; ce n'est pas l'historique réel de Bernard.
2026-04-27,160.04728776749596,100.0,0.03,Composition actuelle de Bernard (simulation),Simulation de la composition connue au 07/09/2026 ; ce n'est pas l'historique réel de Bernard.
2026-04-28,158.56633975276384,100.0,0.03,Composition actuelle de Bernard (simulation),Simulation de la composition connue au 07/09/2026 ; ce n'est pas l'historique réel de Bernard.
2026-04-29,159.16831410313048,100.0,0.03,Composition actuelle de Bernard (simulation),Simulation de la composition connue au 07/09/2026 ; ce n'est pas l'historique réel de Bernard.
2026-04-30,160.35529421896103,100.0,0.03,Composition actuelle de Bernard (simulation),Simulation de la composition connue au 07/09/2026 ; ce n'est pas l'historique réel de Bernard.
2026-05-01,160.33641111756793,100.0,0.03,Composition actuelle de Bernard (simulation),Simulation de la composition connue au 07/09/2026 ; ce n'est pas l'historique réel de Bernard.
2026-05-02,160.34187446596925,100.0,0.03,Composition actuelle de Bernard (simulation),Simulation de la composition connue au 07/09/2026 ; ce n'est pas l'historique réel de Bernard.
2026-05-03,160.34733825682696,100.0,0.03,Composition actuelle de Bernard (simulation),Simulation de la composition connue au 07/09/2026 ; ce n'est pas l'historique réel de Bernard.
2026-05-04,159.95024945244987,100.0,0.03,Composition actuelle de Bernard (simulation),Simulation de la composition connue au 07/09/2026 ; ce n'est pas l'historique réel de Bernard.
2026-05-05,162.75763938698194,100.0,0.03,Composition actuelle de Bernard (simulation),Simulation de la composition connue au 07/09/2026 ; ce n'est pas l'historique réel de Bernard.
2026-05-06,166.412890409238,100.0,0.03,Composition actuelle de Bernard (simulation),Simulation de la composition connue au 07/09/2026 ; ce n'est pas l'historique réel de Bernard.
2026-05-07,166.31745487325276,100.0,0.03,Composition actuelle de Bernard (simulation),Simulation de la composition connue au 07/09/2026 ; ce n'est pas l'historique réel de Bernard.
2026-05-08,166.72672274385323,100.0,0.03,Composition actuelle de Bernard (simulation),Simulation de la composition connue au 07/09/2026 ; ce n'est pas l'historique réel de Bernard.
2026-05-09,166.73218919020172,100.0,0.03,Composition actuelle de Bernard (simulation),Simulation de la composition connue au 07/09/2026 ; ce n'est pas l'historique réel de Bernard.
2026-05-10,166.73765607925748,100.0,0.03,Composition actuelle de Bernard (simulation),Simulation de la composition connue au 07/09/2026 ; ce n'est pas l'historique réel de Bernard.
2026-05-11,168.42582580501912,100.0,0.03,Composition actuelle de Bernard (simulation),Simulation de la composition connue au 07/09/2026 ; ce n'est pas l'historique réel de Bernard.
2026-05-12,165.3994446839774,100.0,0.03,Composition actuelle de Bernard (simulation),Simulation de la composition connue au 07/09/2026 ; ce n'est pas l'historique réel de Bernard.
2026-05-13,168.5515820936822,100.0,0.03,Composition actuelle de Bernard (simulation),Simulation de la composition connue au 07/09/2026 ; ce n'est pas l'historique réel de Bernard.
2026-05-14,169.4559652957114,100.0,0.03,Composition actuelle de Bernard (simulation),Simulation de la composition connue au 07/09/2026 ; ce n'est pas l'historique réel de Bernard.
2026-05-15,166.6994370914351,100.0,0.03,Composition actuelle de Bernard (simulation),Simulation de la composition connue au 07/09/2026 ; ce n'est pas l'historique réel de Bernard.
2026-05-16,166.70490663748745,100.0,0.03,Composition actuelle de Bernard (simulation),Simulation de la composition connue au 07/09/2026 ; ce n'est pas l'historique réel de Bernard.
2026-05-17,166.71037662649803,100.0,0.03,Composition actuelle de Bernard (simulation),Simulation de la composition connue au 07/09/2026 ; ce n'est pas l'historique réel de Bernard.
2026-05-18,165.96118581168972,100.0,0.03,Composition actuelle de Bernard (simulation),Simulation de la composition connue au 07/09/2026 ; ce n'est pas l'historique réel de Bernard.
2026-05-19,164.37241864391245,100.0,0.03,Composition actuelle de Bernard (simulation),Simulation de la composition connue au 07/09/2026 ; ce n'est pas l'historique réel de Bernard.
2026-05-20,168.03773087077693,100.0,0.03,Composition actuelle de Bernard (simulation),Simulation de la composition connue au 07/09/2026 ; ce n'est pas l'historique réel de Bernard.
2026-05-21,168.2530204506707,100.0,0.03,Composition actuelle de Bernard (simulation),Simulation de la composition connue au 07/09/2026 ; ce n'est pas l'historique réel de Bernard.
2026-05-22,170.78950432153027,100.0,0.03,Composition actuelle de Bernard (simulation),Simulation de la composition connue au 07/09/2026 ; ce n'est pas l'historique réel de Bernard.
2026-05-23,170.7949769690441,100.0,0.03,Composition actuelle de Bernard (simulation),Simulation de la composition connue au 07/09/2026 ; ce n'est pas l'historique réel de Bernard.
2026-05-24,170.80045005976737,100.0,0.03,Composition actuelle de Bernard (simulation),Simulation de la composition connue au 07/09/2026 ; ce n'est pas l'historique réel de Bernard.
2026-05-25,173.15995790026733,100.0,0.03,Composition actuelle de Bernard (simulation),Simulation de la composition connue au 07/09/2026 ; ce n'est pas l'historique réel de Bernard.
2026-05-26,173.61114216105992,100.0,0.03,Composition actuelle de Bernard (simulation),Simulation de la composition connue au 07/09/2026 ; ce n'est pas l'historique réel de Bernard.
2026-05-27,173.46990117539335,100.0,0.03,Composition actuelle de Bernard (simulation),Simulation de la composition connue au 07/09/2026 ; ce n'est pas l'historique réel de Bernard.
2026-05-28,174.97287936595743,100.0,0.03,Composition actuelle de Bernard (simulation),Simulation de la composition connue au 07/09/2026 ; ce n'est pas l'historique réel de Bernard.
2026-05-29,174.90267130470994,100.0,0.03,Composition actuelle de Bernard (simulation),Simulation de la composition connue au 07/09/2026 ; ce n'est pas l'historique réel de Bernard.
2026-05-30,174.90814705544392,100.0,0.03,Composition actuelle de Bernard (simulation),Simulation de la composition connue au 07/09/2026 ; ce n'est pas l'historique réel de Bernard.
2026-05-31,174.91362324963865,100.0,0.03,Composition actuelle de Bernard (simulation),Simulation de la composition connue au 07/09/2026 ; ce n'est pas l'historique réel de Bernard.
2026-06-01,175.57030894312322,100.0,0.03,Composition actuelle de Bernard (simulation),Simulation de la composition connue au 07/09/2026 ; ce n'est pas l'historique réel de Bernard.
2026-06-02,177.57428750970138,100.0,0.03,Composition actuelle de Bernard (simulation),Simulation de la composition connue au 07/09/2026 ; ce n'est pas l'historique réel de Bernard.
2026-06-03,177.81969521309367,100.0,0.03,Composition actuelle de Bernard (simulation),Simulation de la composition connue au 07/09/2026 ; ce n'est pas l'historique réel de Bernard.
2026-06-04,177.0445675362156,100.0,0.03,Composition actuelle de Bernard (simulation),Simulation de la composition connue au 07/09/2026 ; ce n'est pas l'historique réel de Bernard.
2026-06-05,173.07581052044833,100.0,0.03,Composition actuelle de Bernard (simulation),Simulation de la composition connue au 07/09/2026 ; ce n'est pas l'historique réel de Bernard.
2026-06-06,173.0812893761621,100.0,0.03,Composition actuelle de Bernard (simulation),Simulation de la composition connue au 07/09/2026 ; ce n'est pas l'historique réel de Bernard.
2026-06-07,173.08676867558813,100.0,0.03,Composition actuelle de Bernard (simulation),Simulation de la composition connue au 07/09/2026 ; ce n'est pas l'historique réel de Bernard.
2026-06-08,173.56127288068117,100.0,0.03,Composition actuelle de Bernard (simulation),Simulation de la composition connue au 07/09/2026 ; ce n'est pas l'historique réel de Bernard.
2026-06-09,171.25485173999388,100.0,0.03,Composition actuelle de Bernard (simulation),Simulation de la composition connue au 07/09/2026 ; ce n'est pas l'historique réel de Bernard.
2026-06-10,170.83026274299274,100.0,0.03,Composition actuelle de Bernard (simulation),Simulation de la composition connue au 07/09/2026 ; ce n'est pas l'historique réel de Bernard.
2026-06-11,172.53284929506637,100.0,0.03,Composition actuelle de Bernard (simulation),Simulation de la composition connue au 07/09/2026 ; ce n'est pas l'historique réel de Bernard.
2026-06-12,177.10056212320632,100.0,0.03,Composition actuelle de Bernard (simulation),Simulation de la composition connue au 07/09/2026 ; ce n'est pas l'historique réel de Bernard.
2026-06-13,177.10604408566059,100.0,0.03,Composition actuelle de Bernard (simulation),Simulation de la composition connue au 07/09/2026 ; ce n'est pas l'historique réel de Bernard.
2026-06-14,177.11152649207867,100.0,0.03,Composition actuelle de Bernard (simulation),Simulation de la composition connue au 07/09/2026 ; ce n'est pas l'historique réel de Bernard.
2026-06-15,179.3278005831604,100.0,0.03,Composition actuelle de Bernard (simulation),Simulation de la composition connue au 07/09/2026 ; ce n'est pas l'historique réel de Bernard.
2026-06-16,178.5325547894435,100.0,0.03,Composition actuelle de Bernard (simulation),Simulation de la composition connue au 07/09/2026 ; ce n'est pas l'historique réel de Bernard.
2026-06-17,179.21164383605276,100.0,0.03,Composition actuelle de Bernard (simulation),Simulation de la composition connue au 07/09/2026 ; ce n'est pas l'historique réel de Bernard.
2026-06-18,180.6424376706182,100.0,0.03,Composition actuelle de Bernard (simulation),Simulation de la composition connue au 07/09/2026 ; ce n'est pas l'historique réel de Bernard.
2026-06-19,180.6537634554881,100.0,0.03,Composition actuelle de Bernard (simulation),Simulation de la composition connue au 07/09/2026 ; ce n'est pas l'historique réel de Bernard.
2026-06-20,180.65924852644443,100.0,0.03,Composition actuelle de Bernard (simulation),Simulation de la composition connue au 07/09/2026 ; ce n'est pas l'historique réel de Bernard.
2026-06-21,180.6647340416164,100.0,0.03,Composition actuelle de Bernard (simulation),Simulation de la composition connue au 07/09/2026 ; ce n'est pas l'historique réel de Bernard.
2026-06-22,182.13792264636015,100.0,0.03,Composition actuelle de Bernard (simulation),Simulation de la composition connue au 07/09/2026 ; ce n'est pas l'historique réel de Bernard.
2026-06-23,178.33743103937704,100.0,0.03,Composition actuelle de Bernard (simulation),Simulation de la composition connue au 07/09/2026 ; ce n'est pas l'historique réel de Bernard.
2026-06-24,177.47965648875564,100.0,0.03,Composition actuelle de Bernard (simulation),Simulation de la composition connue au 07/09/2026 ; ce n'est pas l'historique réel de Bernard.
2026-06-25,179.17412182233292,100.0,0.03,Composition actuelle de Bernard (simulation),Simulation de la composition connue au 07/09/2026 ; ce n'est pas l'historique réel de Bernard.
2026-06-26,177.3395703056458,100.0,0.03,Composition actuelle de Bernard (simulation),Simulation de la composition connue au 07/09/2026 ; ce n'est pas l'historique réel de Bernard.
2026-06-27,177.3450584868669,100.0,0.03,Composition actuelle de Bernard (simulation),Simulation de la composition connue au 07/09/2026 ; ce n'est pas l'historique réel de Bernard.
2026-06-28,177.35054711255552,100.0,0.03,Composition actuelle de Bernard (simulation),Simulation de la composition connue au 07/09/2026 ; ce n'est pas l'historique réel de Bernard.
2026-06-29,176.9183336850198,100.0,0.03,Composition actuelle de Bernard (simulation),Simulation de la composition connue au 07/09/2026 ; ce n'est pas l'historique réel de Bernard.
2026-06-30,180.10171135522575,100.0,0.03,Composition actuelle de Bernard (simulation),Simulation de la composition connue au 07/09/2026 ; ce n'est pas l'historique réel de Bernard.
2026-07-01,178.18879985715438,100.0,0.03,Composition actuelle de Bernard (simulation),Simulation de la composition connue au 07/09/2026 ; ce n'est pas l'historique réel de Bernard.
2026-07-02,177.25333985260266,100.0,0.03,Composition actuelle de Bernard (simulation),Simulation de la composition connue au 07/09/2026 ; ce n'est pas l'historique réel de Bernard.
2026-07-03,179.28070900604308,100.0,0.03,Composition actuelle de Bernard (simulation),Simulation de la composition connue au 07/09/2026 ; ce n'est pas l'historique réel de Bernard.
2026-07-04,179.28620029929257,100.0,0.03,Composition actuelle de Bernard (simulation),Simulation de la composition connue au 07/09/2026 ; ce n'est pas l'historique réel de Bernard.
2026-07-05,179.2916920372616,100.0,0.03,Composition actuelle de Bernard (simulation),Simulation de la composition connue au 07/09/2026 ; ce n'est pas l'historique réel de Bernard.
2026-07-06,179.03670248435895,100.0,0.03,Composition actuelle de Bernard (simulation),Simulation de la composition connue au 07/09/2026 ; ce n'est pas l'historique réel de Bernard.
2026-07-07,174.96833664982404,100.0,0.03,Composition actuelle de Bernard (simulation),Simulation de la composition connue au 07/09/2026 ; ce n'est pas l'historique réel de Bernard.
2026-07-08,173.6295750972809,100.0,0.03,Composition actuelle de Bernard (simulation),Simulation de la composition connue au 07/09/2026 ; ce n'est pas l'historique réel de Bernard.
2026-07-09,177.31183605898,100.0,0.03,Composition actuelle de Bernard (simulation),Simulation de la composition connue au 07/09/2026 ; ce n'est pas l'historique réel de Bernard.
2026-07-10,177.9405254601503,100.0,0.03,Composition actuelle de Bernard (simulation),Simulation de la composition connue au 07/09/2026 ; ce n'est pas l'historique réel de Bernard.
2026-07-11,177.9460198671929,100.0,0.03,Composition actuelle de Bernard (simulation),Simulation de la composition connue au 07/09/2026 ; ce n'est pas l'historique réel de Bernard.
2026-07-12,177.95151471920715,100.0,0.03,Composition actuelle de Bernard (simulation),Simulation de la composition connue au 07/09/2026 ; ce n'est pas l'historique réel de Bernard.
2026-07-13,176.59580081348804,100.0,0.03,Composition actuelle de Bernard (simulation),Simulation de la composition connue au 07/09/2026 ; ce n'est pas l'historique réel de Bernard.
2026-07-14,177.6969962796791,100.0,0.03,Composition actuelle de Bernard (simulation),Simulation de la composition connue au 07/09/2026 ; ce n'est pas l'historique réel de Bernard.
2026-07-15,175.94336360440832,100.0,0.03,Composition actuelle de Bernard (simulation),Simulation de la composition connue au 07/09/2026 ; ce n'est pas l'historique réel de Bernard.
2026-07-16,174.56642478202284,100.0,0.03,Composition actuelle de Bernard (simulation),Simulation de la composition connue au 07/09/2026 ; ce n'est pas l'historique réel de Bernard.
2026-07-17,172.54183834495015,100.0,0.03,Composition actuelle de Bernard (simulation),Simulation de la composition connue au 07/09/2026 ; ce n'est pas l'historique réel de Bernard.
2026-07-18,172.54733586755142,100.0,0.03,Composition actuelle de Bernard (simulation),Simulation de la composition connue au 07/09/2026 ; ce n'est pas l'historique réel de Bernard.
2026-07-19,172.55283383537673,100.0,0.03,Composition actuelle de Bernard (simulation),Simulation de la composition connue au 07/09/2026 ; ce n'est pas l'historique réel de Bernard.
2026-07-20,173.5521835748791,100.0,0.03,Composition actuelle de Bernard (simulation),Simulation de la composition connue au 07/09/2026 ; ce n'est pas l'historique réel de Bernard.
2026-07-21,175.8300487352399,100.0,0.03,Composition actuelle de Bernard (simulation),Simulation de la composition connue au 07/09/2026 ; ce n'est pas l'historique réel de Bernard.
2026-07-22,176.80111184394937,100.0,0.03,Composition actuelle de Bernard (simulation),Simulation de la composition connue au 07/09/2026 ; ce n'est pas l'historique réel de Bernard.
2026-07-23,174.98774372602776,100.0,0.03,Composition actuelle de Bernard (simulation),Simulation de la composition connue au 07/09/2026 ; ce n'est pas l'historique réel de Bernard.
2026-07-24,175.06173318081775,100.0,0.03,Composition actuelle de Bernard (simulation),Simulation de la composition connue au 07/09/2026 ; ce n'est pas l'historique réel de Bernard.
2026-07-25,175.0672338207444,100.0,0.03,Composition actuelle de Bernard (simulation),Simulation de la composition connue au 07/09/2026 ; ce n'est pas l'historique réel de Bernard.
2026-07-26,175.07273490614756,100.0,0.03,Composition actuelle de Bernard (simulation),Simulation de la composition connue au 07/09/2026 ; ce n'est pas l'historique réel de Bernard.
2026-07-27,172.73609279394077,100.0,0.03,Composition actuelle de Bernard (simulation),Simulation de la composition connue au 07/09/2026 ; ce n'est pas l'historique réel de Bernard.
2026-07-28,171.95583692542996,100.0,0.03,Composition actuelle de Bernard (simulation),Simulation de la composition connue au 07/09/2026 ; ce n'est pas l'historique réel de Bernard.
2026-07-29,169.62980489279943,100.0,0.03,Composition actuelle de Bernard (simulation),Simulation de la composition connue au 07/09/2026 ; ce n'est pas l'historique réel de Bernard.
2026-07-30,172.8000863516603,100.0,0.03,Composition actuelle de Bernard (simulation),Simulation de la composition connue au 07/09/2026 ; ce n'est pas l'historique réel de Bernard.
2026-07-31,173.46938452719394,100.0,0.03,Composition actuelle de Bernard (simulation),Simulation de la composition connue au 07/09/2026 ; ce n'est pas l'historique réel de Bernard.
2026-08-01,173.47488828621363,100.0,0.03,Composition actuelle de Bernard (simulation),Simulation de la composition connue au 07/09/2026 ; ce n'est pas l'historique réel de Bernard.
2026-08-02,173.48039249096237,100.0,0.03,Composition actuelle de Bernard (simulation),Simulation de la composition connue au 07/09/2026 ; ce n'est pas l'historique réel de Bernard.
2026-08-03,174.18127232542275,100.0,0.03,Composition actuelle de Bernard (simulation),Simulation de la composition connue au 07/09/2026 ; ce n'est pas l'historique réel de Bernard.
2026-08-04,178.18169400483836,100.0,0.03,Composition actuelle de Bernard (simulation),Simulation de la composition connue au 07/09/2026 ; ce n'est pas l'historique réel de Bernard.
2026-08-05,178.48274570290897,100.0,0.03,Composition actuelle de Bernard (simulation),Simulation de la composition connue au 07/09/2026 ; ce n'est pas l'historique réel de Bernard.
2026-08-06,178.11660115397146,100.0,0.03,Composition actuelle de Bernard (simulation),Simulation de la composition connue au 07/09/2026 ; ce n'est pas l'historique réel de Bernard.
2026-08-07,178.25332566734906,100.0,0.03,Composition actuelle de Bernard (simulation),Simulation de la composition connue au 07/09/2026 ; ce n'est pas l'historique réel de Bernard.
2026-08-08,178.25883254723044,100.0,0.03,Composition actuelle de Bernard (simulation),Simulation de la composition connue au 07/09/2026 ; ce n'est pas l'historique réel de Bernard.
2026-08-09,178.26433987309363,100.0,0.03,Composition actuelle de Bernard (simulation),Simulation de la composition connue au 07/09/2026 ; ce n'est pas l'historique réel de Bernard.
2026-08-10,178.2822204756487,100.0,0.03,Composition actuelle de Bernard (simulation),Simulation de la composition connue au 07/09/2026 ; ce n'est pas l'historique réel de Bernard.
2026-08-11,178.38525478037323,100.0,0.03,Composition actuelle de Bernard (simulation),Simulation de la composition connue au 07/09/2026 ; ce n'est pas l'historique réel de Bernard.
2026-08-12,179.84671903140145,100.0,0.03,Composition actuelle de Bernard (simulation),Simulation de la composition connue au 07/09/2026 ; ce n'est pas l'historique réel de Bernard.
2026-08-13,180.56122954613625,100.0,0.03,Composition actuelle de Bernard (simulation),Simulation de la composition connue au 07/09/2026 ; ce n'est pas l'historique réel de Bernard.
2026-08-14,179.53478515859518,100.0,0.03,Composition actuelle de Bernard (simulation),Simulation de la composition connue au 07/09/2026 ; ce n'est pas l'historique réel de Bernard.
2026-08-15,179.54029516110788,100.0,0.03,Composition actuelle de Bernard (simulation),Simulation de la composition connue au 07/09/2026 ; ce n'est pas l'historique réel de Bernard.
2026-08-16,179.54580560985528,100.0,0.03,Composition actuelle de Bernard (simulation),Simulation de la composition connue au 07/09/2026 ; ce n'est pas l'historique réel de Bernard.
2026-08-17,180.63898933753276,100.0,0.03,Composition actuelle de Bernard (simulation),Simulation de la composition connue au 07/09/2026 ; ce n'est pas l'historique réel de Bernard.
2026-08-18,177.0580836482611,100.0,0.03,Composition actuelle de Bernard (simulation),Simulation de la composition connue au 07/09/2026 ; ce n'est pas l'historique réel de Bernard.
2026-08-19,176.81231404280845,100.0,0.03,Composition actuelle de Bernard (simulation),Simulation de la composition connue au 07/09/2026 ; ce n'est pas l'historique réel de Bernard.
2026-08-20,176.00669723445256,100.0,0.03,Composition actuelle de Bernard (simulation),Simulation de la composition connue au 07/09/2026 ; ce n'est pas l'historique réel de Bernard.
2026-08-21,177.07112960798491,100.0,0.03,Composition actuelle de Bernard (simulation),Simulation de la composition connue au 07/09/2026 ; ce n'est pas l'historique réel de Bernard.
2026-08-22,177.07664273489962,100.0,0.03,Composition actuelle de Bernard (simulation),Simulation de la composition connue au 07/09/2026 ; ce n'est pas l'historique réel de Bernard.
2026-08-23,177.08215630830207,100.0,0.03,Composition actuelle de Bernard (simulation),Simulation de la composition connue au 07/09/2026 ; ce n'est pas l'historique réel de Bernard.
2026-08-24,176.04968713378622,100.0,0.03,Composition actuelle de Bernard (simulation),Simulation de la composition connue au 07/09/2026 ; ce n'est pas l'historique réel de Bernard.
2026-08-25,176.9061219848994,100.0,0.03,Composition actuelle de Bernard (simulation),Simulation de la composition connue au 07/09/2026 ; ce n'est pas l'historique réel de Bernard.
2026-08-26,177.6051971009401,100.0,0.03,Composition actuelle de Bernard (simulation),Simulation de la composition connue au 07/09/2026 ; ce n'est pas l'historique réel de Bernard.
2026-08-27,177.74690847548956,100.0,0.03,Composition actuelle de Bernard (simulation),Simulation de la composition connue au 07/09/2026 ; ce n'est pas l'historique réel de Bernard.
2026-08-28,178.1129959572616,100.0,0.03,Composition actuelle de Bernard (simulation),Simulation de la composition connue au 07/09/2026 ; ce n'est pas l'historique réel de Bernard.
2026-08-29,178.11851221034996,100.0,0.03,Composition actuelle de Bernard (simulation),Simulation de la composition connue au 07/09/2026 ; ce n'est pas l'historique réel de Bernard.
2026-08-30,178.12402891017925,100.0,0.03,Composition actuelle de Bernard (simulation),Simulation de la composition connue au 07/09/2026 ; ce n'est pas l'historique réel de Bernard.
2026-08-31,177.3845526575194,100.0,0.03,Composition actuelle de Bernard (simulation),Simulation de la composition connue au 07/09/2026 ; ce n'est pas l'historique réel de Bernard.
2026-09-01,176.8234897302773,100.0,0.03,Composition actuelle de Bernard (simulation),Simulation de la composition connue au 07/09/2026 ; ce n'est pas l'historique réel de Bernard.
2026-09-02,177.23693834493943,100.0,0.03,Composition actuelle de Bernard (simulation),Simulation de la composition connue au 07/09/2026 ; ce n'est pas l'historique réel de Bernard.
2026-09-03,178.1908475653776,100.0,0.03,Composition actuelle de Bernard (simulation),Simulation de la composition connue au 07/09/2026 ; ce n'est pas l'historique réel de Bernard.
2026-09-04,179.49379724699546,100.0,0.03,Composition actuelle de Bernard (simulation),Simulation de la composition connue au 07/09/2026 ; ce n'est pas l'historique réel de Bernard.
2026-09-05,179.49931662803016,100.0,0.03,Composition actuelle de Bernard (simulation),Simulation de la composition connue au 07/09/2026 ; ce n'est pas l'historique réel de Bernard.
2026-09-06,179.50483645605908,100.0,0.03,Composition actuelle de Bernard (simulation),Simulation de la composition connue au 07/09/2026 ; ce n'est pas l'historique réel de Bernard.
2026-09-07,180.59077541900064,100.0,0.03,Composition actuelle de Bernard (simulation),Simulation de la composition connue au 07/09/2026 ; ce n'est pas l'historique réel de Bernard.
2026-09-08,180.83959160062992,100.0,0.03,Composition actuelle de Bernard (simulation),Simulation de la composition connue au 07/09/2026 ; ce n'est pas l'historique réel de Bernard.
2026-09-09,179.89067872076407,100.0,0.03,Composition actuelle de Bernard (simulation),Simulation de la composition connue au 07/09/2026 ; ce n'est pas l'historique réel de Bernard.
2026-09-10,178.3631412154287,100.0,0.03,Composition actuelle de Bernard (simulation),Simulation de la composition connue au 07/09/2026 ; ce n'est pas l'historique réel de Bernard.
2026-09-11,179.30195764019663,100.0,0.03,Composition actuelle de Bernard (simulation),Simulation de la composition connue au 07/09/2026 ; ce n'est pas l'historique réel de Bernard.
2026-09-12,179.30748015095133,100.0,0.03,Composition actuelle de Bernard (simulation),Simulation de la composition connue au 07/09/2026 ; ce n'est pas l'historique réel de Bernard.
2026-09-13,179.31300310895375,100.0,0.03,Composition actuelle de Bernard (simulation),Simulation de la composition connue au 07/09/2026 ; ce n'est pas l'historique réel de Bernard.
2026-09-14,176.21341371590097,100.0,0.03,Composition actuelle de Bernard (simulation),Simulation de la composition connue au 07/09/2026 ; ce n'est pas l'historique réel de Bernard.
2026-09-15,176.2124135572211,100.0,0.03,Composition actuelle de Bernard (simulation),Simulation de la composition connue au 07/09/2026 ; ce n'est pas l'historique réel de Bernard.
2026-09-16,177.65483360648443,100.0,0.03,Composition actuelle de Bernard (simulation),Simulation de la composition connue au 07/09/2026 ; ce n'est pas l'historique réel de Bernard.
2026-09-17,179.35737383437146,100.0,0.03,Composition actuelle de Bernard (simulation),Simulation de la composition connue au 07/09/2026 ; ce n'est pas l'historique réel de Bernard.
2026-09-18,178.47999520821713,100.0,0.03,Composition actuelle de Bernard (simulation),Simulation de la composition connue au 07/09/2026 ; ce n'est pas l'historique réel de Bernard.
2026-09-19,178.48552085046654,100.0,0.03,Composition actuelle de Bernard (simulation),Simulation de la composition connue au 07/09/2026 ; ce n'est pas l'historique réel de Bernard.
2026-09-20,178.49104694021727,100.0,0.03,Composition actuelle de Bernard (simulation),Simulation de la composition connue au 07/09/2026 ; ce n'est pas l'historique réel de Bernard.
2026-09-21,180.55307150262834,100.0,0.03,Composition actuelle de Bernard (simulation),Simulation de la composition connue au 07/09/2026 ; ce n'est pas l'historique réel de Bernard.
